game_id,game_date,pitcher_id,pitcher_name,opponent_team,captured_at_utc,actual_strikeouts,actual_batters_faced,snapshot_version,snapshot_hash,feature_payload.prior_games,feature_payload.prior_strikeouts,feature_payload.prior_ip,feature_payload.prior_k_per_9,feature_payload.prior_k_rate,feature_payload.prior_bb_rate,feature_payload.prior_hit_rate,feature_payload.recent3_k_per_9,feature_payload.recent5_k_per_9,feature_payload.recent3_k_avg,feature_payload.recent5_k_avg,feature_payload.opponent_k_rate,feature_payload.opponent_k_rate_same_hand,feature_payload.pitcher_is_left_handed,feature_payload.park_factor,feature_payload.wind_mph,feature_payload.wind_out_mph,feature_payload.wind_in_mph,feature_payload.temperature_f,feature_payload.days_rest,feature_payload.weather_k_factor,feature_payload.arsenal_pitch_types,feature_payload.arsenal_avg_velocity,feature_payload.arsenal_whiff_rate,feature_payload.arsenal_putaway_rate,feature_payload.arsenal_pitch_k_rate,feature_payload.arsenal_usage_entropy,feature_payload.lineup_size,feature_payload.same_hand_batters,feature_payload.opposite_hand_batters,feature_payload.lineup_k_rate,feature_payload.same_hand_k_rate,feature_payload.opposite_hand_k_rate,feature_payload.lineup_k_rate_weighted,feature_payload.top3_k_rate,feature_payload.pitch_mix_matchup_score,feature_payload.pitch_mix_same_hand_score,feature_payload.pitch_mix_opposite_hand_score,feature_payload.pitch_mix_top_pitch_score,feature_payload.opponent_team_id,source_versions.mlb_stats_api,source_versions.reconstruction,Prior_K9,Recent3_K9,Recent5_K9,RecentBlend_K9,Recent_vs_Prior_Divergence,Prior_K_Rate,Actual_K_Rate,Actual_K_Rate_Residual_vs_Prior,Validation_Version
824818,2026-07-01,702273,Noah Schultz,,2026-08-14T16:32:36.949564+00:00,7,18,1.0.0,aa379aed537cb3dd92ca654349d7eccdf6ab1e952bdc5a63c4624f360379882c,8.0,33.0,37.5,7.92,0.1964285714285714,0.1309523809523809,0.1785714285714285,6.818181818181818,6.026785714285714,3.333333333333333,3.0,0.0,0.0,1.0,1.0,0.0,0.0,0.0,70.0,38.0,1.0,0.0,0.0,0.0,0.0,0.0,0.0,25.0,7.0,18.0,0.1607108226338622,0.1991654554777478,0.1457562431945733,0.0,0.4404536007951568,0.0,0.0,0.0,0.0,110.0,v1,2.3.0,7.92,6.818181818181818,6.026785714285714,6.3433441558441555,-0.19907270759543494,0.1964285714285714,0.3888888888888889,0.1924603174603175,recent-form-k-v1-report-only
824419,2026-07-01,669022,MacKenzie Gore,,2026-08-14T16:32:39.171350+00:00,7,24,1.0.0,a5d54283089f3d87f82f5be4870207addfef872786320a03f73997c7efe93e70,10.0,52.0,55.4,8.44765342960289,0.223175965665236,0.0858369098712446,0.2017167381974249,9.45,9.863013698630136,7.0,6.4,0.0,0.0,1.0,1.0,0.0,0.0,0.0,70.0,6.0,1.0,0.0,0.0,0.0,0.0,0.0,0.0,26.0,11.0,15.0,0.1524580488890191,0.1950288470083191,0.1212394636015325,0.0,0.5174851967955416,0.0,0.0,0.0,0.0,114.0,v1,2.3.0,8.44765342960289,9.45,9.863013698630136,9.69780821917808,0.14798840885142228,0.223175965665236,0.2916666666666667,0.06849070100143068,recent-form-k-v1-report-only
824419,2026-07-01,676282,Joey Cantillo,,2026-08-14T16:32:40.288647+00:00,4,23,1.0.0,5a6239d40fd8e07fc867b31b2d642abe1e3863bed8cf66ff41284e256c0f3000,10.0,49.0,51.2,8.61328125,0.227906976744186,0.1069767441860465,0.2093023255813953,10.421052631578949,10.607142857142858,7.333333333333333,6.6,0.0,0.0,1.0,1.0,0.0,0.0,0.0,70.0,5.0,1.0,0.0,0.0,0.0,0.0,0.0,0.0,25.0,10.0,15.0,0.1233245734663018,0.1375944170771757,0.1138113443923859,0.0,0.3315568475452196,0.0,0.0,0.0,0.0,140.0,v1,2.3.0,8.61328125,10.421052631578949,10.607142857142858,10.532706766917293,0.22284486727021635,0.227906976744186,0.17391304347826086,-0.05399393326592514,recent-form-k-v1-report-only
824740,2026-07-01,695418,Brad Lord,,2026-08-14T16:32:41.359997+00:00,1,11,1.0.0,3f0569087d1eda7cf3b60131662681bda86d18f40a610552b3e29bb858760e1f,10.0,25.0,20.700000000000003,10.869565217391305,0.2659574468085106,0.1276595744680851,0.1595744680851064,20.0,13.846153846153843,4.0,3.2,0.0,0.0,0.0,1.0,0.0,0.0,0.0,70.0,5.0,1.0,0.0,0.0,0.0,0.0,0.0,0.0,26.0,14.0,12.0,0.1200184456066809,0.142985194077631,0.0932239057239057,0.0,0.3917429193899782,0.0,0.0,0.0,0.0,111.0,v1,2.3.0,10.869565217391305,20.0,13.846153846153843,16.307692307692307,0.5003076923076921,0.2659574468085106,0.09090909090909091,-0.17504835589941967,recent-form-k-v1-report-only
824740,2026-07-01,801139,Payton Tolle,,2026-08-14T16:32:42.548420+00:00,5,20,1.0.0,048b537e4c555d1a46e772938bff0ffdb023dceac9eacfa47c17bc4843a9f427,10.0,54.0,60.2,8.073089700996677,0.2222222222222222,0.0617283950617283,0.1934156378600823,7.5,6.9,5.0,4.6,0.0,0.0,1.0,1.0,0.0,0.0,0.0,70.0,5.0,1.0,0.0,0.0,0.0,0.0,0.0,0.0,26.0,8.0,18.0,0.14472618042381,0.2189411345694484,0.1117417563590818,0.0,0.4569739203885545,0.0,0.0,0.0,0.0,120.0,v1,2.3.0,8.073089700996677,7.5,6.9,7.14,-0.11558024691358026,0.2222222222222222,0.25,0.02777777777777779,recent-form-k-v1-report-only
823530,2026-07-01,675512,Troy Melton,,2026-08-14T16:32:43.672033+00:00,7,22,1.0.0,00d671e59e632b114895c2859b6469756f197ca6f57aaffc3f7a171ddb0a9605,6.0,25.0,37.2,6.048387096774193,0.1724137931034483,0.0620689655172413,0.1586206896551724,8.470588235294118,6.1875,5.333333333333333,4.4,0.0,0.0,0.0,1.0,0.0,0.0,0.0,70.0,6.0,1.0,0.0,0.0,0.0,0.0,0.0,0.0,25.0,17.0,8.0,0.1758373650967029,0.1036696987172765,0.329193656152984,0.0,0.4537037037037037,0.0,0.0,0.0,0.0,147.0,v1,2.3.0,6.048387096774193,8.470588235294118,6.1875,7.100735294117648,0.17398823529411778,0.1724137931034483,0.3181818181818182,0.1457680250783699,recent-form-k-v1-report-only
823530,2026-07-01,701542,Will Warren,,2026-08-14T16:32:44.836903+00:00,7,22,1.0.0,e39138c9684e3686a81170fe99ba46a9048e66b26bb94bca27e46f54f2c379af,10.0,47.0,50.8,8.326771653543306,0.1974789915966386,0.0924369747899159,0.2352941176470588,5.625,6.979591836734694,3.0,3.8,0.0,0.0,0.0,1.0,0.0,0.0,0.0,70.0,5.0,1.0,0.0,0.0,0.0,0.0,0.0,0.0,26.0,17.0,9.0,0.141152387162449,0.140852648248842,0.141718560665929,0.0,0.4704761904761905,0.0,0.0,0.0,0.0,116.0,v1,2.3.0,8.326771653543306,5.625,6.979591836734694,6.437755102040816,-0.22686061658706025,0.1974789915966386,0.3181818181818182,0.12070282658517958,recent-form-k-v1-report-only
824660,2026-07-01,621111,Walker Buehler,,2026-08-14T16:32:46.174783+00:00,6,23,1.0.0,fd596e082a2970610f10af3193f8dd9431b7706ab20c50a711ee22994505ab1d,10.0,46.0,51.6,8.023255813953488,0.2149532710280373,0.0654205607476635,0.2289719626168224,10.06578947368421,9.566929133858268,5.666666666666667,5.4,0.0,0.0,0.0,1.0,0.0,0.0,0.0,70.0,5.0,1.0,0.0,0.0,0.0,0.0,0.0,0.0,26.0,17.0,9.0,0.1305079803137895,0.1019854880661994,0.184383799003682,0.0,0.3935672514619883,0.0,0.0,0.0,0.0,112.0,v1,2.3.0,8.023255813953488,10.06578947368421,9.566929133858268,9.766473269788644,0.21727058145191802,0.2149532710280373,0.2608695652173913,0.045916294189354,recent-form-k-v1-report-only
824660,2026-07-01,607067,Colin Rea,,2026-08-14T16:32:47.360441+00:00,5,25,1.0.0,b10a4d21823153b17f81f640cfe0ae232f8fb710194c29dd5c78ceac33491d87,10.0,33.0,49.10000000000001,6.048879837067209,0.1447368421052631,0.0964912280701754,0.2368421052631578,5.664335664335664,5.338983050847458,3.0,2.8,0.0,0.0,0.0,1.0,0.0,0.0,0.0,70.0,5.0,1.0,0.0,0.0,0.0,0.0,0.0,0.0,26.0,18.0,8.0,0.114841119961997,0.1208361840904944,0.1013522256728778,0.0,0.3962962962962963,0.0,0.0,0.0,0.0,135.0,v1,2.3.0,6.048879837067209,5.664335664335664,5.338983050847458,5.469124096242741,-0.09584514099151986,0.1447368421052631,0.2,0.0552631578947369,recent-form-k-v1-report-only
822791,2026-07-01,642547,Freddy Peralta,,2026-08-14T16:32:48.496610+00:00,4,22,1.0.0,a1d8864841d07ecbad81d11ae447fa8435309da876bc7e4a5381ecf671af0116,10.0,46.0,51.6,8.023255813953488,0.1949152542372881,0.0805084745762711,0.2542372881355932,6.532258064516129,7.377049180327869,3.0,4.0,0.0,0.0,0.0,1.0,0.0,0.0,0.0,70.0,6.0,1.0,0.0,0.0,0.0,0.0,0.0,0.0,26.0,14.0,12.0,0.1073589291616813,0.0656342387287509,0.1560377346667669,0.0,0.3876262626262626,0.0,0.0,0.0,0.0,141.0,v1,2.3.0,8.023255813953488,6.532258064516129,7.377049180327869,7.039132734003173,-0.12265881866047401,0.1949152542372881,0.18181818181818182,-0.013097072419106265,recent-form-k-v1-report-only
822791,2026-07-01,680755,Braydon Fisher,,2026-08-14T16:32:49.868755+00:00,1,4,1.0.0,eba6e4f89ecd5fab71068b0c9f5e020aa70ce9b9ca94efce9f5b647ce55d22ea,10.0,8.0,8.7,8.275862068965518,0.16,0.16,0.22,4.390243902439025,2.903225806451613,0.6666666666666666,0.4,0.0,0.0,0.0,1.0,0.0,0.0,0.0,70.0,4.0,1.0,0.0,0.0,0.0,0.0,0.0,0.0,26.0,16.0,10.0,0.1245970725182371,0.1121725496725496,0.1444763090713371,0.0,0.4003126503126502,0.0,0.0,0.0,0.0,121.0,v1,2.3.0,8.275862068965518,4.390243902439025,2.903225806451613,3.4980330448465775,-0.5773210070810386,0.16,0.25,0.09,recent-form-k-v1-report-only
823446,2026-07-01,694973,Paul Skenes,,2026-08-14T16:32:51.357858+00:00,5,22,1.0.0,0ef0d1db063c003e01a907dfb258e1cec01aa1ad9b21f98721c89937ab363bf0,10.0,75.0,58.3,11.57804459691252,0.3125,0.0541666666666666,0.2041666666666666,13.235294117647058,12.904411764705882,8.333333333333334,7.8,0.0,0.0,0.0,1.0,0.0,0.0,0.0,70.0,5.0,1.0,0.0,0.0,0.0,0.0,0.0,0.0,26.0,12.0,14.0,0.126535041844376,0.1020528752436647,0.1475197560735571,0.0,0.369453672942045,0.0,0.0,0.0,0.0,143.0,v1,2.3.0,11.57804459691252,13.235294117647058,12.904411764705882,13.036764705882351,0.12599019607843132,0.3125,0.22727272727272727,-0.08522727272727273,recent-form-k-v1-report-only
823446,2026-07-01,554430,Zack Wheeler,,2026-08-14T16:32:52.579056+00:00,10,24,1.0.0,affaab82e9e10ee32ecf9e61e5e0f6a1f7d52fc789053c7f8b321ca28a4043bb,10.0,60.0,63.400000000000006,8.517350157728705,0.2489626556016597,0.0580912863070539,0.1659751037344398,10.384615384615383,9.807692307692308,7.0,6.8,0.0,0.0,0.0,1.0,0.0,0.0,0.0,70.0,5.0,1.0,0.0,0.0,0.0,0.0,0.0,0.0,26.0,15.0,11.0,0.1528022105577093,0.1365556320140003,0.1749566358445851,0.0,0.4139471639471639,0.0,0.0,0.0,0.0,134.0,v1,2.3.0,8.517350157728705,10.384615384615383,9.807692307692308,10.038461538461538,0.17858974358974367,0.2489626556016597,0.4166666666666667,0.16770401106500699,recent-form-k-v1-report-only
824905,2026-07-01,700241,Michael McGreevy,,2026-08-14T16:32:53.884104+00:00,3,22,1.0.0,a6380aadfb7f643add40b8213727587c0fad33d8442dba622ef0656a6a9ac011,10.0,36.0,56.0,5.785714285714286,0.1578947368421052,0.0701754385964912,0.2456140350877192,4.235294117647059,4.344827586206897,2.6666666666666665,2.8,0.0,0.0,0.0,1.0,0.0,0.0,0.0,70.0,5.0,1.0,0.0,0.0,0.0,0.0,0.0,0.0,25.0,13.0,12.0,0.1259043281350954,0.1038705386463057,0.1497742667479509,0.0,0.3992109904390606,0.0,0.0,0.0,0.0,144.0,v1,2.3.0,5.785714285714286,4.235294117647059,4.344827586206897,4.301014198782962,-0.25661482983998185,0.1578947368421052,0.13636363636363635,-0.021531100478468845,recent-form-k-v1-report-only
824905,2026-07-01,625643,Reynaldo López,,2026-08-14T16:32:54.955842+00:00,6,18,1.0.0,520a392fe0e08d00323c0d6f342d33fe8d0d6f1ff9991cdf93862c35a2159248,10.0,15.0,18.1,7.458563535911602,0.1923076923076923,0.0897435897435897,0.2179487179487179,5.625,7.128712871287129,1.6666666666666667,1.6,0.0,0.0,0.0,1.0,0.0,0.0,0.0,70.0,5.0,1.0,0.0,0.0,0.0,0.0,0.0,0.0,26.0,15.0,11.0,0.0931374473833102,0.0910569929726276,0.0959744306706047,0.0,0.3124745624745624,0.0,0.0,0.0,0.0,138.0,v1,2.3.0,7.458563535911602,5.625,7.128712871287129,6.5272277227722775,-0.12486798679867983,0.1923076923076923,0.3333333333333333,0.14102564102564102,recent-form-k-v1-report-only
824094,2026-07-01,663556,Shane McClanahan,,2026-08-14T16:32:56.137264+00:00,4,20,1.0.0,ea3dffd486ce87a53b2c4529e9fafe6e628fd78339b983462edd6aa5b362b5a5,10.0,48.0,49.5,8.727272727272727,0.2274881516587677,0.0710900473933649,0.2180094786729857,9.545454545454549,8.922413793103448,4.666666666666667,4.6,0.0,0.0,1.0,1.0,0.0,0.0,0.0,70.0,8.0,1.0,0.0,0.0,0.0,0.0,0.0,0.0,26.0,9.0,17.0,0.1183074458526947,0.1808201058201058,0.0852125082228888,0.0,0.3944444444444444,0.0,0.0,0.0,0.0,118.0,v1,2.3.0,8.727272727272727,9.545454545454549,8.922413793103448,9.171630094043888,0.05091594827586232,0.2274881516587677,0.2,-0.027488151658767696,recent-form-k-v1-report-only
824094,2026-07-01,607625,Seth Lugo,,2026-08-14T16:32:57.124482+00:00,7,26,1.0.0,e14a110d75651a1f7869b4632928e1343acafcd956dce75825c14e5de47030d5,10.0,38.0,52.2,6.551724137931034,0.1637931034482758,0.0818965517241379,0.2629310344827586,3.191489361702128,5.378486055776892,1.6666666666666667,3.0,0.0,0.0,0.0,1.0,0.0,0.0,0.0,70.0,6.0,1.0,0.0,0.0,0.0,0.0,0.0,0.0,26.0,15.0,11.0,0.0894263503665031,0.0720192159283839,0.1131633518730293,0.0,0.2887736221069554,0.0,0.0,0.0,0.0,139.0,v1,2.3.0,6.551724137931034,3.191489361702128,5.378486055776892,4.503687378146987,-0.31259508438809136,0.1637931034482758,0.2692307692307692,0.10543766578249342,recent-form-k-v1-report-only
824174,2026-07-01,671737,Taj Bradley,,2026-08-14T16:32:58.204888+00:00,11,21,1.0.0,770b131d46ece0d3934325d86421b60d8dbb8471f560360cd4333c21d7110d17,10.0,57.0,54.6,9.395604395604396,0.2375,0.1041666666666666,0.2,8.901098901098901,8.830188679245284,6.0,5.2,0.0,0.0,0.0,1.0,0.0,0.0,0.0,70.0,5.0,1.0,0.0,0.0,0.0,0.0,0.0,0.0,26.0,20.0,6.0,0.123757018931446,0.1137547083282377,0.1570980542754736,0.0,0.3903846153846153,0.0,0.0,0.0,0.0,117.0,v1,2.3.0,9.395604395604396,8.901098901098901,8.830188679245284,8.858552767986732,-0.05715988083416079,0.2375,0.5238095238095238,0.28630952380952385,recent-form-k-v1-report-only
824174,2026-07-01,837227,Tatsuya Imai,,2026-08-14T16:32:59.643268+00:00,2,13,1.0.0,7d6dd8418b72cd43a7772e8fd2ae565f0a3e5e5c942edefe14ee92b2fac3e0da,10.0,54.0,42.7,11.381733021077284,0.2887700534759358,0.1122994652406417,0.1818181818181818,16.229508196721312,13.577586206896552,7.333333333333333,7.0,0.0,0.0,0.0,1.0,0.0,0.0,0.0,70.0,6.0,1.0,0.0,0.0,0.0,0.0,0.0,0.0,26.0,16.0,10.0,0.0936241748402108,0.086363980091294,0.1052404864384778,0.0,0.3277777777777778,0.0,0.0,0.0,0.0,142.0,v1,2.3.0,11.381733021077284,16.229508196721312,13.577586206896552,14.638355002826456,0.2861270753512133,0.2887700534759358,0.15384615384615385,-0.13492389962978196,recent-form-k-v1-report-only
823767,2026-07-01,671096,Andrew Abbott,,2026-08-14T16:33:00.775346+00:00,3,25,1.0.0,b41ec7ef0acf2540d5bb8ee94edf6cfb58d21505915ca8a3665925c88f325840,10.0,46.0,54.400000000000006,7.610294117647058,0.1982758620689655,0.1077586206896551,0.1896551724137931,10.132450331125828,9.29889298892989,5.666666666666667,5.6,0.0,0.0,1.0,1.0,0.0,0.0,0.0,70.0,5.0,1.0,0.0,0.0,0.0,0.0,0.0,0.0,25.0,9.0,16.0,0.1361624938722065,0.2107067086636979,0.0942313730519926,0.0,0.4050830889540567,0.0,0.0,0.0,0.0,158.0,v1,2.3.0,7.610294117647058,10.132450331125828,9.29889298892989,9.632315925808264,0.26569561923664153,0.1982758620689655,0.12,-0.0782758620689655,recent-form-k-v1-report-only
823767,2026-07-01,675660,Shane Drohan,,2026-08-14T16:33:01.806621+00:00,7,23,1.0.0,a231701019ec37f968b769bffbf268d967b20a64317fae64c56be4887a97f4f8,10.0,39.0,34.6,10.144508670520231,0.261744966442953,0.0738255033557047,0.2214765100671141,9.574468085106384,8.925619834710744,5.0,4.8,0.0,0.0,1.0,1.0,0.0,0.0,0.0,70.0,7.0,1.0,0.0,0.0,0.0,0.0,0.0,0.0,26.0,9.0,17.0,0.1829268190432107,0.1103367003367003,0.2213568818878338,0.0,0.6466666666666666,0.0,0.0,0.0,0.0,113.0,v1,2.3.0,10.144508670520231,9.574468085106384,8.925619834710744,9.185159134869,-0.09456835878499315,0.261744966442953,0.30434782608695654,0.042602859644003566,recent-form-k-v1-report-only
824337,2026-07-01,676974,Max Meyer,,2026-08-14T16:33:02.967365+00:00,5,25,1.0.0,430358842dc3885b614a2158d1bd1caa679477e4b48f61857bc777fdc5c23d00,10.0,67.0,59.3,10.168634064080944,0.2712550607287449,0.0931174089068826,0.1902834008097166,10.5,9.867109634551497,7.0,6.6,0.0,0.0,0.0,1.0,0.0,0.0,0.0,70.0,5.0,1.0,0.0,0.0,0.0,0.0,0.0,0.0,24.0,13.0,11.0,0.1458191567894603,0.1312830616236188,0.1629981783490911,0.0,0.4149122807017544,0.0,0.0,0.0,0.0,115.0,v1,2.3.0,10.168634064080944,10.5,9.867109634551497,10.120265780730898,-0.004756615593130564,0.2712550607287449,0.2,-0.07125506072874488,recent-form-k-v1-report-only
824337,2026-07-01,607536,Kyle Freeland,,2026-08-14T16:33:04.025378+00:00,7,21,1.0.0,9f9184ed9712207cc93b6ad736638169309b443a02450dc5a018660c477e9b4f,10.0,44.0,49.00000000000001,8.081632653061224,0.1781376518218623,0.048582995951417,0.3279352226720647,7.868852459016393,6.947368421052632,5.333333333333333,4.4,0.0,0.0,1.0,1.0,0.0,0.0,0.0,70.0,7.0,1.0,0.0,0.0,0.0,0.0,0.0,0.0,26.0,9.0,17.0,0.1103814915993563,0.1739960864670167,0.0767031766694185,0.0,0.3914987714987715,0.0,0.0,0.0,0.0,146.0,v1,2.3.0,8.081632653061224,7.868852459016393,6.947368421052632,7.315962036238136,-0.09474207127356393,0.1781376518218623,0.3333333333333333,0.155195681511471,recent-form-k-v1-report-only
824985,2026-07-01,669372,J.T. Ginn,,2026-08-14T16:33:05.330176+00:00,4,25,1.0.0,cd799cb88be01877b8aa540c88685a0bff67753e64ffc6fa823914b1730aa0f8,10.0,55.0,58.4,8.476027397260275,0.2244897959183673,0.0897959183673469,0.2,6.842105263157894,8.268551236749117,4.333333333333333,5.2,0.0,0.0,0.0,1.0,0.0,0.0,0.0,70.0,5.0,1.0,0.0,0.0,0.0,0.0,0.0,0.0,26.0,15.0,11.0,0.110840062813747,0.0734238373712057,0.1618621884172123,0.0,0.3168831168831168,0.0,0.0,0.0,0.0,119.0,v1,2.3.0,8.476027397260275,6.842105263157894,8.268551236749117,7.697972847312627,-0.09179471862008604,0.2244897959183673,0.16,-0.06448979591836729,recent-form-k-v1-report-only
825064,2026-07-01,686790,Trevor McDonald,,2026-08-14T16:33:06.553511+00:00,5,19,1.0.0,f10fa08a7a9d436b5fb301d82dbf95033b0515bb3270e82abe673c8a92d176f1,10.0,45.0,48.9,8.282208588957056,0.1965065502183406,0.0829694323144104,0.2183406113537118,6.371681415929203,7.605633802816901,2.6666666666666665,3.6,0.0,0.0,0.0,1.0,0.0,0.0,0.0,70.0,5.0,1.0,0.0,0.0,0.0,0.0,0.0,0.0,26.0,15.0,11.0,0.0787885551732784,0.0636828728344209,0.099387212908084,0.0,0.27389486260454,0.0,0.0,0.0,0.0,109.0,v1,2.3.0,8.282208588957056,6.371681415929203,7.605633802816901,7.112052848061822,-0.14128547093772081,0.1965065502183406,0.2631578947368421,0.06665134451850149,recent-form-k-v1-report-only
825064,2026-07-01,668678,Zac Gallen,,2026-08-14T16:33:07.724221+00:00,4,24,1.0.0,7199d222be21548c24d57fc8ca4042e04cb0fa2bdd61e38afaecfcfe3e888595,10.0,32.0,52.6,5.475285171102661,0.1285140562248996,0.0682730923694779,0.2811244979919678,3.333333333333333,3.422053231939164,2.0,2.0,0.0,0.0,0.0,1.0,0.0,0.0,0.0,70.0,5.0,1.0,0.0,0.0,0.0,0.0,0.0,0.0,26.0,16.0,10.0,0.1178673465413579,0.1337846715564106,0.0923996265172735,0.0,0.5014652014652015,0.0,0.0,0.0,0.0,137.0,v1,2.3.0,5.475285171102661,3.333333333333333,3.422053231939164,3.3865652724968314,-0.3814814814814814,0.1285140562248996,0.16666666666666666,0.03815261044176707,recent-form-k-v1-report-only
823442,2026-07-02,683003,Jared Jones,,2026-08-14T16:33:07.860785+00:00,6,16,1.0.0,73418a6bfd7e7376f330bf29255b254d4a096d05c1bf564805a8ac1cf8f98184,6.0,25.0,24.3,9.25925925925926,0.2272727272727272,0.0818181818181818,0.2454545454545454,8.839285714285715,8.465346534653465,3.6666666666666665,3.8,0.0,0.0,0.0,1.0,0.0,0.0,0.0,70.0,5.0,1.0,0.0,0.0,0.0,0.0,0.0,0.0,26.0,12.0,14.0,0.1341332175980981,0.1133028450182705,0.1519878226665217,0.0,0.3984430981695004,0.0,0.0,0.0,0.0,143.0,v1,2.3.0,9.25925925925926,8.839285714285715,8.465346534653465,8.614922206506364,-0.06958840169731273,0.2272727272727272,0.375,0.1477272727272728,recent-form-k-v1-report-only
823765,2026-07-02,695505,Chase Burns,,2026-08-14T16:33:07.975796+00:00,4,23,1.0.0,2b539404e5423918d97c5713d0d2863e982dae089389b828a34381f6bcd7fda7,10.0,73.0,57.2,11.486013986013983,0.3173913043478261,0.0739130434782608,0.1913043478260869,13.5,13.284132841328413,8.0,8.0,0.0,0.0,0.0,1.0,0.0,0.0,0.0,70.0,5.0,1.0,0.0,0.0,0.0,0.0,0.0,0.0,26.0,16.0,10.0,0.1227793928887118,0.0809301692328124,0.1897381507381507,0.0,0.3951178451178451,0.0,0.0,0.0,0.0,158.0,v1,2.3.0,11.486013986013983,13.5,13.284132841328413,13.370479704797049,0.16406611737350296,0.3173913043478261,0.17391304347826086,-0.14347826086956522,recent-form-k-v1-report-only
823765,2026-07-02,694819,Jacob Misiorowski,,2026-08-14T16:33:07.986954+00:00,10,21,1.0.0,be8c3ed4b874b6998de0883e8c358e7ef173023cccad6d9879755ffa11e29049,10.0,95.0,66.1,12.934947049924356,0.3974895397489539,0.0585774058577405,0.1087866108786611,12.857142857142858,11.82857142857143,10.0,9.2,0.0,0.0,0.0,1.0,0.0,0.0,0.0,70.0,6.0,1.0,0.0,0.0,0.0,0.0,0.0,0.0,26.0,14.0,12.0,0.1506271885793181,0.1554958432289852,0.1449470914880397,0.0,0.4505882352941175,0.0,0.0,0.0,0.0,113.0,v1,2.3.0,12.934947049924356,12.857142857142858,11.82857142857143,12.24,-0.05372631578947351,0.3974895397489539,0.47619047619047616,0.07870093644152226,recent-form-k-v1-report-only
824335,2026-07-02,687473,Ryan Gusto,,2026-08-14T16:33:08.019674+00:00,2,16,1.0.0,53b9dbc4083f1d8c4a775116adeea6571785a8cf04ad176b76f683e826db83c3,7.0,20.0,20.4,8.823529411764707,0.202020202020202,0.0808080808080808,0.2525252525252525,8.684210526315791,8.275862068965518,3.6666666666666665,3.2,0.0,0.0,0.0,1.0,0.0,0.0,0.0,70.0,5.0,1.0,0.0,0.0,0.0,0.0,0.0,0.0,24.0,13.0,11.0,0.1450940012696319,0.1317054655870445,0.1609168161672353,0.0,0.4144736842105263,0.0,0.0,0.0,0.0,115.0,v1,2.3.0,8.823529411764707,8.684210526315791,8.275862068965518,8.439201451905628,-0.04355716878402882,0.202020202020202,0.125,-0.07702020202020199,recent-form-k-v1-report-only
824335,2026-07-02,547179,Michael Lorenzen,,2026-08-14T16:33:08.031562+00:00,1,23,1.0.0,e003e34682f0906f504effb17eac39a69de079077039561689dcd6ddfeae5419,10.0,42.0,45.8,8.253275109170305,0.185022026431718,0.0748898678414096,0.3039647577092511,6.470588235294118,8.846153846153845,3.6666666666666665,4.6,0.0,0.0,0.0,1.0,0.0,0.0,0.0,70.0,5.0,1.0,0.0,0.0,0.0,0.0,0.0,0.0,26.0,16.0,10.0,0.1203282860327198,0.0883086019671385,0.17155978053765,0.0,0.4196581196581196,0.0,0.0,0.0,0.0,146.0,v1,2.3.0,8.253275109170305,6.470588235294118,8.846153846153845,7.895927601809953,-0.043297660944719873,0.185022026431718,0.043478260869565216,-0.14154376556215278,recent-form-k-v1-report-only
824416,2026-07-02,663436,Davis Martin,,2026-08-14T16:33:08.071029+00:00,0,19,1.0.0,4f29ceebb15a37951accf3011b04b8beb1265feb33032aff9151f59977c3c5b1,10.0,57.0,54.6,9.395604395604396,0.2435897435897435,0.0683760683760683,0.2307692307692307,6.971830985915493,7.008196721311476,3.6666666666666665,3.8,0.0,0.0,0.0,1.0,0.0,0.0,0.0,70.0,5.0,1.0,0.0,0.0,0.0,0.0,0.0,0.0,26.0,13.0,13.0,0.1495230441465228,0.1096142701112275,0.1894318181818182,0.0,0.527802657113002,0.0,0.0,0.0,0.0,114.0,v1,2.3.0,9.395604395604396,6.971830985915493,7.008196721311476,6.993650427153083,-0.25564656272405784,0.2435897435897435,0.0,-0.2435897435897435,recent-form-k-v1-report-only
824416,2026-07-02,677944,Slade Cecconi,,2026-08-14T16:33:08.096642+00:00,3,25,1.0.0,41f2979a2497415d264ee5066ad1e945a9aab258912c478e13a1bacd2a849f5c,10.0,42.0,53.5,7.065420560747664,0.1883408071748878,0.0717488789237668,0.2286995515695067,4.709302325581396,6.382978723404255,3.0,4.0,0.0,0.0,0.0,1.0,0.0,0.0,0.0,70.0,5.0,1.0,0.0,0.0,0.0,0.0,0.0,0.0,26.0,11.0,15.0,0.134930554668045,0.136022386022386,0.1341298783415282,0.0,0.4705128205128205,0.0,0.0,0.0,0.0,145.0,v1,2.3.0,7.065420560747664,4.709302325581396,6.382978723404255,5.713508164275112,-0.1913420984425438,0.1883408071748878,0.12,-0.0683408071748878,recent-form-k-v1-report-only
824906,2026-07-02,669160,Dustin May,,2026-08-14T16:33:08.180398+00:00,1,9,1.0.0,95cbdec0699d2bee9bd81f66082c6fa21dbe6ecd9053f6318d2a23c6c2a2b03c,10.0,57.0,58.3,8.799313893653517,0.2415254237288135,0.0720338983050847,0.1906779661016949,9.0,10.787671232876711,5.666666666666667,7.0,0.0,0.0,0.0,1.0,0.0,0.0,0.0,70.0,11.0,1.0,0.0,0.0,0.0,0.0,0.0,0.0,25.0,13.0,12.0,0.1235172691699598,0.1000172923347796,0.1489755774080716,0.0,0.4042709376042709,0.0,0.0,0.0,0.0,144.0,v1,2.3.0,8.799313893653517,9.0,10.787671232876711,10.072602739726026,0.14470319634703177,0.2415254237288135,0.1111111111111111,-0.1304143126177024,recent-form-k-v1-report-only
824093,2026-07-02,693855,Ian Seymour,,2026-08-14T16:33:08.373296+00:00,8,23,1.0.0,c23b532d1af3e91b43e020f019b0ed7cd1d56fc56a8974a477270ca2511d8496,10.0,26.0,26.6,8.796992481203008,0.2300884955752212,0.1061946902654867,0.1415929203539823,8.811188811188812,8.866995073891626,4.666666666666667,4.0,0.0,0.0,1.0,1.0,0.0,0.0,0.0,70.0,7.0,1.0,0.0,0.0,0.0,0.0,0.0,0.0,26.0,8.0,18.0,0.1066405348039224,0.1678571428571428,0.0794331534469355,0.0,0.3779239766081871,0.0,0.0,0.0,0.0,118.0,v1,2.3.0,8.796992481203008,8.811188811188812,8.866995073891626,8.844672568810502,0.005420044146834835,0.2300884955752212,0.34782608695652173,0.11773759138130052,recent-form-k-v1-report-only
824093,2026-07-02,663568,Stephen Kolek,,2026-08-14T16:33:08.427948+00:00,0,11,1.0.0,018601e062fe3111d91cfe68c4911e5d92f271ceb0add8d6350b61074e53cf7b,9.0,34.0,50.6,6.047430830039525,0.1596244131455399,0.0516431924882629,0.2394366197183098,4.736842105263158,7.114624505928854,2.333333333333333,4.0,0.0,0.0,0.0,1.0,0.0,0.0,0.0,70.0,11.0,1.0,0.0,0.0,0.0,0.0,0.0,0.0,26.0,15.0,11.0,0.0930878225960186,0.072809641901934,0.1207398871788613,0.0,0.2996205246658967,0.0,0.0,0.0,0.0,139.0,v1,2.3.0,6.047430830039525,4.736842105263158,7.114624505928854,6.163511545662576,0.01919504643962866,0.1596244131455399,0.0,-0.1596244131455399,recent-form-k-v1-report-only
822884,2026-07-02,664285,Framber Valdez,,2026-08-14T16:33:08.541044+00:00,1,26,1.0.0,4a55d0581fe9f7bf91731d656382ae619138e0073e181f4e4181b855eeca67cf,10.0,45.0,54.400000000000006,7.44485294117647,0.1844262295081967,0.081967213114754,0.2336065573770492,8.0,7.392857142857143,5.333333333333333,4.6,0.0,0.0,1.0,1.0,0.0,0.0,0.0,70.0,5.0,1.0,0.0,0.0,0.0,0.0,0.0,0.0,25.0,11.0,14.0,0.1236571209302999,0.1297616216971055,0.1188607274706669,0.0,0.3360433604336043,0.0,0.0,0.0,0.0,140.0,v1,2.3.0,7.44485294117647,8.0,7.392857142857143,7.635714285714286,0.025636684303351087,0.1844262295081967,0.038461538461538464,-0.14596469104665824,recent-form-k-v1-report-only
822884,2026-07-02,543135,Nathan Eovaldi,,2026-08-14T16:33:08.559665+00:00,9,22,1.0.0,6743d85ea7cdaf59ec7b916cf3e861090ae493c5e5cda12d5d81918c764f4a49,10.0,69.0,67.2,9.241071428571429,0.2584269662921348,0.0524344569288389,0.2022471910112359,10.8,9.807692307692308,8.0,6.8,0.0,0.0,0.0,1.0,0.0,0.0,0.0,70.0,6.0,1.0,0.0,0.0,0.0,0.0,0.0,0.0,26.0,17.0,9.0,0.1449461462646046,0.1423794596208389,0.1497943321472733,0.0,0.4785714285714285,0.0,0.0,0.0,0.0,116.0,v1,2.3.0,9.241071428571429,10.8,9.807692307692308,10.204615384615385,0.10426755852842806,0.2584269662921348,0.4090909090909091,0.15066394279877432,recent-form-k-v1-report-only
823119,2026-07-02,700712,Walbert Ureña,,2026-08-14T16:33:09.659905+00:00,6,24,1.0.0,f3e62648e337c733c86e0e3471cd2aeb6e63c1020475c4dfb36c5bf40ec5a694,10.0,52.0,55.1,8.493647912885661,0.2222222222222222,0.1025641025641025,0.1794871794871795,7.826086956521738,9.29889298892989,4.666666666666667,5.6,0.0,0.0,0.0,1.0,0.0,0.0,0.0,70.0,6.0,1.0,0.0,0.0,0.0,0.0,0.0,0.0,26.0,17.0,9.0,0.1512390594076576,0.1085495067592254,0.2318748810769184,0.0,0.4470046082949309,0.0,0.0,0.0,0.0,136.0,v1,2.3.0,8.493647912885661,7.826086956521738,9.29889298892989,8.70977057596663,0.025445210973848997,0.2222222222222222,0.25,0.02777777777777779,recent-form-k-v1-report-only
823119,2026-07-02,682243,Bryce Miller,,2026-08-14T16:33:10.743385+00:00,8,24,1.0.0,95e5e400179ef9eb998b9b00cad4999146a37f8487feaab700b67a556c59c9c8,8.0,54.0,44.50000000000001,10.92134831460674,0.3312883435582822,0.0306748466257668,0.1717791411042944,12.362637362637363,12.32876712328767,8.333333333333334,8.0,0.0,0.0,0.0,1.0,0.0,0.0,0.0,70.0,7.0,1.0,0.0,0.0,0.0,0.0,0.0,0.0,26.0,14.0,12.0,0.1315604898192169,0.1693610876941154,0.0874597922985019,0.0,0.3590567327409433,0.0,0.0,0.0,0.0,108.0,v1,2.3.0,10.92134831460674,12.362637362637363,12.32876712328767,12.342315219027547,0.1301091095611644,0.3312883435582822,0.3333333333333333,0.0020449897750511314,recent-form-k-v1-report-only
823935,2026-07-02,681190,Randy Vásquez,,2026-08-14T16:33:10.845811+00:00,0,16,1.0.0,65abadcb12793caf04c63bccab4a22af1d380e16c76edd9c2048cd43ea50e363,10.0,26.0,45.7,5.12035010940919,0.1203703703703703,0.0694444444444444,0.2962962962962963,5.625,5.792079207920792,2.333333333333333,2.6,0.0,0.0,0.0,1.0,0.0,0.0,0.0,70.0,5.0,1.0,0.0,0.0,0.0,0.0,0.0,0.0,26.0,16.0,10.0,0.1171923618663638,0.0714736702572975,0.1903422684408698,0.0,0.3439740143369176,0.0,0.0,0.0,0.0,119.0,v1,2.3.0,5.12035010940919,5.625,5.792079207920792,5.725247524752476,0.11813594821020579,0.1203703703703703,0.0,-0.1203703703703703,recent-form-k-v1-report-only
823935,2026-07-02,808963,Roki Sasaki,,2026-08-14T16:33:10.915150+00:00,3,18,1.0.0,51aab96ed4c61ca48bd179f9035cf28189c03f4b69c21d440824f47c97a64069,10.0,55.0,53.4,9.269662921348315,0.243362831858407,0.079646017699115,0.1991150442477876,8.1203007518797,10.275590551181104,4.0,5.8,0.0,0.0,0.0,1.0,0.0,0.0,0.0,70.0,6.0,1.0,0.0,0.0,0.0,0.0,0.0,0.0,27.0,19.0,8.0,0.110961054951919,0.1145865823630734,0.1023504273504273,0.0,0.3745217745217745,0.0,0.0,0.0,0.0,135.0,v1,2.3.0,9.269662921348315,8.1203007518797,10.275590551181104,9.413474631460542,0.015514232969682684,0.243362831858407,0.16666666666666666,-0.07669616519174036,recent-form-k-v1-report-only
824659,2026-07-03,669467,Andre Pallante,,2026-08-14T16:33:11.122352+00:00,2,24,1.0.0,f68c31e37fb4def9885a6128fb3492d0b18d3bc476efadef5a608b69891bdad9,10.0,42.0,56.6,6.678445229681978,0.1779661016949152,0.0508474576271186,0.2415254237288135,5.625,6.5131578947368425,4.0,4.4,0.0,0.0,0.0,1.0,0.0,0.0,0.0,70.0,6.0,1.0,0.0,0.0,0.0,0.0,0.0,0.0,26.0,18.0,8.0,0.1314662427384414,0.0994014745758683,0.2036119711042311,0.0,0.4040763673890608,0.0,0.0,0.0,0.0,112.0,v1,2.3.0,6.678445229681978,5.625,6.5131578947368425,6.157894736842105,-0.07794486215538843,0.1779661016949152,0.08333333333333333,-0.09463276836158187,recent-form-k-v1-report-only
824659,2026-07-03,656849,David Peterson,,2026-08-14T16:33:11.203191+00:00,3,23,1.0.0,d29c58fda6357fc86c1d311caf988e3119c5e512fc0d625df347aa4fe5b3ffa0,10.0,36.0,42.4,7.641509433962264,0.1846153846153846,0.082051282051282,0.2512820512820513,5.901639344262295,5.567010309278351,2.6666666666666665,2.4,0.0,0.0,1.0,1.0,0.0,0.0,0.0,70.0,6.0,1.0,0.0,0.0,0.0,0.0,0.0,0.0,26.0,10.0,16.0,0.1023726017912064,0.1173685358569079,0.0930001430001429,0.0,0.3642857142857142,0.0,0.0,0.0,0.0,138.0,v1,2.3.0,7.641509433962264,5.901639344262295,5.567010309278351,5.700861923271929,-0.2539612791767599,0.1846153846153846,0.13043478260869565,-0.05418060200668895,recent-form-k-v1-report-only
822714,2026-07-03,656605,Mitch Keller,,2026-08-14T16:33:11.244549+00:00,1,26,1.0.0,3b7b58213c4fe0403f0853bd4f9fed30e771b038610930765f7589418d670a1a,10.0,42.0,51.7,7.311411992263055,0.1757322175732217,0.0878661087866108,0.2468619246861924,7.894736842105263,7.826086956521739,5.0,4.4,0.0,0.0,0.0,1.0,0.0,0.0,0.0,70.0,5.0,1.0,0.0,0.0,0.0,0.0,0.0,0.0,26.0,15.0,11.0,0.1477535044981814,0.0765792103948026,0.244809360093698,0.0,0.4789677043085223,0.0,0.0,0.0,0.0,120.0,v1,2.3.0,7.311411992263055,7.894736842105263,7.826086956521739,7.853546910755148,0.074149140968363,0.1757322175732217,0.038461538461538464,-0.13727067911168322,recent-form-k-v1-report-only
822714,2026-07-03,656492,Foster Griffin,,2026-08-14T16:33:11.262146+00:00,2,20,1.0.0,d525da607322b6660e6a839ace0af7d745f25e1b4cc781d0fbaeac70dae5cfc8,10.0,65.0,58.2,10.051546391752575,0.2742616033755274,0.0464135021097046,0.2025316455696202,10.746268656716415,9.54983922829582,8.0,6.6,0.0,0.0,1.0,1.0,0.0,0.0,0.0,70.0,6.0,1.0,0.0,0.0,0.0,0.0,0.0,0.0,26.0,7.0,19.0,0.1533306074723676,0.1468156431287458,0.1557308574937019,0.0,0.4506037172703839,0.0,0.0,0.0,0.0,134.0,v1,2.3.0,10.051546391752575,10.746268656716415,9.54983922829582,10.028410999664057,-0.0023016749052167107,0.2742616033755274,0.1,-0.1742616033755274,recent-form-k-v1-report-only
823527,2026-07-03,702474,Mike Paredes,,2026-08-14T16:33:11.464792+00:00,2,18,1.0.0,98d08f8e29e88b2fb4caeaf25110034de329a6800907b1c86d39838282646b9c,6.0,13.0,23.7,4.936708860759494,0.1181818181818181,0.0818181818181818,0.209090909090909,3.1468531468531467,4.390243902439025,1.6666666666666667,2.0,0.0,0.0,0.0,1.0,0.0,0.0,0.0,70.0,6.0,1.0,0.0,0.0,0.0,0.0,0.0,0.0,26.0,16.0,10.0,0.1636197583994533,0.1125594177064765,0.2453163035082162,0.0,0.4039661319073084,0.0,0.0,0.0,0.0,147.0,v1,2.3.0,4.936708860759494,3.1468531468531467,4.390243902439025,3.8928876002046735,-0.21144071688161747,0.1181818181818181,0.1111111111111111,-0.007070707070706991,recent-form-k-v1-report-only
823527,2026-07-03,543037,Gerrit Cole,,2026-08-14T16:33:11.476057+00:00,7,20,1.0.0,d00e6a1b8bca32de1123db89dfcdc30951a4a028a4111f42cf66f9a5483bc98e,7.0,34.0,36.5,8.383561643835616,0.2125,0.0625,0.225,9.473684210526317,8.148148148148149,5.333333333333333,4.4,0.0,0.0,0.0,1.0,0.0,0.0,0.0,70.0,6.0,1.0,0.0,0.0,0.0,0.0,0.0,0.0,26.0,16.0,10.0,0.1047531276338076,0.0961563855391254,0.1185079149852992,0.0,0.3427350427350427,0.0,0.0,0.0,0.0,142.0,v1,2.3.0,8.383561643835616,9.473684210526317,8.148148148148149,8.678362573099417,0.03516416313113968,0.2125,0.35,0.13749999999999998,recent-form-k-v1-report-only
824498,2026-07-03,669432,Trevor Rogers,,2026-08-14T16:33:11.505909+00:00,4,22,1.0.0,9a1f9730ee96b6fee32a4691e0eb7b798eb0df9ce60dda36e67315703e84bf8f,10.0,36.0,48.10000000000001,6.735966735966735,0.1674418604651162,0.0744186046511627,0.2325581395348837,8.01047120418848,7.016949152542373,5.666666666666667,4.6,0.0,0.0,1.0,1.0,0.0,0.0,0.0,70.0,7.0,1.0,0.0,0.0,0.0,0.0,0.0,0.0,26.0,9.0,17.0,0.1503223441012744,0.1174074074074074,0.167747898821557,0.0,0.4268954248366013,0.0,0.0,0.0,0.0,113.0,v1,2.3.0,6.735966735966735,8.01047120418848,7.016949152542373,7.414357973200816,0.10071178552765203,0.1674418604651162,0.18181818181818182,0.01437632135306563,recent-form-k-v1-report-only
824498,2026-07-03,663903,Brady Singer,,2026-08-14T16:33:11.624878+00:00,6,21,1.0.0,5a1b90be94bea2134d27c0c32960e6deb61d0479a5e3809125b31fe5c4096e67,10.0,46.0,47.400000000000006,8.734177215189872,0.2100456621004566,0.0821917808219178,0.2465753424657534,10.062111801242237,10.0,6.0,5.8,0.0,0.0,0.0,1.0,0.0,0.0,0.0,70.0,5.0,1.0,0.0,0.0,0.0,0.0,0.0,0.0,26.0,16.0,10.0,0.154282170725728,0.1270697363298466,0.1978220657591382,0.0,0.4294986059691942,0.0,0.0,0.0,0.0,110.0,v1,2.3.0,8.734177215189872,10.062111801242237,10.0,10.024844720496894,0.14777207669457204,0.2100456621004566,0.2857142857142857,0.07566862361382909,recent-form-k-v1-report-only
824417,2026-07-03,641743,Anthony Kay,,2026-08-14T16:33:11.686059+00:00,2,14,1.0.0,c44073bd2ff2b628653f2cdd8454f4ff5426cf0654647702d0c41754fc34cf16,10.0,45.0,49.3,8.215010141987829,0.2008928571428571,0.0714285714285714,0.2142857142857142,8.181818181818182,9.324324324324325,4.0,4.6,0.0,0.0,1.0,1.0,0.0,0.0,0.0,70.0,5.0,1.0,0.0,0.0,0.0,0.0,0.0,0.0,26.0,11.0,15.0,0.1390297998407687,0.163191608931974,0.1213111398405516,0.0,0.477106227106227,0.0,0.0,0.0,0.0,114.0,v1,2.3.0,8.215010141987829,8.181818181818182,9.324324324324325,8.867321867321868,0.07940485940485953,0.2008928571428571,0.14285714285714285,-0.058035714285714246,recent-form-k-v1-report-only
824417,2026-07-03,668909,Gavin Williams,,2026-08-14T16:33:11.709140+00:00,6,20,1.0.0,47c4e14a3d70bcabacea6cf7f613bf933c3d3aa3e4d07a2beadc755afe977bff,10.0,64.0,58.1,9.91394148020654,0.2633744855967078,0.0617283950617283,0.2469135802469135,10.8,10.398406374501992,6.0,5.8,0.0,0.0,0.0,1.0,0.0,0.0,0.0,70.0,5.0,1.0,0.0,0.0,0.0,0.0,0.0,0.0,26.0,11.0,15.0,0.1320068565033159,0.1340203428008306,0.1305302998851386,0.0,0.4638888888888888,0.0,0.0,0.0,0.0,145.0,v1,2.3.0,9.91394148020654,10.8,10.398406374501992,10.559043824701195,0.06507021912350597,0.2633744855967078,0.3,0.0366255144032922,recent-form-k-v1-report-only
824904,2026-07-03,681035,Christian Scott,,2026-08-14T16:33:11.840236+00:00,7,18,1.0.0,2d53ada261a997b924f2586ab17e6f4434208b316f7adbd3360fc5e160b3164c,10.0,53.0,42.2,11.303317535545023,0.2704081632653061,0.1071428571428571,0.1989795918367347,10.0,10.632911392405065,5.0,5.6,0.0,0.0,0.0,1.0,0.0,0.0,0.0,70.0,6.0,1.0,0.0,0.0,0.0,0.0,0.0,0.0,25.0,12.0,13.0,0.1144521609355151,0.1076990097929543,0.1206858389132636,0.0,0.3700367033700367,0.0,0.0,0.0,0.0,144.0,v1,2.3.0,11.303317535545023,10.0,10.632911392405065,10.37974683544304,-0.08170793195870796,0.2704081632653061,0.3888888888888889,0.1184807256235828,recent-form-k-v1-report-only
824904,2026-07-03,656550,Grant Holmes,,2026-08-14T16:33:11.851321+00:00,2,22,1.0.0,e1bab648aeefcc2c110c2232e4d8c5e27a4e0d26e1b5c807b992496969db3818,10.0,44.0,43.6,9.08256880733945,0.2211055276381909,0.1155778894472361,0.2160804020100502,8.823529411764707,7.422680412371134,3.333333333333333,3.2,0.0,0.0,0.0,1.0,0.0,0.0,0.0,70.0,6.0,1.0,0.0,0.0,0.0,0.0,0.0,0.0,26.0,16.0,10.0,0.1289635350985569,0.1116961116961117,0.1565914125424692,0.0,0.4081327871650451,0.0,0.0,0.0,0.0,121.0,v1,2.3.0,9.08256880733945,8.823529411764707,7.422680412371134,7.983020012128563,-0.12106143300806738,0.2211055276381909,0.09090909090909091,-0.1301964367291,recent-form-k-v1-report-only
824336,2026-07-03,657277,Logan Webb,,2026-08-14T16:33:11.880863+00:00,2,21,1.0.0,2c52b83caa15edc0142d1f274e314aa1eed28904a7538c26ee4ffd72dd20b2e5,10.0,55.0,66.1,7.488653555219365,0.21484375,0.05078125,0.1953125,7.043478260869565,6.868421052631579,6.0,5.8,0.0,0.0,0.0,1.0,0.0,0.0,0.0,70.0,6.0,1.0,0.0,0.0,0.0,0.0,0.0,0.0,24.0,13.0,11.0,0.1378492345660264,0.1275031863847653,0.1500763824166076,0.0,0.412930474333983,0.0,0.0,0.0,0.0,115.0,v1,2.3.0,7.488653555219365,7.043478260869565,6.868421052631579,6.938443935926774,-0.07347243603078846,0.21484375,0.09523809523809523,-0.11960565476190477,recent-form-k-v1-report-only
824336,2026-07-03,663372,Ryan Feltner,,2026-08-14T16:33:11.898626+00:00,9,24,1.0.0,1e44e183f3072583106c94974cf5bf0f6bb4940afb354ef9a25acb38ee368534,10.0,31.0,48.6,5.7407407407407405,0.1483253588516746,0.0909090909090909,0.215311004784689,5.0,5.475285171102662,3.0,3.2,0.0,0.0,0.0,1.0,0.0,0.0,0.0,70.0,5.0,1.0,0.0,0.0,0.0,0.0,0.0,0.0,26.0,16.0,10.0,0.1206674249994087,0.1318064825959563,0.1028449328449328,0.0,0.5168091168091168,0.0,0.0,0.0,0.0,137.0,v1,2.3.0,5.7407407407407405,5.0,5.475285171102662,5.285171102661597,-0.07935729179443152,0.1483253588516746,0.375,0.2266746411483254,recent-form-k-v1-report-only
824173,2026-07-03,607259,Nick Martinez,,2026-08-14T16:33:11.995103+00:00,3,21,1.0.0,4b27e8f5a778abce8204652d1bc2046e841075a8310829334765954a18e0f9cf,10.0,34.0,56.5,5.415929203539823,0.1416666666666666,0.0333333333333333,0.2666666666666666,7.730061349693253,5.604395604395605,4.666666666666667,3.4,0.0,0.0,0.0,1.0,0.0,0.0,0.0,70.0,7.0,1.0,0.0,0.0,0.0,0.0,0.0,0.0,26.0,20.0,6.0,0.1253272719216215,0.1129314257866889,0.1666467590380633,0.0,0.3791922827010546,0.0,0.0,0.0,0.0,117.0,v1,2.3.0,5.415929203539823,7.730061349693253,5.604395604395605,6.454661902514664,0.19179214866692318,0.1416666666666666,0.14285714285714285,0.0011904761904762418,recent-form-k-v1-report-only
824173,2026-07-03,681293,Spencer Arrighetti,,2026-08-14T16:33:12.005953+00:00,4,19,1.0.0,a4e070f0489efc7b16d2554801fa38f3ec25a83836dd87dacdc9c7ee95a5da98,10.0,54.0,53.3,9.118198874296434,0.2307692307692307,0.1196581196581196,0.1923076923076923,13.2,11.52,7.333333333333333,6.4,0.0,0.0,0.0,1.0,0.0,0.0,0.0,70.0,7.0,1.0,0.0,0.0,0.0,0.0,0.0,0.0,26.0,15.0,11.0,0.0888197637715075,0.0680778762218924,0.117104155884619,0.0,0.293456465870259,0.0,0.0,0.0,0.0,139.0,v1,2.3.0,9.118198874296434,13.2,11.52,12.192,0.3371061728395064,0.2307692307692307,0.21052631578947367,-0.020242914979757026,recent-form-k-v1-report-only
824013,2026-07-03,687562,Jake Bennett,,2026-08-14T16:33:12.028895+00:00,6,28,1.0.0,c955840e403fc7010d2df6fe6f0556be6e411db5be642b5a5e232dca22995622,6.0,25.0,32.3,6.965944272445821,0.1937984496124031,0.0542635658914728,0.2170542635658914,8.895348837209303,7.252747252747254,5.666666666666667,4.4,0.0,0.0,1.0,1.0,0.0,0.0,0.0,70.0,6.0,1.0,0.0,0.0,0.0,0.0,0.0,0.0,26.0,10.0,16.0,0.132651490828865,0.0834447781985982,0.1634056862227818,0.0,0.3918090885002649,0.0,0.0,0.0,0.0,108.0,v1,2.3.0,6.965944272445821,8.895348837209303,7.252747252747254,7.909787886532074,0.13549399437771537,0.1937984496124031,0.21428571428571427,0.020487264673311162,recent-form-k-v1-report-only
824013,2026-07-03,672282,Reid Detmers,,2026-08-14T16:33:12.039968+00:00,5,26,1.0.0,3395bb2600cd9eb0006dca5091b1f989fb4ff270486173adfb9c0a23c8c1a390,10.0,68.0,57.80000000000001,10.588235294117643,0.2857142857142857,0.0924369747899159,0.1596638655462184,7.417582417582418,8.653846153846153,5.0,6.0,0.0,0.0,1.0,1.0,0.0,0.0,0.0,70.0,6.0,1.0,0.0,0.0,0.0,0.0,0.0,0.0,26.0,10.0,16.0,0.1231548448111915,0.1008730158730158,0.1370809878975513,0.0,0.3984656084656084,0.0,0.0,0.0,0.0,111.0,v1,2.3.0,10.588235294117643,7.417582417582418,8.653846153846153,8.159340659340659,-0.22939560439560414,0.2857142857142857,0.19230769230769232,-0.09340659340659338,recent-form-k-v1-report-only
824982,2026-07-03,663969,Tyler Phillips,,2026-08-14T16:33:13.290446+00:00,2,18,1.0.0,96816a712cd1ce95966f74f37a87e008db34f6de105733c7e727224c9a6da9f1,10.0,26.0,40.6,5.763546798029556,0.1468926553672316,0.096045197740113,0.2146892655367231,4.7368421052631575,5.817490494296578,3.0,3.4,0.0,0.0,0.0,1.0,0.0,0.0,0.0,70.0,5.0,1.0,0.0,0.0,0.0,0.0,0.0,0.0,26.0,18.0,8.0,0.1313067036643257,0.1099767265847951,0.1792991520932697,0.0,0.4147323794382618,0.0,0.0,0.0,0.0,133.0,v1,2.3.0,5.763546798029556,4.7368421052631575,5.817490494296578,5.38523113868321,-0.06563938363017796,0.1468926553672316,0.1111111111111111,-0.035781544256120484,recent-form-k-v1-report-only
824982,2026-07-03,678022,Jack Perkins,,2026-08-14T16:33:13.382228+00:00,8,23,1.0.0,9c3eaba5252d279fe039fce19a20fe46f27c43040dc0350ebb4c6df130ce3393,10.0,40.0,32.6,11.042944785276074,0.2666666666666666,0.08,0.22,11.4,11.347826086956522,6.333333333333333,5.8,0.0,0.0,0.0,1.0,0.0,0.0,0.0,70.0,6.0,1.0,0.0,0.0,0.0,0.0,0.0,0.0,26.0,16.0,10.0,0.1171090159710103,0.0816640607705588,0.1738209442917327,0.0,0.4185636856368564,0.0,0.0,0.0,0.0,146.0,v1,2.3.0,11.042944785276074,11.4,11.347826086956522,11.368695652173912,0.029498550724637473,0.2666666666666666,0.34782608695652173,0.08115942028985512,recent-form-k-v1-report-only
825062,2026-07-03,690986,Kyle Harrison,,2026-08-14T16:33:13.431622+00:00,3,15,1.0.0,dd251b983c1f10c0daef26a396bd6e4b0c988df873eaf774415eba4d3b6d1e8a,10.0,66.0,52.400000000000006,11.33587786259542,0.3098591549295774,0.0516431924882629,0.2065727699530516,10.0,12.909836065573767,6.333333333333333,7.0,0.0,0.0,1.0,1.0,0.0,0.0,0.0,70.0,6.0,1.0,0.0,0.0,0.0,0.0,0.0,0.0,26.0,7.0,19.0,0.0840929348884889,0.1144494603141219,0.0729089518369399,0.0,0.2873431206098738,0.0,0.0,0.0,0.0,109.0,v1,2.3.0,11.33587786259542,10.0,12.909836065573767,11.745901639344261,0.03617044764585731,0.3098591549295774,0.2,-0.10985915492957737,recent-form-k-v1-report-only
823933,2026-07-03,650633,Michael King,,2026-08-14T16:33:13.481159+00:00,5,23,1.0.0,48c99f9dddd2111ae65644305ef9fee593fe07577972f9fe5bce99e150e5c916,10.0,44.0,54.8,7.226277372262773,0.1848739495798319,0.088235294117647,0.2016806722689075,6.5131578947368425,5.912408759124088,3.6666666666666665,3.6,0.0,0.0,0.0,1.0,0.0,0.0,0.0,70.0,5.0,1.0,0.0,0.0,0.0,0.0,0.0,0.0,26.0,16.0,10.0,0.1073087451503315,0.0639721524661456,0.176647293445029,0.0,0.3043327796234773,0.0,0.0,0.0,0.0,119.0,v1,2.3.0,7.226277372262773,6.5131578947368425,5.912408759124088,6.15270841336919,-0.14856459330143523,0.1848739495798319,0.21739130434782608,0.032517354767994194,recent-form-k-v1-report-only
823933,2026-07-03,660271,Shohei Ohtani,,2026-08-14T16:33:13.610100+00:00,9,27,1.0.0,4fa995a58b251b4efa48de16a3d69b01161b28a02339502dd98d4ea7a36c1500,10.0,68.0,61.2,10.0,0.2786885245901639,0.0737704918032786,0.1680327868852459,9.395604395604396,9.536423841059603,6.333333333333333,6.4,0.0,0.0,0.0,1.0,0.0,0.0,0.0,70.0,9.0,1.0,0.0,0.0,0.0,0.0,0.0,0.0,27.0,18.0,9.0,0.1128789079748388,0.1191854084959714,0.1002659069325735,0.0,0.3756494050611698,0.0,0.0,0.0,0.0,135.0,v1,2.3.0,10.0,9.395604395604396,9.536423841059603,9.48009606287752,-0.051990393712248006,0.2786885245901639,0.3333333333333333,0.054644808743169404,recent-form-k-v1-report-only
823120,2026-07-03,656302,Dylan Cease,,2026-08-14T16:33:13.699666+00:00,9,24,1.0.0,a459b61deeedcb0c2788a08d8b9833c8fbff2d9a2afe8a1dbb1feae8893708a5,10.0,84.0,55.8,13.548387096774194,0.3529411764705882,0.1092436974789916,0.1848739495798319,15.625,16.097560975609756,8.333333333333334,8.8,0.0,0.0,0.0,1.0,0.0,0.0,0.0,70.0,6.0,1.0,0.0,0.0,0.0,0.0,0.0,0.0,26.0,16.0,10.0,0.1631964620687976,0.1047783738001129,0.256665403298693,0.0,0.4306418219461698,0.0,0.0,0.0,0.0,136.0,v1,2.3.0,13.548387096774194,15.625,16.097560975609756,15.908536585365853,0.1742015098722416,0.3529411764705882,0.375,0.022058823529411797,recent-form-k-v1-report-only
823120,2026-07-03,622491,Luis Castillo,,2026-08-14T16:33:13.718364+00:00,4,26,1.0.0,768bc5d77559f000a25c11fa72bd10aeddba2f668ceb9073960573c2238ba3e1,10.0,47.0,46.7,9.057815845824411,0.2292682926829268,0.073170731707317,0.1951219512195122,7.105263157894737,7.086614173228347,4.0,4.0,0.0,0.0,0.0,1.0,0.0,0.0,0.0,70.0,7.0,1.0,0.0,0.0,0.0,0.0,0.0,0.0,26.0,14.0,12.0,0.1041646068330128,0.0651413522398206,0.1496917371917372,0.0,0.3873191373191373,0.0,0.0,0.0,0.0,141.0,v1,2.3.0,9.057815845824411,7.105263157894737,7.086614173228347,7.094073767094903,-0.21680083942474715,0.2292682926829268,0.15384615384615385,-0.07542213883677296,recent-form-k-v1-report-only
822716,2026-07-04,677952,Braxton Ashcraft,,2026-08-14T16:33:13.891072+00:00,7,23,1.0.0,bdbcb32dd256ccf37c9af305568df118aba5fdfc22172436f29ad35ec5fb654a,10.0,70.0,60.3,10.44776119402985,0.2788844621513944,0.0358565737051792,0.2270916334661354,12.5,10.928571428571429,8.333333333333334,6.8,0.0,0.0,0.0,1.0,0.0,0.0,0.0,70.0,5.0,1.0,0.0,0.0,0.0,0.0,0.0,0.0,26.0,15.0,11.0,0.1368255499637757,0.0757020174123464,0.2201758216248156,0.0,0.429147799837455,0.0,0.0,0.0,0.0,120.0,v1,2.3.0,10.44776119402985,12.5,10.928571428571429,11.557142857142857,0.10618367346938773,0.2788844621513944,0.30434782608695654,0.025463363935562144,recent-form-k-v1-report-only
823526,2026-07-04,805673,Zebby Matthews,,2026-08-14T16:33:14.087156+00:00,5,20,1.0.0,c863416459a6700298d1416f508549d770ed652b8f4b1a99fff1f169cda5c906,9.0,46.0,56.1,7.379679144385027,0.2008733624454148,0.0524017467248908,0.2270742358078602,7.2,6.0,5.333333333333333,4.4,0.0,0.0,0.0,1.0,0.0,0.0,0.0,70.0,5.0,1.0,0.0,0.0,0.0,0.0,0.0,0.0,26.0,17.0,9.0,0.1422461682868922,0.1043567159484114,0.2138151338151338,0.0,0.3602941176470589,0.0,0.0,0.0,0.0,147.0,v1,2.3.0,7.379679144385027,7.2,6.0,6.48,-0.12191304347826082,0.2008733624454148,0.25,0.04912663755458521,recent-form-k-v1-report-only
822882,2026-07-04,656427,Jack Flaherty,,2026-08-14T16:33:14.207314+00:00,5,21,1.0.0,50ebb57f397c135d4f56569015820b95205fbd7c45d6b8fb04d0424079bb24cf,10.0,59.0,43.7,12.151029748283753,0.2892156862745098,0.0735294117647058,0.2401960784313725,11.76923076923077,12.413793103448276,5.666666666666667,6.4,0.0,0.0,0.0,1.0,0.0,0.0,0.0,70.0,6.0,1.0,0.0,0.0,0.0,0.0,0.0,0.0,26.0,15.0,11.0,0.1158361340297027,0.1089251842107032,0.1252601565101565,0.0,0.3320751064653504,0.0,0.0,0.0,0.0,140.0,v1,2.3.0,12.151029748283753,11.76923076923077,12.413793103448276,12.155968169761273,0.00040641999730262057,0.2892156862745098,0.23809523809523808,-0.051120448179271694,recent-form-k-v1-report-only
822882,2026-07-04,615698,Cal Quantrill,,2026-08-14T16:33:14.225828+00:00,2,21,1.0.0,9bcbe912d820e581fd47fb9b1363f70e1b1bb4298761ccb09404930e25138b67,10.0,12.0,17.599999999999998,6.136363636363637,0.144578313253012,0.0481927710843373,0.2289156626506024,7.875,7.058823529411765,2.333333333333333,1.6,0.0,0.0,0.0,1.0,0.0,0.0,0.0,70.0,7.0,1.0,0.0,0.0,0.0,0.0,0.0,0.0,26.0,17.0,9.0,0.1507375275691122,0.1404418112621336,0.1701849917045163,0.0,0.4880952380952381,0.0,0.0,0.0,0.0,116.0,v1,2.3.0,6.136363636363637,7.875,7.058823529411765,7.385294117647059,0.20352941176470596,0.144578313253012,0.09523809523809523,-0.049340218014916754,recent-form-k-v1-report-only
823118,2026-07-04,669302,Logan Gilbert,,2026-08-14T16:33:14.273760+00:00,7,23,1.0.0,cccca10ea5f6f9fa9066164c784ab4574c125a4456a0d5eb486805e390b452ca,10.0,68.0,60.60000000000001,10.099009900990096,0.288135593220339,0.059322033898305,0.1610169491525423,11.194029850746269,10.96153846153846,8.333333333333334,7.6,0.0,0.0,0.0,1.0,0.0,0.0,0.0,70.0,7.0,1.0,0.0,0.0,0.0,0.0,0.0,0.0,26.0,14.0,12.0,0.097138964968797,0.0626549371529503,0.1373703307539514,0.0,0.343587906087906,0.0,0.0,0.0,0.0,141.0,v1,2.3.0,10.099009900990096,11.194029850746269,10.96153846153846,11.054535017221584,0.09461572229351023,0.288135593220339,0.30434782608695654,0.01621223286661755,recent-form-k-v1-report-only
824499,2026-07-04,687064,Brandon Young,,2026-08-14T16:33:14.360988+00:00,5,25,1.0.0,2cc82daa902bc4592108cf32b4a5bbe339f698f61843401db008447c8c413a0e,10.0,48.0,55.80000000000001,7.741935483870966,0.1975308641975308,0.0905349794238683,0.2016460905349794,8.4375,7.422680412371133,5.0,4.8,0.0,0.0,0.0,1.0,0.0,0.0,0.0,70.0,7.0,1.0,0.0,0.0,0.0,0.0,0.0,0.0,26.0,14.0,12.0,0.1439207235500822,0.1412438865693775,0.147043700027571,0.0,0.4128063241106719,0.0,0.0,0.0,0.0,113.0,v1,2.3.0,7.741935483870966,8.4375,7.422680412371133,7.82860824742268,0.01119523195876293,0.1975308641975308,0.2,0.0024691358024692134,recent-form-k-v1-report-only
824171,2026-07-04,656876,Drew Rasmussen,,2026-08-14T16:33:14.505030+00:00,2,22,1.0.0,1e42aa5a0cb4bcd26cd0e756697ce925fe9ddeba9247b5bd5ea6ccc5a26a2b15,10.0,62.0,61.1,9.132569558101473,0.2649572649572649,0.047008547008547,0.1837606837606837,8.052631578947368,10.636363636363637,5.666666666666667,7.8,0.0,0.0,0.0,1.0,0.0,0.0,0.0,70.0,6.0,1.0,0.0,0.0,0.0,0.0,0.0,0.0,26.0,20.0,6.0,0.1304819340655253,0.1259964833254307,0.1454334365325077,0.0,0.4395711500974659,0.0,0.0,0.0,0.0,117.0,v1,2.3.0,9.132569558101473,8.052631578947368,10.636363636363637,9.602870813397129,0.05149714462108346,0.2649572649572649,0.09090909090909091,-0.174048174048174,recent-form-k-v1-report-only
824171,2026-07-04,686613,Hunter Brown,,2026-08-14T16:33:14.524639+00:00,3,22,1.0.0,317fd51d69d0b266eeac981b72f7d2e6edff1292df9d61b70268eb86a9328f64,5.0,32.0,24.4,11.80327868852459,0.3018867924528302,0.1226415094339622,0.160377358490566,9.507042253521128,11.80327868852459,5.0,6.4,0.0,0.0,0.0,1.0,0.0,0.0,0.0,70.0,6.0,1.0,0.0,0.0,0.0,0.0,0.0,0.0,26.0,15.0,11.0,0.0940788150117961,0.077070707070707,0.1172716894769175,0.0,0.293456465870259,0.0,0.0,0.0,0.0,139.0,v1,2.3.0,11.80327868852459,9.507042253521128,11.80327868852459,10.884784114523205,-0.07781690140845077,0.3018867924528302,0.13636363636363635,-0.16552315608919382,recent-form-k-v1-report-only
824415,2026-07-04,680732,Sean Burke,,2026-08-14T16:33:14.563800+00:00,11,24,1.0.0,6633cc6517af022c91e3d35f6839a1c70f2f4f1607c431487cf75a65b269f22a,10.0,63.0,50.900000000000006,11.139489194499015,0.2727272727272727,0.1082251082251082,0.2077922077922078,10.819672131147543,11.931818181818182,7.333333333333333,7.0,0.0,0.0,0.0,1.0,0.0,0.0,0.0,70.0,5.0,1.0,0.0,0.0,0.0,0.0,0.0,0.0,26.0,13.0,13.0,0.1385751282006342,0.0985042735042735,0.178645982896995,0.0,0.4527777777777778,0.0,0.0,0.0,0.0,114.0,v1,2.3.0,11.139489194499015,10.819672131147543,11.931818181818182,11.486959761549926,0.031192684061536857,0.2727272727272727,0.4583333333333333,0.1856060606060606,recent-form-k-v1-report-only
824415,2026-07-04,800048,Parker Messick,,2026-08-14T16:33:14.581538+00:00,3,23,1.0.0,760b6eeb48270b2fd0b6e46651927d5953db8b05b1153bf0eb6c2c7dfc6ef7ff,10.0,62.0,56.400000000000006,9.893617021276595,0.2540983606557377,0.0778688524590164,0.2049180327868852,11.134020618556702,9.664429530201344,8.0,6.4,0.0,0.0,1.0,1.0,0.0,0.0,0.0,70.0,5.0,1.0,0.0,0.0,0.0,0.0,0.0,0.0,26.0,13.0,13.0,0.1342483012530588,0.1174465387521341,0.1510500637539834,0.0,0.519281045751634,0.0,0.0,0.0,0.0,145.0,v1,2.3.0,9.893617021276595,11.134020618556702,9.664429530201344,10.252265965543488,0.0362505384527827,0.2540983606557377,0.13043478260869565,-0.12366357804704206,recent-form-k-v1-report-only
824658,2026-07-04,681517,Kyle Leahy,,2026-08-14T16:33:14.682728+00:00,6,20,1.0.0,02bdaa17932a912941359bb1fc6189df5b54b571209c5c17f7359d115e095196,10.0,45.0,51.3,7.894736842105263,0.2008928571428571,0.0892857142857142,0.2276785714285714,7.894736842105263,7.241379310344827,5.0,4.2,0.0,0.0,0.0,1.0,0.0,0.0,0.0,70.0,6.0,1.0,0.0,0.0,0.0,0.0,0.0,0.0,26.0,18.0,8.0,0.1330244601279275,0.1024890251545599,0.2017291888180045,0.0,0.4019736842105263,0.0,0.0,0.0,0.0,112.0,v1,2.3.0,7.894736842105263,7.894736842105263,7.241379310344827,7.502722323049001,-0.049655172413793136,0.2008928571428571,0.3,0.0991071428571429,recent-form-k-v1-report-only
824658,2026-07-04,684007,Shota Imanaga,,2026-08-14T16:33:14.699483+00:00,8,19,1.0.0,799bb78740caf74e43d55a228b8414e872e73e4a37f92d440b320effc2815eca,10.0,49.0,55.6,7.931654676258993,0.2067510548523206,0.0548523206751054,0.2447257383966244,6.036585365853659,7.554744525547446,3.6666666666666665,4.6,0.0,0.0,1.0,1.0,0.0,0.0,0.0,70.0,5.0,1.0,0.0,0.0,0.0,0.0,0.0,0.0,25.0,10.0,15.0,0.1088903449384336,0.1231902992687754,0.0993570420515392,0.0,0.3745571658615136,0.0,0.0,0.0,0.0,138.0,v1,2.3.0,7.931654676258993,6.036585365853659,7.554744525547446,6.9474808616699315,-0.12408177798447118,0.2067510548523206,0.42105263157894735,0.21430157672662675,recent-form-k-v1-report-only
824903,2026-07-04,640455,Sean Manaea,,2026-08-14T16:33:14.842009+00:00,4,24,1.0.0,4d42bf2569a51c00e56ff69aac7e3f0efb1fae96660aa52e47cedb7d0cb3f0eb,10.0,40.0,39.5,9.113924050632912,0.2339181286549707,0.0701754385964912,0.2046783625730994,8.796992481203008,8.49785407725322,4.333333333333333,4.4,0.0,0.0,1.0,1.0,0.0,0.0,0.0,70.0,5.0,1.0,0.0,0.0,0.0,0.0,0.0,0.0,26.0,12.0,14.0,0.1296529743705105,0.1307024768123166,0.1287534008489623,0.0,0.3672053005386339,0.0,0.0,0.0,0.0,144.0,v1,2.3.0,9.113924050632912,8.796992481203008,8.49785407725322,8.617509438833135,-0.05446771435025333,0.2339181286549707,0.16666666666666666,-0.06725146198830403,recent-form-k-v1-report-only
824903,2026-07-04,519242,Chris Sale,,2026-08-14T16:33:14.852425+00:00,3,24,1.0.0,ecdcfe1f015a9c3d41a99ad7a3ce91667d100b2bf2b1b5046b63ebbaa1873e6c,10.0,80.0,59.6,12.08053691275168,0.3162055335968379,0.0592885375494071,0.2094861660079051,12.621951219512196,12.518796992481205,7.666666666666667,7.4,0.0,0.0,1.0,1.0,0.0,0.0,0.0,70.0,6.0,1.0,0.0,0.0,0.0,0.0,0.0,0.0,26.0,8.0,18.0,0.1291244017050468,0.1258387445887446,0.1305846937567367,0.0,0.3988735279057859,0.0,0.0,0.0,0.0,121.0,v1,2.3.0,12.08053691275168,12.621951219512196,12.518796992481205,12.560058683293601,0.03969374656152569,0.3162055335968379,0.125,-0.1912055335968379,recent-form-k-v1-report-only
824334,2026-07-04,592662,Robbie Ray,,2026-08-14T16:33:14.993188+00:00,4,24,1.0.0,8cd67f95ff73f81084c5e44a19db15571afc385f24a786d56752dd050facdcaf,10.0,42.0,54.6,6.9230769230769225,0.1757322175732217,0.1213389121338912,0.1924686192468619,6.515837104072398,6.408668730650155,5.333333333333333,4.6,0.0,0.0,1.0,1.0,0.0,0.0,0.0,70.0,6.0,1.0,0.0,0.0,0.0,0.0,0.0,0.0,26.0,9.0,17.0,0.1183101273118618,0.1082276103695932,0.1236479303989452,0.0,0.3967668746454906,0.0,0.0,0.0,0.0,115.0,v1,2.3.0,6.9230769230769225,6.515837104072398,6.408668730650155,6.451536080019052,-0.06811145510835914,0.1757322175732217,0.16666666666666666,-0.009065550906555031,recent-form-k-v1-report-only
824092,2026-07-04,666200,Jesús Luzardo,,2026-08-14T16:33:15.159799+00:00,9,23,1.0.0,c62deb320e01eca7df31f87fb84d9ef6d073d1f565538c0e437375b5c5da527c,10.0,65.0,55.5,10.54054054054054,0.268595041322314,0.0991735537190082,0.2107438016528925,13.846153846153848,11.63265306122449,9.333333333333334,7.6,0.0,0.0,1.0,1.0,0.0,0.0,0.0,70.0,6.0,1.0,0.0,0.0,0.0,0.0,0.0,0.0,26.0,8.0,18.0,0.1118041113064427,0.1737895615563298,0.0842550223064929,0.0,0.381006006006006,0.0,0.0,0.0,0.0,118.0,v1,2.3.0,10.54054054054054,13.846153846153848,11.63265306122449,12.518053375196235,0.18761019200579665,0.268595041322314,0.391304347826087,0.12270930650377299,recent-form-k-v1-report-only
824092,2026-07-04,608379,Michael Wacha,,2026-08-14T16:33:15.245807+00:00,7,26,1.0.0,4f26f3e2050225ffb29a5832d8b77a0475ea1ce494cca633887122c90317825d,10.0,48.0,63.4,6.813880126182966,0.1818181818181818,0.0568181818181818,0.2348484848484848,6.683168316831684,5.277777777777778,5.0,3.8,0.0,0.0,0.0,1.0,0.0,0.0,0.0,70.0,7.0,1.0,0.0,0.0,0.0,0.0,0.0,0.0,26.0,12.0,14.0,0.1365014476158783,0.1150809389016275,0.1548618836566647,0.0,0.4108309990662931,0.0,0.0,0.0,0.0,143.0,v1,2.3.0,6.813880126182966,6.683168316831684,5.277777777777778,5.83993399339934,-0.1429356130057451,0.1818181818181818,0.2692307692307692,0.08741258741258742,recent-form-k-v1-report-only
824012,2026-07-04,543243,Sonny Gray,,2026-08-14T16:33:15.279586+00:00,7,22,1.0.0,40e9f6316f2142f1d3d41d7155fcdfc5d108197b9b190fb972961d0e5c6226cc,10.0,62.0,60.2,9.269102990033222,0.2605042016806723,0.0672268907563025,0.1974789915966386,10.236966824644549,9.216867469879515,8.0,6.8,0.0,0.0,0.0,1.0,0.0,0.0,0.0,70.0,6.0,1.0,0.0,0.0,0.0,0.0,0.0,0.0,26.0,14.0,12.0,0.1383738021258828,0.1777471140009781,0.0924382716049382,0.0,0.3882268424611224,0.0,0.0,0.0,0.0,108.0,v1,2.3.0,9.269102990033222,10.236966824644549,9.216867469879515,9.62490721178553,0.03838604686288338,0.2605042016806723,0.3181818181818182,0.05767761650114589,recent-form-k-v1-report-only
824012,2026-07-04,691951,Sam Aldegheri,,2026-08-14T16:33:15.328162+00:00,2,18,1.0.0,d8739215b69ec216e58b3e75932abc1f99fd23aefdd2a89d719aae5920569c03,8.0,20.0,28.5,6.315789473684212,0.150375939849624,0.0977443609022556,0.225563909774436,5.901639344262295,6.428571428571429,2.6666666666666665,2.6,0.0,0.0,1.0,1.0,0.0,0.0,0.0,70.0,6.0,1.0,0.0,0.0,0.0,0.0,0.0,0.0,26.0,10.0,16.0,0.1280170796797125,0.1067037625861155,0.1413379028632106,0.0,0.4269381598793363,0.0,0.0,0.0,0.0,111.0,v1,2.3.0,6.315789473684212,5.901639344262295,6.428571428571429,6.217798594847776,-0.015515222482435864,0.150375939849624,0.1111111111111111,-0.03926482873851289,recent-form-k-v1-report-only
824983,2026-07-04,645261,Sandy Alcantara,,2026-08-14T16:33:15.426526+00:00,8,31,1.0.0,aea8c390f7b30ff1bca31dbcd80ed6e1116d4229213552658589772ab031ba5b,10.0,48.0,62.6,6.900958466453674,0.1791044776119403,0.0522388059701492,0.2537313432835821,6.724137931034483,7.5,4.333333333333333,5.4,0.0,0.0,0.0,1.0,0.0,0.0,0.0,70.0,5.0,1.0,0.0,0.0,0.0,0.0,0.0,0.0,26.0,18.0,8.0,0.1254369704635614,0.1042983966767818,0.1729987614838158,0.0,0.4168448367231329,0.0,0.0,0.0,0.0,133.0,v1,2.3.0,6.900958466453674,6.724137931034483,7.5,7.189655172413794,0.041834291187739625,0.1791044776119403,0.25806451612903225,0.07896003851709196,recent-form-k-v1-report-only
824983,2026-07-04,650644,Aaron Civale,,2026-08-14T16:33:15.443800+00:00,6,21,1.0.0,72915f774ff995d789615d852effedc42974faf7a5297bb90873ffee61868bc5,10.0,32.0,47.1,6.114649681528662,0.1474654377880184,0.064516129032258,0.2995391705069124,6.75,5.571428571428571,3.0,2.6,0.0,0.0,0.0,1.0,0.0,0.0,0.0,70.0,6.0,1.0,0.0,0.0,0.0,0.0,0.0,0.0,26.0,16.0,10.0,0.1234474063748938,0.0875109382564775,0.18094575536436,0.0,0.4148148148148148,0.0,0.0,0.0,0.0,146.0,v1,2.3.0,6.114649681528662,6.75,5.571428571428571,6.042857142857143,-0.011741071428571392,0.1474654377880184,0.2857142857142857,0.1382488479262673,recent-form-k-v1-report-only
825063,2026-07-04,605540,Brandon Woodruff,,2026-08-14T16:33:15.481010+00:00,6,14,1.0.0,80d49c49904015fdfbcaa2430181db69b95d1b8d782832264752f50507798385,8.0,41.0,40.5,9.11111111111111,0.25625,0.05625,0.1625,13.170731707317074,9.25925925925926,6.0,5.0,0.0,0.0,0.0,1.0,0.0,0.0,0.0,70.0,6.0,1.0,0.0,0.0,0.0,0.0,0.0,0.0,26.0,15.0,11.0,0.0839982840507002,0.0682542194426351,0.105467463061698,0.0,0.2963327859879583,0.0,0.0,0.0,0.0,109.0,v1,2.3.0,9.11111111111111,13.170731707317074,9.25925925925926,10.823848238482386,0.18798334324806687,0.25625,0.42857142857142855,0.17232142857142857,recent-form-k-v1-report-only
825063,2026-07-04,518876,Merrill Kelly,,2026-08-14T16:33:15.544612+00:00,6,25,1.0.0,c047039b86845c5cf6e163d028e36d12871102708aae878db79cdba7855ca078,10.0,33.0,62.2,4.77491961414791,0.125,0.0681818181818181,0.2386363636363636,4.7368421052631575,4.4839857651245545,3.0,2.8,0.0,0.0,0.0,1.0,0.0,0.0,0.0,70.0,6.0,1.0,0.0,0.0,0.0,0.0,0.0,0.0,26.0,16.0,10.0,0.1204271405484752,0.085128627200796,0.1769047619047619,0.0,0.3865079365079365,0.0,0.0,0.0,0.0,158.0,v1,2.3.0,4.77491961414791,4.7368421052631575,4.4839857651245545,4.585128301179996,-0.03974754096499755,0.125,0.24,0.11499999999999999,recent-form-k-v1-report-only
823932,2026-07-04,593974,Wandy Peralta,,2026-08-14T16:33:15.632453+00:00,0,4,1.0.0,6db88f7113dde466fbb866fa2e20316915ed5c6cc0044fcbfcfa44e70b91584d,10.0,7.0,11.4,5.526315789473685,0.1458333333333333,0.0208333333333333,0.25,8.571428571428571,5.806451612903226,1.3333333333333333,0.8,0.0,0.0,1.0,1.0,0.0,0.0,0.0,70.0,2.0,1.0,0.0,0.0,0.0,0.0,0.0,0.0,26.0,8.0,18.0,0.0941788258928545,0.1429139254385965,0.0725187816503025,0.0,0.3054187192118227,0.0,0.0,0.0,0.0,119.0,v1,2.3.0,5.526315789473685,8.571428571428571,5.806451612903226,6.912442396313365,0.25082290980908484,0.1458333333333333,0.0,-0.1458333333333333,recent-form-k-v1-report-only
823932,2026-07-04,808967,Yoshinobu Yamamoto,,2026-08-14T16:33:15.643364+00:00,10,25,1.0.0,3249b234a31e2c67b4abc9f7b4ae8fa5d9b69f6002abf80ac9e62cd325c40a8e,10.0,62.0,64.30000000000001,8.678071539657852,0.248,0.056,0.176,7.611940298507462,8.403614457831324,5.666666666666667,6.2,0.0,0.0,0.0,1.0,0.0,0.0,0.0,70.0,7.0,1.0,0.0,0.0,0.0,0.0,0.0,0.0,27.0,18.0,9.0,0.1133953857871712,0.1247510891816792,0.0906839789981552,0.0,0.3793981481481481,0.0,0.0,0.0,0.0,135.0,v1,2.3.0,8.678071539657852,7.611940298507462,8.403614457831324,8.086944794101779,-0.068117293439526,0.248,0.4,0.15200000000000002,recent-form-k-v1-report-only
824902,2026-07-05,690997,Nolan McLean,,2026-08-14T16:33:15.866333+00:00,5,25,1.0.0,0e4fcd4b7b3b4d3590b47d0c32ff6ab6102ad0fad17257d8904bbf5504ae3b59,10.0,62.0,55.3,10.090415913200722,0.2540983606557377,0.1024590163934426,0.1844262295081967,11.842105263157896,11.172413793103448,8.333333333333334,7.2,0.0,0.0,0.0,1.0,0.0,0.0,0.0,70.0,5.0,1.0,0.0,0.0,0.0,0.0,0.0,0.0,26.0,13.0,13.0,0.1241854425931939,0.126681735744202,0.1216891494421858,0.0,0.3729256250995381,0.0,0.0,0.0,0.0,144.0,v1,2.3.0,10.090415913200722,11.842105263157896,11.172413793103448,11.440290381125227,0.13377788185703432,0.2540983606557377,0.2,-0.0540983606557377,recent-form-k-v1-report-only
824902,2026-07-05,527048,Martín Pérez,,2026-08-14T16:33:15.953811+00:00,1,20,1.0.0,5d96ddcdd5d0a2b04f07ffc4db512f996457240e866693c74a806a2a8a8fa38e,10.0,37.0,42.3,7.872340425531914,0.2067039106145251,0.106145251396648,0.2011173184357542,6.0,6.812749003984063,3.333333333333333,3.8,0.0,0.0,1.0,1.0,0.0,0.0,0.0,70.0,5.0,1.0,0.0,0.0,0.0,0.0,0.0,0.0,26.0,8.0,18.0,0.1313117342604672,0.1296211181291826,0.1320631192077048,0.0,0.4196770662287903,0.0,0.0,0.0,0.0,121.0,v1,2.3.0,7.872340425531914,6.0,6.812749003984063,6.487649402390438,-0.175893184020674,0.2067039106145251,0.05,-0.1567039106145251,recent-form-k-v1-report-only
822715,2026-07-05,696149,Bubba Chandler,,2026-08-14T16:33:16.035092+00:00,0,21,1.0.0,898cdf6c893af9f712e530ffd7ee7dbedd27e68466c5879ba2593d2c138560a1,10.0,48.0,50.5,8.554455445544555,0.211453744493392,0.0969162995594713,0.2026431718061674,5.7558139534883725,7.8545454545454545,3.6666666666666665,4.8,0.0,0.0,0.0,1.0,0.0,0.0,0.0,70.0,5.0,1.0,0.0,0.0,0.0,0.0,0.0,0.0,26.0,15.0,11.0,0.1395031798163792,0.0835986961213821,0.2157365666731935,0.0,0.4113756613756614,0.0,0.0,0.0,0.0,120.0,v1,2.3.0,8.554455445544555,5.7558139534883725,7.8545454545454545,7.015052854122622,-0.1799533121916842,0.211453744493392,0.0,-0.211453744493392,recent-form-k-v1-report-only
822715,2026-07-05,676917,Cade Cavalli,,2026-08-14T16:33:16.047336+00:00,3,15,1.0.0,253ac51dcf90e0e33e15a4ec04b9e1f9a76a41ae83ea6a29d36f3c4bd0245cf9,10.0,62.0,54.50000000000001,10.23853211009174,0.2672413793103448,0.0517241379310344,0.2112068965517241,12.43421052631579,10.0,7.0,5.6,0.0,0.0,0.0,1.0,0.0,0.0,0.0,70.0,5.0,1.0,0.0,0.0,0.0,0.0,0.0,0.0,27.0,16.0,11.0,0.1447672607265993,0.1191949696545284,0.1819633204677933,0.0,0.4383141762452107,0.0,0.0,0.0,0.0,134.0,v1,2.3.0,10.23853211009174,12.43421052631579,10.0,10.973684210526315,0.07180249009620865,0.2672413793103448,0.2,-0.0672413793103448,recent-form-k-v1-report-only
824497,2026-07-05,680694,Kyle Bradish,,2026-08-14T16:33:16.101464+00:00,5,29,1.0.0,94818f1f2f76393103b113941bc46d57af13d7b3e53dc59febdcbf9ac116b6f4,10.0,61.0,58.3,9.41680960548885,0.2510288065843621,0.1069958847736625,0.1934156378600823,10.78125,10.257352941176473,7.666666666666667,6.2,0.0,0.0,0.0,1.0,0.0,0.0,0.0,70.0,7.0,1.0,0.0,0.0,0.0,0.0,0.0,0.0,26.0,14.0,12.0,0.135970287130067,0.1312152133580705,0.1415178731973963,0.0,0.4268620268620268,0.0,0.0,0.0,0.0,113.0,v1,2.3.0,9.41680960548885,10.78125,10.257352941176473,10.466911764705884,0.111513580842173,0.2510288065843621,0.1724137931034483,-0.07861501348091382,recent-form-k-v1-report-only
824497,2026-07-05,666157,Nick Lodolo,,2026-08-14T16:33:16.120370+00:00,4,26,1.0.0,e4750b93b933fc1a253b07eb10c963a1835908078ed758c68e37d03e049ab21d,10.0,42.0,49.8,7.590361445783132,0.1818181818181818,0.0952380952380952,0.2337662337662337,8.181818181818182,7.725321888412018,4.0,4.0,0.0,0.0,1.0,1.0,0.0,0.0,0.0,70.0,6.0,1.0,0.0,0.0,0.0,0.0,0.0,0.0,26.0,7.0,19.0,0.1566326588130268,0.206441637630662,0.1382819824065296,0.0,0.4491064491064491,0.0,0.0,0.0,0.0,110.0,v1,2.3.0,7.590361445783132,8.181818181818182,7.725321888412018,7.907920405774483,0.041837132824257495,0.1818181818181818,0.15384615384615385,-0.02797202797202794,recent-form-k-v1-report-only
823525,2026-07-05,657746,Joe Ryan,,2026-08-14T16:33:16.239235+00:00,9,24,1.0.0,6c6c2f2d642aba61ca61699accee36e39295490890c463482b86a38d340d8ac5,10.0,73.0,58.2,11.288659793814432,0.3004115226337449,0.0493827160493827,0.2098765432098765,12.6,11.333333333333334,7.0,6.8,0.0,0.0,0.0,1.0,0.0,0.0,0.0,70.0,5.0,1.0,0.0,0.0,0.0,0.0,0.0,0.0,26.0,17.0,9.0,0.1390653931755499,0.1008369600802379,0.2112746556889171,0.0,0.3666793168880455,0.0,0.0,0.0,0.0,147.0,v1,2.3.0,11.288659793814432,12.6,11.333333333333334,11.84,0.04884018264840195,0.3004115226337449,0.375,0.07458847736625512,recent-form-k-v1-report-only
823525,2026-07-05,677960,Ryan Weathers,,2026-08-14T16:33:16.256697+00:00,6,19,1.0.0,53bf2ed7630ceac43fb648391f9be9227bd5685afaa2ec0be3b7ca624338242a,10.0,58.0,52.8,9.886363636363637,0.2521739130434782,0.0739130434782608,0.2130434782608695,11.50375939849624,8.846153846153847,5.666666666666667,4.6,0.0,0.0,1.0,1.0,0.0,0.0,0.0,70.0,6.0,1.0,0.0,0.0,0.0,0.0,0.0,0.0,25.0,7.0,18.0,0.1202572737070207,0.1180780004309416,0.1211047688699404,0.0,0.3578278090473212,0.0,0.0,0.0,0.0,142.0,v1,2.3.0,9.886363636363637,11.50375939849624,8.846153846153847,9.909196067090804,0.0023094872459663573,0.2521739130434782,0.3157894736842105,0.06361556064073232,recent-form-k-v1-report-only
824413,2026-07-05,669684,Chris Murphy,,2026-08-14T16:33:16.296829+00:00,1,6,1.0.0,33696febd688c5519102ee26a7398ba09136aae26abe9b080d210d07e0e216bc,10.0,9.0,7.1000000000000005,11.408450704225352,0.25,0.0555555555555555,0.1388888888888889,7.499999999999999,9.729729729729728,0.6666666666666666,0.8,0.0,0.0,1.0,1.0,0.0,0.0,0.0,70.0,2.0,1.0,0.0,0.0,0.0,0.0,0.0,0.0,26.0,11.0,15.0,0.1374107295252682,0.1834474438760665,0.1036504723346828,0.0,0.4514705882352941,0.0,0.0,0.0,0.0,114.0,v1,2.3.0,11.408450704225352,7.499999999999999,9.729729729729728,8.837837837837837,-0.22532532532532545,0.25,0.16666666666666666,-0.08333333333333334,recent-form-k-v1-report-only
824413,2026-07-05,676440,Tanner Bibee,,2026-08-14T16:33:16.315475+00:00,1,19,1.0.0,784d20e593fecb36f71a2f9b35b2381ad081c4cf4e760cb67e2d07642ffed78c,10.0,47.0,62.3,6.789727126805778,0.1966527196652719,0.0543933054393305,0.1799163179916318,5.966850828729282,6.253776435045317,4.0,4.6,0.0,0.0,0.0,1.0,0.0,0.0,0.0,70.0,5.0,1.0,0.0,0.0,0.0,0.0,0.0,0.0,26.0,11.0,15.0,0.1205430615988272,0.1113301648770756,0.1272991858614451,0.0,0.4175248419150858,0.0,0.0,0.0,0.0,145.0,v1,2.3.0,6.789727126805778,5.966850828729282,6.253776435045317,6.139006192518903,-0.0958390406762939,0.1966527196652719,0.05263157894736842,-0.14402114071790348,recent-form-k-v1-report-only
824656,2026-07-05,669461,Matthew Liberatore,,2026-08-14T16:33:16.346787+00:00,3,23,1.0.0,e87544597fc8ebbe22f21d6b168365f04bf9c0b60b1e5baf770cf1b55504c4fc,10.0,56.0,44.8,11.249999999999998,0.2679425837320574,0.0956937799043062,0.2583732057416268,11.150442477876108,10.153846153846152,4.666666666666667,4.4,0.0,0.0,1.0,1.0,0.0,0.0,0.0,70.0,5.0,1.0,0.0,0.0,0.0,0.0,0.0,0.0,26.0,6.0,20.0,0.136358873604535,0.1478393207577396,0.1329147394585737,0.0,0.3966986942596698,0.0,0.0,0.0,0.0,112.0,v1,2.3.0,11.249999999999998,11.150442477876108,10.153846153846152,10.552484683458134,-0.06200136147038793,0.2679425837320574,0.13043478260869565,-0.13750780112336178,recent-form-k-v1-report-only
824656,2026-07-05,665871,Javier Assad,,2026-08-14T16:33:16.364871+00:00,2,17,1.0.0,5647d0f4075016341b0c39574c5bb251f3246e5e4b5ea71bd73dbc3472f1045d,10.0,22.0,33.9,5.84070796460177,0.1549295774647887,0.0633802816901408,0.2112676056338028,5.080645161290322,6.244897959183674,2.333333333333333,3.4,0.0,0.0,0.0,1.0,0.0,0.0,0.0,70.0,5.0,1.0,0.0,0.0,0.0,0.0,0.0,0.0,25.0,14.0,11.0,0.1212921871315472,0.1175663813912661,0.1260341217100867,0.0,0.3687370600414079,0.0,0.0,0.0,0.0,138.0,v1,2.3.0,5.84070796460177,5.080645161290322,6.244897959183674,5.779196840026334,-0.010531450116703533,0.1549295774647887,0.11764705882352941,-0.03728251864125928,recent-form-k-v1-report-only
824091,2026-07-05,605400,Aaron Nola,,2026-08-14T16:33:16.404240+00:00,7,28,1.0.0,8e8c53f83ba1df719ea3f0a84e7dd4ed34de8e7096d51a271a01abc11004475a,10.0,47.0,45.8,9.235807860262009,0.2175925925925926,0.074074074074074,0.2638888888888889,10.212765957446807,9.241071428571429,5.333333333333333,4.6,0.0,0.0,0.0,1.0,0.0,0.0,0.0,70.0,6.0,1.0,0.0,0.0,0.0,0.0,0.0,0.0,26.0,17.0,9.0,0.1198269578730583,0.0821402162279625,0.1910130254249058,0.0,0.3766409266409266,0.0,0.0,0.0,0.0,118.0,v1,2.3.0,9.235807860262009,10.212765957446807,9.241071428571429,9.62974924012158,0.042653700230658176,0.2175925925925926,0.25,0.03240740740740741,recent-form-k-v1-report-only
824091,2026-07-05,679883,Luinder Avila,,2026-08-14T16:33:16.435208+00:00,4,18,1.0.0,aa40dca5b3315b286645cba6bdd5a5734cd0816208c6c7e90df9eba085eabed4,10.0,31.0,33.5,8.328358208955224,0.2080536912751678,0.1610738255033557,0.1946308724832214,9.507042253521128,8.350515463917526,5.0,3.6,0.0,0.0,0.0,1.0,0.0,0.0,0.0,70.0,7.0,1.0,0.0,0.0,0.0,0.0,0.0,0.0,26.0,12.0,14.0,0.1338951346318256,0.1104492124207933,0.1539916393841391,0.0,0.4251336898395721,0.0,0.0,0.0,0.0,143.0,v1,2.3.0,8.328358208955224,9.507042253521128,8.350515463917526,8.813126179758967,0.05820690688862151,0.2080536912751678,0.2222222222222222,0.01416853094705442,recent-form-k-v1-report-only
824172,2026-07-05,669438,Mason Englert,,2026-08-14T16:33:16.491985+00:00,9,24,1.0.0,5604747db914945004744d900198563a8072a903fedd1507f0f9775f556f02e2,10.0,18.0,21.6,7.500000000000001,0.1818181818181818,0.0606060606060606,0.2525252525252525,6.694214876033058,7.500000000000001,3.0,2.4,0.0,0.0,0.0,1.0,0.0,0.0,0.0,70.0,23.0,1.0,0.0,0.0,0.0,0.0,0.0,0.0,26.0,20.0,6.0,0.1244138390848917,0.1186845238095238,0.1435115566694514,0.0,0.4389619883040935,0.0,0.0,0.0,0.0,117.0,v1,2.3.0,7.500000000000001,6.694214876033058,7.500000000000001,7.177685950413224,-0.04297520661157028,0.1818181818181818,0.375,0.1931818181818182,recent-form-k-v1-report-only
824172,2026-07-05,663567,Peter Lambert,,2026-08-14T16:33:16.535956+00:00,6,21,1.0.0,647adb0d6233df212736b42522adecccea91fa1313c1544300fa4cef705b4520,10.0,49.0,57.6,7.65625,0.2008196721311475,0.0983606557377049,0.1844262295081967,8.231707317073171,8.152173913043478,5.0,5.0,0.0,0.0,0.0,1.0,0.0,0.0,0.0,70.0,6.0,1.0,0.0,0.0,0.0,0.0,0.0,0.0,26.0,14.0,12.0,0.0958035012050849,0.0831835298221852,0.1105268011518011,0.0,0.3004201680672269,0.0,0.0,0.0,0.0,139.0,v1,2.3.0,7.65625,8.231707317073171,8.152173913043478,8.183987274655355,0.06892895015906664,0.2008196721311475,0.2857142857142857,0.08489461358313821,recent-form-k-v1-report-only
822879,2026-07-05,663554,Casey Mize,,2026-08-14T16:33:16.577541+00:00,4,27,1.0.0,52c92c0eea581b62ef52ee3d3e13d2349d6debb4be32541e66b856acaf3bfd2b,10.0,55.0,52.1,9.500959692898272,0.2657004830917874,0.0434782608695652,0.1835748792270531,10.426829268292684,9.812030075187971,6.333333333333333,5.8,0.0,0.0,0.0,1.0,0.0,0.0,0.0,70.0,6.0,1.0,0.0,0.0,0.0,0.0,0.0,0.0,26.0,15.0,11.0,0.1133890811835801,0.1076358783700274,0.1212343577475156,0.0,0.3052631578947368,0.0,0.0,0.0,0.0,140.0,v1,2.3.0,9.500959692898272,10.426829268292684,9.812030075187971,10.057949752429856,0.058624610306253544,0.2657004830917874,0.14814814814814814,-0.11755233494363926,recent-form-k-v1-report-only
822879,2026-07-05,677958,Kumar Rocker,,2026-08-14T16:33:16.601016+00:00,4,18,1.0.0,234d40a2ed2826cba587ea09cd95d81a9e94dce9ff0eeeac9e7ae045a57241a9,10.0,46.0,49.7,8.329979879275653,0.2119815668202765,0.0967741935483871,0.2027649769585253,11.48936170212766,10.042918454935622,6.0,5.2,0.0,0.0,0.0,1.0,0.0,0.0,0.0,70.0,7.0,1.0,0.0,0.0,0.0,0.0,0.0,0.0,26.0,17.0,9.0,0.1441040232389065,0.1350963914977755,0.1611184387499316,0.0,0.45935960591133,0.0,0.0,0.0,0.0,116.0,v1,2.3.0,8.329979879275653,11.48936170212766,10.042918454935622,10.621495753812436,0.2750926061943917,0.2119815668202765,0.2222222222222222,0.010240655401945714,recent-form-k-v1-report-only
824333,2026-07-05,641816,Tyler Mahle,,2026-08-14T16:33:16.702375+00:00,5,21,1.0.0,1985e7882abd2d1265ea824cb9ded89f0fa2b5f6ac8fe2420ae26205d0cc5ed9,10.0,49.0,50.6,8.715415019762846,0.2197309417040358,0.0986547085201793,0.2376681614349775,6.293706293706293,8.148148148148147,3.333333333333333,4.4,0.0,0.0,0.0,1.0,0.0,0.0,0.0,70.0,6.0,1.0,0.0,0.0,0.0,0.0,0.0,0.0,26.0,15.0,11.0,0.1142859813220071,0.0916762997375442,0.1451173653008202,0.0,0.3940568475452196,0.0,0.0,0.0,0.0,115.0,v1,2.3.0,8.715415019762846,6.293706293706293,8.148148148148147,7.406371406371406,-0.15019865496055973,0.2197309417040358,0.23809523809523808,0.018364296391202295,recent-form-k-v1-report-only
824333,2026-07-05,685299,Tanner Gordon,,2026-08-14T16:33:16.720552+00:00,7,23,1.0.0,844b3f95742850f247d135e5bc426a580f44ee40e7189c2732d044ea9f3205e5,10.0,39.0,40.1,8.753117206982543,0.2142857142857142,0.0439560439560439,0.3076923076923077,6.230769230769231,7.402597402597402,3.0,3.8,0.0,0.0,0.0,1.0,0.0,0.0,0.0,70.0,5.0,1.0,0.0,0.0,0.0,0.0,0.0,0.0,26.0,17.0,9.0,0.1255407580175382,0.1329967231515219,0.1114572683200134,0.0,0.5361279461279461,0.0,0.0,0.0,0.0,137.0,v1,2.3.0,8.753117206982543,6.230769230769231,7.402597402597402,6.933866133866133,-0.2078403647634417,0.2142857142857142,0.30434782608695654,0.09006211180124235,recent-form-k-v1-report-only
825061,2026-07-05,687075,Brandon Sproat,,2026-08-14T16:33:16.846170+00:00,4,20,1.0.0,63b1798f6d8afbe4f6209740a55c830f3e96c37061413d55149bdfba10e1f168,10.0,55.0,46.7,10.599571734475374,0.2736318407960199,0.0945273631840796,0.1890547263681592,14.475524475524477,9.960474308300396,7.666666666666667,5.6,0.0,0.0,0.0,1.0,0.0,0.0,0.0,70.0,5.0,1.0,0.0,0.0,0.0,0.0,0.0,0.0,27.0,16.0,11.0,0.09679384997234,0.0809786118839427,0.1197978326463724,0.0,0.4060887512899897,0.0,0.0,0.0,0.0,109.0,v1,2.3.0,10.599571734475374,14.475524475524477,9.960474308300396,11.766494375190028,0.11009148953812997,0.2736318407960199,0.2,-0.07363184079601987,recent-form-k-v1-report-only
825061,2026-07-05,593958,Eduardo Rodriguez,,2026-08-14T16:33:16.915948+00:00,3,23,1.0.0,23915c67a20a1e02dbde52aa93d7cfde08fef201f24d2e86d7a5891183f6fa96,10.0,42.0,60.7,6.227347611202636,0.1714285714285714,0.0775510204081632,0.2040816326530612,4.900990099009901,6.0,3.6666666666666665,3.8,0.0,0.0,1.0,1.0,0.0,0.0,0.0,70.0,6.0,1.0,0.0,0.0,0.0,0.0,0.0,0.0,26.0,9.0,17.0,0.1205470321487125,0.1926041930872849,0.0823991234165272,0.0,0.4015873015873016,0.0,0.0,0.0,0.0,158.0,v1,2.3.0,6.227347611202636,4.900990099009901,6.0,5.56039603960396,-0.10710042432814715,0.1714285714285714,0.13043478260869565,-0.040993788819875754,recent-form-k-v1-report-only
824980,2026-07-05,691587,Eury Pérez,,2026-08-14T16:33:16.955527+00:00,8,21,1.0.0,5c61bf9ff985a96aea59d370cda367009bcff40b401b40226c01ac4c0a6fd380,10.0,61.0,51.5,10.66019417475728,0.2890995260663507,0.0995260663507109,0.1706161137440758,12.180451127819548,10.327868852459018,6.0,5.6,0.0,0.0,0.0,1.0,0.0,0.0,0.0,70.0,5.0,1.0,0.0,0.0,0.0,0.0,0.0,0.0,26.0,18.0,8.0,0.1213199192927535,0.1008206590036418,0.1674432549432549,0.0,0.4217211864270688,0.0,0.0,0.0,0.0,133.0,v1,2.3.0,10.66019417475728,12.180451127819548,10.327868852459018,11.068901762603229,0.038339600681359665,0.2890995260663507,0.38095238095238093,0.09185285488603023,recent-form-k-v1-report-only
824980,2026-07-05,695611,Gage Jump,,2026-08-14T16:33:16.993768+00:00,1,21,1.0.0,37c1df893d7643b862183b410e13febeadd3400bb1fb31a86743d3b0e7112524,7.0,40.0,39.3,9.160305343511451,0.25,0.0625,0.21875,11.666666666666668,9.89010989010989,7.0,6.0,0.0,0.0,1.0,1.0,0.0,0.0,0.0,70.0,6.0,1.0,0.0,0.0,0.0,0.0,0.0,0.0,26.0,9.0,17.0,0.1176280978247868,0.1880320824565043,0.0803554000785834,0.0,0.4223655913978494,0.0,0.0,0.0,0.0,146.0,v1,2.3.0,9.160305343511451,11.666666666666668,9.89010989010989,10.600732600732602,0.1572466422466423,0.25,0.047619047619047616,-0.20238095238095238,recent-form-k-v1-report-only
823117,2026-07-05,702056,Trey Yesavage,,2026-08-14T16:33:17.047944+00:00,7,24,1.0.0,de349408dcba84d8847959e23bf85a829b7dc3e57326e0dd55eced89aeacaa90,10.0,52.0,55.900000000000006,8.372093023255813,0.2222222222222222,0.1153846153846153,0.1495726495726495,6.8108108108108105,6.898954703832753,4.666666666666667,4.4,0.0,0.0,0.0,1.0,0.0,0.0,0.0,70.0,6.0,1.0,0.0,0.0,0.0,0.0,0.0,0.0,26.0,16.0,10.0,0.1712939781447748,0.1113839285714285,0.2671500574621287,0.0,0.4643719806763284,0.0,0.0,0.0,0.0,136.0,v1,2.3.0,8.372093023255813,6.8108108108108105,6.898954703832753,6.863697146623975,-0.18016950748658056,0.2222222222222222,0.2916666666666667,0.06944444444444448,recent-form-k-v1-report-only
823117,2026-07-05,676106,Emerson Hancock,,2026-08-14T16:33:17.075437+00:00,5,24,1.0.0,7b51dda50eea435b8b95fe0231bc69480e0067c5e3147270876df4fab44fef75,10.0,55.0,55.3,8.95117540687161,0.2412280701754386,0.0701754385964912,0.1973684210526315,8.81118881118881,8.537549407114625,4.666666666666667,4.8,0.0,0.0,0.0,1.0,0.0,0.0,0.0,70.0,7.0,1.0,0.0,0.0,0.0,0.0,0.0,0.0,26.0,14.0,12.0,0.139293276207004,0.06870168512043,0.2216501324746737,0.0,0.5753501400560224,0.0,0.0,0.0,0.0,141.0,v1,2.3.0,8.95117540687161,8.81118881118881,8.537549407114625,8.647005168744299,-0.03398103872412184,0.2412280701754386,0.20833333333333334,-0.032894736842105254,recent-form-k-v1-report-only
823931,2026-07-05,686218,Emmet Sheehan,,2026-08-14T16:33:17.134262+00:00,5,19,1.0.0,b815360458b2197e86282591c75671a54d1f12c794506a4ae825784d69af78fc,10.0,53.0,44.7,10.671140939597317,0.265,0.065,0.23,11.6793893129771,9.75369458128079,5.666666666666667,4.4,0.0,0.0,0.0,1.0,0.0,0.0,0.0,70.0,7.0,1.0,0.0,0.0,0.0,0.0,0.0,0.0,27.0,18.0,9.0,0.1249875960365453,0.1364684152640614,0.1020259575815131,0.0,0.3827487965419,0.0,0.0,0.0,0.0,135.0,v1,2.3.0,10.671140939597317,11.6793893129771,9.75369458128079,10.523972473959315,-0.013791258729598854,0.265,0.2631578947368421,-0.0018421052631579227,recent-form-k-v1-report-only
824010,2026-07-05,624133,Ranger Suarez,,2026-08-14T16:33:17.199503+00:00,5,15,1.0.0,10bf6a23c177e477264f1ffa894b52138e8a3c131508261003b1e9c400392705,10.0,63.0,52.5,10.8,0.2751091703056768,0.074235807860262,0.2183406113537118,10.87912087912088,10.75085324232082,7.333333333333333,7.0,0.0,0.0,1.0,1.0,0.0,0.0,0.0,70.0,6.0,1.0,0.0,0.0,0.0,0.0,0.0,0.0,26.0,10.0,16.0,0.1327405277692252,0.0837344913151364,0.1633693005530306,0.0,0.3636056303399102,0.0,0.0,0.0,0.0,108.0,v1,2.3.0,10.8,10.87912087912088,10.75085324232082,10.802160297040844,0.0002000275037818966,0.2751091703056768,0.3333333333333333,0.05822416302765654,recent-form-k-v1-report-only
824010,2026-07-05,696270,Ryan Johnson,,2026-08-14T16:33:17.219326+00:00,6,20,1.0.0,6286a59109c2de516e39b91fd700e0128951b83794de463febf446da2bcfde00,7.0,18.0,24.1,6.7219917012448125,0.1621621621621621,0.081081081081081,0.2522522522522522,7.3125,6.75,4.333333333333333,3.0,0.0,0.0,0.0,1.0,0.0,0.0,0.0,70.0,6.0,1.0,0.0,0.0,0.0,0.0,0.0,0.0,26.0,14.0,12.0,0.1250195799884714,0.1496191126023058,0.0963201252723311,0.0,0.4198575498575498,0.0,0.0,0.0,0.0,111.0,v1,2.3.0,6.7219917012448125,7.3125,6.75,6.975,0.037638888888889,0.1621621621621621,0.3,0.1378378378378379,recent-form-k-v1-report-only
824089,2026-07-06,650911,Cristopher Sánchez,,2026-08-14T16:33:17.359715+00:00,1,21,1.0.0,069dad22f0defbe15ca7030b7927ba5dee584531c44bca23182a8365e7ee7702,10.0,76.0,68.2,10.02932551319648,0.2857142857142857,0.0338345864661654,0.1992481203007518,10.0,9.834437086092716,6.666666666666667,6.6,0.0,0.0,1.0,1.0,0.0,0.0,0.0,70.0,6.0,1.0,0.0,0.0,0.0,0.0,0.0,0.0,26.0,8.0,18.0,0.1233096839183658,0.1999930709534368,0.0892281785694454,0.0,0.3890147115756872,0.0,0.0,0.0,0.0,118.0,v1,2.3.0,10.02932551319648,10.0,9.834437086092716,9.900662251655628,-0.012828705317377231,0.2857142857142857,0.047619047619047616,-0.23809523809523808,recent-form-k-v1-report-only
824089,2026-07-06,702070,Noah Cameron,,2026-08-14T16:33:17.378798+00:00,7,26,1.0.0,4f1f27113b4d238444378dc4cf9a91bacac57390987cee94cd017f71a70dcb49,10.0,47.0,51.3,8.24561403508772,0.2079646017699115,0.0619469026548672,0.2345132743362832,7.5,7.339055793991418,3.6666666666666665,3.8,0.0,0.0,1.0,1.0,0.0,0.0,0.0,70.0,6.0,1.0,0.0,0.0,0.0,0.0,0.0,0.0,26.0,13.0,13.0,0.1300535338752633,0.1515541715583115,0.108552896192215,0.0,0.4095340210251291,0.0,0.0,0.0,0.0,143.0,v1,2.3.0,8.24561403508772,7.5,7.339055793991418,7.40343347639485,-0.10213679116062446,0.2079646017699115,0.2692307692307692,0.06126616746085772,recent-form-k-v1-report-only
822958,2026-07-06,693645,Cam Schlittler,,2026-08-14T16:33:17.490485+00:00,8,28,1.0.0,f3dd3d8cd0253c73f26193faa9c660768e105a8c21b44f0588a0b56c602a1288,10.0,70.0,55.5,11.35135135135135,0.3004291845493562,0.0515021459227467,0.2017167381974249,16.2,12.904411764705882,9.0,7.8,0.0,0.0,0.0,1.0,0.0,0.0,0.0,70.0,6.0,1.0,0.0,0.0,0.0,0.0,0.0,0.0,26.0,15.0,11.0,0.0960745795228553,0.0855561768665216,0.1104178558724013,0.0,0.2975308641975309,0.0,0.0,0.0,0.0,139.0,v1,2.3.0,11.35135135135135,16.2,12.904411764705882,14.22264705882353,0.25294747899159664,0.3004291845493562,0.2857142857142857,-0.014714898835070489,recent-form-k-v1-report-only
822958,2026-07-06,643377,Griffin Jax,,2026-08-14T16:33:17.510452+00:00,10,18,1.0.0,b0f8d621af5a059d8d90565775a73be102a80bd2705bf39e22df8e8e1ca46de8,10.0,44.0,46.0,8.608695652173912,0.2365591397849462,0.0591397849462365,0.2365591397849462,9.5625,9.0,5.666666666666667,5.2,0.0,0.0,0.0,1.0,0.0,0.0,0.0,70.0,6.0,1.0,0.0,0.0,0.0,0.0,0.0,0.0,26.0,17.0,9.0,0.1421010985813632,0.1077824229571076,0.2069252636494016,0.0,0.3827499129223267,0.0,0.0,0.0,0.0,147.0,v1,2.3.0,8.608695652173912,9.5625,9.0,9.225,0.07159090909090926,0.2365591397849462,0.5555555555555556,0.3189964157706094,recent-form-k-v1-report-only
822712,2026-07-06,681347,Mike Burrows,,2026-08-14T16:33:17.613077+00:00,3,25,1.0.0,eac16610bb1e5f44c1556e4c1bcca3d5c7a7d9b649b04b3bbe451118d0dceae1,10.0,36.0,52.2,6.206896551724138,0.1572052401746725,0.0873362445414847,0.2358078602620087,5.25,6.136363636363637,2.333333333333333,3.0,0.0,0.0,0.0,1.0,0.0,0.0,0.0,70.0,6.0,1.0,0.0,0.0,0.0,0.0,0.0,0.0,24.0,13.0,11.0,0.1471600683462547,0.0928198965404047,0.211380271389532,0.0,0.4343915343915344,0.0,0.0,0.0,0.0,120.0,v1,2.3.0,6.206896551724138,5.25,6.136363636363637,5.781818181818181,-0.06848484848484859,0.1572052401746725,0.12,-0.0372052401746725,recent-form-k-v1-report-only
822712,2026-07-06,571945,Miles Mikolas,,2026-08-14T16:33:17.743625+00:00,3,27,1.0.0,d8050f145a048891a0804eacf18e4df31c9d40e2c8f7aa54e87d586421356dcf,10.0,25.0,49.8,4.518072289156626,0.1184834123222748,0.0284360189573459,0.2511848341232227,3.354037267080745,3.6263736263736255,2.0,2.2,0.0,0.0,0.0,1.0,0.0,0.0,0.0,70.0,7.0,1.0,0.0,0.0,0.0,0.0,0.0,0.0,27.0,20.0,7.0,0.1291621444447955,0.1212965044280833,0.1516354016354016,0.0,0.4462116830537883,0.0,0.0,0.0,0.0,117.0,v1,2.3.0,4.518072289156626,3.354037267080745,3.6263736263736255,3.517439082656473,-0.2214734830387005,0.1184834123222748,0.1111111111111111,-0.007372301211163695,recent-form-k-v1-report-only
824900,2026-07-06,642547,Freddy Peralta,,2026-08-14T16:33:17.909839+00:00,6,23,1.0.0,b1839507e2e69876637726d39cd1dd5b00422d7866833eb2e3024dfcd58c4af4,10.0,49.0,50.6,8.715415019762846,0.2067510548523206,0.0843881856540084,0.2658227848101265,8.684210526315791,7.232142857142858,3.6666666666666665,3.6,0.0,0.0,0.0,1.0,0.0,0.0,0.0,70.0,5.0,1.0,0.0,0.0,0.0,0.0,0.0,0.0,26.0,14.0,12.0,0.1146728005181842,0.1036758794823311,0.1275025417266796,0.0,0.3411255411255411,0.0,0.0,0.0,0.0,144.0,v1,2.3.0,8.715415019762846,8.684210526315791,7.232142857142858,7.812969924812031,-0.10354585443199826,0.2067510548523206,0.2608695652173913,0.054118510365070704,recent-form-k-v1-report-only
824900,2026-07-06,625643,Reynaldo López,,2026-08-14T16:33:17.910672+00:00,5,20,1.0.0,3677037159f74a290dfdddef64b5cf7dfd1343ac199cc53d09d671a5d328fe53,10.0,19.0,21.1,8.104265402843602,0.2159090909090909,0.0909090909090909,0.1931818181818181,8.181818181818182,7.714285714285714,3.333333333333333,2.4,0.0,0.0,0.0,1.0,0.0,0.0,0.0,70.0,5.0,1.0,0.0,0.0,0.0,0.0,0.0,0.0,26.0,16.0,10.0,0.1268019720195833,0.107420594756121,0.157812175641123,0.0,0.4150793650793651,0.0,0.0,0.0,0.0,121.0,v1,2.3.0,8.104265402843602,8.181818181818182,7.714285714285714,7.9012987012987015,-0.025044429254955536,0.2159090909090909,0.25,0.03409090909090909,recent-form-k-v1-report-only
823036,2026-07-06,675660,Shane Drohan,,2026-08-14T16:33:17.956334+00:00,2,26,1.0.0,018d8f39e18fcd85a482bf3d92c60269c72475d62257309c4dd60bfa42379b58,10.0,44.0,39.6,10.0,0.2588235294117647,0.0705882352941176,0.2294117647058823,9.44055944055944,9.212598425196852,5.0,5.2,0.0,0.0,1.0,1.0,0.0,0.0,0.0,70.0,5.0,1.0,0.0,0.0,0.0,0.0,0.0,0.0,26.0,10.0,16.0,0.1113415881298069,0.1264219838132881,0.1019163408276311,0.0,0.3613777526821005,0.0,0.0,0.0,0.0,138.0,v1,2.3.0,10.0,9.44055944055944,9.212598425196852,9.303782831341888,-0.0696217168658112,0.2588235294117647,0.07692307692307693,-0.18190045248868775,recent-form-k-v1-report-only
823036,2026-07-06,669160,Dustin May,,2026-08-14T16:33:17.957178+00:00,7,18,1.0.0,01040651d8e486fce3b46b26aae781428463f81b22e8d27c2816bfbe23293ec9,10.0,56.0,52.5,9.6,0.253393665158371,0.0769230769230769,0.1945701357466063,9.642857142857144,10.848214285714286,4.0,5.4,0.0,0.0,0.0,1.0,0.0,0.0,0.0,70.0,4.0,1.0,0.0,0.0,0.0,0.0,0.0,0.0,26.0,16.0,10.0,0.1191030411682585,0.0806326765430026,0.180655624568668,0.0,0.3540372670807453,0.0,0.0,0.0,0.0,158.0,v1,2.3.0,9.6,9.642857142857144,10.848214285714286,10.36607142857143,0.07979910714285743,0.253393665158371,0.3888888888888889,0.13549522373051792,recent-form-k-v1-report-only
823282,2026-07-06,694297,Brandon Pfaadt,,2026-08-14T16:33:18.020778+00:00,6,19,1.0.0,88a654b8362a905dbdbb6a44792167bd48b7a7936970d2ab464f1468ba02874b,10.0,19.0,18.7,9.144385026737968,0.2043010752688172,0.1075268817204301,0.2365591397849462,7.397260273972603,5.684210526315789,2.0,1.2,0.0,0.0,0.0,1.0,0.0,0.0,0.0,70.0,6.0,1.0,0.0,0.0,0.0,0.0,0.0,0.0,27.0,18.0,9.0,0.1289742048712743,0.1412953623515928,0.1043318899106375,0.0,0.3912630579297245,0.0,0.0,0.0,0.0,135.0,v1,2.3.0,9.144385026737968,7.397260273972603,5.684210526315789,6.369430425378515,-0.3034599476340455,0.2043010752688172,0.3157894736842105,0.11148839841539332,recent-form-k-v1-report-only
823282,2026-07-06,621111,Walker Buehler,,2026-08-14T16:33:18.054038+00:00,4,24,1.0.0,3b881b2ea08bd43e4341667077ab4d3e9dbffca1969605e8f5c0c65c11d01fcc,10.0,47.0,50.5,8.376237623762377,0.219626168224299,0.0841121495327102,0.2289719626168224,11.408450704225352,10.384615384615383,6.0,5.4,0.0,0.0,0.0,1.0,0.0,0.0,0.0,70.0,5.0,1.0,0.0,0.0,0.0,0.0,0.0,0.0,26.0,16.0,10.0,0.0982540677441153,0.090095713049935,0.1113074352548036,0.0,0.3588552830038898,0.0,0.0,0.0,0.0,109.0,v1,2.3.0,8.376237623762377,11.408450704225352,10.384615384615383,10.79414951245937,0.28866323966713514,0.219626168224299,0.16666666666666666,-0.05295950155763235,recent-form-k-v1-report-only
823205,2026-07-06,592332,Kevin Gausman,,2026-08-14T16:33:18.122929+00:00,8,26,1.0.0,8642a75cd51d4e1598514ed2c28f0df57a93d2ceaba92e1c5ad667a881f2cdce,10.0,57.0,53.400000000000006,9.606741573033707,0.2435897435897435,0.0641025641025641,0.2521367521367521,9.0,9.0,4.666666666666667,5.2,0.0,0.0,0.0,1.0,0.0,0.0,0.0,70.0,6.0,1.0,0.0,0.0,0.0,0.0,0.0,0.0,25.0,16.0,9.0,0.105311142721669,0.0993266951161688,0.1159501606870027,0.0,0.4293393393393394,0.0,0.0,0.0,0.0,137.0,v1,2.3.0,9.606741573033707,9.0,9.0,9.0,-0.06315789473684208,0.2435897435897435,0.3076923076923077,0.06410256410256421,recent-form-k-v1-report-only
823205,2026-07-06,694738,Landen Roupp,,2026-08-14T16:33:18.162312+00:00,5,30,1.0.0,b778fbc6ebbc5d05f571d1f3f28a6dddd41ba3d3e24a3c969410b5ea8ae3f925,10.0,56.0,47.7,10.566037735849058,0.2522522522522522,0.1081081081081081,0.2522522522522522,10.774647887323944,10.296610169491526,5.666666666666667,5.4,0.0,0.0,0.0,1.0,0.0,0.0,0.0,70.0,6.0,1.0,0.0,0.0,0.0,0.0,0.0,0.0,26.0,14.0,12.0,0.1589764088299959,0.0941820777623519,0.2345697950755805,0.0,0.5949820788530465,0.0,0.0,0.0,0.0,141.0,v1,2.3.0,10.566037735849058,10.774647887323944,10.296610169491526,10.487825256624493,-0.0074022524980391635,0.2522522522522522,0.16666666666666666,-0.08558558558558552,recent-form-k-v1-report-only
823930,2026-07-06,607536,Kyle Freeland,,2026-08-14T16:33:18.234028+00:00,2,23,1.0.0,8087634c5161d0f51747eeadffa37521d7c574841fcf72d890691462ed364d0e,10.0,44.0,49.900000000000006,7.935871743486973,0.180327868852459,0.040983606557377,0.3237704918032787,9.447513812154696,7.950530035335689,6.333333333333333,5.0,0.0,0.0,1.0,1.0,0.0,0.0,0.0,70.0,5.0,1.0,0.0,0.0,0.0,0.0,0.0,0.0,26.0,8.0,18.0,0.0996581830079076,0.1455081233307039,0.0792804317533314,0.0,0.3537390029325513,0.0,0.0,0.0,0.0,119.0,v1,2.3.0,7.935871743486973,9.447513812154696,7.950530035335689,8.549323546063292,0.07730112360747055,0.180327868852459,0.08695652173913043,-0.09337134711332856,recent-form-k-v1-report-only
823930,2026-07-06,641778,Eric Lauer,,2026-08-14T16:33:18.260490+00:00,3,26,1.0.0,20e44e8f45cd721085da14df25a0fb12ca3323b00245e494751800a3f7194044,10.0,28.0,51.6,4.883720930232558,0.1272727272727272,0.0681818181818181,0.2227272727272727,4.0,4.598540145985401,2.6666666666666665,2.8,0.0,0.0,1.0,1.0,0.0,0.0,0.0,70.0,7.0,1.0,0.0,0.0,0.0,0.0,0.0,0.0,26.0,9.0,17.0,0.1184095014441012,0.113519235628769,0.120998465699277,0.0,0.4011752136752136,0.0,0.0,0.0,0.0,115.0,v1,2.3.0,4.883720930232558,4.0,4.598540145985401,4.3591240875912405,-0.10741744873131742,0.1272727272727272,0.11538461538461539,-0.011888111888111813,recent-form-k-v1-report-only
823062,2026-07-07,694819,Jacob Misiorowski,,2026-08-14T16:33:18.557723+00:00,11,25,1.0.0,0ddab561c5fbb1d4d1c2cbf536eebed90800538f83737fa1886cbdd326d064e6,10.0,97.0,66.0,13.227272727272728,0.4008264462809917,0.0495867768595041,0.128099173553719,13.235294117647058,13.090909090909092,8.333333333333334,9.6,0.0,0.0,0.0,1.0,0.0,0.0,0.0,70.0,5.0,1.0,0.0,0.0,0.0,0.0,0.0,0.0,28.0,15.0,13.0,0.1053249479454091,0.100006031021194,0.1114621597810419,0.0,0.3621950884140472,0.0,0.0,0.0,0.0,138.0,v1,2.3.0,13.227272727272728,13.235294117647058,13.090909090909092,13.148663101604278,-0.005942995755003122,0.4008264462809917,0.44,0.039173553719008325,recent-form-k-v1-report-only
823062,2026-07-07,694335,Matt Svanson,,2026-08-14T16:33:18.713989+00:00,1,4,1.0.0,3c5e59ad4c1fff0fb3239f05fcc0411ecbf47ffaa0562dc2d1eadad91e6bd682,10.0,12.0,9.900000000000002,10.909090909090908,0.2352941176470588,0.0784313725490196,0.1764705882352941,15.652173913043477,20.769230769230766,1.3333333333333333,1.2,0.0,0.0,0.0,1.0,0.0,0.0,0.0,70.0,2.0,1.0,0.0,0.0,0.0,0.0,0.0,0.0,27.0,16.0,11.0,0.111058878912989,0.0762102665364457,0.1617477696425065,0.0,0.3993361782835467,0.0,0.0,0.0,0.0,158.0,v1,2.3.0,10.909090909090908,15.652173913043477,20.769230769230766,18.72240802675585,0.7162207357859531,0.2352941176470588,0.25,0.014705882352941207,recent-form-k-v1-report-only
823035,2026-07-07,688107,Robert Gasser,,2026-08-14T16:33:18.745950+00:00,4,29,1.0.0,d86b294a90609359fc5d4464ab9329d387637aa586766d5d01328620e47bc7ff,7.0,36.0,34.5,9.391304347826088,0.2337662337662337,0.0844155844155844,0.2142857142857142,9.329268292682928,9.886363636363637,5.666666666666667,5.8,0.0,0.0,1.0,1.0,0.0,0.0,0.0,70.0,8.0,1.0,0.0,0.0,0.0,0.0,0.0,0.0,28.0,12.0,16.0,0.1053249479454091,0.1207506730961287,0.0937556540823694,0.0,0.3621950884140472,0.0,0.0,0.0,0.0,138.0,v1,2.3.0,9.391304347826088,9.329268292682928,9.886363636363637,9.663525498891353,0.02898651145602371,0.2337662337662337,0.13793103448275862,-0.09583519928347509,recent-form-k-v1-report-only
824820,2026-07-07,571510,Matthew Boyd,,2026-08-14T16:33:18.875899+00:00,7,23,1.0.0,19392f58c32e712cee5421af9ac4590b27ea1ac690e6257b67eb1d9dfaae871d,7.0,37.0,31.8,10.471698113207548,0.2551724137931034,0.0689655172413793,0.2551724137931034,6.5131578947368425,7.6923076923076925,3.6666666666666665,4.0,0.0,0.0,1.0,1.0,0.0,0.0,0.0,70.0,7.0,1.0,0.0,0.0,0.0,0.0,0.0,0.0,26.0,7.0,19.0,0.1484267615820067,0.2083456212976818,0.1263513922130738,0.0,0.4166666666666667,0.0,0.0,0.0,0.0,110.0,v1,2.3.0,10.471698113207548,6.5131578947368425,7.6923076923076925,7.220647773279352,-0.3104606630922421,0.2551724137931034,0.30434782608695654,0.04917541229385314,recent-form-k-v1-report-only
824820,2026-07-07,669358,Shane Baz,,2026-08-14T16:33:18.893808+00:00,3,26,1.0.0,056ee2dfc532080427d6ab492a593b65cd2bae085cd8bdd5ed46bee318510b7c,10.0,54.0,60.400000000000006,8.046357615894038,0.2093023255813953,0.0891472868217054,0.2093023255813953,9.473684210526317,7.397260273972603,6.666666666666667,4.8,0.0,0.0,0.0,1.0,0.0,0.0,0.0,70.0,8.0,1.0,0.0,0.0,0.0,0.0,0.0,0.0,26.0,18.0,8.0,0.1363694791393093,0.1125789907096622,0.1898980781060155,0.0,0.3871647509578544,0.0,0.0,0.0,0.0,112.0,v1,2.3.0,8.046357615894038,9.473684210526317,7.397260273972603,8.227829848594089,0.022553339207989742,0.2093023255813953,0.11538461538461539,-0.09391771019677991,recent-form-k-v1-report-only
824254,2026-07-07,669372,J.T. Ginn,,2026-08-14T16:33:18.916730+00:00,4,18,1.0.0,bd1c27f9f736bc5a73b60cf2d9ac856c9787f1775a0a24764e3c349404698939,10.0,51.0,56.4,8.138297872340425,0.2098765432098765,0.1069958847736625,0.1975308641975308,7.368421052631579,6.996466431095406,4.666666666666667,4.4,0.0,0.0,0.0,1.0,0.0,0.0,0.0,70.0,6.0,1.0,0.0,0.0,0.0,0.0,0.0,0.0,26.0,17.0,9.0,0.1417333078623401,0.1346819372910454,0.1550525633858967,0.0,0.463594470046083,0.0,0.0,0.0,0.0,116.0,v1,2.3.0,8.138297872340425,7.368421052631579,6.996466431095406,7.145248279709875,-0.12202178000950548,0.2098765432098765,0.2222222222222222,0.012345679012345706,recent-form-k-v1-report-only
824254,2026-07-07,669373,Tarik Skubal,,2026-08-14T16:33:19.019797+00:00,9,22,1.0.0,a13acbcf93d0e99c49430382bead2096e73dc72ee9efaebb02ca82d3035bea8e,10.0,69.0,57.8,10.7439446366782,0.2974137931034483,0.0344827586206896,0.2112068965517241,13.6046511627907,11.725352112676056,8.666666666666666,7.4,0.0,0.0,1.0,1.0,0.0,0.0,0.0,70.0,7.0,1.0,0.0,0.0,0.0,0.0,0.0,0.0,26.0,8.0,18.0,0.1250329269752164,0.125484723854289,0.1248321283622952,0.0,0.4348894348894349,0.0,0.0,0.0,0.0,133.0,v1,2.3.0,10.7439446366782,13.6046511627907,11.725352112676056,12.477071732721914,0.1613119905818463,0.2974137931034483,0.4090909090909091,0.11167711598746083,recent-form-k-v1-report-only
823361,2026-07-07,694973,Paul Skenes,,2026-08-14T16:33:19.145779+00:00,4,25,1.0.0,a98ddb3e6272010dc365234548486abcc1c691ffbd348a7430b59230495d605a,10.0,73.0,54.3,12.099447513812157,0.3093220338983051,0.0635593220338983,0.2245762711864407,12.0,12.333333333333334,6.666666666666667,7.4,0.0,0.0,0.0,1.0,0.0,0.0,0.0,70.0,6.0,1.0,0.0,0.0,0.0,0.0,0.0,0.0,26.0,13.0,13.0,0.1159862038832731,0.1180781927466277,0.1138942150199185,0.0,0.3366795366795367,0.0,0.0,0.0,0.0,144.0,v1,2.3.0,12.099447513812157,12.0,12.333333333333334,12.200000000000001,0.008310502283104926,0.3093220338983051,0.16,-0.1493220338983051,recent-form-k-v1-report-only
823847,2026-07-07,693433,Bryan Woo,,2026-08-14T16:33:19.182985+00:00,5,25,1.0.0,3ac8fd430c1cccb128099109f64215f9166dcd53db61629fa8ca7bdaa120582a,10.0,68.0,57.400000000000006,10.662020905923344,0.2918454935622318,0.055793991416309,0.1931330472103004,9.473684210526317,9.25531914893617,6.0,5.8,0.0,0.0,0.0,1.0,0.0,0.0,0.0,70.0,7.0,1.0,0.0,0.0,0.0,0.0,0.0,0.0,26.0,16.0,10.0,0.1082858681947901,0.0653932987046424,0.1769139793790266,0.0,0.3968937482478273,0.0,0.0,0.0,0.0,146.0,v1,2.3.0,10.662020905923344,9.473684210526317,9.25531914893617,9.342665173572229,-0.12374349515842153,0.2918454935622318,0.2,-0.09184549356223176,recent-form-k-v1-report-only
823847,2026-07-07,676974,Max Meyer,,2026-08-14T16:33:19.183778+00:00,4,20,1.0.0,e8dba5040043ddbb180733de3898dc4609a9b7126d8743101da14aae2a0ef10e,10.0,67.0,60.3,10.0,0.268,0.084,0.188,8.5,9.58762886597938,5.666666666666667,6.2,0.0,0.0,0.0,1.0,0.0,0.0,0.0,70.0,6.0,1.0,0.0,0.0,0.0,0.0,0.0,0.0,26.0,16.0,10.0,0.1720108946034467,0.1066468253968253,0.2765934053340409,0.0,0.4797979797979798,0.0,0.0,0.0,0.0,136.0,v1,2.3.0,10.0,8.5,9.58762886597938,9.152577319587628,-0.08474226804123719,0.268,0.2,-0.068,recent-form-k-v1-report-only
822956,2026-07-07,701542,Will Warren,,2026-08-14T16:33:19.206000+00:00,3,21,1.0.0,5ef97578ec23587f64dbadbbe3c1fe2e61a34fc02651caf5cf49a85c149fa09d,10.0,45.0,49.8,8.132530120481928,0.189873417721519,0.0886075949367088,0.2447257383966244,8.709677419354838,8.008474576271185,5.0,4.2,0.0,0.0,0.0,1.0,0.0,0.0,0.0,70.0,6.0,1.0,0.0,0.0,0.0,0.0,0.0,0.0,26.0,15.0,11.0,0.1011524655838316,0.0841322470632815,0.1243618544754908,0.0,0.2975308641975309,0.0,0.0,0.0,0.0,139.0,v1,2.3.0,8.132530120481928,8.709677419354838,8.008474576271185,8.288955713504647,0.019234554401312165,0.189873417721519,0.14285714285714285,-0.04701627486437615,recent-form-k-v1-report-only
822956,2026-07-07,693855,Ian Seymour,,2026-08-14T16:33:19.206818+00:00,12,21,1.0.0,8143c27e924d836fe4006723919594b8623c0ed771208bfb40a494d997d5e39e,10.0,33.0,31.5,9.428571428571429,0.25,0.0984848484848484,0.1439393939393939,9.94186046511628,10.0,6.333333333333333,5.4,0.0,0.0,1.0,1.0,0.0,0.0,0.0,70.0,5.0,1.0,0.0,0.0,0.0,0.0,0.0,0.0,26.0,8.0,18.0,0.1543647099992889,0.2450926973353444,0.1140411600721531,0.0,0.3931481481481482,0.0,0.0,0.0,0.0,147.0,v1,2.3.0,9.428571428571429,9.94186046511628,10.0,9.976744186046512,0.05813953488372081,0.25,0.5714285714285714,0.3214285714285714,recent-form-k-v1-report-only
822713,2026-07-07,837227,Tatsuya Imai,,2026-08-14T16:33:19.276541+00:00,3,18,1.0.0,f9deab7d56692453fc196f4515ffb7c6f2ad1f73e2da1ce514d999d6b4f3994b,10.0,47.0,38.6,10.958549222797927,0.2640449438202247,0.1292134831460674,0.196629213483146,15.801526717557252,15.73770491803279,7.666666666666667,6.4,0.0,0.0,0.0,1.0,0.0,0.0,0.0,70.0,6.0,1.0,0.0,0.0,0.0,0.0,0.0,0.0,24.0,12.0,12.0,0.1458065261087966,0.100537427671574,0.1910756245460193,0.0,0.4163690476190476,0.0,0.0,0.0,0.0,120.0,v1,2.3.0,10.958549222797927,15.801526717557252,15.73770491803279,15.763233637842575,0.4384416511128213,0.2640449438202247,0.16666666666666666,-0.09737827715355804,recent-form-k-v1-report-only
822713,2026-07-07,674841,Andrew Alvarez,,2026-08-14T16:33:19.348337+00:00,3,27,1.0.0,596b757ecaad08b81d2c4a8f468dc215178e9eed587fe91bfaeca33d7a6e55f6,10.0,43.0,35.6,10.870786516853933,0.2721518987341772,0.1012658227848101,0.2341772151898734,12.4390243902439,11.527093596059112,5.666666666666667,5.2,0.0,0.0,1.0,1.0,0.0,0.0,0.0,70.0,6.0,1.0,0.0,0.0,0.0,0.0,0.0,0.0,26.0,6.0,20.0,0.1296844497266958,0.1632906743509337,0.1196025823394244,0.0,0.4328449328449328,0.0,0.0,0.0,0.0,117.0,v1,2.3.0,10.870786516853933,12.4390243902439,11.527093596059112,11.891865913733028,0.09392875072066098,0.2721518987341772,0.1111111111111111,-0.16104078762306612,recent-form-k-v1-report-only
823607,2026-07-07,607625,Seth Lugo,,2026-08-14T16:33:19.458470+00:00,4,24,1.0.0,18f775d5c1717c2a713410a56eef9af77b8110e51a60099b1b544ce45fa94057,10.0,39.0,52.2,6.724137931034482,0.167381974248927,0.0729613733905579,0.2660944206008583,5.294117647058823,5.737051792828685,3.333333333333333,3.2,0.0,0.0,0.0,1.0,0.0,0.0,0.0,70.0,6.0,1.0,0.0,0.0,0.0,0.0,0.0,0.0,26.0,16.0,10.0,0.1177385038338162,0.0974601620411117,0.1501838507021433,0.0,0.3474537037037037,0.0,0.0,0.0,0.0,121.0,v1,2.3.0,6.724137931034482,5.294117647058823,5.737051792828685,5.559878134520741,-0.17314632871230007,0.167381974248927,0.16666666666666666,-0.0007153075822603494,recent-form-k-v1-report-only
823607,2026-07-07,672335,Cionel Pérez,,2026-08-14T16:33:19.477375+00:00,1,5,1.0.0,c890f0132a662a6c1caa59fc749707c26d99c31123f4b05cf71084ea87057a18,10.0,17.0,12.7,12.047244094488187,0.2833333333333333,0.0333333333333333,0.2833333333333333,19.6875,11.095890410958903,2.333333333333333,1.8,0.0,0.0,1.0,1.0,0.0,0.0,0.0,70.0,1.0,1.0,0.0,0.0,0.0,0.0,0.0,0.0,26.0,8.0,18.0,0.1194975056640435,0.204213850174216,0.0818457969928558,0.0,0.3973480449090205,0.0,0.0,0.0,0.0,118.0,v1,2.3.0,12.047244094488187,19.6875,11.095890410958903,14.532534246575342,0.20629532634971803,0.2833333333333333,0.2,-0.08333333333333331,recent-form-k-v1-report-only
824495,2026-07-07,554430,Zack Wheeler,,2026-08-14T16:33:19.497520+00:00,14,25,1.0.0,0e61673d2a3ebcec48f4e9ae2fbd23558e57d12703f5335ba31dc2f2238044c9,10.0,66.0,61.5,9.658536585365852,0.275,0.0583333333333333,0.1833333333333333,12.073170731707318,11.408450704225352,7.333333333333333,7.2,0.0,0.0,0.0,1.0,0.0,0.0,0.0,70.0,6.0,1.0,0.0,0.0,0.0,0.0,0.0,0.0,26.0,14.0,12.0,0.1318352331388749,0.1221063425370148,0.1431856055077117,0.0,0.430223371399842,0.0,0.0,0.0,0.0,113.0,v1,2.3.0,9.658536585365852,12.073170731707318,11.408450704225352,11.674338715218138,0.20870678617157523,0.275,0.56,0.28500000000000003,recent-form-k-v1-report-only
824495,2026-07-07,671096,Andrew Abbott,,2026-08-14T16:33:19.569195+00:00,8,23,1.0.0,b1285a895dc8902e86830b632f27b8ce1e9d0aaaaf17710c59bd91646edf4648,10.0,45.0,54.2,7.472324723247232,0.1931330472103004,0.111587982832618,0.1931330472103004,8.940397350993377,8.96551724137931,5.0,5.2,0.0,0.0,1.0,1.0,0.0,0.0,0.0,70.0,6.0,1.0,0.0,0.0,0.0,0.0,0.0,0.0,25.0,12.0,13.0,0.1402724339207761,0.17382217435767,0.1093034427482588,0.0,0.4295865633074935,0.0,0.0,0.0,0.0,143.0,v1,2.3.0,7.472324723247232,8.940397350993377,8.96551724137931,8.955469285224936,0.19848502533133705,0.1931330472103004,0.34782608695652173,0.15469303974622134,recent-form-k-v1-report-only
823687,2026-07-07,676282,Joey Cantillo,,2026-08-14T16:33:19.706681+00:00,7,25,1.0.0,c76bdedb919c7d7e03430f7932395458c602a7268f557c9fe6c33ba7f011822a,10.0,52.0,51.2,9.140625,0.2374429223744292,0.1141552511415525,0.2054794520547945,10.421052631578949,10.241379310344827,7.333333333333333,6.6,0.0,0.0,1.0,1.0,0.0,0.0,0.0,70.0,6.0,1.0,0.0,0.0,0.0,0.0,0.0,0.0,25.0,7.0,18.0,0.1204821576436769,0.1207336780866192,0.1203843441380882,0.0,0.4052532833020638,0.0,0.0,0.0,0.0,142.0,v1,2.3.0,9.140625,10.421052631578949,10.241379310344827,10.313248638838477,0.128287030573782,0.2374429223744292,0.28,0.042557077625570816,recent-form-k-v1-report-only
823687,2026-07-07,671737,Taj Bradley,,2026-08-14T16:33:19.707482+00:00,10,24,1.0.0,ba10a2a2ed55fb6c100788d33f86c1cfc22cfb1fc2490ae21377f403319a7b35,10.0,65.0,53.5,10.934579439252335,0.2801724137931034,0.1077586206896551,0.1939655172413793,11.647058823529411,10.549450549450553,7.333333333333333,6.4,0.0,0.0,0.0,1.0,0.0,0.0,0.0,70.0,6.0,1.0,0.0,0.0,0.0,0.0,0.0,0.0,26.0,13.0,13.0,0.1341640285305443,0.0931351001939237,0.175192956867165,0.0,0.4761904761904762,0.0,0.0,0.0,0.0,114.0,v1,2.3.0,10.934579439252335,11.647058823529411,10.549450549450553,10.988493859082096,0.004930634975884196,0.2801724137931034,0.4166666666666667,0.13649425287356326,recent-form-k-v1-report-only
824579,2026-07-07,801139,Payton Tolle,,2026-08-14T16:33:19.728737+00:00,6,21,1.0.0,74690368a5f142107945528c2abb78acdc7a0caf3b29ebf98a5b152161ea0c16,10.0,51.0,56.2,8.167259786476867,0.2142857142857142,0.0714285714285714,0.2226890756302521,7.875,7.666666666666667,4.666666666666667,4.6,0.0,0.0,1.0,1.0,0.0,0.0,0.0,70.0,6.0,1.0,0.0,0.0,0.0,0.0,0.0,0.0,26.0,13.0,13.0,0.1108056635315112,0.1018506684865744,0.119760658576448,0.0,0.3914658844891403,0.0,0.0,0.0,0.0,145.0,v1,2.3.0,8.167259786476867,7.875,7.666666666666667,7.75,-0.051089324618736276,0.2142857142857142,0.2857142857142857,0.07142857142857151,recent-form-k-v1-report-only
824579,2026-07-07,702273,Noah Schultz,,2026-08-14T16:33:19.761922+00:00,3,24,1.0.0,5da8fd403c3f0372c7fc2cb9928655706a073db875031cb240ad8523c340a1ee,9.0,40.0,41.6,8.653846153846153,0.2150537634408602,0.1397849462365591,0.1720430107526881,9.545454545454549,8.78048780487805,4.666666666666667,4.0,0.0,0.0,1.0,1.0,0.0,0.0,0.0,70.0,6.0,1.0,0.0,0.0,0.0,0.0,0.0,0.0,24.0,10.0,14.0,0.1221528638651587,0.1091562912657988,0.1314361300075585,0.0,0.4151234567901234,0.0,0.0,0.0,0.0,111.0,v1,2.3.0,8.653846153846153,9.545454545454549,8.78048780487805,9.086474501108649,0.049992609016999534,0.2150537634408602,0.125,-0.09005376344086019,recent-form-k-v1-report-only
822881,2026-07-07,667755,José Soriano,,2026-08-14T16:33:19.815355+00:00,4,23,1.0.0,a0509693a9ae7d8893ce5b91972a32f1b098bba7425764188ec018c481b38ec2,10.0,57.0,51.70000000000001,9.92263056092843,0.240506329113924,0.1265822784810126,0.2151898734177215,13.153846153846152,9.75,6.333333333333333,5.2,0.0,0.0,0.0,1.0,0.0,0.0,0.0,70.0,7.0,1.0,0.0,0.0,0.0,0.0,0.0,0.0,26.0,15.0,11.0,0.1083801327486261,0.1063055488182822,0.1112091108354586,0.0,0.3052631578947368,0.0,0.0,0.0,0.0,140.0,v1,2.3.0,9.92263056092843,13.153846153846152,9.75,11.11153846153846,0.11981781376518241,0.240506329113924,0.17391304347826086,-0.06659328563566314,recent-form-k-v1-report-only
822881,2026-07-07,594798,Jacob deGrom,,2026-08-14T16:33:19.836482+00:00,7,21,1.0.0,05190ed8b9876bb0b101dfa5b1de37a2983f4804e2db63f8768f3ef0b4507abe,10.0,68.0,58.0,10.551724137931034,0.2956521739130435,0.0521739130434782,0.1956521739130435,12.31578947368421,10.741935483870968,8.666666666666666,7.4,0.0,0.0,0.0,1.0,0.0,0.0,0.0,70.0,7.0,1.0,0.0,0.0,0.0,0.0,0.0,0.0,26.0,14.0,12.0,0.1434595315540968,0.1760141349524289,0.1054791609227093,0.0,0.3737373737373737,0.0,0.0,0.0,0.0,108.0,v1,2.3.0,10.551724137931034,12.31578947368421,10.741935483870968,11.371477079796264,0.07768900429441739,0.2956521739130435,0.3333333333333333,0.03768115942028982,recent-form-k-v1-report-only
823280,2026-07-07,668678,Zac Gallen,,2026-08-14T16:33:19.860227+00:00,5,26,1.0.0,c6dd35989f4c904f588bbc3802b0e0ee570db545fbada54f7e2e28dfa858f303,10.0,31.0,51.8,5.386100386100385,0.1265306122448979,0.0653061224489796,0.2897959183673469,3.5064935064935066,4.415094339622642,2.0,2.6,0.0,0.0,0.0,1.0,0.0,0.0,0.0,70.0,6.0,1.0,0.0,0.0,0.0,0.0,0.0,0.0,26.0,18.0,8.0,0.1356011103368165,0.1440325427435269,0.116630387421718,0.0,0.3734567901234567,0.0,0.0,0.0,0.0,135.0,v1,2.3.0,5.386100386100385,3.5064935064935066,4.415094339622642,4.051654006370988,-0.24775742820782354,0.1265306122448979,0.19230769230769232,0.06577708006279442,recent-form-k-v1-report-only
823280,2026-07-07,608566,Germán Márquez,,2026-08-14T16:33:19.882136+00:00,4,20,1.0.0,f2ef13d527017bb92a3590d4959b8bb45daf183aefd1a02e612e034296a5ea0d,7.0,20.0,32.2,5.590062111801242,0.1418439716312056,0.1063829787234042,0.2340425531914893,3.2142857142857144,5.578512396694215,1.6666666666666667,3.0,0.0,0.0,0.0,1.0,0.0,0.0,0.0,70.0,5.0,1.0,0.0,0.0,0.0,0.0,0.0,0.0,26.0,16.0,10.0,0.102569193413675,0.0907184125934126,0.1215304427260949,0.0,0.3500841500841501,0.0,0.0,0.0,0.0,109.0,v1,2.3.0,5.590062111801242,3.2142857142857144,5.578512396694215,4.632821723730815,-0.1712396694214875,0.1418439716312056,0.2,0.05815602836879441,recent-form-k-v1-report-only
823203,2026-07-07,693686,Spencer Miles,,2026-08-14T16:33:20.086437+00:00,1,18,1.0.0,8833114dd75e238f17810d01fb83611c15485769f17bcebd385e8bc999a3ab93,10.0,26.0,22.200000000000003,10.54054054054054,0.2574257425742574,0.0891089108910891,0.1683168316831683,15.714285714285712,14.21052631578947,3.6666666666666665,2.4,0.0,0.0,0.0,1.0,0.0,0.0,0.0,70.0,6.0,1.0,0.0,0.0,0.0,0.0,0.0,0.0,25.0,16.0,9.0,0.1039232508322291,0.1005751154822362,0.1098754914544388,0.0,0.4235913312693498,0.0,0.0,0.0,0.0,137.0,v1,2.3.0,10.54054054054054,15.714285714285712,14.21052631578947,14.812030075187966,0.4052438789280892,0.2574257425742574,0.05555555555555555,-0.20187018701870182,recent-form-k-v1-report-only
823203,2026-07-07,686790,Trevor McDonald,,2026-08-14T16:33:20.149158+00:00,0,18,1.0.0,d9067583a82665df8d38d8d403f886e8411d41fc4f342498cfbd7bff0dbdc7ec,10.0,42.0,47.900000000000006,7.89144050104384,0.1875,0.0848214285714285,0.21875,5.74468085106383,7.668161434977578,3.0,3.8,0.0,0.0,0.0,1.0,0.0,0.0,0.0,70.0,6.0,1.0,0.0,0.0,0.0,0.0,0.0,0.0,26.0,15.0,11.0,0.1486916109581644,0.0873472926104505,0.2323429541595925,0.0,0.6172043010752688,0.0,0.0,0.0,0.0,141.0,v1,2.3.0,7.89144050104384,5.74468085106383,7.668161434977578,6.898769201412079,-0.12579088691100893,0.1875,0.0,-0.1875,recent-form-k-v1-report-only
823929,2026-07-07,547179,Michael Lorenzen,,2026-08-14T16:33:20.170218+00:00,5,27,1.0.0,e9e32eec23a944d8fc7a11c4cf8fec54d4421a0c25714d89e63673eb2a8b65d4,10.0,41.0,44.900000000000006,8.21826280623608,0.1830357142857142,0.0892857142857142,0.2723214285714285,4.375,7.008196721311476,2.333333333333333,3.8,0.0,0.0,0.0,1.0,0.0,0.0,0.0,70.0,5.0,1.0,0.0,0.0,0.0,0.0,0.0,0.0,26.0,15.0,11.0,0.0930394845490048,0.0578613199665831,0.1410097089795798,0.0,0.325705467372134,0.0,0.0,0.0,0.0,119.0,v1,2.3.0,8.21826280623608,4.375,7.008196721311476,5.954918032786885,-0.27540428273135187,0.1830357142857142,0.18518518518518517,0.0021494708994709844,recent-form-k-v1-report-only
823929,2026-07-07,680736,Justin Wrobleski,,2026-08-14T16:33:20.181065+00:00,9,28,1.0.0,f693c4b3d5b4f392fe69dce5c7c61b08a5036623e583db69f631d7abc96201b6,10.0,49.0,62.400000000000006,7.067307692307692,0.1944444444444444,0.0357142857142857,0.2222222222222222,8.55,7.152317880794702,6.333333333333333,4.8,0.0,0.0,1.0,1.0,0.0,0.0,0.0,70.0,7.0,1.0,0.0,0.0,0.0,0.0,0.0,0.0,26.0,9.0,17.0,0.116143313149113,0.1141554905869968,0.1171956897996451,0.0,0.4192307692307692,0.0,0.0,0.0,0.0,115.0,v1,2.3.0,7.067307692307692,8.55,7.152317880794702,7.711390728476822,0.09113555885930547,0.1944444444444444,0.32142857142857145,0.12698412698412706,recent-form-k-v1-report-only
823202,2026-07-08,656302,Dylan Cease,,2026-08-14T16:33:20.366245+00:00,11,28,1.0.0,77738830b0e507d00d8bf40ff2e34ee3756942caf92c32fad440043688cf57ed,10.0,88.0,57.6,13.750000000000002,0.3744680851063829,0.102127659574468,0.1702127659574468,14.817073170731708,14.78102189781022,9.0,9.0,0.0,0.0,0.0,1.0,0.0,0.0,0.0,70.0,5.0,1.0,0.0,0.0,0.0,0.0,0.0,0.0,26.0,17.0,9.0,0.111485344808082,0.1091496863287065,0.1158971441580137,0.0,0.4400502765208647,0.0,0.0,0.0,0.0,137.0,v1,2.3.0,13.750000000000002,14.817073170731708,14.78102189781022,14.795442406978815,0.07603217505300464,0.3744680851063829,0.39285714285714285,0.01838905775075994,recent-form-k-v1-report-only
823202,2026-07-08,657277,Logan Webb,,2026-08-14T16:33:20.367080+00:00,2,30,1.0.0,dfe5a6dc046e02fb38d58f1adc8422f43549ee3b2f2678b799667f08c940257c,10.0,51.0,63.1,7.274167987321712,0.204,0.052,0.216,6.5,7.147058823529412,4.333333333333333,5.4,0.0,0.0,0.0,1.0,0.0,0.0,0.0,70.0,5.0,1.0,0.0,0.0,0.0,0.0,0.0,0.0,26.0,15.0,11.0,0.1199867125222783,0.0853434090276195,0.1672275809240858,0.0,0.3995550611790879,0.0,0.0,0.0,0.0,141.0,v1,2.3.0,7.274167987321712,6.5,7.147058823529412,6.8882352941176475,-0.05305523516596178,0.204,0.06666666666666667,-0.1373333333333333,recent-form-k-v1-report-only
824815,2026-07-08,607067,Colin Rea,,2026-08-14T16:33:20.387982+00:00,2,22,1.0.0,445f7ce1b91344dd3c230771fbe7b0d04d693adf275d5840b5dd7c97f2ce0616,10.0,33.0,49.00000000000001,6.061224489795918,0.1441048034934497,0.0960698689956331,0.2358078602620087,7.152317880794702,6.127659574468085,4.0,3.2,0.0,0.0,0.0,1.0,0.0,0.0,0.0,70.0,7.0,1.0,0.0,0.0,0.0,0.0,0.0,0.0,26.0,16.0,10.0,0.1552823883577554,0.1253699273436115,0.2031423259803856,0.0,0.4515151515151515,0.0,0.0,0.0,0.0,110.0,v1,2.3.0,6.061224489795918,7.152317880794702,6.127659574468085,6.537522896998732,0.07858121869676071,0.1441048034934497,0.09090909090909091,-0.05319571258435879,recent-form-k-v1-report-only
824253,2026-07-08,605488,Jeffrey Springs,,2026-08-14T16:33:20.426505+00:00,4,23,1.0.0,76bd4632a70320559f5074d6f91bbfafcceeb7b688df59a098992c163ab41196,10.0,41.0,47.7,7.735849056603774,0.1814159292035398,0.0929203539823008,0.2566371681415929,8.059701492537314,8.035714285714286,4.0,4.0,0.0,0.0,1.0,1.0,0.0,0.0,0.0,70.0,8.0,1.0,0.0,0.0,0.0,0.0,0.0,0.0,26.0,8.0,18.0,0.142500074905661,0.1756695779881264,0.1277580735356764,0.0,0.4598907663423792,0.0,0.0,0.0,0.0,116.0,v1,2.3.0,7.735849056603774,8.059701492537314,8.035714285714286,8.045309168443499,0.04000338031098871,0.1814159292035398,0.17391304347826086,-0.007502885725278935,recent-form-k-v1-report-only
824253,2026-07-08,675512,Troy Melton,,2026-08-14T16:33:20.458503+00:00,9,22,1.0.0,4f5121d1f3b26cd6951b35e16dc6e4034ab5a424f5caa4e185297d9deedb7c6c,7.0,32.0,43.3,6.6512702078521935,0.1916167664670658,0.059880239520958,0.1497005988023952,8.950276243093922,8.10289389067524,6.0,5.6,0.0,0.0,0.0,1.0,0.0,0.0,0.0,70.0,7.0,1.0,0.0,0.0,0.0,0.0,0.0,0.0,26.0,16.0,10.0,0.118496689148863,0.1095079080276448,0.1328787389428121,0.0,0.4120148856990962,0.0,0.0,0.0,0.0,133.0,v1,2.3.0,6.6512702078521935,8.950276243093922,8.10289389067524,8.441846831642714,0.2692082215629499,0.1916167664670658,0.4090909090909091,0.21747414262384332,recent-form-k-v1-report-only
823360,2026-07-08,656550,Grant Holmes,,2026-08-14T16:33:20.509196+00:00,5,20,1.0.0,24597af6304ebaa004e316935281f9515d7f210379e19912345941ec6d11a48c,10.0,42.0,43.6,8.669724770642203,0.2142857142857142,0.1071428571428571,0.2091836734693877,6.818181818181818,6.847826086956522,3.333333333333333,2.8,0.0,0.0,0.0,1.0,0.0,0.0,0.0,70.0,5.0,1.0,0.0,0.0,0.0,0.0,0.0,0.0,27.0,17.0,10.0,0.1520661678865759,0.1497161026572791,0.1560612787763803,0.0,0.6446633825944171,0.0,0.0,0.0,0.0,134.0,v1,2.3.0,8.669724770642203,6.818181818181818,6.847826086956522,6.835968379446641,-0.21151264194742458,0.2142857142857142,0.25,0.03571428571428581,recent-form-k-v1-report-only
823360,2026-07-08,683003,Jared Jones,,2026-08-14T16:33:20.558381+00:00,8,18,1.0.0,ca0fed9f9b94b14d1a94bc5361ebaea81bd76fb8412d766d2b590a077ea68b70,7.0,31.0,28.3,9.858657243816255,0.246031746031746,0.0873015873015873,0.2301587301587301,10.446428571428571,9.84375,4.333333333333333,4.2,0.0,0.0,0.0,1.0,0.0,0.0,0.0,70.0,6.0,1.0,0.0,0.0,0.0,0.0,0.0,0.0,26.0,14.0,12.0,0.112661235238257,0.1020898449469878,0.1249945239114045,0.0,0.3366795366795367,0.0,0.0,0.0,0.0,144.0,v1,2.3.0,9.858657243816255,10.446428571428571,9.84375,10.084821428571429,0.022940668202764858,0.246031746031746,0.4444444444444444,0.19841269841269843,recent-form-k-v1-report-only
823848,2026-07-08,669923,George Kirby,,2026-08-14T16:33:20.589550+00:00,7,24,1.0.0,14c9ee911263136a92a06ca0e32f026ece1ae7acc3849327b135f9d4592dbe0b,10.0,57.0,58.3,8.799313893653515,0.2244094488188976,0.0511811023622047,0.2874015748031496,7.65,9.6,5.666666666666667,6.4,0.0,0.0,0.0,1.0,0.0,0.0,0.0,70.0,9.0,1.0,0.0,0.0,0.0,0.0,0.0,0.0,25.0,16.0,9.0,0.1127889983113663,0.0635310526297937,0.2003586795230511,0.0,0.3950546677880571,0.0,0.0,0.0,0.0,146.0,v1,2.3.0,8.799313893653515,7.65,9.6,8.82,0.002350877192982548,0.2244094488188976,0.2916666666666667,0.06725721784776909,recent-form-k-v1-report-only
823848,2026-07-08,663969,Tyler Phillips,,2026-08-14T16:33:20.590333+00:00,3,21,1.0.0,34c18a0e61a618ee82f397c8ab473c06b3b8e398fbf6a79e692978b134a3a8ca,10.0,27.0,42.6,5.704225352112676,0.1413612565445026,0.0994764397905759,0.2356020942408377,3.888888888888889,5.714285714285714,2.333333333333333,3.2,0.0,0.0,0.0,1.0,0.0,0.0,0.0,70.0,5.0,1.0,0.0,0.0,0.0,0.0,0.0,0.0,26.0,16.0,10.0,0.1686359139772058,0.1029340277777777,0.2737589318962907,0.0,0.46524064171123,0.0,0.0,0.0,0.0,136.0,v1,2.3.0,5.704225352112676,3.888888888888889,5.714285714285714,4.984126984126984,-0.12623946698020772,0.1413612565445026,0.14285714285714285,0.0014958863126402488,recent-form-k-v1-report-only
822957,2026-07-08,543037,Gerrit Cole,,2026-08-14T16:33:20.612608+00:00,6,27,1.0.0,e37d06f4fd0b1d990a152aa3285abda00e57c0e283b7aca5ccddcc785a3cfdeb,8.0,41.0,41.5,8.891566265060241,0.2277777777777777,0.0555555555555555,0.2277777777777777,10.774647887323944,10.041322314049587,5.666666666666667,5.4,0.0,0.0,0.0,1.0,0.0,0.0,0.0,70.0,5.0,1.0,0.0,0.0,0.0,0.0,0.0,0.0,26.0,15.0,11.0,0.1018010393010393,0.0869576719576719,0.1220419947692674,0.0,0.2952380952380952,0.0,0.0,0.0,0.0,139.0,v1,2.3.0,8.891566265060241,10.774647887323944,10.041322314049587,10.33465254335933,0.16229832127211963,0.2277777777777777,0.2222222222222222,-0.00555555555555548,recent-form-k-v1-report-only
822957,2026-07-08,663556,Shane McClanahan,,2026-08-14T16:33:20.613628+00:00,5,22,1.0.0,fd232f13a5822c82f665282e1c3d145b85cef34691811e7fae7620a10051c371,10.0,47.0,49.5,8.545454545454545,0.2227488151658767,0.0710900473933649,0.2085308056872037,6.5131578947368425,8.925619834710744,3.6666666666666665,4.8,0.0,0.0,1.0,1.0,0.0,0.0,0.0,70.0,7.0,1.0,0.0,0.0,0.0,0.0,0.0,0.0,26.0,8.0,18.0,0.1655217966303939,0.257341476091476,0.1247130502032462,0.0,0.4478114478114478,0.0,0.0,0.0,0.0,147.0,v1,2.3.0,8.545454545454545,6.5131578947368425,8.925619834710744,7.960635058721183,-0.0684363229156062,0.2227488151658767,0.22727272727272727,0.004523912106850575,recent-form-k-v1-report-only
822710,2026-07-08,681293,Spencer Arrighetti,,2026-08-14T16:33:20.640369+00:00,2,25,1.0.0,c6390dd86f0ba3c5486e41f9c5a6076e148cbd8b5b4f2e137828ba3610e5f2f7,10.0,54.0,54.3,8.950276243093922,0.2347826086956521,0.1043478260869565,0.1826086956521739,11.4,11.0,6.333333333333333,6.6,0.0,0.0,0.0,1.0,0.0,0.0,0.0,70.0,5.0,1.0,0.0,0.0,0.0,0.0,0.0,0.0,24.0,12.0,12.0,0.143615674694775,0.1053024868483979,0.1819288625411521,0.0,0.4243055555555555,0.0,0.0,0.0,0.0,120.0,v1,2.3.0,8.950276243093922,11.4,11.0,11.16,0.24688888888888894,0.2347826086956521,0.08,-0.15478260869565208,recent-form-k-v1-report-only
822710,2026-07-08,656492,Foster Griffin,,2026-08-14T16:33:20.641224+00:00,9,25,1.0.0,730ae80fadcfa48a2187345311c30d59c4113d94607856ffbf02c3de7a0a87d6,10.0,58.0,56.2,9.288256227758009,0.2521739130434782,0.0478260869565217,0.208695652173913,9.424083769633508,8.971061093247588,6.666666666666667,6.2,0.0,0.0,1.0,1.0,0.0,0.0,0.0,70.0,5.0,1.0,0.0,0.0,0.0,0.0,0.0,0.0,26.0,6.0,20.0,0.1332548861395015,0.1667754467754467,0.1231987179487179,0.0,0.4444444444444444,0.0,0.0,0.0,0.0,117.0,v1,2.3.0,9.288256227758009,9.424083769633508,8.971061093247588,9.152270163801957,-0.014640645199866076,0.2521739130434782,0.36,0.1078260869565218,recent-form-k-v1-report-only
823605,2026-07-08,674444,Steven Cruz,,2026-08-14T16:33:20.877584+00:00,2,4,1.0.0,5d19abcd65c363e90b729fad923091262c16320927480b8b3c3a0333913d02a1,10.0,13.0,10.5,11.142857142857142,0.2765957446808511,0.1063829787234042,0.1914893617021276,9.0,12.352941176470589,1.0,1.4,0.0,0.0,0.0,1.0,0.0,0.0,0.0,70.0,2.0,1.0,0.0,0.0,0.0,0.0,0.0,0.0,26.0,16.0,10.0,0.113513819621585,0.091812865497076,0.1482353462207993,0.0,0.3419389978213507,0.0,0.0,0.0,0.0,121.0,v1,2.3.0,11.142857142857142,9.0,12.352941176470589,11.011764705882353,-0.0117647058823529,0.2765957446808511,0.5,0.22340425531914893,recent-form-k-v1-report-only
823605,2026-07-08,681035,Christian Scott,,2026-08-14T16:33:20.878397+00:00,5,19,1.0.0,60debf66739616799cbd5300b96c9842374b3d7bac8a065aac1c0b12475c4cd5,10.0,59.0,45.1,11.773835920177383,0.2892156862745098,0.0980392156862745,0.2009803921568627,13.902439024390244,12.0,6.333333333333333,6.0,0.0,0.0,0.0,1.0,0.0,0.0,0.0,70.0,5.0,1.0,0.0,0.0,0.0,0.0,0.0,0.0,26.0,17.0,9.0,0.1176066647097311,0.0717846717658321,0.2041593180482069,0.0,0.4047619047619047,0.0,0.0,0.0,0.0,118.0,v1,2.3.0,11.773835920177383,13.902439024390244,12.0,12.760975609756098,0.0838418079096046,0.2892156862745098,0.2631578947368421,-0.026057791537667685,recent-form-k-v1-report-only
824496,2026-07-08,695505,Chase Burns,,2026-08-14T16:33:20.951469+00:00,2,23,1.0.0,c46ee0124c744dbd544f6c54d464e73ed68d7909411b4eca53e9638d189d9df3,10.0,70.0,56.2,11.209964412811388,0.3056768558951965,0.0786026200873362,0.1965065502183406,11.117647058823527,11.62361623616236,7.0,7.0,0.0,0.0,0.0,1.0,0.0,0.0,0.0,70.0,6.0,1.0,0.0,0.0,0.0,0.0,0.0,0.0,26.0,13.0,13.0,0.1356145157069225,0.1009437243183373,0.1702853070955077,0.0,0.4510510510510511,0.0,0.0,0.0,0.0,143.0,v1,2.3.0,11.209964412811388,11.117647058823527,11.62361623616236,11.421228565226826,0.018846103755155053,0.3056768558951965,0.08695652173913043,-0.21872033415606607,recent-form-k-v1-report-only
823684,2026-07-08,677944,Slade Cecconi,,2026-08-14T16:33:20.971927+00:00,4,17,1.0.0,ddec8f5b8b3ed2d37e3ae5a999a8acf75bd7a5177f6ede7377bd476a5efe1c1d,10.0,42.0,53.400000000000006,7.0786516853932575,0.1866666666666666,0.0622222222222222,0.24,4.235294117647059,6.286764705882353,2.6666666666666665,3.8,0.0,0.0,0.0,1.0,0.0,0.0,0.0,70.0,6.0,1.0,0.0,0.0,0.0,0.0,0.0,0.0,25.0,15.0,10.0,0.1149644866659164,0.098024497852084,0.140374469886665,0.0,0.4076923076923077,0.0,0.0,0.0,0.0,142.0,v1,2.3.0,7.0786516853932575,4.235294117647059,6.286764705882353,5.466176470588236,-0.2277941176470586,0.1866666666666666,0.23529411764705882,0.04862745098039223,recent-form-k-v1-report-only
823684,2026-07-08,687570,Connor Prielipp,,2026-08-14T16:33:20.983193+00:00,6,21,1.0.0,ba057d474ec459d3cf3c6d0c153b2bcaf50eec0c19cb6daddf33a1b1271c72bd,10.0,54.0,52.2,9.310344827586206,0.2278481012658227,0.0843881856540084,0.240506329113924,8.0,9.608540925266905,5.333333333333333,6.0,0.0,0.0,1.0,1.0,0.0,0.0,0.0,70.0,10.0,1.0,0.0,0.0,0.0,0.0,0.0,0.0,26.0,11.0,15.0,0.1485727335785562,0.1833318769820031,0.123082695082695,0.0,0.5073891625615764,0.0,0.0,0.0,0.0,114.0,v1,2.3.0,9.310344827586206,8.0,9.608540925266905,8.965124555160143,-0.03707921444576234,0.2278481012658227,0.2857142857142857,0.057866184448463004,recent-form-k-v1-report-only
824578,2026-07-08,687562,Jake Bennett,,2026-08-14T16:33:21.003676+00:00,4,25,1.0.0,7987df36c675412e1a36a57635b1a31730237de42293559ea9ce87895f33d022,7.0,31.0,39.5,7.063291139240507,0.197452229299363,0.0445859872611464,0.2101910828025477,8.393782383419689,8.26530612244898,6.0,5.4,0.0,0.0,1.0,1.0,0.0,0.0,0.0,70.0,5.0,1.0,0.0,0.0,0.0,0.0,0.0,0.0,26.0,13.0,13.0,0.1196528737021183,0.1145386358421324,0.1247671115621041,0.0,0.3852702151355762,0.0,0.0,0.0,0.0,145.0,v1,2.3.0,7.063291139240507,8.393782383419689,8.26530612244898,8.316696626837263,0.17745346508986337,0.197452229299363,0.16,-0.03745222929936301,recent-form-k-v1-report-only
824578,2026-07-08,663436,Davis Martin,,2026-08-14T16:33:21.004455+00:00,2,20,1.0.0,7dff63bfb7cd859d6c7eac5472822ff5e1788f66895ccb41b923f85f6b0d56d8,10.0,47.0,50.7,8.34319526627219,0.2061403508771929,0.0921052631578947,0.2412280701754386,4.436619718309859,6.566523605150215,2.333333333333333,3.4,0.0,0.0,0.0,1.0,0.0,0.0,0.0,70.0,6.0,1.0,0.0,0.0,0.0,0.0,0.0,0.0,24.0,13.0,11.0,0.121541875049228,0.1340954033708953,0.1067058870327121,0.0,0.3884700176366842,0.0,0.0,0.0,0.0,111.0,v1,2.3.0,8.34319526627219,4.436619718309859,6.566523605150215,5.714562050414073,-0.31506313012767495,0.2061403508771929,0.1,-0.1061403508771929,recent-form-k-v1-report-only
823032,2026-07-08,690986,Kyle Harrison,,2026-08-14T16:33:21.093928+00:00,2,17,1.0.0,a3c4014ce4793308b23711648ddac69376fc74297d0bbe8b55f443179482a2ad,10.0,64.0,48.6,11.851851851851851,0.3137254901960784,0.0539215686274509,0.2058823529411764,12.857142857142856,10.934579439252335,6.333333333333333,5.2,0.0,0.0,1.0,1.0,0.0,0.0,0.0,70.0,5.0,1.0,0.0,0.0,0.0,0.0,0.0,0.0,26.0,10.0,16.0,0.1241159763218586,0.1801275358628299,0.0891087516087516,0.0,0.4121031746031746,0.0,0.0,0.0,0.0,138.0,v1,2.3.0,11.851851851851851,12.857142857142856,10.934579439252335,11.703604806408542,-0.012508344459279175,0.3137254901960784,0.11764705882352941,-0.19607843137254902,recent-form-k-v1-report-only
823032,2026-07-08,700241,Michael McGreevy,,2026-08-14T16:33:21.094770+00:00,6,24,1.0.0,0e50f51778070f13cac900d34435fd80a987534cb0f9b0b5db5c9f3b1233759b,10.0,36.0,56.0,5.785714285714286,0.1565217391304348,0.0608695652173913,0.2434782608695652,4.764705882352941,4.965517241379311,3.0,3.2,0.0,0.0,0.0,1.0,0.0,0.0,0.0,70.0,7.0,1.0,0.0,0.0,0.0,0.0,0.0,0.0,26.0,16.0,10.0,0.1094009798626489,0.0714791592815786,0.1700758927923614,0.0,0.374327050048612,0.0,0.0,0.0,0.0,158.0,v1,2.3.0,5.785714285714286,4.764705882352941,4.965517241379311,4.885192697768764,-0.1556457065584853,0.1565217391304348,0.25,0.0934782608695652,recent-form-k-v1-report-only
822880,2026-07-08,700712,Walbert Ureña,,2026-08-14T16:33:21.115902+00:00,3,17,1.0.0,1f31d6f158ed47c7a2eb2478819f36071bdbcb8a75e595cfa265aa93062a138f,10.0,53.0,54.3,8.784530386740332,0.2245762711864407,0.1059322033898305,0.173728813559322,10.699300699300698,9.23954372623574,5.666666666666667,5.4,0.0,0.0,0.0,1.0,0.0,0.0,0.0,70.0,6.0,1.0,0.0,0.0,0.0,0.0,0.0,0.0,26.0,15.0,11.0,0.1090172367447246,0.0992945064273587,0.1222755053593145,0.0,0.3206477732793522,0.0,0.0,0.0,0.0,140.0,v1,2.3.0,8.784530386740332,10.699300699300698,9.23954372623574,9.823446515461722,0.1182665530179694,0.2245762711864407,0.17647058823529413,-0.04810568295114656,recent-form-k-v1-report-only
822880,2026-07-08,669022,MacKenzie Gore,,2026-08-14T16:33:21.143820+00:00,7,25,1.0.0,00026f132d9ca64bcc4b058879f1bedac58ebe38b4abf7270dd5767a6d24160c,10.0,56.0,55.3,9.11392405063291,0.2413793103448276,0.0775862068965517,0.2068965517241379,9.0,10.2,6.0,6.8,0.0,0.0,1.0,1.0,0.0,0.0,0.0,70.0,7.0,1.0,0.0,0.0,0.0,0.0,0.0,0.0,26.0,9.0,17.0,0.1450947538610827,0.0759667987172231,0.1816919065843025,0.0,0.3806998556998557,0.0,0.0,0.0,0.0,108.0,v1,2.3.0,9.11392405063291,9.0,10.2,9.719999999999999,0.0665,0.2413793103448276,0.28,0.03862068965517243,recent-form-k-v1-report-only
823928,2026-07-08,808963,Roki Sasaki,,2026-08-14T16:33:21.186311+00:00,5,23,1.0.0,79fa959e787d02b8b37c9e016160267e2d2cf29d2b0307f65ff6038e8d70852e,10.0,53.0,51.4,9.280155642023349,0.2398190045248869,0.085972850678733,0.2036199095022624,8.114754098360656,9.656652360515023,3.6666666666666665,5.0,0.0,0.0,0.0,1.0,0.0,0.0,0.0,70.0,6.0,1.0,0.0,0.0,0.0,0.0,0.0,0.0,26.0,15.0,11.0,0.1216047587008261,0.0998642293379135,0.1512509351047978,0.0,0.4623181429182713,0.0,0.0,0.0,0.0,115.0,v1,2.3.0,9.280155642023349,8.114754098360656,9.656652360515023,9.039893055653277,-0.025889930690611518,0.2398190045248869,0.21739130434782608,-0.022427700177060805,recent-form-k-v1-report-only
823279,2026-07-08,650633,Michael King,,2026-08-14T16:33:21.235985+00:00,4,23,1.0.0,e5dd2212570228bec1c5d47bb18b19d65e98c30a008a3444585ac888aa9421db,10.0,43.0,54.80000000000001,7.062043795620436,0.1791666666666666,0.0875,0.2083333333333333,7.894736842105263,6.240875912408758,5.0,3.8,0.0,0.0,0.0,1.0,0.0,0.0,0.0,70.0,5.0,1.0,0.0,0.0,0.0,0.0,0.0,0.0,26.0,16.0,10.0,0.108285818052045,0.0965256271506271,0.1271021234943136,0.0,0.378978428978429,0.0,0.0,0.0,0.0,109.0,v1,2.3.0,7.062043795620436,7.894736842105263,6.240875912408758,6.90242028428736,-0.022603019175846506,0.1791666666666666,0.17391304347826086,-0.005253623188405748,recent-form-k-v1-report-only
823359,2026-07-09,693821,Bryce Elder,,2026-08-14T16:33:21.361984+00:00,3,20,1.0.0,615c3e4b1c4714e24c4ddd08ebfa9dd317ee63cb57b600dad321fc20eaeab669,10.0,47.0,54.5,7.761467889908257,0.1934156378600823,0.0699588477366255,0.242798353909465,7.714285714285714,7.557251908396947,4.0,4.4,0.0,0.0,0.0,1.0,0.0,0.0,0.0,70.0,12.0,1.0,0.0,0.0,0.0,0.0,0.0,0.0,27.0,17.0,10.0,0.1508057442836764,0.1487952984157917,0.1542235022590803,0.0,0.6351395730706075,0.0,0.0,0.0,0.0,134.0,v1,2.3.0,7.761467889908257,7.714285714285714,7.557251908396947,7.6200654307524545,-0.01821852015127956,0.1934156378600823,0.15,-0.04341563786008232,recent-form-k-v1-report-only
823359,2026-07-09,656605,Mitch Keller,,2026-08-14T16:33:21.362855+00:00,3,15,1.0.0,24b1f2be327134dd1e73174d4ac732203e539beead61f17df8c0f17f3254e88c,10.0,39.0,51.7,6.7891682785299805,0.1611570247933884,0.0785123966942148,0.2603305785123967,4.5,6.309963099630996,3.0,3.8,0.0,0.0,0.0,1.0,0.0,0.0,0.0,70.0,6.0,1.0,0.0,0.0,0.0,0.0,0.0,0.0,26.0,14.0,12.0,0.1317297460148734,0.1278484590694463,0.1362579141178717,0.0,0.4175283979631806,0.0,0.0,0.0,0.0,144.0,v1,2.3.0,6.7891682785299805,4.5,6.309963099630996,5.585977859778597,-0.17722206452833766,0.1611570247933884,0.2,0.03884297520661162,recent-form-k-v1-report-only
823606,2026-07-09,608379,Michael Wacha,,2026-08-14T16:33:21.469990+00:00,5,23,1.0.0,b7f770c75db6d568ae7ccaae3fc4698e05515fafa0f078fc7a1a7450fc671265,10.0,49.0,62.400000000000006,7.067307692307692,0.1863117870722433,0.053231939163498,0.2585551330798479,8.465346534653465,6.506024096385541,6.333333333333333,4.8,0.0,0.0,0.0,1.0,0.0,0.0,0.0,70.0,5.0,1.0,0.0,0.0,0.0,0.0,0.0,0.0,26.0,16.0,10.0,0.112878516410023,0.0926691729323308,0.1452134659743305,0.0,0.3428571428571428,0.0,0.0,0.0,0.0,121.0,v1,2.3.0,7.067307692307692,8.465346534653465,6.506024096385541,7.289753071692711,0.03147526456604344,0.1863117870722433,0.21739130434782608,0.03107951727558278,recent-form-k-v1-report-only
823606,2026-07-09,640455,Sean Manaea,,2026-08-14T16:33:21.470882+00:00,6,26,1.0.0,d236498c722c32be8084142ae52fda07433ca0e8efcabe92c3f360c0add71706,10.0,42.0,43.5,8.689655172413794,0.2198952879581152,0.06282722513089,0.2094240837696335,8.181818181818182,8.518518518518519,4.0,4.6,0.0,0.0,1.0,1.0,0.0,0.0,0.0,70.0,5.0,1.0,0.0,0.0,0.0,0.0,0.0,0.0,26.0,8.0,18.0,0.1169971290980315,0.2072557471264368,0.0768821877520736,0.0,0.3904249871991807,0.0,0.0,0.0,0.0,118.0,v1,2.3.0,8.689655172413794,8.181818181818182,8.518518518518519,8.383838383838384,-0.03519320185986852,0.2198952879581152,0.23076923076923078,0.010873942811115589,recent-form-k-v1-report-only
822954,2026-07-09,621112,Paul Blackburn,,2026-08-14T16:33:21.508288+00:00,3,8,1.0.0,778c1104996d561623c2a6bfc058b73f202f7755fe7fa101601318d1bfb6e3ca,10.0,11.0,12.7,7.795275590551181,0.2115384615384615,0.0769230769230769,0.1153846153846153,11.612903225806452,8.571428571428571,1.3333333333333333,1.2,0.0,0.0,0.0,1.0,0.0,0.0,0.0,70.0,2.0,1.0,0.0,0.0,0.0,0.0,0.0,0.0,26.0,15.0,11.0,0.1030830385604921,0.0835331883607745,0.1297419251964706,0.0,0.3075396825396825,0.0,0.0,0.0,0.0,139.0,v1,2.3.0,7.795275590551181,11.612903225806452,8.571428571428571,9.788018433179722,0.25563468789275245,0.2115384615384615,0.375,0.1634615384615385,recent-form-k-v1-report-only
822954,2026-07-09,656876,Drew Rasmussen,,2026-08-14T16:33:21.509120+00:00,2,14,1.0.0,2fae8591bb9b2bdbd9468ddabb810d6687a8e41f8fadf8e16cd2fd384204db23,10.0,59.0,60.1,8.835274542429284,0.2554112554112554,0.0476190476190476,0.1818181818181818,6.352941176470588,9.290322580645162,4.0,6.4,0.0,0.0,0.0,1.0,0.0,0.0,0.0,70.0,5.0,1.0,0.0,0.0,0.0,0.0,0.0,0.0,26.0,17.0,9.0,0.1653083552553664,0.1182611337683273,0.2541753291753291,0.0,0.46524064171123,0.0,0.0,0.0,0.0,147.0,v1,2.3.0,8.835274542429284,6.352941176470588,9.290322580645162,8.115370018975332,-0.08148071913292376,0.2554112554112554,0.14285714285714285,-0.11255411255411257,recent-form-k-v1-report-only
824816,2026-07-09,656849,David Peterson,,2026-08-14T16:33:21.529623+00:00,2,20,1.0.0,fefc854d6ccbb01d5a03c0bd3d9a35dd8943f5897c7f5814cc7f4ee206dbf5b0,10.0,33.0,41.6,7.139423076923077,0.1625615763546798,0.0935960591133004,0.270935960591133,7.258064516129032,5.806451612903225,3.333333333333333,2.4,0.0,0.0,1.0,1.0,0.0,0.0,0.0,70.0,6.0,1.0,0.0,0.0,0.0,0.0,0.0,0.0,26.0,7.0,19.0,0.1426531279460112,0.1914841546374647,0.1246627496912652,0.0,0.4067901234567901,0.0,0.0,0.0,0.0,110.0,v1,2.3.0,7.139423076923077,7.258064516129032,5.806451612903225,6.387096774193548,-0.10537634408602148,0.1625615763546798,0.1,-0.0625615763546798,recent-form-k-v1-report-only
824816,2026-07-09,669432,Trevor Rogers,,2026-08-14T16:33:21.530432+00:00,4,23,1.0.0,128226c20b0bb1f217fc9a56c3a385d6796f92cf08ceed38ccbc5814c2789633,10.0,38.0,51.900000000000006,6.589595375722543,0.168141592920354,0.084070796460177,0.2123893805309734,8.453038674033149,7.372013651877133,5.666666666666667,4.8,0.0,0.0,1.0,1.0,0.0,0.0,0.0,70.0,6.0,1.0,0.0,0.0,0.0,0.0,0.0,0.0,26.0,6.0,20.0,0.1265269205234433,0.1330277321656632,0.1245766770307773,0.0,0.3694980694980694,0.0,0.0,0.0,0.0,112.0,v1,2.3.0,6.589595375722543,8.453038674033149,7.372013651877133,7.8044236607395385,0.18435552044556158,0.168141592920354,0.17391304347826086,0.005771450557906871,recent-form-k-v1-report-only
823683,2026-07-09,668909,Gavin Williams,,2026-08-14T16:33:21.661325+00:00,11,26,1.0.0,9b98d85b25815f7704193be726faee67c1fd085f02b22be7d9b2b891d2ee5456,10.0,63.0,56.3,10.071047957371226,0.2669491525423729,0.0635593220338983,0.2415254237288135,12.67605633802817,10.78512396694215,6.666666666666667,5.8,0.0,0.0,0.0,1.0,0.0,0.0,0.0,70.0,6.0,1.0,0.0,0.0,0.0,0.0,0.0,0.0,26.0,16.0,10.0,0.1227612023812774,0.0958276098901099,0.1658549503671455,0.0,0.402930402930403,0.0,0.0,0.0,0.0,142.0,v1,2.3.0,10.071047957371226,12.67605633802817,10.78512396694215,11.541496915376559,0.14600754203827204,0.2669491525423729,0.4230769230769231,0.15612777053455018,recent-form-k-v1-report-only
823683,2026-07-09,641927,Bailey Ober,,2026-08-14T16:33:21.771495+00:00,5,19,1.0.0,5f7e04acdb6970c875d9a10308d3444a8b9b00688dfb41a8ad1c8988616ff1ef,10.0,41.0,57.50000000000001,6.4173913043478255,0.1666666666666666,0.0609756097560975,0.2235772357723577,4.436619718309859,5.425531914893617,2.333333333333333,3.4,0.0,0.0,0.0,1.0,0.0,0.0,0.0,70.0,40.0,1.0,0.0,0.0,0.0,0.0,0.0,0.0,26.0,14.0,12.0,0.1416272284757211,0.0992236894757903,0.1910980239756404,0.0,0.4185002736726875,0.0,0.0,0.0,0.0,114.0,v1,2.3.0,6.4173913043478255,4.436619718309859,5.425531914893617,5.029967036260114,-0.2161975485502532,0.1666666666666666,0.2631578947368421,0.09649122807017549,recent-form-k-v1-report-only
824577,2026-07-09,641743,Anthony Kay,,2026-08-14T16:33:21.915782+00:00,4,22,1.0.0,ce509466012918932fdab6f2e636da78b62b088925e3608987ece3ffd17e4a89,10.0,42.0,48.3,7.826086956521738,0.1926605504587156,0.073394495412844,0.2110091743119266,8.181818181818182,8.513513513513514,4.0,4.2,0.0,0.0,1.0,1.0,0.0,0.0,0.0,70.0,6.0,1.0,0.0,0.0,0.0,0.0,0.0,0.0,25.0,10.0,15.0,0.149667671237785,0.1240441963224221,0.166749987848027,0.0,0.4466132799466133,0.0,0.0,0.0,0.0,111.0,v1,2.3.0,7.826086956521738,8.181818181818182,8.513513513513514,8.38083538083538,0.07088452088452102,0.1926605504587156,0.18181818181818182,-0.010842368640533784,recent-form-k-v1-report-only
824251,2026-07-09,660761,José Suarez,,2026-08-14T16:33:22.016042+00:00,2,4,1.0.0,2741409ed8f3c9aa34d57a7d0e1544cec9c69a3ac029a239abe0dfcb145e52a1,10.0,16.0,14.9,9.664429530201344,0.25,0.078125,0.15625,8.78048780487805,8.63013698630137,1.3333333333333333,1.4,0.0,0.0,1.0,1.0,0.0,0.0,0.0,70.0,1.0,1.0,0.0,0.0,0.0,0.0,0.0,0.0,26.0,8.0,18.0,0.1154407346391986,0.17217921993607,0.0902236300628113,0.0,0.3851851851851852,0.0,0.0,0.0,0.0,116.0,v1,2.3.0,9.664429530201344,8.78048780487805,8.63013698630137,8.690277313732041,-0.10079769462078203,0.25,0.5,0.25,recent-form-k-v1-report-only
824251,2026-07-09,664285,Framber Valdez,,2026-08-14T16:33:22.016884+00:00,9,26,1.0.0,9ab8a3f1114a08443d5572f60c7d00153293d2a42c3516c01a85e9b80657a352,10.0,43.0,56.400000000000006,6.861702127659574,0.1733870967741935,0.0846774193548387,0.2298387096774193,5.823529411764706,6.107142857142857,3.6666666666666665,3.8,0.0,0.0,1.0,1.0,0.0,0.0,0.0,70.0,7.0,1.0,0.0,0.0,0.0,0.0,0.0,0.0,26.0,9.0,17.0,0.1245992500394428,0.1317389274550399,0.1208194208194208,0.0,0.4151240915946798,0.0,0.0,0.0,0.0,133.0,v1,2.3.0,6.861702127659574,5.823529411764706,6.107142857142857,5.993697478991596,-0.126499902286496,0.1733870967741935,0.34615384615384615,0.17276674937965264,recent-form-k-v1-report-only
823846,2026-07-09,682243,Bryce Miller,,2026-08-14T16:33:22.131914+00:00,3,28,1.0.0,5455bbcb112f171cde3ae12e6ba03802fc391711b5b50c1c7a8a28bc8dbd3186,9.0,62.0,51.50000000000001,10.834951456310678,0.3315508021390374,0.0267379679144385,0.160427807486631,13.6046511627907,12.115384615384617,8.666666666666666,8.4,0.0,0.0,0.0,1.0,0.0,0.0,0.0,70.0,7.0,1.0,0.0,0.0,0.0,0.0,0.0,0.0,26.0,18.0,8.0,0.1170269316885488,0.0910866737379951,0.1753925120772947,0.0,0.4509157509157509,0.0,0.0,0.0,0.0,146.0,v1,2.3.0,10.834951456310678,13.6046511627907,12.115384615384617,12.711091234347052,0.1731562698366904,0.3315508021390374,0.10714285714285714,-0.22440794499618028,recent-form-k-v1-report-only
823846,2026-07-09,676083,Janson Junk,,2026-08-14T16:33:22.150101+00:00,5,21,1.0.0,bbf4b2b29493fbaccfe603d27c15f89d707a79f604c0e3a1042b479ef6e9467b,10.0,38.0,54.5,6.275229357798165,0.1610169491525423,0.0508474576271186,0.2542372881355932,5.921052631578948,7.52851711026616,3.333333333333333,4.4,0.0,0.0,0.0,1.0,0.0,0.0,0.0,70.0,45.0,1.0,0.0,0.0,0.0,0.0,0.0,0.0,26.0,16.0,10.0,0.168849390996499,0.1045286512474012,0.2717625745950554,0.0,0.4603921568627451,0.0,0.0,0.0,0.0,136.0,v1,2.3.0,6.275229357798165,5.921052631578948,7.52851711026616,6.885531318791275,0.0972557218541652,0.1610169491525423,0.23809523809523808,0.07707828894269578,recent-form-k-v1-report-only
824494,2026-07-09,666200,Jesús Luzardo,,2026-08-14T16:33:22.170294+00:00,11,26,1.0.0,eab3618b086683cae3a5a57833de706549fc98d4a41f90275ac15ade36a98a5e,10.0,68.0,58.5,10.461538461538462,0.2753036437246963,0.0850202429149797,0.1983805668016194,14.651162790697676,13.775510204081634,9.333333333333334,9.0,0.0,0.0,1.0,1.0,0.0,0.0,0.0,70.0,5.0,1.0,0.0,0.0,0.0,0.0,0.0,0.0,25.0,9.0,16.0,0.1316808307080672,0.1197977766605217,0.1383650486098115,0.0,0.4624745624745625,0.0,0.0,0.0,0.0,113.0,v1,2.3.0,10.461538461538462,14.651162790697676,13.775510204081634,14.12577123872805,0.3502575448784164,0.2753036437246963,0.4230769230769231,0.14777327935222678,recent-form-k-v1-report-only
824494,2026-07-09,663903,Brady Singer,,2026-08-14T16:33:22.268882+00:00,5,28,1.0.0,436133a617e00c3c9ad6699dd93b1ad002ebc9efdc50f2d022c507f10dd2a5b7,10.0,51.0,49.3,9.310344827586206,0.2307692307692307,0.0950226244343891,0.2262443438914027,10.62111801242236,9.630996309963098,6.333333333333333,5.8,0.0,0.0,0.0,1.0,0.0,0.0,0.0,70.0,6.0,1.0,0.0,0.0,0.0,0.0,0.0,0.0,26.0,12.0,14.0,0.1324148973589573,0.1088822956083018,0.1525856988595191,0.0,0.4412280701754386,0.0,0.0,0.0,0.0,143.0,v1,2.3.0,9.310344827586206,10.62111801242236,9.630996309963098,10.027044990946802,0.07697890643502703,0.2307692307692307,0.17857142857142858,-0.05219780219780212,recent-form-k-v1-report-only
823034,2026-07-09,701656,Logan Henderson,,2026-08-14T16:33:22.316775+00:00,4,21,1.0.0,7916f853564b63357500fa3a4e0135a77cc171724535bdd5e8422bd5fa29e7bc,5.0,30.0,23.0,11.73913043478261,0.3333333333333333,0.0666666666666666,0.2,11.4,11.73913043478261,6.333333333333333,6.0,0.0,0.0,0.0,1.0,0.0,0.0,0.0,70.0,48.0,1.0,0.0,0.0,0.0,0.0,0.0,0.0,26.0,15.0,11.0,0.1278480208496187,0.1032240662895811,0.1614261407042155,0.0,0.4255835667600374,0.0,0.0,0.0,0.0,138.0,v1,2.3.0,11.73913043478261,11.4,11.73913043478261,11.603478260869565,-0.011555555555555652,0.3333333333333333,0.19047619047619047,-0.14285714285714285,recent-form-k-v1-report-only
823034,2026-07-09,669467,Andre Pallante,,2026-08-14T16:33:22.347212+00:00,2,25,1.0.0,2ee0ecc8800c150b812491ab8fa23b9a71439df02799b6d5096a334aa6ea64fb,10.0,41.0,55.8,6.612903225806451,0.1759656652360515,0.0472103004291845,0.2317596566523605,4.137931034482759,5.625,2.6666666666666665,3.8,0.0,0.0,0.0,1.0,0.0,0.0,0.0,70.0,6.0,1.0,0.0,0.0,0.0,0.0,0.0,0.0,25.0,15.0,10.0,0.1190646758066113,0.0758092087124345,0.1839478764478764,0.0,0.3738738738738739,0.0,0.0,0.0,0.0,158.0,v1,2.3.0,6.612903225806451,4.137931034482759,5.625,5.030172413793103,-0.2393397813288477,0.1759656652360515,0.08,-0.0959656652360515,recent-form-k-v1-report-only
822877,2026-07-09,672282,Reid Detmers,,2026-08-14T16:33:22.398622+00:00,6,20,1.0.0,026ec3cc4eb7cc104974c23184197545e732c0eddde4b2aed3a480269bc1bb95,10.0,70.0,59.60000000000001,10.570469798657715,0.2868852459016393,0.0778688524590164,0.1762295081967213,9.444444444444445,8.642384105960264,5.666666666666667,5.8,0.0,0.0,1.0,1.0,0.0,0.0,0.0,70.0,6.0,1.0,0.0,0.0,0.0,0.0,0.0,0.0,26.0,10.0,16.0,0.122894173257047,0.1383534439416792,0.1132321290791518,0.0,0.3762108262108262,0.0,0.0,0.0,0.0,140.0,v1,2.3.0,10.570469798657715,9.444444444444445,8.642384105960264,8.963208241353936,-0.15205204573857978,0.2868852459016393,0.3,0.013114754098360715,recent-form-k-v1-report-only
822877,2026-07-09,543135,Nathan Eovaldi,,2026-08-14T16:33:22.399454+00:00,10,27,1.0.0,a0023baf7124cf84ba1e99914165f83af68b9fee6bbe6be51435ba9035a21790,10.0,71.0,65.2,9.800613496932517,0.2699619771863117,0.053231939163498,0.2129277566539923,13.5,10.728476821192054,9.0,7.2,0.0,0.0,0.0,1.0,0.0,0.0,0.0,70.0,7.0,1.0,0.0,0.0,0.0,0.0,0.0,0.0,26.0,15.0,11.0,0.1392181334053528,0.1805979390227357,0.0827911257452853,0.0,0.4105820105820106,0.0,0.0,0.0,0.0,108.0,v1,2.3.0,9.800613496932517,13.5,10.728476821192054,11.837086092715232,0.20779031806734438,0.2699619771863117,0.37037037037037035,0.10040839318405864,recent-form-k-v1-report-only
823277,2026-07-09,518876,Merrill Kelly,,2026-08-14T16:33:22.420142+00:00,6,24,1.0.0,f82933da0646281b672882c46ca3770385db03d983cdf0f15de57371d6d7f15e,10.0,33.0,60.2,4.933554817275748,0.1254752851711026,0.0646387832699619,0.2585551330798479,5.823529411764706,5.124555160142348,3.6666666666666665,3.2,0.0,0.0,0.0,1.0,0.0,0.0,0.0,70.0,5.0,1.0,0.0,0.0,0.0,0.0,0.0,0.0,26.0,17.0,9.0,0.1138190047550907,0.1176873363724574,0.1065121561445091,0.0,0.3225749559082893,0.0,0.0,0.0,0.0,135.0,v1,2.3.0,4.933554817275748,5.823529411764706,5.124555160142348,5.404144860791291,0.0953855913119046,0.1254752851711026,0.25,0.1245247148288974,recent-form-k-v1-report-only
823277,2026-07-09,656288,Griffin Canning,,2026-08-14T16:33:22.466449+00:00,5,20,1.0.0,9e807db0d3e68b8ef14dd51fc6fb0f4bd177b0829dc1b08cbed08eee2dcda59c,10.0,38.0,39.8,8.592964824120601,0.2043010752688172,0.1344086021505376,0.2258064516129032,9.759036144578314,8.793103448275863,3.0,3.4,0.0,0.0,0.0,1.0,0.0,0.0,0.0,70.0,5.0,1.0,0.0,0.0,0.0,0.0,0.0,0.0,25.0,14.0,11.0,0.1114373096549567,0.1082845506374918,0.1154499120408211,0.0,0.3767547767547767,0.0,0.0,0.0,0.0,109.0,v1,2.3.0,8.592964824120601,9.759036144578314,8.793103448275863,9.179476526796844,0.06825487066232294,0.2043010752688172,0.25,0.04569892473118281,recent-form-k-v1-report-only
823201,2026-07-09,663372,Ryan Feltner,,2026-08-14T16:33:22.565267+00:00,3,23,1.0.0,338f11aa8d8022bb4dab9cd8a254c2295cab6ee8089af31183de0edbd096ec8b,10.0,39.0,49.5,7.090909090909091,0.1866028708133971,0.0813397129186602,0.2105263157894736,5.5,7.186311787072244,3.6666666666666665,4.2,0.0,0.0,0.0,1.0,0.0,0.0,0.0,70.0,6.0,1.0,0.0,0.0,0.0,0.0,0.0,0.0,26.0,16.0,10.0,0.1175139425139425,0.1190792825250062,0.1150093984962405,0.0,0.4625974658869395,0.0,0.0,0.0,0.0,137.0,v1,2.3.0,7.090909090909091,5.5,7.186311787072244,6.511787072243346,-0.08167105391439988,0.1866028708133971,0.13043478260869565,-0.056168088204701455,recent-form-k-v1-report-only
824252,2026-07-10,605400,Aaron Nola,,2026-08-14T16:33:22.713459+00:00,8,20,1.0.0,e88a6a7266123164d685931e9fd1fe74cf47df9840e29d90ce7a51dfa4c2dc72,10.0,50.0,48.6,9.25925925925926,0.2252252252252252,0.063063063063063,0.2612612612612612,9.50310559006211,9.24901185770751,5.666666666666667,5.2,0.0,0.0,0.0,1.0,0.0,0.0,0.0,70.0,5.0,1.0,0.0,0.0,0.0,0.0,0.0,0.0,26.0,17.0,9.0,0.118814840717868,0.0929285939822242,0.1677110845518618,0.0,0.3727513227513228,0.0,0.0,0.0,0.0,116.0,v1,2.3.0,9.25925925925926,9.50310559006211,9.24901185770751,9.35064935064935,0.009870129870129807,0.2252252252252252,0.4,0.17477477477477482,recent-form-k-v1-report-only
824252,2026-07-10,656427,Jack Flaherty,,2026-08-14T16:33:22.714303+00:00,6,24,1.0.0,d505a443a4a791c29d876eb9d2b9586ad66c6ef571d12d1bd2976897354a3011,10.0,60.0,45.7,11.816192560175054,0.2912621359223301,0.058252427184466,0.2281553398058252,10.227272727272728,10.862068965517242,5.0,5.6,0.0,0.0,0.0,1.0,0.0,0.0,0.0,70.0,6.0,1.0,0.0,0.0,0.0,0.0,0.0,0.0,26.0,12.0,14.0,0.1328855202177111,0.1111842105263157,0.1514866428103358,0.0,0.4600600600600601,0.0,0.0,0.0,0.0,143.0,v1,2.3.0,11.816192560175054,10.227272727272728,10.862068965517242,10.608150470219437,-0.10223615464994762,0.2912621359223301,0.25,-0.04126213592233008,recent-form-k-v1-report-only
822709,2026-07-10,677960,Ryan Weathers,,2026-08-14T16:33:22.777073+00:00,6,23,1.0.0,5aac50e875c269cb2e585bbe4abf235a0f8e7f53640f31897b4995982f395ff6,10.0,59.0,51.8,10.25096525096525,0.2587719298245614,0.0745614035087719,0.2280701754385964,12.053571428571429,10.514018691588786,5.0,5.0,0.0,0.0,1.0,1.0,0.0,0.0,0.0,70.0,5.0,1.0,0.0,0.0,0.0,0.0,0.0,0.0,25.0,10.0,15.0,0.1301962379053172,0.1120180011804052,0.1423150623885918,0.0,0.4243055555555555,0.0,0.0,0.0,0.0,120.0,v1,2.3.0,10.25096525096525,12.053571428571429,10.514018691588786,11.129839786381844,0.0857357833042931,0.2587719298245614,0.2608695652173913,0.002097635392829922,recent-form-k-v1-report-only
824817,2026-07-10,679883,Luinder Avila,,2026-08-14T16:33:22.798088+00:00,3,24,1.0.0,42a81de83c56384d7b8b84e032529193ff333885c5f6cc88f2c0622aeb51d910,10.0,33.0,37.4,7.9411764705882355,0.2037037037037037,0.1481481481481481,0.1975308641975308,9.0,8.814432989690722,4.666666666666667,3.8,0.0,0.0,0.0,1.0,0.0,0.0,0.0,70.0,5.0,1.0,0.0,0.0,0.0,0.0,0.0,0.0,26.0,16.0,10.0,0.1387205149146916,0.108090975520643,0.1877277779451692,0.0,0.4038915727321524,0.0,0.0,0.0,0.0,110.0,v1,2.3.0,7.9411764705882355,9.0,8.814432989690722,8.888659793814433,0.11931271477663241,0.2037037037037037,0.125,-0.07870370370370369,recent-form-k-v1-report-only
824817,2026-07-10,687064,Brandon Young,,2026-08-14T16:33:22.914621+00:00,5,27,1.0.0,7adcfc9f0c18c20c689220b3adeef092f6dcac4802a3349271ea8e76c6349b9c,10.0,48.0,54.80000000000001,7.883211678832115,0.1975308641975308,0.0905349794238683,0.2181069958847736,10.8,8.035714285714286,6.0,5.0,0.0,0.0,0.0,1.0,0.0,0.0,0.0,70.0,6.0,1.0,0.0,0.0,0.0,0.0,0.0,0.0,26.0,17.0,9.0,0.1189757013444696,0.0916055662209127,0.1706748454667437,0.0,0.3598585322723253,0.0,0.0,0.0,0.0,118.0,v1,2.3.0,7.883211678832115,10.8,8.035714285714286,9.141428571428573,0.15960714285714328,0.1975308641975308,0.18518518518518517,-0.012345679012345623,recent-form-k-v1-report-only
824493,2026-07-10,684007,Shota Imanaga,,2026-08-14T16:33:22.981069+00:00,5,23,1.0.0,16f754722049c4d93a1bb46279647d36a411117b2dd9bd8017aa57e2f0155e5b,10.0,47.0,53.8,7.862453531598512,0.2061403508771929,0.0570175438596491,0.2456140350877192,9.35064935064935,9.140625,5.333333333333333,5.2,0.0,0.0,1.0,1.0,0.0,0.0,0.0,70.0,6.0,1.0,0.0,0.0,0.0,0.0,0.0,0.0,26.0,9.0,17.0,0.1419559236235633,0.1228395061728395,0.1520763799210054,0.0,0.4898609016256075,0.0,0.0,0.0,0.0,113.0,v1,2.3.0,7.862453531598512,9.35064935064935,9.140625,9.22463474025974,0.17325141613705441,0.2061403508771929,0.21739130434782608,0.01125095347063318,recent-form-k-v1-report-only
822955,2026-07-10,622491,Luis Castillo,,2026-08-14T16:33:23.002742+00:00,4,25,1.0.0,aae82548fa882424092d7e38627dfb0f308a2fb9f9c57fd65f1dd5b3c35174d8,10.0,46.0,46.7,8.86509635974304,0.224390243902439,0.0682926829268292,0.1902439024390244,6.75,7.159090909090909,4.0,4.2,0.0,0.0,0.0,1.0,0.0,0.0,0.0,70.0,7.0,1.0,0.0,0.0,0.0,0.0,0.0,0.0,26.0,15.0,11.0,0.1078005171303372,0.0873227605119925,0.1357247307008072,0.0,0.3038112214582802,0.0,0.0,0.0,0.0,139.0,v1,2.3.0,8.86509635974304,6.75,7.159090909090909,6.995454545454545,-0.21089920948616603,0.224390243902439,0.16,-0.064390243902439,recent-form-k-v1-report-only
822955,2026-07-10,607259,Nick Martinez,,2026-08-14T16:33:23.003509+00:00,1,20,1.0.0,4fa240465a9446a73f0fbec6d0398ee1b15ad33eb0bd57087bb02a5139bdc923,10.0,33.0,56.6,5.247349823321555,0.1375,0.0333333333333333,0.2583333333333333,6.07361963190184,6.021126760563381,3.6666666666666665,3.8,0.0,0.0,0.0,1.0,0.0,0.0,0.0,70.0,7.0,1.0,0.0,0.0,0.0,0.0,0.0,0.0,26.0,16.0,10.0,0.1649621233648875,0.1050173611111111,0.2608737429709297,0.0,0.4603921568627451,0.0,0.0,0.0,0.0,136.0,v1,2.3.0,5.247349823321555,6.07361963190184,6.021126760563381,6.042123909098764,0.15146199749154898,0.1375,0.05,-0.08750000000000001,recent-form-k-v1-report-only
823845,2026-07-10,800048,Parker Messick,,2026-08-14T16:33:23.017100+00:00,1,22,1.0.0,a9d3df3cefdb11e670444459a896648c76a335404624b5ee9e4c541f5bc263fd,10.0,58.0,56.2,9.288256227758009,0.2386831275720164,0.0864197530864197,0.1975308641975308,8.804347826086957,9.425675675675675,6.0,6.2,0.0,0.0,1.0,1.0,0.0,0.0,0.0,70.0,6.0,1.0,0.0,0.0,0.0,0.0,0.0,0.0,26.0,7.0,19.0,0.1110327388559794,0.1696627587205094,0.0894322052216789,0.0,0.4398046398046398,0.0,0.0,0.0,0.0,146.0,v1,2.3.0,9.288256227758009,8.804347826086957,9.425675675675675,9.177144535840188,-0.01196259978119063,0.2386831275720164,0.045454545454545456,-0.19322858211747096,recent-form-k-v1-report-only
823845,2026-07-10,645261,Sandy Alcantara,,2026-08-14T16:33:23.017904+00:00,8,26,1.0.0,22d528e0952b609f40ceeb1927d097f7c51983160f5c7a9dca27267a21cdd6c8,10.0,53.0,64.6,7.38390092879257,0.1927272727272727,0.0472727272727272,0.2509090909090909,6.958762886597938,7.544910179640719,5.0,5.6,0.0,0.0,0.0,1.0,0.0,0.0,0.0,70.0,6.0,1.0,0.0,0.0,0.0,0.0,0.0,0.0,26.0,14.0,12.0,0.1469662319710709,0.1068116135343026,0.1938132868139672,0.0,0.4332399626517273,0.0,0.0,0.0,0.0,114.0,v1,2.3.0,7.38390092879257,6.958762886597938,7.544910179640719,7.310451262423607,-0.00994727137827045,0.1927272727272727,0.3076923076923077,0.11496503496503502,recent-form-k-v1-report-only
823604,2026-07-10,543243,Sonny Gray,,2026-08-14T16:33:23.087380+00:00,3,23,1.0.0,9eaf809692919f4dbbe35262647914e0b01c22e3afa833a61cfa0506bcaa7045,10.0,67.0,61.2,9.852941176470589,0.2791666666666667,0.0666666666666666,0.1958333333333333,12.08955223880597,10.332326283987914,9.0,7.6,0.0,0.0,0.0,1.0,0.0,0.0,0.0,70.0,6.0,1.0,0.0,0.0,0.0,0.0,0.0,0.0,26.0,16.0,10.0,0.1139974428021233,0.0917554557124518,0.1495846221455977,0.0,0.379800853485064,0.0,0.0,0.0,0.0,121.0,v1,2.3.0,9.852941176470589,12.08955223880597,10.332326283987914,11.035216665915137,0.11999213922720786,0.2791666666666667,0.13043478260869565,-0.14873188405797103,recent-form-k-v1-report-only
823604,2026-07-10,690997,Nolan McLean,,2026-08-14T16:33:23.088140+00:00,7,26,1.0.0,7add2d5eb930cd9868fc1e2325357aa91e30d1704a456b1688b65e1c6efdbeed,10.0,61.0,55.3,9.92766726943942,0.2469635627530364,0.1012145748987854,0.1902834008097166,10.5,11.172413793103448,7.0,7.2,0.0,0.0,0.0,1.0,0.0,0.0,0.0,70.0,5.0,1.0,0.0,0.0,0.0,0.0,0.0,0.0,25.0,14.0,11.0,0.1439262317944186,0.1534113760714746,0.1318542299872565,0.0,0.4249271375708157,0.0,0.0,0.0,0.0,111.0,v1,2.3.0,9.92766726943942,10.5,11.172413793103448,10.903448275862068,0.098289052195214,0.2469635627530364,0.2692307692307692,0.02226720647773281,recent-form-k-v1-report-only
824575,2026-07-10,682052,Jacob Lopez,,2026-08-14T16:33:23.194116+00:00,1,5,1.0.0,5318278a3055d4123869830daa05529457ef5ab1d36d8ff1dd4119c3c518497a,10.0,31.0,38.7,7.209302325581395,0.164021164021164,0.1111111111111111,0.2592592592592592,9.782608695652174,7.241379310344828,3.333333333333333,2.8,0.0,0.0,1.0,1.0,0.0,0.0,0.0,70.0,3.0,1.0,0.0,0.0,0.0,0.0,0.0,0.0,25.0,12.0,13.0,0.1292637874272068,0.1424003901799954,0.1171376925784789,0.0,0.419047619047619,0.0,0.0,0.0,0.0,145.0,v1,2.3.0,7.209302325581395,9.782608695652174,7.241379310344828,8.257871064467766,0.14544663152294834,0.164021164021164,0.2,0.035978835978836,recent-form-k-v1-report-only
824575,2026-07-10,680732,Sean Burke,,2026-08-14T16:33:23.194907+00:00,9,24,1.0.0,5b1a3a43d526d047836ba6cd32a04111e754be2a91299f78812db3213c3d5550,10.0,70.0,52.8,11.931818181818182,0.3017241379310345,0.0991379310344827,0.2112068965517241,13.08139534883721,12.402826855123676,8.333333333333334,7.8,0.0,0.0,0.0,1.0,0.0,0.0,0.0,70.0,6.0,1.0,0.0,0.0,0.0,0.0,0.0,0.0,25.0,16.0,9.0,0.10865552541505,0.1038902610593787,0.1171271064917991,0.0,0.3599842235744873,0.0,0.0,0.0,0.0,133.0,v1,2.3.0,11.931818181818182,13.08139534883721,12.402826855123676,12.674254252609089,0.06222321355199978,0.3017241379310345,0.375,0.07327586206896552,recent-form-k-v1-report-only
822878,2026-07-10,686613,Hunter Brown,,2026-08-14T16:33:23.214308+00:00,4,25,1.0.0,af865a250d51e64fedf7cf969c491dc9202d2e0b2b25534eee259e8e8fad6ed2,6.0,35.0,28.4,11.091549295774648,0.2734375,0.1328125,0.1796875,7.615384615384615,9.669421487603309,3.6666666666666665,5.2,0.0,0.0,0.0,1.0,0.0,0.0,0.0,70.0,6.0,1.0,0.0,0.0,0.0,0.0,0.0,0.0,26.0,16.0,10.0,0.1226567782549875,0.113176610707804,0.1378250463304811,0.0,0.4031702898550725,0.0,0.0,0.0,0.0,140.0,v1,2.3.0,11.091549295774648,7.615384615384615,9.669421487603309,8.847806738715832,-0.20229297974752503,0.2734375,0.16,-0.1134375,recent-form-k-v1-report-only
822878,2026-07-10,615698,Cal Quantrill,,2026-08-14T16:33:23.244465+00:00,1,23,1.0.0,c53417fcb170dde126c841de6aa81241a86ce3a5a0e5d2640faceecb93a0421e,10.0,14.0,19.6,6.428571428571428,0.1555555555555555,0.0444444444444444,0.2111111111111111,6.545454545454546,6.136363636363637,2.6666666666666665,1.8,0.0,0.0,0.0,1.0,0.0,0.0,0.0,70.0,6.0,1.0,0.0,0.0,0.0,0.0,0.0,0.0,26.0,21.0,5.0,0.1353891872330786,0.1246088349869862,0.1806666666666666,0.0,0.3844444444444444,0.0,0.0,0.0,0.0,117.0,v1,2.3.0,6.428571428571428,6.545454545454546,6.136363636363637,6.300000000000001,-0.019999999999999796,0.1555555555555555,0.043478260869565216,-0.11207729468599029,recent-form-k-v1-report-only
823685,2026-07-10,680570,Grayson Rodriguez,,2026-08-14T16:33:23.339242+00:00,0,23,1.0.0,592c1ee64275d7bf5cc96760fdaa5427c3e1a2ea5e37cc9dd563ce9cdaae455b,6.0,24.0,23.8,9.075630252100842,0.1951219512195122,0.1219512195121951,0.2601626016260163,8.653846153846155,8.737864077669904,3.333333333333333,4.0,0.0,0.0,0.0,1.0,0.0,0.0,0.0,70.0,26.0,1.0,0.0,0.0,0.0,0.0,0.0,0.0,26.0,16.0,10.0,0.1217126195467514,0.0768075208095369,0.1935607775262947,0.0,0.3436697402214643,0.0,0.0,0.0,0.0,142.0,v1,2.3.0,9.075630252100842,8.653846153846155,8.737864077669904,8.704256908140405,-0.04091984067712229,0.1951219512195122,0.0,-0.1951219512195122,recent-form-k-v1-report-only
823685,2026-07-10,805673,Zebby Matthews,,2026-08-14T16:33:23.371765+00:00,3,26,1.0.0,f516aa42ba177c51d3e500aad54554458a6df5f2aaedb54f26282fbb83d5c57c,10.0,51.0,60.3,7.611940298507462,0.2048192771084337,0.0642570281124498,0.2208835341365461,8.895348837209303,7.450331125827815,5.666666666666667,5.0,0.0,0.0,0.0,1.0,0.0,0.0,0.0,70.0,6.0,1.0,0.0,0.0,0.0,0.0,0.0,0.0,26.0,15.0,11.0,0.1466927863709924,0.1908621242966593,0.0864618710178103,0.0,0.4352701847958015,0.0,0.0,0.0,0.0,108.0,v1,2.3.0,7.611940298507462,8.895348837209303,7.450331125827815,8.02833821038041,0.05470325508919127,0.2048192771084337,0.11538461538461539,-0.08943466172381831,recent-form-k-v1-report-only
823033,2026-07-10,519242,Chris Sale,,2026-08-14T16:33:23.394161+00:00,5,11,1.0.0,9f6a438971e66180ca8dda842fe7aa96d22cf6719b3347dbdfb0286a770816d7,10.0,74.0,58.6,11.36518771331058,0.2901960784313726,0.0588235294117647,0.2313725490196078,11.11111111111111,10.827067669172934,6.666666666666667,6.4,0.0,0.0,1.0,1.0,0.0,0.0,0.0,70.0,6.0,1.0,0.0,0.0,0.0,0.0,0.0,0.0,26.0,10.0,16.0,0.1242513946196274,0.1625196812503314,0.1003337154754374,0.0,0.3975133913214408,0.0,0.0,0.0,0.0,138.0,v1,2.3.0,11.36518771331058,11.11111111111111,10.827067669172934,10.940685045948204,-0.03735113559674952,0.2901960784313726,0.45454545454545453,0.16434937611408196,recent-form-k-v1-report-only
823033,2026-07-10,681517,Kyle Leahy,,2026-08-14T16:33:23.395023+00:00,2,10,1.0.0,acbef637a9b647b6a3366633f13035e213ab26d02b5537f3b50ac66271159773,10.0,46.0,51.2,8.0859375,0.2100456621004566,0.091324200913242,0.2191780821917808,7.826086956521738,8.634686346863468,4.666666666666667,5.2,0.0,0.0,0.0,1.0,0.0,0.0,0.0,70.0,6.0,1.0,0.0,0.0,0.0,0.0,0.0,0.0,26.0,14.0,12.0,0.135577696098291,0.1366373231214682,0.1343414645712509,0.0,0.4497711670480549,0.0,0.0,0.0,0.0,144.0,v1,2.3.0,8.0859375,7.826086956521738,8.634686346863468,8.311246590726775,0.02786431266959144,0.2100456621004566,0.2,-0.010045662100456598,recent-form-k-v1-report-only
823927,2026-07-10,593958,Eduardo Rodriguez,,2026-08-14T16:33:23.458201+00:00,5,25,1.0.0,74ea0d614fc92da954a28fc5bbb7ac8a903aed71f4a07eef740ea4174e72750a,10.0,41.0,58.6,6.296928327645051,0.1729957805907173,0.0675105485232067,0.2151898734177215,4.21875,5.387323943661972,3.0,3.4,0.0,0.0,1.0,1.0,0.0,0.0,0.0,70.0,5.0,1.0,0.0,0.0,0.0,0.0,0.0,0.0,26.0,8.0,18.0,0.0984432234432234,0.1223214285714285,0.0878306878306878,0.0,0.3333333333333333,0.0,0.0,0.0,0.0,119.0,v1,2.3.0,6.296928327645051,4.21875,5.387323943661972,4.919894366197183,-0.21868344211611124,0.1729957805907173,0.2,0.027004219409282715,recent-form-k-v1-report-only
823927,2026-07-10,669165,Kyle Hurt,,2026-08-14T16:33:23.506620+00:00,1,9,1.0.0,25876924e5b30541271248cebb30592244deccea035ffeed1129d84314607f21,10.0,10.0,8.2,10.975609756097562,0.2325581395348837,0.1860465116279069,0.2558139534883721,12.0,10.975609756097562,1.3333333333333333,1.0,0.0,0.0,0.0,1.0,0.0,0.0,0.0,70.0,5.0,1.0,0.0,0.0,0.0,0.0,0.0,0.0,25.0,15.0,10.0,0.1228973141753327,0.1232753124641669,0.1223303167420814,0.0,0.3933952528379773,0.0,0.0,0.0,0.0,109.0,v1,2.3.0,10.975609756097562,12.0,10.975609756097562,11.385365853658538,0.03733333333333344,0.2325581395348837,0.1111111111111111,-0.12144702842377259,recent-form-k-v1-report-only
823200,2026-07-10,685299,Tanner Gordon,,2026-08-14T16:33:23.619682+00:00,1,23,1.0.0,3280bdabc197bfe4008c39e6c26bd5efe307d9b1603c1e834ff4f8b8f33313a9,10.0,42.0,41.1,9.197080291970805,0.2198952879581152,0.0471204188481675,0.3141361256544502,9.0,7.842323651452282,4.333333333333333,4.2,0.0,0.0,0.0,1.0,0.0,0.0,0.0,70.0,5.0,1.0,0.0,0.0,0.0,0.0,0.0,0.0,26.0,16.0,10.0,0.1071227353168756,0.1085995828583894,0.1047597792504535,0.0,0.4462790964338952,0.0,0.0,0.0,0.0,137.0,v1,2.3.0,9.197080291970805,9.0,7.842323651452282,8.305394190871368,-0.09695317131001802,0.2198952879581152,0.043478260869565216,-0.17641702708854998,recent-form-k-v1-report-only
823200,2026-07-10,592662,Robbie Ray,,2026-08-14T16:33:23.620620+00:00,4,23,1.0.0,62d9ec7d42c621a31c8b130bb01ae50c4fdca702bdcc27ea849b44e586c179fd,10.0,39.0,54.60000000000001,6.428571428571428,0.1625,0.1166666666666666,0.1958333333333333,4.909090909090909,6.216216216216216,4.0,4.6,0.0,0.0,1.0,1.0,0.0,0.0,0.0,70.0,6.0,1.0,0.0,0.0,0.0,0.0,0.0,0.0,26.0,9.0,17.0,0.1283993665617887,0.1421436950848715,0.121122957343686,0.0,0.4469763881528588,0.0,0.0,0.0,0.0,115.0,v1,2.3.0,6.428571428571428,4.909090909090909,6.216216216216216,5.693366093366093,-0.11436527436527433,0.1625,0.17391304347826086,0.01141304347826086,recent-form-k-v1-report-only
823357,2026-07-10,687075,Brandon Sproat,,2026-08-14T16:33:23.768308+00:00,3,16,1.0.0,a77db75d2a18daed4c55959b1c32f8d1740f973422be1177ac0936d9397a3224,10.0,54.0,46.7,10.406852248394005,0.2634146341463415,0.0926829268292682,0.2048780487804878,12.516556291390728,11.11111111111111,7.0,6.0,0.0,0.0,0.0,1.0,0.0,0.0,0.0,70.0,5.0,1.0,0.0,0.0,0.0,0.0,0.0,0.0,29.0,17.0,12.0,0.1520448045472696,0.1593137254901961,0.1417471665447905,0.0,0.631547619047619,0.0,0.0,0.0,0.0,134.0,v1,2.3.0,10.406852248394005,12.516556291390728,11.11111111111111,11.673289183222957,0.1216926025854157,0.2634146341463415,0.1875,-0.07591463414634148,recent-form-k-v1-report-only
823357,2026-07-10,677952,Braxton Ashcraft,,2026-08-14T16:33:23.769205+00:00,6,22,1.0.0,da7ff1351f9c7d6288c80a7f7ce4d017afeada8a7a626f0ad16e86449a49ffe3,10.0,71.0,58.50000000000001,10.923076923076922,0.2862903225806452,0.0443548387096774,0.2298387096774193,13.08139534883721,11.48936170212766,8.333333333333334,7.2,0.0,0.0,0.0,1.0,0.0,0.0,0.0,70.0,6.0,1.0,0.0,0.0,0.0,0.0,0.0,0.0,27.0,17.0,10.0,0.1068706224767083,0.0588527748264056,0.1885009634822228,0.0,0.3828828828828829,0.0,0.0,0.0,0.0,158.0,v1,2.3.0,10.923076923076922,13.08139534883721,11.48936170212766,12.12617516081148,0.11014279641231872,0.2862903225806452,0.2727272727272727,-0.013563049853372477,recent-form-k-v1-report-only
823357,2026-07-11,687075,Brandon Sproat,,2026-08-14T16:33:23.893052+00:00,3,16,1.0.0,dd72a3f9e9f1a251b09ceeae27a52ae1e9f15f9508a86c6b069f78f2bdd4c6c8,10.0,54.0,46.7,10.406852248394005,0.2634146341463415,0.0926829268292682,0.2048780487804878,12.516556291390728,11.11111111111111,7.0,6.0,0.0,0.0,0.0,1.0,0.0,0.0,0.0,70.0,6.0,1.0,0.0,0.0,0.0,0.0,0.0,0.0,29.0,17.0,12.0,0.1520448045472696,0.1593137254901961,0.1417471665447905,0.0,0.631547619047619,0.0,0.0,0.0,0.0,134.0,v1,2.3.0,10.406852248394005,12.516556291390728,11.11111111111111,11.673289183222957,0.1216926025854157,0.2634146341463415,0.1875,-0.07591463414634148,recent-form-k-v1-report-only
823357,2026-07-11,677952,Braxton Ashcraft,,2026-08-14T16:33:23.893899+00:00,6,22,1.0.0,9bca9dd97fa457e060c5da31f1b0d5dcf3bc07c3cc842c26151eeb7902798d1a,10.0,71.0,58.50000000000001,10.923076923076922,0.2862903225806452,0.0443548387096774,0.2298387096774193,13.08139534883721,11.48936170212766,8.333333333333334,7.2,0.0,0.0,0.0,1.0,0.0,0.0,0.0,70.0,7.0,1.0,0.0,0.0,0.0,0.0,0.0,0.0,27.0,17.0,10.0,0.1068706224767083,0.0588527748264056,0.1885009634822228,0.0,0.3828828828828829,0.0,0.0,0.0,0.0,158.0,v1,2.3.0,10.923076923076922,13.08139534883721,11.48936170212766,12.12617516081148,0.11014279641231872,0.2862903225806452,0.2727272727272727,-0.013563049853372477,recent-form-k-v1-report-only
823356,2026-07-11,675660,Shane Drohan,,2026-08-14T16:33:23.914520+00:00,6,25,1.0.0,008befc31cfe9a05ba94aae23cac6c3cbd8dcf3a47686811e793898f113ff6cb,10.0,41.0,41.5,8.891566265060241,0.2277777777777777,0.0777777777777777,0.2277777777777777,8.23529411764706,8.537549407114625,4.666666666666667,4.8,0.0,0.0,1.0,1.0,0.0,0.0,0.0,70.0,5.0,1.0,0.0,0.0,0.0,0.0,0.0,0.0,29.0,9.0,20.0,0.1520448045472696,0.1347956800543007,0.1598069105691057,0.0,0.631547619047619,0.0,0.0,0.0,0.0,134.0,v1,2.3.0,8.891566265060241,8.23529411764706,8.537549407114625,8.4166472913276,-0.05341229650380663,0.2277777777777777,0.24,0.012222222222222301,recent-form-k-v1-report-only
823356,2026-07-11,696149,Bubba Chandler,,2026-08-14T16:33:23.915312+00:00,6,21,1.0.0,597429bc99de85bb1334765dcdcbef8953f979a63288a3307ec6fb35152a9889,10.0,45.0,49.5,8.181818181818182,0.198237885462555,0.1101321585903083,0.2070484581497797,5.921052631578948,5.795454545454546,3.333333333333333,3.4,0.0,0.0,0.0,1.0,0.0,0.0,0.0,70.0,6.0,1.0,0.0,0.0,0.0,0.0,0.0,0.0,27.0,17.0,10.0,0.1068706224767083,0.0588527748264056,0.1885009634822228,0.0,0.3828828828828829,0.0,0.0,0.0,0.0,158.0,v1,2.3.0,8.181818181818182,5.921052631578948,5.795454545454546,5.845693779904307,-0.2855263157894735,0.198237885462555,0.2857142857142857,0.0874764002517307,recent-form-k-v1-report-only
823682,2026-07-11,696270,Ryan Johnson,,2026-08-14T16:33:23.935412+00:00,1,18,1.0.0,30154bf7cbc54fe1b091b8e4835795318ae8853850ce1d1edb308b8954a66d87,8.0,24.0,28.1,7.686832740213522,0.183206106870229,0.0763358778625954,0.2595419847328244,10.2,7.772727272727272,5.666666666666667,3.8,0.0,0.0,0.0,1.0,0.0,0.0,0.0,70.0,6.0,1.0,0.0,0.0,0.0,0.0,0.0,0.0,26.0,16.0,10.0,0.1232942017571998,0.0863129279489573,0.1824642398503879,0.0,0.344905273937532,0.0,0.0,0.0,0.0,142.0,v1,2.3.0,7.686832740213522,10.2,7.772727272727272,8.743636363636362,0.13748232323232323,0.183206106870229,0.05555555555555555,-0.12765055131467345,recent-form-k-v1-report-only
823682,2026-07-11,657746,Joe Ryan,,2026-08-14T16:33:23.936198+00:00,6,26,1.0.0,c6a63f70c70f1380bd824098b300f5d314200941663343ad127341d4cb8aedf1,10.0,77.0,59.2,11.70608108108108,0.3168724279835391,0.0411522633744856,0.2139917695473251,12.176470588235292,12.214285714285714,7.666666666666667,7.6,0.0,0.0,0.0,1.0,0.0,0.0,0.0,70.0,6.0,1.0,0.0,0.0,0.0,0.0,0.0,0.0,26.0,15.0,11.0,0.144352115469964,0.1937453203737895,0.0769977451465654,0.0,0.4255376344086021,0.0,0.0,0.0,0.0,108.0,v1,2.3.0,11.70608108108108,12.176470588235292,12.214285714285714,12.199159663865544,0.042121575903088404,0.3168724279835391,0.23076923076923078,-0.08610319721430831,recent-form-k-v1-report-only
824576,2026-07-11,695611,Gage Jump,,2026-08-14T16:33:24.022957+00:00,7,23,1.0.0,e3bdfb30524d5a0d3203a21897057433b852454de3cf2ee962aef33813372b0f,8.0,41.0,42.3,8.72340425531915,0.2265193370165746,0.0718232044198895,0.2375690607734806,11.065573770491804,10.413223140495868,5.0,5.6,0.0,0.0,1.0,1.0,0.0,0.0,0.0,70.0,6.0,1.0,0.0,0.0,0.0,0.0,0.0,0.0,26.0,13.0,13.0,0.1246381624940045,0.1234165602199657,0.1258597647680434,0.0,0.4396597554492291,0.0,0.0,0.0,0.0,145.0,v1,2.3.0,8.72340425531915,11.065573770491804,10.413223140495868,10.674163392494243,0.22362360840787665,0.2265193370165746,0.30434782608695654,0.07782848907038195,recent-form-k-v1-report-only
824576,2026-07-11,663542,Bryan Hudson,,2026-08-14T16:33:24.043076+00:00,0,3,1.0.0,da307fea23f7cfdc779e6df3a26fdcc39ece5a84459176ebe5a2109f1ea56cbd,10.0,11.0,8.600000000000001,11.511627906976742,0.2619047619047619,0.0714285714285714,0.2142857142857142,27.69230769230769,21.176470588235293,1.3333333333333333,1.6,0.0,0.0,1.0,1.0,0.0,0.0,0.0,70.0,3.0,1.0,0.0,0.0,0.0,0.0,0.0,0.0,26.0,8.0,18.0,0.1229212850572258,0.1061874304783092,0.1303585537589665,0.0,0.3825332431823303,0.0,0.0,0.0,0.0,133.0,v1,2.3.0,11.511627906976742,27.69230769230769,21.176470588235293,23.782805429864254,1.0659810777457843,0.2619047619047619,0.0,-0.2619047619047619,recent-form-k-v1-report-only
823198,2026-07-11,607536,Kyle Freeland,,2026-08-14T16:33:24.077867+00:00,9,24,1.0.0,3bafcc8525549f96c365af83a700a4bac56bbb49ffc5dadfdcd12d2da315d993,10.0,42.0,49.900000000000006,7.5751503006012015,0.1735537190082644,0.0413223140495867,0.3223140495867768,7.3125,7.950530035335689,4.333333333333333,5.0,0.0,0.0,1.0,1.0,0.0,0.0,0.0,70.0,5.0,1.0,0.0,0.0,0.0,0.0,0.0,0.0,26.0,10.0,16.0,0.1080667686524266,0.0988634317751587,0.1138188542007192,0.0,0.4685627111256402,0.0,0.0,0.0,0.0,137.0,v1,2.3.0,7.5751503006012015,7.3125,7.950530035335689,7.6953180212014125,0.015863410735318828,0.1735537190082644,0.375,0.2014462809917356,recent-form-k-v1-report-only
823198,2026-07-11,641816,Tyler Mahle,,2026-08-14T16:33:24.145767+00:00,4,29,1.0.0,c6712204d98cb63701981fbe9acdbb491b069d9397665d9797049d60ba3e7d98,10.0,48.0,50.7,8.520710059171597,0.2181818181818181,0.0772727272727272,0.2409090909090909,8.059701492537314,8.076923076923077,4.0,4.2,0.0,0.0,0.0,1.0,0.0,0.0,0.0,70.0,6.0,1.0,0.0,0.0,0.0,0.0,0.0,0.0,26.0,15.0,11.0,0.1249028229053788,0.0865899330415459,0.1771476727196963,0.0,0.473063973063973,0.0,0.0,0.0,0.0,115.0,v1,2.3.0,8.520710059171597,8.059701492537314,8.076923076923077,8.070034443168772,-0.052891791044775927,0.2181818181818181,0.13793103448275862,-0.08025078369905947,recent-form-k-v1-report-only
822711,2026-07-11,693645,Cam Schlittler,,2026-08-14T16:33:24.167580+00:00,6,27,1.0.0,fb5b8b2e0c68c7952ac2d01e2c76eba58931b45aea3cf75350f69304714f3f2e,10.0,72.0,57.50000000000001,11.269565217391303,0.3,0.05,0.2041666666666666,11.647058823529411,12.6,7.333333333333333,8.4,0.0,0.0,0.0,1.0,0.0,0.0,0.0,70.0,5.0,1.0,0.0,0.0,0.0,0.0,0.0,0.0,25.0,12.0,13.0,0.1248576556069825,0.0958333333333333,0.1516493377057357,0.0,0.4052579365079365,0.0,0.0,0.0,0.0,120.0,v1,2.3.0,11.269565217391303,11.647058823529411,12.6,12.218823529411765,0.084232026143791,0.3,0.2222222222222222,-0.07777777777777778,recent-form-k-v1-report-only
822711,2026-07-11,676571,PJ Poulin,,2026-08-14T16:33:24.186878+00:00,3,7,1.0.0,e3a5a0233b4bac2fdc8d6424a7cbcbafae0afa0cc002496120a71a489cf2b54b,10.0,6.0,9.7,5.567010309278351,0.1395348837209302,0.1162790697674418,0.1395348837209302,3.75,6.0,0.3333333333333333,0.6,0.0,0.0,1.0,1.0,0.0,0.0,0.0,70.0,6.0,1.0,0.0,0.0,0.0,0.0,0.0,0.0,26.0,8.0,18.0,0.1576820486658082,0.2504239665933214,0.1164634184758023,0.0,0.4293087557603687,0.0,0.0,0.0,0.0,147.0,v1,2.3.0,5.567010309278351,3.75,6.0,5.1,-0.08388888888888901,0.1395348837209302,0.42857142857142855,0.28903654485049834,recent-form-k-v1-report-only
823603,2026-07-11,642547,Freddy Peralta,,2026-08-14T16:33:24.280526+00:00,6,21,1.0.0,541a6c187142c89700818e01bb34ba7f3068ea2ec3775d2f3d0239531cd41951,10.0,48.0,48.8,8.852459016393443,0.2042553191489361,0.0851063829787234,0.2638297872340425,10.074626865671643,8.300970873786408,5.0,3.8,0.0,0.0,0.0,1.0,0.0,0.0,0.0,70.0,5.0,1.0,0.0,0.0,0.0,0.0,0.0,0.0,25.0,13.0,12.0,0.133999827927749,0.1452461555849959,0.1218163062990649,0.0,0.4134328846972525,0.0,0.0,0.0,0.0,111.0,v1,2.3.0,8.852459016393443,10.074626865671643,8.300970873786408,9.010433270540503,0.01784523982031616,0.2042553191489361,0.2857142857142857,0.0814589665653496,recent-form-k-v1-report-only
822953,2026-07-11,669302,Logan Gilbert,,2026-08-14T16:33:24.302248+00:00,5,30,1.0.0,c76826fcb84d1f3e1740a281ad185769f226e28b6f6687054b359dbd94491756,10.0,71.0,61.70000000000001,10.356564019448944,0.3034188034188034,0.0512820512820512,0.141025641025641,9.801980198019802,10.03012048192771,7.333333333333333,7.4,0.0,0.0,0.0,1.0,0.0,0.0,0.0,70.0,7.0,1.0,0.0,0.0,0.0,0.0,0.0,0.0,26.0,15.0,11.0,0.1095559287779804,0.0900356402723691,0.136174504012905,0.0,0.323063973063973,0.0,0.0,0.0,0.0,139.0,v1,2.3.0,10.356564019448944,9.801980198019802,10.03012048192771,9.938864368364547,-0.04033187554289097,0.3034188034188034,0.16666666666666666,-0.13675213675213674,recent-form-k-v1-report-only
822953,2026-07-11,643377,Griffin Jax,,2026-08-14T16:33:24.303045+00:00,3,21,1.0.0,6c6b32e83ae85fa8fce8f407f169fe1145beb46d90e1d40011f37af71642eca5,10.0,51.0,47.0,9.76595744680851,0.2727272727272727,0.0641711229946524,0.2192513368983957,12.375,11.076923076923077,7.333333333333333,6.4,0.0,0.0,0.0,1.0,0.0,0.0,0.0,70.0,5.0,1.0,0.0,0.0,0.0,0.0,0.0,0.0,26.0,16.0,10.0,0.1604677242648073,0.0966815996503496,0.2625255236479394,0.0,0.4511328976034858,0.0,0.0,0.0,0.0,136.0,v1,2.3.0,9.76595744680851,12.375,11.076923076923077,11.596153846153847,0.18740573152337858,0.2727272727272727,0.14285714285714285,-0.12987012987012986,recent-form-k-v1-report-only
823844,2026-07-11,676440,Tanner Bibee,,2026-08-14T16:33:24.326188+00:00,3,27,1.0.0,4f701700226b564c97ac39720938aad0cd8ad64640653579b95742c95fab077e,10.0,39.0,60.3,5.820895522388059,0.1652542372881356,0.0508474576271186,0.2033898305084746,3.176470588235294,6.494845360824742,2.0,4.2,0.0,0.0,0.0,1.0,0.0,0.0,0.0,70.0,6.0,1.0,0.0,0.0,0.0,0.0,0.0,0.0,26.0,18.0,8.0,0.1063349681915688,0.0861652840185632,0.1517167575808313,0.0,0.4431788630571591,0.0,0.0,0.0,0.0,146.0,v1,2.3.0,5.820895522388059,3.176470588235294,6.494845360824742,5.167495451788962,-0.11225078135933197,0.1652542372881356,0.1111111111111111,-0.05414312617702449,recent-form-k-v1-report-only
823844,2026-07-11,691587,Eury Pérez,,2026-08-14T16:33:24.326990+00:00,6,26,1.0.0,5ade7e2a31162caf544d52989e1ab1208f9f33c0231d8f01cc87b822af6b7527,10.0,62.0,52.5,10.628571428571428,0.2938388625592417,0.0947867298578199,0.1563981042654028,9.386503067484664,10.568181818181818,5.666666666666667,6.2,0.0,0.0,0.0,1.0,0.0,0.0,0.0,70.0,6.0,1.0,0.0,0.0,0.0,0.0,0.0,0.0,26.0,14.0,12.0,0.1515820751398874,0.1077339055280231,0.2027382730203956,0.0,0.4415478312537136,0.0,0.0,0.0,0.0,114.0,v1,2.3.0,10.628571428571428,9.386503067484664,10.568181818181818,10.095510317902956,-0.050153599122033654,0.2938388625592417,0.23076923076923078,-0.0630696317900109,recent-form-k-v1-report-only
824249,2026-07-11,650911,Cristopher Sánchez,,2026-08-14T16:33:24.362093+00:00,7,29,1.0.0,661d33133ba85e17fcf736179be7b6b760430e6ab827a1f2a32d2a6ed9835259,10.0,70.0,64.3,9.79782270606532,0.2692307692307692,0.0384615384615384,0.2269230769230769,9.536423841059603,8.212927756653992,5.333333333333333,4.8,0.0,0.0,1.0,1.0,0.0,0.0,0.0,70.0,5.0,1.0,0.0,0.0,0.0,0.0,0.0,0.0,26.0,8.0,18.0,0.1376494063069219,0.2012462928679385,0.1093841233909145,0.0,0.3851726089417091,0.0,0.0,0.0,0.0,116.0,v1,2.3.0,9.79782270606532,9.536423841059603,8.212927756653992,8.742326190416236,-0.10772766024799385,0.2692307692307692,0.2413793103448276,-0.02785145888594162,recent-form-k-v1-report-only
824249,2026-07-11,663554,Casey Mize,,2026-08-14T16:33:24.362929+00:00,5,24,1.0.0,629984658436182f7fd427459904ec4e5b0acabf11d6c3927b0c739aa8b3bde0,10.0,54.0,53.1,9.152542372881356,0.2583732057416268,0.0478468899521531,0.1770334928229665,9.782608695652174,9.812030075187971,6.666666666666667,5.8,0.0,0.0,0.0,1.0,0.0,0.0,0.0,70.0,6.0,1.0,0.0,0.0,0.0,0.0,0.0,0.0,26.0,12.0,14.0,0.1290102493383917,0.1079399204399204,0.1470705312513671,0.0,0.4288288288288288,0.0,0.0,0.0,0.0,143.0,v1,2.3.0,9.152542372881356,9.782608695652174,9.812030075187971,9.800261523373653,0.07076931459082503,0.2583732057416268,0.20833333333333334,-0.05003987240829347,recent-form-k-v1-report-only
824813,2026-07-11,702070,Noah Cameron,,2026-08-14T16:33:24.427513+00:00,9,27,1.0.0,3e0eb8f16354ca6133b627bfe0d47ec21e83ab506f444f2fbf86b9d7a2f74d13,10.0,50.0,52.3,8.604206500956023,0.2155172413793103,0.0689655172413793,0.2370689655172413,8.181818181818182,7.66816143497758,4.0,3.8,0.0,0.0,1.0,1.0,0.0,0.0,0.0,70.0,5.0,1.0,0.0,0.0,0.0,0.0,0.0,0.0,25.0,7.0,18.0,0.134089708678571,0.1859244075232855,0.1139317702389597,0.0,0.4307031669350509,0.0,0.0,0.0,0.0,110.0,v1,2.3.0,8.604206500956023,8.181818181818182,7.66816143497758,7.87362413371382,-0.08490990623726047,0.2155172413793103,0.3333333333333333,0.11781609195402301,recent-form-k-v1-report-only
824813,2026-07-11,680694,Kyle Bradish,,2026-08-14T16:33:24.428341+00:00,5,25,1.0.0,6b6b7ad65467a261187b3513f21d84b7ddb7c046f5eb7fcc4d0e9eb41c104289,10.0,56.0,58.5,8.615384615384615,0.2295081967213114,0.1065573770491803,0.1926229508196721,7.5,9.769736842105264,5.333333333333333,6.6,0.0,0.0,0.0,1.0,0.0,0.0,0.0,70.0,6.0,1.0,0.0,0.0,0.0,0.0,0.0,0.0,26.0,17.0,9.0,0.1168901917817781,0.0883519419977197,0.1707957747072216,0.0,0.3598585322723253,0.0,0.0,0.0,0.0,118.0,v1,2.3.0,8.615384615384615,7.5,9.769736842105264,8.861842105263158,0.02860667293233088,0.2295081967213114,0.2,-0.029508196721311386,recent-form-k-v1-report-only
822875,2026-07-11,663567,Peter Lambert,,2026-08-14T16:33:24.462675+00:00,7,23,1.0.0,3b021daa4790ccbbffa0e4905510d15d70a00e766a69403c39ee02c3f12816c1,10.0,51.0,55.8,8.225806451612902,0.2142857142857142,0.088235294117647,0.1890756302521008,9.863013698630136,8.772563176895305,5.333333333333333,5.4,0.0,0.0,0.0,1.0,0.0,0.0,0.0,70.0,6.0,1.0,0.0,0.0,0.0,0.0,0.0,0.0,26.0,16.0,10.0,0.1203284099732641,0.1140087424393443,0.1304398780275358,0.0,0.3727838314093574,0.0,0.0,0.0,0.0,140.0,v1,2.3.0,8.225806451612902,9.863013698630136,8.772563176895305,9.208743385589237,0.11949429393437794,0.2142857142857142,0.30434782608695654,0.09006211180124235,recent-form-k-v1-report-only
822875,2026-07-11,677958,Kumar Rocker,,2026-08-14T16:33:24.463490+00:00,6,28,1.0.0,c5df8ffb6df7908430b900b792a149bb7cb93a7d4f8549a41b97f203acefafd7,10.0,47.0,50.6,8.359683794466402,0.216589861751152,0.0875576036866359,0.2073732718894009,10.728476821192054,10.044642857142858,6.0,5.0,0.0,0.0,0.0,1.0,0.0,0.0,0.0,70.0,6.0,1.0,0.0,0.0,0.0,0.0,0.0,0.0,26.0,21.0,5.0,0.1281646395594844,0.1191000841313323,0.1662357723577235,0.0,0.3594444444444444,0.0,0.0,0.0,0.0,117.0,v1,2.3.0,8.359683794466402,10.728476821192054,10.044642857142858,10.318176442762535,0.2342783167938165,0.216589861751152,0.21428571428571427,-0.0023041474654377225,recent-form-k-v1-report-only
824492,2026-07-11,665871,Javier Assad,,2026-08-14T16:33:24.485971+00:00,4,20,1.0.0,413325fb8e5170e1d59bfe2d2992bde33fab10f11bb0cb0e6fdfb22542d4d6b4,10.0,24.0,37.10000000000001,5.822102425876009,0.1538461538461538,0.0705128205128205,0.2051282051282051,6.315789473684211,5.575221238938052,2.6666666666666665,2.8,0.0,0.0,0.0,1.0,0.0,0.0,0.0,70.0,6.0,1.0,0.0,0.0,0.0,0.0,0.0,0.0,26.0,14.0,12.0,0.1419059401872129,0.1189250907331688,0.1687169312169312,0.0,0.5037037037037037,0.0,0.0,0.0,0.0,113.0,v1,2.3.0,5.822102425876009,6.315789473684211,5.575221238938052,5.871448532836515,0.008475650778864807,0.1538461538461538,0.2,0.04615384615384621,recent-form-k-v1-report-only
824492,2026-07-11,666157,Nick Lodolo,,2026-08-14T16:33:24.555950+00:00,4,22,1.0.0,6d4543877dc95ee62fe8998fa210db0834843b814272cc29620ac105b66742c1,10.0,44.0,50.7,7.810650887573964,0.1864406779661017,0.097457627118644,0.2330508474576271,8.4,7.777777777777779,4.666666666666667,4.2,0.0,0.0,1.0,1.0,0.0,0.0,0.0,70.0,6.0,1.0,0.0,0.0,0.0,0.0,0.0,0.0,26.0,6.0,20.0,0.128881451930742,0.1414786967418546,0.1251022784874083,0.0,0.3427120669056153,0.0,0.0,0.0,0.0,112.0,v1,2.3.0,7.810650887573964,8.4,7.777777777777779,8.026666666666667,0.027656565656565713,0.1864406779661017,0.18181818181818182,-0.0046224961479198745,recent-form-k-v1-report-only
823030,2026-07-11,625643,Reynaldo López,,2026-08-14T16:33:24.578603+00:00,3,21,1.0.0,f920f87ff754a8189b8a8d9be6e77497d4fdc5201c1f73702bca45c7c860dd83,10.0,22.0,24.1,8.215767634854771,0.2222222222222222,0.0808080808080808,0.1919191919191919,8.307692307692308,8.0,4.0,3.2,0.0,0.0,0.0,1.0,0.0,0.0,0.0,70.0,5.0,1.0,0.0,0.0,0.0,0.0,0.0,0.0,26.0,15.0,11.0,0.1281412143650744,0.1144534512984929,0.1468063458195037,0.0,0.3895768833849329,0.0,0.0,0.0,0.0,138.0,v1,2.3.0,8.215767634854771,8.307692307692308,8.0,8.123076923076923,-0.011282051282051286,0.2222222222222222,0.14285714285714285,-0.07936507936507936,recent-form-k-v1-report-only
823030,2026-07-11,669461,Matthew Liberatore,,2026-08-14T16:33:24.629156+00:00,6,22,1.0.0,76e096827fd843508d5f5672ebe90fe0cee771251d9ef7c7ebbaf8e32bf76d57,10.0,53.0,43.8,10.89041095890411,0.2511848341232227,0.0900473933649289,0.2606635071090047,8.940397350993377,9.264705882352942,5.0,4.2,0.0,0.0,1.0,1.0,0.0,0.0,0.0,70.0,6.0,1.0,0.0,0.0,0.0,0.0,0.0,0.0,26.0,10.0,16.0,0.1233399941609838,0.1043536662685598,0.1352064490937488,0.0,0.4033138401559454,0.0,0.0,0.0,0.0,144.0,v1,2.3.0,10.89041095890411,8.940397350993377,9.264705882352942,9.134982469809117,-0.1611902889357666,0.2511848341232227,0.2727272727272727,0.02154243860405003,recent-form-k-v1-report-only
823276,2026-07-11,702056,Trey Yesavage,,2026-08-14T16:33:24.703375+00:00,1,13,1.0.0,ec84ea6b8c3570ad200a84bffcca6c8b9cf8416d19b414c5d90f22ee95474f9a,10.0,53.0,57.900000000000006,8.238341968911916,0.2199170124481327,0.1120331950207468,0.1410788381742738,7.758620689655173,7.322033898305085,5.0,4.8,0.0,0.0,0.0,1.0,0.0,0.0,0.0,70.0,6.0,1.0,0.0,0.0,0.0,0.0,0.0,0.0,26.0,17.0,9.0,0.1246848506108841,0.1260419327851178,0.1221214731706648,0.0,0.3246929541047188,0.0,0.0,0.0,0.0,135.0,v1,2.3.0,8.238341968911916,7.758620689655173,7.322033898305085,7.49666861484512,-0.09002701719175576,0.2199170124481327,0.07692307692307693,-0.14299393552505577,recent-form-k-v1-report-only
823276,2026-07-11,621111,Walker Buehler,,2026-08-14T16:33:24.704240+00:00,1,13,1.0.0,f11a331d0718e4c89cd5bbdaea2d0f6be0651beeda73118c9e473bc400c75c7b,10.0,49.0,49.5,8.909090909090908,0.2258064516129032,0.0875576036866359,0.2442396313364055,9.574468085106384,10.041322314049587,5.0,5.4,0.0,0.0,0.0,1.0,0.0,0.0,0.0,70.0,5.0,1.0,0.0,0.0,0.0,0.0,0.0,0.0,26.0,15.0,11.0,0.1059733154904942,0.0798535090251468,0.1415912333977861,0.0,0.3881729473579496,0.0,0.0,0.0,0.0,141.0,v1,2.3.0,8.909090909090908,9.574468085106384,10.041322314049587,9.854580622472305,0.1061263963999528,0.2258064516129032,0.07692307692307693,-0.14888337468982626,recent-form-k-v1-report-only
823926,2026-07-11,694297,Brandon Pfaadt,,2026-08-14T16:33:24.789659+00:00,2,22,1.0.0,f0a163e8e21138162c2efa9aa1e268e3c6810e61f0398b6773beddfe31bcf630,10.0,20.0,20.7,8.695652173913043,0.202020202020202,0.0707070707070707,0.2424242424242424,7.297297297297297,8.000000000000002,3.0,2.4,0.0,0.0,0.0,1.0,0.0,0.0,0.0,70.0,5.0,1.0,0.0,0.0,0.0,0.0,0.0,0.0,26.0,14.0,12.0,0.0968209310822964,0.0570778311324529,0.1431878810237805,0.0,0.3375205254515599,0.0,0.0,0.0,0.0,119.0,v1,2.3.0,8.695652173913043,7.297297297297297,8.000000000000002,7.71891891891892,-0.11232432432432415,0.202020202020202,0.09090909090909091,-0.11111111111111108,recent-form-k-v1-report-only
823926,2026-07-11,808967,Yoshinobu Yamamoto,,2026-08-14T16:33:24.790481+00:00,6,27,1.0.0,4071355b270be1f00ae881e063e282090ce14d9fdfe8ef88c785027bdfe4147a,10.0,68.0,66.30000000000001,9.23076923076923,0.2709163346613545,0.047808764940239,0.1673306772908366,9.473684210526317,7.948717948717948,6.666666666666667,6.2,0.0,0.0,0.0,1.0,0.0,0.0,0.0,70.0,7.0,1.0,0.0,0.0,0.0,0.0,0.0,0.0,25.0,15.0,10.0,0.1212532606024866,0.1197342703163136,0.123531746031746,0.0,0.3833333333333333,0.0,0.0,0.0,0.0,109.0,v1,2.3.0,9.23076923076923,9.473684210526317,7.948717948717948,8.558704453441296,-0.07280701754385954,0.2709163346613545,0.2222222222222222,-0.0486941124391323,recent-form-k-v1-report-only
823358,2026-07-12,688107,Robert Gasser,,2026-08-14T16:33:24.916452+00:00,3,18,1.0.0,2b3a6da72d54ee84501f5ee6e5e45adfaa60e2db2e9847f7111e784226376092,8.0,40.0,41.7,8.633093525179858,0.2185792349726776,0.0765027322404371,0.2021857923497267,7.82608695652174,8.811188811188812,5.333333333333333,5.6,0.0,0.0,1.0,1.0,0.0,0.0,0.0,70.0,5.0,1.0,0.0,0.0,0.0,0.0,0.0,0.0,27.0,9.0,18.0,0.1195921806751196,0.1273656101242308,0.1157054659505639,0.0,0.413292589763178,0.0,0.0,0.0,0.0,134.0,v1,2.3.0,8.633093525179858,7.82608695652174,8.811188811188812,8.417148069321982,-0.025013681970203927,0.2185792349726776,0.16666666666666666,-0.05191256830601093,recent-form-k-v1-report-only
823358,2026-07-12,694973,Paul Skenes,,2026-08-14T16:33:24.917270+00:00,7,20,1.0.0,9697149467f847a6714d9d94faa16dbc66c0916cfd85f9e14c6045fde4f1be65,10.0,67.0,52.3,11.52963671128107,0.2851063829787234,0.0680851063829787,0.251063829787234,9.6,11.333333333333334,5.333333333333333,6.8,0.0,0.0,0.0,1.0,0.0,0.0,0.0,70.0,5.0,1.0,0.0,0.0,0.0,0.0,0.0,0.0,26.0,16.0,10.0,0.1003576918030235,0.0649417295267019,0.1570232314451381,0.0,0.3287581699346405,0.0,0.0,0.0,0.0,158.0,v1,2.3.0,11.52963671128107,9.6,11.333333333333334,10.64,-0.07716086235489206,0.2851063829787234,0.35,0.06489361702127655,recent-form-k-v1-report-only
824814,2026-07-12,607625,Seth Lugo,,2026-08-14T16:33:24.937024+00:00,6,19,1.0.0,6de09cbe16206a3726eea170eae71db838a007488866cf591138a7f0dec4a296,10.0,38.0,52.3,6.539196940726577,0.1617021276595744,0.0638297872340425,0.2723404255319149,8.344370860927153,5.950413223140496,4.666666666666667,3.2,0.0,0.0,0.0,1.0,0.0,0.0,0.0,70.0,5.0,1.0,0.0,0.0,0.0,0.0,0.0,0.0,26.0,16.0,10.0,0.134787441592478,0.1064649576046634,0.1801034159729812,0.0,0.4120082815734989,0.0,0.0,0.0,0.0,110.0,v1,2.3.0,6.539196940726577,8.344370860927153,5.950413223140496,6.907996278255158,0.05639826126533576,0.1617021276595744,0.3157894736842105,0.1540873460246361,recent-form-k-v1-report-only
824814,2026-07-12,669358,Shane Baz,,2026-08-14T16:33:24.937834+00:00,9,22,1.0.0,45b63d2f172e769c79b75cd00a695cddbea862b80d96c1770b34d4d3dab931eb,10.0,52.0,62.2,7.524115755627009,0.1984732824427481,0.0877862595419847,0.2099236641221374,7.0,7.2,4.666666666666667,4.8,0.0,0.0,0.0,1.0,0.0,0.0,0.0,70.0,5.0,1.0,0.0,0.0,0.0,0.0,0.0,0.0,26.0,17.0,9.0,0.1240306275188619,0.0932539027820334,0.1821644409106492,0.0,0.3767215491353422,0.0,0.0,0.0,0.0,118.0,v1,2.3.0,7.524115755627009,7.0,7.2,7.120000000000001,-0.05370940170940153,0.1984732824427481,0.4090909090909091,0.21061762664816103,recent-form-k-v1-report-only
822708,2026-07-12,701542,Will Warren,,2026-08-14T16:33:24.985158+00:00,2,19,1.0.0,8ba6ca735c82c4207c17fd4c6dfd9268ceefbec31e98ffa32ef47edbfb979c56,10.0,41.0,49.8,7.409638554216867,0.173728813559322,0.0847457627118644,0.2457627118644068,6.293706293706293,7.276595744680851,3.333333333333333,3.8,0.0,0.0,0.0,1.0,0.0,0.0,0.0,70.0,5.0,1.0,0.0,0.0,0.0,0.0,0.0,0.0,24.0,12.0,12.0,0.1109833442546233,0.0944965384527794,0.1274701500564672,0.0,0.3394383394383394,0.0,0.0,0.0,0.0,120.0,v1,2.3.0,7.409638554216867,6.293706293706293,7.276595744680851,6.883439964291028,-0.07101541945340606,0.173728813559322,0.10526315789473684,-0.06846565566458515,recent-form-k-v1-report-only
822708,2026-07-12,676917,Cade Cavalli,,2026-08-14T16:33:24.986005+00:00,5,21,1.0.0,e288996a7d5ef4e9ebf3aa0cf4b47f6cb291cfadbdf0cb111a79d3c17396caeb,10.0,61.0,51.4,10.68093385214008,0.2747747747747748,0.0585585585585585,0.2297297297297297,13.70860927152318,11.704035874439462,7.666666666666667,5.8,0.0,0.0,0.0,1.0,0.0,0.0,0.0,70.0,7.0,1.0,0.0,0.0,0.0,0.0,0.0,0.0,26.0,17.0,9.0,0.1572515924995682,0.1147504456327985,0.2375315365812441,0.0,0.4350071225071225,0.0,0.0,0.0,0.0,147.0,v1,2.3.0,10.68093385214008,13.70860927152318,11.704035874439462,12.50586523327295,0.1708587850459553,0.2747747747747748,0.23809523809523808,-0.03667953667953672,recent-form-k-v1-report-only
824491,2026-07-12,571510,Matthew Boyd,,2026-08-14T16:33:25.007085+00:00,3,28,1.0.0,20f95fab837af367849f5efec9ba6cf86292710193624103ae31d3fa6c273fc7,8.0,44.0,37.8,10.476190476190474,0.2619047619047619,0.0714285714285714,0.238095238095238,7.697368421052632,7.857142857142858,4.333333333333333,4.4,0.0,0.0,1.0,1.0,0.0,0.0,0.0,70.0,5.0,1.0,0.0,0.0,0.0,0.0,0.0,0.0,26.0,8.0,18.0,0.1328750847864594,0.1273777946191739,0.1353183248608085,0.0,0.447956577266922,0.0,0.0,0.0,0.0,113.0,v1,2.3.0,10.476190476190474,7.697368421052632,7.857142857142858,7.7932330827067675,-0.2561004784688994,0.2619047619047619,0.10714285714285714,-0.15476190476190477,recent-form-k-v1-report-only
824491,2026-07-12,671096,Andrew Abbott,,2026-08-14T16:33:25.007914+00:00,3,19,1.0.0,f21c8ec5a77b496c10ede9e31d3df9b6d6e210a712e9cbf65e248a512d945d1c,10.0,48.0,54.2,7.970479704797047,0.2042553191489361,0.1063829787234042,0.2,9.50310559006211,9.655172413793103,5.666666666666667,5.6,0.0,0.0,1.0,1.0,0.0,0.0,0.0,70.0,5.0,1.0,0.0,0.0,0.0,0.0,0.0,0.0,26.0,6.0,20.0,0.1304153989708436,0.1422305764411027,0.1268708457297658,0.0,0.3622023809523809,0.0,0.0,0.0,0.0,112.0,v1,2.3.0,7.970479704797047,9.50310559006211,9.655172413793103,9.594345684300706,0.20373503724328312,0.2042553191489361,0.15789473684210525,-0.04636058230683085,recent-form-k-v1-report-only
823602,2026-07-12,801139,Payton Tolle,,2026-08-14T16:33:25.093081+00:00,7,15,1.0.0,ae62c26788b4b3d36583015adacb312dc413cf455b16ec3d12a90d91d8e46dbb,10.0,53.0,57.2,8.339160839160838,0.2217573221757322,0.0753138075313807,0.205020920502092,10.125,8.666666666666666,6.0,5.2,0.0,0.0,1.0,1.0,0.0,0.0,0.0,70.0,5.0,1.0,0.0,0.0,0.0,0.0,0.0,0.0,26.0,9.0,17.0,0.1120777192722894,0.1187466233905862,0.1085471229743675,0.0,0.3742690058479532,0.0,0.0,0.0,0.0,121.0,v1,2.3.0,8.339160839160838,10.125,8.666666666666666,9.25,0.10922431865828108,0.2217573221757322,0.4666666666666667,0.24490934449093446,recent-form-k-v1-report-only
822951,2026-07-12,676106,Emerson Hancock,,2026-08-14T16:33:25.188079+00:00,2,6,1.0.0,1b1b7016c777f3a059ee1024381ca8ba004b3f4157b094796a407ee169a81364,10.0,46.0,55.3,7.486437613019892,0.2044444444444444,0.08,0.1822222222222222,8.843930635838152,7.52851711026616,5.666666666666667,4.4,0.0,0.0,0.0,1.0,0.0,0.0,0.0,70.0,7.0,1.0,0.0,0.0,0.0,0.0,0.0,0.0,26.0,15.0,11.0,0.1121786470692543,0.0927813859619179,0.1386294576701676,0.0,0.3239770981706465,0.0,0.0,0.0,0.0,139.0,v1,2.3.0,7.486437613019892,8.843930635838152,7.52851711026616,8.054682520494957,0.07590324488736977,0.2044444444444444,0.3333333333333333,0.12888888888888891,recent-form-k-v1-report-only
822951,2026-07-12,693855,Ian Seymour,,2026-08-14T16:33:25.188865+00:00,3,19,1.0.0,c95df35bf3aeadbd5af2611c79ed2e07657da200d8fdeb1ce72353ee6fdcd59d,10.0,45.0,35.60000000000001,11.37640449438202,0.3,0.0866666666666666,0.16,14.046242774566473,12.047244094488187,9.0,6.8,0.0,0.0,1.0,1.0,0.0,0.0,0.0,70.0,5.0,1.0,0.0,0.0,0.0,0.0,0.0,0.0,26.0,9.0,17.0,0.1695936217338634,0.2500599260467682,0.126993813568208,0.0,0.494930926916221,0.0,0.0,0.0,0.0,136.0,v1,2.3.0,11.37640449438202,14.046242774566473,12.047244094488187,12.846843566519501,0.12925340979776379,0.3,0.15789473684210525,-0.14210526315789473,recent-form-k-v1-report-only
824250,2026-07-12,554430,Zack Wheeler,,2026-08-14T16:33:25.208644+00:00,10,22,1.0.0,e73b7f52e20165b7d44c333ac82c7819d7baa3c1751585cee9574147e79444d4,10.0,76.0,61.4,11.140065146579804,0.3193277310924369,0.0588235294117647,0.1764705882352941,14.34065934065934,13.775510204081634,9.666666666666666,9.0,0.0,0.0,0.0,1.0,0.0,0.0,0.0,70.0,5.0,1.0,0.0,0.0,0.0,0.0,0.0,0.0,25.0,16.0,9.0,0.1415887506502853,0.1176522034252297,0.1841426123837174,0.0,0.384067995556394,0.0,0.0,0.0,0.0,116.0,v1,2.3.0,11.140065146579804,14.34065934065934,13.775510204081634,14.001569858712717,0.25686606626456254,0.3193277310924369,0.45454545454545453,0.13521772345301764,recent-form-k-v1-report-only
824250,2026-07-12,669373,Tarik Skubal,,2026-08-14T16:33:25.209441+00:00,5,21,1.0.0,afd4339b83caef80cb6a74a487bc97ed3b2b5f98eaef2037b9086d00b99d9c5e,10.0,75.0,55.8,12.096774193548386,0.3275109170305676,0.0436681222707423,0.2096069868995633,14.294117647058824,13.295454545454549,9.0,7.8,0.0,0.0,1.0,1.0,0.0,0.0,0.0,70.0,5.0,1.0,0.0,0.0,0.0,0.0,0.0,0.0,26.0,13.0,13.0,0.1258039839096192,0.150423659604801,0.1011843082144373,0.0,0.3988639900404606,0.0,0.0,0.0,0.0,143.0,v1,2.3.0,12.096774193548386,14.294117647058824,13.295454545454549,13.694919786096259,0.13211336898395754,0.3275109170305676,0.23809523809523808,-0.08941567893532953,recent-form-k-v1-report-only
823842,2026-07-12,676282,Joey Cantillo,,2026-08-14T16:33:25.303890+00:00,9,22,1.0.0,cc2f9e49af2deb88d94fddebdf965eb8fc1329f18fe2ef5a1e0f369915ab68cb,10.0,55.0,50.2,9.860557768924302,0.25,0.1227272727272727,0.209090909090909,11.25,10.241379310344827,6.666666666666667,6.6,0.0,0.0,1.0,1.0,0.0,0.0,0.0,70.0,5.0,1.0,0.0,0.0,0.0,0.0,0.0,0.0,26.0,8.0,18.0,0.1086864592559708,0.1372335997335997,0.0959988412659136,0.0,0.4476944624003447,0.0,0.0,0.0,0.0,146.0,v1,2.3.0,9.860557768924302,11.25,10.241379310344827,10.644827586206898,0.07953605015673992,0.25,0.4090909090909091,0.15909090909090912,recent-form-k-v1-report-only
823842,2026-07-12,663969,Tyler Phillips,,2026-08-14T16:33:25.304722+00:00,1,6,1.0.0,2481725e8f1090acbcfda0d662d6d41094c1518b5bd9245f142b3b124d81c68b,10.0,30.0,45.6,5.921052631578947,0.1485148514851485,0.094059405940594,0.2326732673267326,3.5526315789473686,5.0,2.0,2.8,0.0,0.0,0.0,1.0,0.0,0.0,0.0,70.0,4.0,1.0,0.0,0.0,0.0,0.0,0.0,0.0,26.0,14.0,12.0,0.1558397060215982,0.1092456213254532,0.2101994715004339,0.0,0.4328898225957049,0.0,0.0,0.0,0.0,114.0,v1,2.3.0,5.921052631578947,3.5526315789473686,5.0,4.421052631578948,-0.2533333333333332,0.1485148514851485,0.16666666666666666,0.01815181518151815,recent-form-k-v1-report-only
823681,2026-07-12,667755,José Soriano,,2026-08-14T16:33:25.324680+00:00,0,20,1.0.0,4c8f763bda7132ded2e202e007eb59b25b3d079d8aeff75cd32c8d148800a716,10.0,54.0,50.50000000000001,9.623762376237622,0.2337662337662337,0.1341991341991342,0.2077922077922078,10.928571428571429,10.5,5.666666666666667,5.6,0.0,0.0,0.0,1.0,0.0,0.0,0.0,70.0,5.0,1.0,0.0,0.0,0.0,0.0,0.0,0.0,26.0,16.0,10.0,0.119591583437646,0.0863459967320261,0.1727845221666379,0.0,0.3340277777777777,0.0,0.0,0.0,0.0,142.0,v1,2.3.0,9.623762376237622,10.928571428571429,10.5,10.67142857142857,0.108862433862434,0.2337662337662337,0.0,-0.2337662337662337,recent-form-k-v1-report-only
823681,2026-07-12,671737,Taj Bradley,,2026-08-14T16:33:25.325464+00:00,6,28,1.0.0,8d27cee1ab716e11d2b6bfbbee1c0d248bbc9881de28cb9a31334a4cfe9f8bcb,10.0,68.0,53.5,11.4392523364486,0.296943231441048,0.1004366812227074,0.1921397379912663,13.263157894736842,11.62251655629139,9.333333333333334,7.8,0.0,0.0,0.0,1.0,0.0,0.0,0.0,70.0,5.0,1.0,0.0,0.0,0.0,0.0,0.0,0.0,26.0,15.0,11.0,0.140349352117269,0.1915215472066261,0.0705690860863274,0.0,0.4280626780626781,0.0,0.0,0.0,0.0,108.0,v1,2.3.0,11.4392523364486,13.263157894736842,11.62251655629139,12.27877309166957,0.07338947778483962,0.296943231441048,0.21428571428571427,-0.08265751715533373,recent-form-k-v1-report-only
824574,2026-07-12,669372,J.T. Ginn,,2026-08-14T16:33:25.348451+00:00,7,23,1.0.0,09b2d17673ffa475599bb95a8c16b3660c8bb3d68bc1b4eb332640bec96dfdaa,10.0,52.0,54.400000000000006,8.602941176470587,0.2203389830508474,0.1144067796610169,0.173728813559322,7.3125,6.974169741697416,4.333333333333333,4.2,0.0,0.0,0.0,1.0,0.0,0.0,0.0,70.0,5.0,1.0,0.0,0.0,0.0,0.0,0.0,0.0,26.0,11.0,15.0,0.1301818566575118,0.1082653457653457,0.1462539646451003,0.0,0.4395622895622895,0.0,0.0,0.0,0.0,145.0,v1,2.3.0,8.602941176470587,7.3125,6.974169741697416,7.10950184501845,-0.17359636673289802,0.2203389830508474,0.30434782608695654,0.08400884303610914,recent-form-k-v1-report-only
824574,2026-07-12,702273,Noah Schultz,,2026-08-14T16:33:25.349204+00:00,4,21,1.0.0,6a6565ffaeb2beb389d6b48b274c7fa877ebca5dcfb003ca9dd6da335749538e,10.0,43.0,46.6,8.304721030042918,0.2047619047619047,0.1380952380952381,0.1857142857142857,7.557251908396947,8.071748878923767,3.6666666666666665,4.0,0.0,0.0,1.0,1.0,0.0,0.0,0.0,70.0,5.0,1.0,0.0,0.0,0.0,0.0,0.0,0.0,26.0,8.0,18.0,0.1227104173308934,0.0943030468892537,0.1353359153049555,0.0,0.3852380952380952,0.0,0.0,0.0,0.0,133.0,v1,2.3.0,8.304721030042918,7.557251908396947,8.071748878923767,7.865950090713039,-0.05283391672551008,0.2047619047619047,0.19047619047619047,-0.014285714285714235,recent-form-k-v1-report-only
823029,2026-07-12,669160,Dustin May,,2026-08-14T16:33:25.416710+00:00,4,20,1.0.0,49a6f71e7e326fe4dc853837420129e0de153ffc321fdde450ad8bb5611130bb,10.0,60.0,50.7,10.650887573964498,0.2803738317757009,0.0700934579439252,0.1869158878504672,14.0625,10.514018691588786,3.333333333333333,5.0,0.0,0.0,0.0,1.0,0.0,0.0,0.0,70.0,6.0,1.0,0.0,0.0,0.0,0.0,0.0,0.0,26.0,15.0,11.0,0.1304079806763378,0.1263324606574034,0.1359655079748847,0.0,0.3896386264807317,0.0,0.0,0.0,0.0,144.0,v1,2.3.0,10.650887573964498,14.0625,10.514018691588786,11.93341121495327,0.12041471962616801,0.2803738317757009,0.2,-0.0803738317757009,recent-form-k-v1-report-only
822876,2026-07-12,664299,Cristian Javier,,2026-08-14T16:33:25.541751+00:00,4,16,1.0.0,0651aa448ca10bf9b72546ab7de01963580838dff4f99abdae184607a4d254d2,5.0,8.0,11.4,6.315789473684211,0.1269841269841269,0.1904761904761904,0.2539682539682539,11.25,6.315789473684211,1.6666666666666667,1.6,0.0,0.0,0.0,1.0,0.0,0.0,0.0,70.0,4.0,1.0,0.0,0.0,0.0,0.0,0.0,0.0,26.0,16.0,10.0,0.1183682084688782,0.1149767017782211,0.1237946191739295,0.0,0.3416091954022988,0.0,0.0,0.0,0.0,140.0,v1,2.3.0,6.315789473684211,11.25,6.315789473684211,8.289473684210526,0.3124999999999998,0.1269841269841269,0.25,0.1230158730158731,recent-form-k-v1-report-only
822876,2026-07-12,669022,MacKenzie Gore,,2026-08-14T16:33:25.542577+00:00,4,15,1.0.0,b7ff9f9b6d5b73061c8ad0d3c80c68f4228e1717ac7bb3813435723d5d4cdb62,10.0,58.0,52.3,9.980879541108983,0.2532751091703056,0.0786026200873362,0.2358078602620087,10.058823529411764,10.5,6.333333333333333,7.0,0.0,0.0,1.0,1.0,0.0,0.0,0.0,70.0,4.0,1.0,0.0,0.0,0.0,0.0,0.0,0.0,26.0,5.0,21.0,0.129031027342472,0.1699767711962834,0.1192820407106121,0.0,0.3777777777777777,0.0,0.0,0.0,0.0,117.0,v1,2.3.0,9.980879541108983,10.058823529411764,10.5,10.323529411764707,0.03433062880324589,0.2532751091703056,0.26666666666666666,0.013391557496361062,recent-form-k-v1-report-only
823199,2026-07-12,547179,Michael Lorenzen,,2026-08-14T16:33:25.610163+00:00,1,22,1.0.0,dfd66e86b37cbfe04a1a4e6f2d81c50f0550d00ae945206c50623671d22a33aa,10.0,41.0,45.900000000000006,8.03921568627451,0.1782608695652174,0.0913043478260869,0.2695652173913043,4.117647058823529,6.0236220472440944,2.333333333333333,3.4,0.0,0.0,0.0,1.0,0.0,0.0,0.0,70.0,5.0,1.0,0.0,0.0,0.0,0.0,0.0,0.0,26.0,16.0,10.0,0.1128271990804196,0.1104869051420259,0.1165716693818496,0.0,0.4769225747486618,0.0,0.0,0.0,0.0,137.0,v1,2.3.0,8.03921568627451,4.117647058823529,6.0236220472440944,5.261232051875869,-0.34555406183983095,0.1782608695652174,0.045454545454545456,-0.13280632411067195,recent-form-k-v1-report-only
823199,2026-07-12,686790,Trevor McDonald,,2026-08-14T16:33:25.611037+00:00,4,25,1.0.0,cbcbb501556fdf0800bab965e7e115274d3852b9fbdaa47bffe541c3dbb9ea5f,10.0,38.0,44.900000000000006,7.616926503340756,0.1759259259259259,0.0833333333333333,0.2361111111111111,5.454545454545455,6.030927835051547,2.6666666666666665,2.6,0.0,0.0,0.0,1.0,0.0,0.0,0.0,70.0,5.0,1.0,0.0,0.0,0.0,0.0,0.0,0.0,26.0,15.0,11.0,0.1185101843243564,0.0832837195107407,0.1665462727065598,0.0,0.4560185185185185,0.0,0.0,0.0,0.0,115.0,v1,2.3.0,7.616926503340756,5.454545454545455,6.030927835051547,5.800374882849111,-0.23848879462010197,0.1759259259259259,0.16,-0.0159259259259259,recent-form-k-v1-report-only
823925,2026-07-12,686218,Emmet Sheehan,,2026-08-14T16:33:25.700360+00:00,7,21,1.0.0,812a641011c5b92448099bce798c465badc93313ca7f51ed58444f054c9ca9e1,10.0,50.0,44.6,10.089686098654708,0.2538071065989847,0.0812182741116751,0.2081218274111675,10.327868852459018,11.803278688524587,4.666666666666667,4.8,0.0,0.0,0.0,1.0,0.0,0.0,0.0,70.0,7.0,1.0,0.0,0.0,0.0,0.0,0.0,0.0,25.0,14.0,11.0,0.1090218127812067,0.1081398584244905,0.1101443001443001,0.0,0.3708208208208208,0.0,0.0,0.0,0.0,109.0,v1,2.3.0,10.089686098654708,10.327868852459018,11.803278688524587,11.21311475409836,0.11134426229508199,0.2538071065989847,0.3333333333333333,0.07952622673434862,recent-form-k-v1-report-only
823274,2026-07-12,592332,Kevin Gausman,,2026-08-14T16:33:25.721031+00:00,8,25,1.0.0,d284762e00f931131e28a65bc72a52d7acd37a4d2d8552a228acbf38da9c5a5a,10.0,60.0,54.3,9.944751381215468,0.2542372881355932,0.0847457627118644,0.2288135593220339,10.0,10.0,6.333333333333333,5.8,0.0,0.0,0.0,1.0,0.0,0.0,0.0,70.0,6.0,1.0,0.0,0.0,0.0,0.0,0.0,0.0,26.0,17.0,9.0,0.1259673442170711,0.1305699202758026,0.1172735894394673,0.0,0.3311355311355311,0.0,0.0,0.0,0.0,135.0,v1,2.3.0,9.944751381215468,10.0,10.0,10.0,0.005555555555555758,0.2542372881355932,0.32,0.0657627118644068,recent-form-k-v1-report-only
823274,2026-07-12,608566,Germán Márquez,,2026-08-14T16:33:25.786914+00:00,4,20,1.0.0,fb89d020ff90737bd696eec589cb16a275dbcc45e869deed9dc4d0452b4bfdb7,8.0,24.0,37.2,5.806451612903225,0.1490683229813664,0.1118012422360248,0.2236024844720497,4.846153846153846,5.206611570247934,2.333333333333333,2.8,0.0,0.0,0.0,1.0,0.0,0.0,0.0,70.0,5.0,1.0,0.0,0.0,0.0,0.0,0.0,0.0,26.0,15.0,11.0,0.106841774442832,0.0814738529908808,0.1414343946045837,0.0,0.3773328389568656,0.0,0.0,0.0,0.0,141.0,v1,2.3.0,5.806451612903225,4.846153846153846,5.206611570247934,5.062428480610299,-0.1281373172282262,0.1490683229813664,0.2,0.0509316770186336,recent-form-k-v1-report-only
823443,2026-07-14,656302,Dylan Cease,,2026-08-14T16:33:25.909716+00:00,3,4,1.0.0,9fd5a400d9eb81190d0f5df3001e5e6ed1619ec329e0d1663a79637ef82a8e11,10.0,92.0,58.6,14.129692832764505,0.3914893617021276,0.1106382978723404,0.1446808510638297,14.0625,13.775510204081634,10.0,9.0,0.0,0.0,0.0,1.0,0.0,0.0,0.0,70.0,6.0,1.0,0.0,0.0,0.0,0.0,0.0,0.0,33.0,14.0,19.0,0.1546237398910525,0.1040998080794615,0.1918519001732775,0.0,0.3954747430357186,0.0,0.0,0.0,0.0,160.0,v1,2.3.0,14.129692832764505,14.0625,13.775510204081634,13.89030612244898,-0.0169421029281277,0.3914893617021276,0.75,0.3585106382978724,recent-form-k-v1-report-only
823443,2026-07-14,650911,Cristopher Sánchez,,2026-08-14T16:33:25.911033+00:00,2,8,1.0.0,396a71b49127e6451cee67e047773ce38365440cf5002528f2ec8b1d8c84a1ff,10.0,64.0,62.3,9.245585874799357,0.2490272373540856,0.0428015564202334,0.245136186770428,8.94736842105263,8.967971530249109,5.666666666666667,5.6,0.0,0.0,1.0,1.0,0.0,0.0,0.0,70.0,3.0,1.0,0.0,0.0,0.0,0.0,0.0,0.0,33.0,12.0,21.0,0.1498537322432893,0.1695952275693655,0.1385728777712457,0.0,0.4166666666666667,0.0,0.0,0.0,0.0,159.0,v1,2.3.0,9.245585874799357,8.94736842105263,8.967971530249109,8.959730286570517,-0.030918061018501253,0.2490272373540856,0.25,0.0009727626459143934,recent-form-k-v1-report-only
823440,2026-07-16,681035,Christian Scott,,2026-08-14T16:33:26.061299+00:00,7,20,1.0.0,d4142cd8e76603b1a2f35373de570a7acf1af7173723afc242f5f3f27d82cfb2,10.0,56.0,45.10000000000001,11.175166297117514,0.2745098039215686,0.1029411764705882,0.2009803921568627,12.36641221374046,10.8,6.0,5.4,0.0,0.0,0.0,1.0,0.0,0.0,0.0,70.0,8.0,1.0,0.0,0.0,0.0,0.0,0.0,0.0,26.0,12.0,14.0,0.1265259896944956,0.1125880515683147,0.1384727938026507,0.0,0.4079150579150579,0.0,0.0,0.0,0.0,143.0,v1,2.3.0,11.175166297117514,12.36641221374046,10.8,11.426564885496184,0.022496183206107245,0.2745098039215686,0.35,0.07549019607843138,recent-form-k-v1-report-only
823440,2026-07-16,605400,Aaron Nola,,2026-08-14T16:33:26.091303+00:00,6,27,1.0.0,041cefee8c8de1ca5edb984c17d1e7829d15b0c9f82449ded67f0a7fc316e522,10.0,56.0,50.4,10.0,0.25,0.0580357142857142,0.2455357142857142,11.180124223602483,10.689655172413792,6.666666666666667,6.2,0.0,0.0,0.0,1.0,0.0,0.0,0.0,70.0,6.0,1.0,0.0,0.0,0.0,0.0,0.0,0.0,26.0,15.0,11.0,0.1059334322611293,0.0816272707913574,0.1390781979017273,0.0,0.2891737891737891,0.0,0.0,0.0,0.0,121.0,v1,2.3.0,10.0,11.180124223602483,10.689655172413792,10.885842792889267,0.08858427928892665,0.25,0.2222222222222222,-0.02777777777777779,recent-form-k-v1-report-only
824766,2026-07-17,643377,Griffin Jax,,2026-08-14T16:33:26.197194+00:00,6,25,1.0.0,3a04abc9c0ebf6dc266c5b3ea1243938920d134d1acfea4eb0231eb566c0ecb5,10.0,53.0,47.0,10.148936170212766,0.2819148936170212,0.0585106382978723,0.2180851063829787,10.125,10.384615384615383,6.0,6.0,0.0,0.0,0.0,1.0,0.0,0.0,0.0,70.0,6.0,1.0,0.0,0.0,0.0,0.0,0.0,0.0,27.0,15.0,12.0,0.1326620409246392,0.1482556898877047,0.1131699797208073,0.0,0.4528417818740399,0.0,0.0,0.0,0.0,111.0,v1,2.3.0,10.148936170212766,10.125,10.384615384615383,10.28076923076923,0.012989840348330839,0.2819148936170212,0.24,-0.04191489361702122,recent-form-k-v1-report-only
824766,2026-07-17,687562,Jake Bennett,,2026-08-14T16:33:26.198050+00:00,3,21,1.0.0,a48678aa19e29a269018c71a87a2234d632ff23a44dbc8aa8406708182e568f0,8.0,35.0,46.5,6.774193548387097,0.1923076923076923,0.0439560439560439,0.2032967032967033,5.763546798029558,7.738853503184714,4.333333333333333,5.4,0.0,0.0,1.0,1.0,0.0,0.0,0.0,70.0,9.0,1.0,0.0,0.0,0.0,0.0,0.0,0.0,27.0,10.0,17.0,0.1089592698472791,0.1118448866669111,0.107261848188672,0.0,0.3455443109143299,0.0,0.0,0.0,0.0,139.0,v1,2.3.0,6.774193548387097,5.763546798029558,7.738853503184714,6.948730821122652,0.025765025975248657,0.1923076923076923,0.14285714285714285,-0.04945054945054944,recent-form-k-v1-report-only
824737,2026-07-17,669438,Mason Englert,,2026-08-14T16:33:26.248323+00:00,4,23,1.0.0,dcec406ab60f7acb42b42a642618d6c83428b7199d797104a03f348f84e8ab56,10.0,26.0,25.8,9.069767441860463,0.2166666666666666,0.0583333333333333,0.25,9.507042253521128,9.742268041237113,5.0,4.2,0.0,0.0,0.0,1.0,0.0,0.0,0.0,70.0,12.0,1.0,0.0,0.0,0.0,0.0,0.0,0.0,27.0,15.0,12.0,0.1326620409246392,0.1482556898877047,0.1131699797208073,0.0,0.4528417818740399,0.0,0.0,0.0,0.0,111.0,v1,2.3.0,9.069767441860463,9.507042253521128,9.742268041237113,9.648177726150719,0.06377344160123322,0.2166666666666666,0.17391304347826086,-0.042753623188405726,recent-form-k-v1-report-only
823524,2026-07-17,808963,Roki Sasaki,,2026-08-14T16:33:26.299114+00:00,5,22,1.0.0,0becaff1968c068aab478fa6feb325a2dba4066fe94a3d64652cdedaa0eb07da,10.0,54.0,51.4,9.455252918287938,0.2477064220183486,0.0825688073394495,0.2018348623853211,6.923076923076923,8.071748878923767,3.333333333333333,4.0,0.0,0.0,0.0,1.0,0.0,0.0,0.0,70.0,9.0,1.0,0.0,0.0,0.0,0.0,0.0,0.0,26.0,17.0,9.0,0.1573758051844671,0.1206111905569458,0.2268200772586737,0.0,0.4686609686609686,0.0,0.0,0.0,0.0,147.0,v1,2.3.0,9.455252918287938,6.923076923076923,8.071748878923767,7.61228009658503,-0.19491523258339394,0.2477064220183486,0.22727272727272727,-0.020433694745621345,recent-form-k-v1-report-only
823524,2026-07-17,543037,Gerrit Cole,,2026-08-14T16:33:26.299977+00:00,8,23,1.0.0,774192fddd85691e854e9c63e49cb86ff27b0ac9851d6299efaa32c54561ddbf,9.0,47.0,47.6,8.88655462184874,0.2270531400966183,0.0531400966183574,0.2318840579710145,10.0,9.923954372623577,6.0,5.8,0.0,0.0,0.0,1.0,0.0,0.0,0.0,70.0,9.0,1.0,0.0,0.0,0.0,0.0,0.0,0.0,26.0,14.0,12.0,0.0999122048480123,0.0607628819594568,0.1455864148846604,0.0,0.3625140291806958,0.0,0.0,0.0,0.0,119.0,v1,2.3.0,8.88655462184874,10.0,9.923954372623577,9.954372623574145,0.12016108009959625,0.2270531400966183,0.34782608695652173,0.12077294685990342,recent-form-k-v1-report-only
824901,2026-07-17,615698,Cal Quantrill,,2026-08-14T16:33:26.354551+00:00,3,23,1.0.0,3905cd7044a76d4ccddeee4f48313f8175b675e6630ee38bde276d6a8c23c2ab,10.0,14.0,23.6,5.338983050847458,0.1320754716981132,0.0471698113207547,0.2075471698113207,4.8,4.7368421052631575,2.6666666666666665,2.0,0.0,0.0,0.0,1.0,0.0,0.0,0.0,70.0,7.0,1.0,0.0,0.0,0.0,0.0,0.0,0.0,26.0,15.0,11.0,0.136249507073276,0.1373197840837512,0.1347900384226279,0.0,0.3861116205147013,0.0,0.0,0.0,0.0,144.0,v1,2.3.0,5.338983050847458,4.8,4.7368421052631575,4.762105263157894,-0.1080501253132834,0.1320754716981132,0.13043478260869565,-0.0016406890894175574,recent-form-k-v1-report-only
824901,2026-07-17,519242,Chris Sale,,2026-08-14T16:33:26.355390+00:00,6,23,1.0.0,d74c77101ea5f2085b0bc3271a0f36f897f6f53aa80e871b14d9c323d3ea221a,10.0,68.0,54.6,11.20879120879121,0.2845188284518828,0.0543933054393305,0.2426778242677824,11.571428571428571,11.434426229508198,6.0,6.2,0.0,0.0,1.0,1.0,0.0,0.0,0.0,70.0,7.0,1.0,0.0,0.0,0.0,0.0,0.0,0.0,26.0,10.0,16.0,0.1123978502617523,0.1108823768823768,0.1133450211238619,0.0,0.3267124332570557,0.0,0.0,0.0,0.0,140.0,v1,2.3.0,11.20879120879121,11.571428571428571,11.434426229508198,11.489227166276347,0.025019286403085816,0.2845188284518828,0.2608695652173913,-0.023649263234491513,recent-form-k-v1-report-only
822789,2026-07-17,641743,Anthony Kay,,2026-08-14T16:33:26.400182+00:00,5,19,1.0.0,2c97151b2f0c18cb57fb48a19d36a936e1fc29215a06a5827dee97473028dbfa,10.0,42.0,47.4,7.974683544303797,0.1971830985915492,0.0751173708920187,0.2065727699530516,5.853658536585366,7.26457399103139,2.6666666666666665,3.6,0.0,0.0,1.0,1.0,0.0,0.0,0.0,70.0,8.0,1.0,0.0,0.0,0.0,0.0,0.0,0.0,26.0,9.0,17.0,0.097523132488319,0.0826932433254272,0.1053742502804382,0.0,0.3671171171171171,0.0,0.0,0.0,0.0,141.0,v1,2.3.0,7.974683544303797,5.853658536585366,7.26457399103139,6.70020780925298,-0.159815211220658,0.1971830985915492,0.2631578947368421,0.06597479614529289,recent-form-k-v1-report-only
822789,2026-07-17,693686,Spencer Miles,,2026-08-14T16:33:26.400998+00:00,4,18,1.0.0,d878e3b8198330962bfe8b4193a14b6484cb0634030853947f27452df9e97981,10.0,23.0,21.099999999999994,9.810426540284364,0.2473118279569892,0.075268817204301,0.1827956989247312,7.0,9.51219512195122,2.333333333333333,2.6,0.0,0.0,0.0,1.0,0.0,0.0,0.0,70.0,6.0,1.0,0.0,0.0,0.0,0.0,0.0,0.0,26.0,11.0,15.0,0.1301756087015406,0.1127698502698502,0.1429398315514468,0.0,0.4231481481481481,0.0,0.0,0.0,0.0,145.0,v1,2.3.0,9.810426540284364,7.0,9.51219512195122,8.507317073170732,-0.13282903263815282,0.2473118279569892,0.2222222222222222,-0.025089605734766984,recent-form-k-v1-report-only
823766,2026-07-17,645261,Sandy Alcantara,,2026-08-14T16:33:26.484987+00:00,7,25,1.0.0,ab86bb09f6e3e1e07d89f787b31681d168a8deeb1cec7814f5bb24d5f8fdec0c,10.0,55.0,65.6,7.545731707317074,0.1992753623188405,0.0471014492753623,0.2427536231884058,8.465346534653465,8.055555555555555,6.333333333333333,5.8,0.0,0.0,0.0,1.0,0.0,0.0,0.0,70.0,7.0,1.0,0.0,0.0,0.0,0.0,0.0,0.0,26.0,15.0,11.0,0.099334986302838,0.0640895714821562,0.1473969156037677,0.0,0.3161989684412973,0.0,0.0,0.0,0.0,158.0,v1,2.3.0,7.545731707317074,8.465346534653465,8.055555555555555,8.21947194719472,0.08928759542620912,0.1992753623188405,0.28,0.08072463768115953,recent-form-k-v1-report-only
823766,2026-07-17,701656,Logan Henderson,,2026-08-14T16:33:26.485871+00:00,4,17,1.0.0,ce2301f7bd9b11e872a1beb2a45388b847dec4d3da715379862d0fd6f359cde5,6.0,34.0,28.1,10.88967971530249,0.3063063063063063,0.063063063063063,0.1891891891891892,10.728476821192054,10.689655172413792,6.0,6.2,0.0,0.0,0.0,1.0,0.0,0.0,0.0,70.0,8.0,1.0,0.0,0.0,0.0,0.0,0.0,0.0,26.0,17.0,9.0,0.1238652260529924,0.1150028810996994,0.140605210964768,0.0,0.4727458492975734,0.0,0.0,0.0,0.0,146.0,v1,2.3.0,10.88967971530249,10.728476821192054,10.689655172413792,10.705183831925098,-0.016942269029100454,0.3063063063063063,0.23529411764705882,-0.07101218865924747,recent-form-k-v1-report-only
824655,2026-07-17,641927,Bailey Ober,,2026-08-14T16:33:26.552775+00:00,7,21,1.0.0,7ff6df86d2c4d39a0ecef7b9daf88f690200be6c70cfbc1b759f529a9a32b0cd,10.0,44.0,57.3,6.9109947643979055,0.1825726141078838,0.0622406639004149,0.2199170124481327,6.971830985915493,6.0638297872340425,3.6666666666666665,3.8,0.0,0.0,0.0,1.0,0.0,0.0,0.0,70.0,8.0,1.0,0.0,0.0,0.0,0.0,0.0,0.0,26.0,18.0,8.0,0.1346982697719879,0.1117353634121926,0.1863648090815273,0.0,0.3590277777777778,0.0,0.0,0.0,0.0,112.0,v1,2.3.0,6.9109947643979055,6.971830985915493,6.0638297872340425,6.427030266706623,-0.07002819625684464,0.1825726141078838,0.3333333333333333,0.1507607192254495,recent-form-k-v1-report-only
824655,2026-07-17,607067,Colin Rea,,2026-08-14T16:33:26.553607+00:00,6,24,1.0.0,effc82c8c19e3075bd9dd46b29ffd98e9f64f30e36cd066f64b5f2886f6b0240,10.0,34.0,50.0,6.12,0.1471861471861472,0.0995670995670995,0.2337662337662337,6.556291390728477,5.901639344262295,3.6666666666666665,3.2,0.0,0.0,0.0,1.0,0.0,0.0,0.0,70.0,9.0,1.0,0.0,0.0,0.0,0.0,0.0,0.0,26.0,16.0,10.0,0.1200165116028099,0.0838637264116172,0.1778609679087183,0.0,0.3354166666666667,0.0,0.0,0.0,0.0,142.0,v1,2.3.0,6.12,6.556291390728477,5.901639344262295,6.163500162848768,0.0071078697465307705,0.1471861471861472,0.25,0.1028138528138528,recent-form-k-v1-report-only
824170,2026-07-17,663567,Peter Lambert,,2026-08-14T16:33:26.736091+00:00,10,25,1.0.0,97979ce48a213d9764667fe2c7a8290bdf7220c83058736e6d4e43be5d2e6164,10.0,52.0,54.8,8.54014598540146,0.2222222222222222,0.0897435897435897,0.1794871794871795,9.329268292682928,9.130434782608695,5.666666666666667,5.6,0.0,0.0,0.0,1.0,0.0,0.0,0.0,70.0,6.0,1.0,0.0,0.0,0.0,0.0,0.0,0.0,26.0,16.0,10.0,0.130820107945614,0.0869342607623857,0.2010374634387792,0.0,0.4350649350649351,0.0,0.0,0.0,0.0,110.0,v1,2.3.0,8.54014598540146,9.329268292682928,9.130434782608695,9.209968186638388,0.07843217228158883,0.2222222222222222,0.4,0.1777777777777778,recent-form-k-v1-report-only
824090,2026-07-17,650633,Michael King,,2026-08-14T16:33:26.787336+00:00,4,21,1.0.0,9fae9e8446544fa415c1fce90b2240cc0e49c997a02e08040a2e70e6cb2c88a2,10.0,42.0,55.60000000000001,6.798561151079135,0.1764705882352941,0.088235294117647,0.2016806722689075,7.826086956521738,6.617647058823529,4.666666666666667,4.0,0.0,0.0,0.0,1.0,0.0,0.0,0.0,70.0,9.0,1.0,0.0,0.0,0.0,0.0,0.0,0.0,26.0,17.0,9.0,0.125750539781457,0.0902418609443022,0.1928224886960827,0.0,0.3899979834644081,0.0,0.0,0.0,0.0,118.0,v1,2.3.0,6.798561151079135,7.826086956521738,6.617647058823529,7.101023017902813,0.04448909998782136,0.1764705882352941,0.19047619047619047,0.014005602240896364,recent-form-k-v1-report-only
824090,2026-07-17,607625,Seth Lugo,,2026-08-14T16:33:26.788184+00:00,3,23,1.0.0,f738291631922bdfa62b1b1533af354411cdb33d6d15da16a1983650aafac4ee,10.0,40.0,51.3,7.017543859649122,0.1746724890829694,0.0655021834061135,0.2620087336244541,10.851063829787234,7.171314741035856,5.666666666666667,4.0,0.0,0.0,0.0,1.0,0.0,0.0,0.0,70.0,5.0,1.0,0.0,0.0,0.0,0.0,0.0,0.0,26.0,18.0,8.0,0.1185975502288499,0.1124078374078374,0.1325244040761282,0.0,0.3275525525525525,0.0,0.0,0.0,0.0,135.0,v1,2.3.0,7.017543859649122,10.851063829787234,7.171314741035856,8.643214376536408,0.23165804865643813,0.1746724890829694,0.13043478260869565,-0.04423770647427375,recent-form-k-v1-report-only
824332,2026-07-17,663903,Brady Singer,,2026-08-14T16:33:26.829373+00:00,6,26,1.0.0,506e5aeae1f45f9f8034e5e4b920307c8931bc1fa1d1b46b1601a130d5ab422b,10.0,50.0,50.400000000000006,8.928571428571427,0.2232142857142857,0.09375,0.2142857142857142,9.444444444444445,9.25531914893617,5.666666666666667,5.8,0.0,0.0,0.0,1.0,0.0,0.0,0.0,70.0,8.0,1.0,0.0,0.0,0.0,0.0,0.0,0.0,26.0,15.0,11.0,0.118239758888359,0.0793820128497547,0.1712275943955467,0.0,0.4560185185185185,0.0,0.0,0.0,0.0,115.0,v1,2.3.0,8.928571428571427,9.444444444444445,9.25531914893617,9.33096926713948,0.04506855791962194,0.2232142857142857,0.23076923076923078,0.007554945054945084,recent-form-k-v1-report-only
824009,2026-07-17,675512,Troy Melton,,2026-08-14T16:33:26.910134+00:00,9,23,1.0.0,7dfdaa9e20cc28f8abca0114e198cef255b21805dd28dbfd1452cd83109cb9bc,8.0,41.0,48.400000000000006,7.623966942148759,0.2169312169312169,0.0582010582010582,0.1534391534391534,11.511627906976743,10.212765957446807,7.333333333333333,6.4,0.0,0.0,0.0,1.0,0.0,0.0,0.0,70.0,9.0,1.0,0.0,0.0,0.0,0.0,0.0,0.0,26.0,15.0,11.0,0.1444985797891559,0.1965568096811646,0.0735100844818713,0.0,0.4364197530864198,0.0,0.0,0.0,0.0,108.0,v1,2.3.0,7.623966942148759,11.511627906976743,10.212765957446807,10.732310737258782,0.40770688261063714,0.2169312169312169,0.391304347826087,0.17437313089487008,recent-form-k-v1-report-only
824009,2026-07-17,672282,Reid Detmers,,2026-08-14T16:33:26.960150+00:00,7,22,1.0.0,5ed9683884d8ba9f15b2da52db28c569ca92e9030fe9afd466576abe6c06bf1c,10.0,70.0,58.400000000000006,10.787671232876711,0.2928870292887029,0.0753138075313807,0.1882845188284518,12.042253521126762,8.602941176470589,6.333333333333333,5.2,0.0,0.0,1.0,1.0,0.0,0.0,0.0,70.0,8.0,1.0,0.0,0.0,0.0,0.0,0.0,0.0,26.0,8.0,18.0,0.1509103420083569,0.2316837098087098,0.1150110674304222,0.0,0.4323573573573573,0.0,0.0,0.0,0.0,116.0,v1,2.3.0,10.787671232876711,12.042253521126762,8.602941176470589,9.978666114333059,-0.0749934903538878,0.2928870292887029,0.3181818181818182,0.02529478889311526,recent-form-k-v1-report-only
824981,2026-07-17,676917,Cade Cavalli,,2026-08-14T16:33:27.167026+00:00,9,21,1.0.0,bf8389854d3191def107d90aa0be76cd188f4fe55e17f16e8bdfcc9d7d68da02,10.0,58.0,51.3,10.17543859649123,0.2672811059907834,0.064516129032258,0.216589861751152,12.516556291390728,11.201716738197424,7.0,5.8,0.0,0.0,0.0,1.0,0.0,0.0,0.0,70.0,5.0,1.0,0.0,0.0,0.0,0.0,0.0,0.0,26.0,16.0,10.0,0.1092709510586098,0.0941837311080732,0.1334105029794685,0.0,0.3472472472472472,0.0,0.0,0.0,0.0,133.0,v1,2.3.0,10.17543859649123,12.516556291390728,11.201716738197424,11.727652559474745,0.15254516532769036,0.2672811059907834,0.42857142857142855,0.16129032258064513,recent-form-k-v1-report-only
824981,2026-07-17,695611,Gage Jump,,2026-08-14T16:33:27.249848+00:00,8,17,1.0.0,672affe5e1128969a1b24e600a7bd30837f7c365c830184bfc6f7d018f7e67c4,9.0,48.0,47.5,9.094736842105265,0.2352941176470588,0.0735294117647058,0.2352941176470588,9.435483870967744,10.696721311475413,4.333333333333333,5.8,0.0,0.0,1.0,1.0,0.0,0.0,0.0,70.0,6.0,1.0,0.0,0.0,0.0,0.0,0.0,0.0,24.0,9.0,15.0,0.1079414659160773,0.1240046059780405,0.0983035818788994,0.0,0.3333150011915892,0.0,0.0,0.0,0.0,120.0,v1,2.3.0,9.094736842105265,9.435483870967744,10.696721311475413,10.192226335272345,0.12067303454962097,0.2352941176470588,0.47058823529411764,0.23529411764705885,recent-form-k-v1-report-only
825060,2026-07-17,700241,Michael McGreevy,,2026-08-14T16:33:27.336291+00:00,5,26,1.0.0,59fb6898d8f497a7135c1c11138285da4833c30c97cf4c00dbc58d4d8450fbf0,10.0,33.0,56.1,5.294117647058823,0.1416309012875536,0.055793991416309,0.2575107296137339,6.464088397790055,5.257731958762887,4.333333333333333,3.4,0.0,0.0,0.0,1.0,0.0,0.0,0.0,70.0,9.0,1.0,0.0,0.0,0.0,0.0,0.0,0.0,27.0,16.0,11.0,0.1008733609609616,0.0928283053791487,0.112575259989053,0.0,0.3576252723311546,0.0,0.0,0.0,0.0,109.0,v1,2.3.0,5.294117647058823,6.464088397790055,5.257731958762887,5.740274534373754,0.08427407871504244,0.1416309012875536,0.19230769230769232,0.05067679102013872,recent-form-k-v1-report-only
825060,2026-07-17,518876,Merrill Kelly,,2026-08-14T16:33:27.378294+00:00,3,21,1.0.0,8103e1c55147c63aa9cfb6fc66a65560b038cf58d76832d05bb16fc3b8c6349a,10.0,36.0,58.2,5.56701030927835,0.140625,0.078125,0.26171875,7.5,6.494845360824742,5.0,4.2,0.0,0.0,0.0,1.0,0.0,0.0,0.0,70.0,8.0,1.0,0.0,0.0,0.0,0.0,0.0,0.0,26.0,16.0,10.0,0.1418890914473086,0.1096864686668475,0.1934132878960465,0.0,0.473202614379085,0.0,0.0,0.0,0.0,138.0,v1,2.3.0,5.56701030927835,7.5,6.494845360824742,6.896907216494846,0.23888888888888893,0.140625,0.14285714285714285,0.002232142857142849,recent-form-k-v1-report-only
823115,2026-07-17,694738,Landen Roupp,,2026-08-14T16:33:27.422485+00:00,2,24,1.0.0,03d9d9eb9ff982daa5b8708569bcbaac3cd6ef148ce440e053d9baeecdcdf414,10.0,53.0,51.7,9.226305609284331,0.2264957264957265,0.0982905982905982,0.2393162393162393,8.333333333333334,9.204545454545457,5.0,5.4,0.0,0.0,0.0,1.0,0.0,0.0,0.0,70.0,11.0,1.0,0.0,0.0,0.0,0.0,0.0,0.0,26.0,16.0,10.0,0.1619675329886159,0.1020391218081435,0.2578529908773717,0.0,0.4680512422360248,0.0,0.0,0.0,0.0,136.0,v1,2.3.0,9.226305609284331,8.333333333333334,9.204545454545457,8.856060606060609,-0.04012928022361939,0.2264957264957265,0.08333333333333333,-0.14316239316239315,recent-form-k-v1-report-only
823115,2026-07-17,682243,Bryce Miller,,2026-08-14T16:33:27.472657+00:00,6,26,1.0.0,1055882f70e405f89efc9ffec0accb77f14c9157c91adcd119262c274bc1ff12,10.0,65.0,56.50000000000001,10.353982300884956,0.3023255813953488,0.041860465116279,0.1813953488372093,11.511627906976743,10.728476821192054,7.333333333333333,7.2,0.0,0.0,0.0,1.0,0.0,0.0,0.0,70.0,8.0,1.0,0.0,0.0,0.0,0.0,0.0,0.0,26.0,16.0,10.0,0.0982835566604377,0.0852335207209524,0.1191636141636141,0.0,0.3279609279609279,0.0,0.0,0.0,0.0,137.0,v1,2.3.0,10.353982300884956,11.511627906976743,10.728476821192054,11.041737255505929,0.06642419647194009,0.3023255813953488,0.23076923076923078,-0.07155635062611804,recent-form-k-v1-report-only
824414,2026-07-17,683003,Jared Jones,,2026-08-14T16:33:27.586751+00:00,9,19,1.0.0,44fa6b51a220b43fd30d86fe62b3d6c8d2ddff9d29a6b083b4eb9fa3a720f9f8,8.0,39.0,34.3,10.2332361516035,0.2708333333333333,0.0763888888888889,0.2013888888888889,11.408450704225352,10.61320754716981,6.0,5.0,0.0,0.0,0.0,1.0,0.0,0.0,0.0,70.0,9.0,1.0,0.0,0.0,0.0,0.0,0.0,0.0,28.0,15.0,13.0,0.1424079236614795,0.1009773582288795,0.1902124222375564,0.0,0.4279637142213207,0.0,0.0,0.0,0.0,114.0,v1,2.3.0,10.2332361516035,11.408450704225352,10.61320754716981,10.931304809992028,0.06821582616161415,0.2708333333333333,0.47368421052631576,0.20285087719298245,recent-form-k-v1-report-only
824414,2026-07-17,668909,Gavin Williams,,2026-08-14T16:33:27.650195+00:00,11,25,1.0.0,ae9eca574256da217aca30b39cd05bd3b91e4da63478bece976a5f81188f1089,10.0,68.0,57.3,10.68062827225131,0.2893617021276595,0.0638297872340425,0.2127659574468085,12.77777777777778,12.02290076335878,7.666666666666667,7.0,0.0,0.0,0.0,1.0,0.0,0.0,0.0,70.0,8.0,1.0,0.0,0.0,0.0,0.0,0.0,0.0,27.0,15.0,12.0,0.1213289406566331,0.1205634050306707,0.122285860189086,0.0,0.4177741864602604,0.0,0.0,0.0,0.0,134.0,v1,2.3.0,10.68062827225131,12.77777777777778,12.02290076335878,12.32485156912638,0.15394443612898945,0.2893617021276595,0.44,0.1506382978723405,recent-form-k-v1-report-only
824414,2026-07-18,683003,Jared Jones,,2026-08-14T16:33:27.752210+00:00,9,19,1.0.0,1c5163866ddf6efd18d2e55de4fec6fa5c1f4509bae8c95cf3c4f46cbbc0d0ad,8.0,39.0,34.3,10.2332361516035,0.2708333333333333,0.0763888888888889,0.2013888888888889,11.408450704225352,10.61320754716981,6.0,5.0,0.0,0.0,0.0,1.0,0.0,0.0,0.0,70.0,10.0,1.0,0.0,0.0,0.0,0.0,0.0,0.0,28.0,15.0,13.0,0.1424079236614795,0.1009773582288795,0.1902124222375564,0.0,0.4279637142213207,0.0,0.0,0.0,0.0,114.0,v1,2.3.0,10.2332361516035,11.408450704225352,10.61320754716981,10.931304809992028,0.06821582616161415,0.2708333333333333,0.47368421052631576,0.20285087719298245,recent-form-k-v1-report-only
824414,2026-07-18,668909,Gavin Williams,,2026-08-14T16:33:27.753019+00:00,11,25,1.0.0,2f9da93442b5df2d7fdd5cd568d7e6cd53b992bdb55408ecf29b0bcca3dc2dbd,10.0,68.0,57.3,10.68062827225131,0.2893617021276595,0.0638297872340425,0.2127659574468085,12.77777777777778,12.02290076335878,7.666666666666667,7.0,0.0,0.0,0.0,1.0,0.0,0.0,0.0,70.0,9.0,1.0,0.0,0.0,0.0,0.0,0.0,0.0,27.0,15.0,12.0,0.1213289406566331,0.1205634050306707,0.122285860189086,0.0,0.4177741864602604,0.0,0.0,0.0,0.0,134.0,v1,2.3.0,10.68062827225131,12.77777777777778,12.02290076335878,12.32485156912638,0.15394443612898945,0.2893617021276595,0.44,0.1506382978723405,recent-form-k-v1-report-only
824412,2026-07-18,682254,Mason Montgomery,,2026-08-14T16:33:27.791156+00:00,1,4,1.0.0,a66c215af19ce7dc562ac2a3633022099fbe251e1abd3ed26b48d2204adb9c80,10.0,19.0,7.6,22.5,0.5277777777777778,0.0555555555555555,0.1944444444444444,15.0,19.75609756097561,1.6666666666666667,1.8,0.0,0.0,1.0,1.0,0.0,0.0,0.0,70.0,7.0,1.0,0.0,0.0,0.0,0.0,0.0,0.0,28.0,11.0,17.0,0.1424079236614795,0.1818413181218059,0.1168921978342095,0.0,0.4279637142213207,0.0,0.0,0.0,0.0,114.0,v1,2.3.0,22.5,15.0,19.75609756097561,17.853658536585364,-0.20650406504065044,0.5277777777777778,0.25,-0.2777777777777778,recent-form-k-v1-report-only
824657,2026-07-18,671737,Taj Bradley,,2026-08-14T16:33:27.828747+00:00,6,25,1.0.0,a6b89467f6d3fc533037e6c893340502a44299657726e06ca62b2d5eaeb131e5,10.0,66.0,54.50000000000001,10.899082568807335,0.2844827586206896,0.0991379310344827,0.1982758620689655,12.789473684210526,11.03225806451613,9.0,7.6,0.0,0.0,0.0,1.0,0.0,0.0,0.0,70.0,6.0,1.0,0.0,0.0,0.0,0.0,0.0,0.0,26.0,18.0,8.0,0.1367327462208683,0.115962369087369,0.1834660947712418,0.0,0.3590277777777778,0.0,0.0,0.0,0.0,112.0,v1,2.3.0,10.899082568807335,12.789473684210526,11.03225806451613,11.735144312393889,0.07670936872974266,0.2844827586206896,0.24,-0.04448275862068962,recent-form-k-v1-report-only
824657,2026-07-18,571510,Matthew Boyd,,2026-08-14T16:33:27.829560+00:00,4,21,1.0.0,018c46040d20f3c3183b2b11a450d231b3ed963076c849d39d1062da09fce4cc,9.0,47.0,43.900000000000006,9.635535307517085,0.2397959183673469,0.0663265306122449,0.2346938775510204,6.31578947368421,6.9230769230769225,4.0,4.2,0.0,0.0,1.0,1.0,0.0,0.0,0.0,70.0,6.0,1.0,0.0,0.0,0.0,0.0,0.0,0.0,26.0,7.0,19.0,0.1218778947312043,0.1628976652695817,0.1067653476907494,0.0,0.3421043562172594,0.0,0.0,0.0,0.0,142.0,v1,2.3.0,9.635535307517085,6.31578947368421,6.9230769230769225,6.680161943319837,-0.3067160536365464,0.2397959183673469,0.19047619047619047,-0.049319727891156434,recent-form-k-v1-report-only
823441,2026-07-18,640455,Sean Manaea,,2026-08-14T16:33:27.865085+00:00,7,24,1.0.0,d5d92d3d4f9e6a8ba4a78f73bb18e3c0308e77f6944b263ec6bc3ea72295eee6,10.0,45.0,46.5,8.709677419354838,0.2272727272727272,0.0555555555555555,0.2121212121212121,7.325581395348838,8.181818181818183,4.666666666666667,4.6,0.0,0.0,1.0,1.0,0.0,0.0,0.0,70.0,9.0,1.0,0.0,0.0,0.0,0.0,0.0,0.0,25.0,12.0,13.0,0.1246190992506782,0.1426394674749938,0.1079849131974638,0.0,0.3951127819548872,0.0,0.0,0.0,0.0,143.0,v1,2.3.0,8.709677419354838,7.325581395348838,8.181818181818183,7.839323467230445,-0.09992952783650444,0.2272727272727272,0.2916666666666667,0.06439393939393948,recent-form-k-v1-report-only
823441,2026-07-18,666200,Jesús Luzardo,,2026-08-14T16:33:27.865967+00:00,7,20,1.0.0,cc5ddca166806da2ea28336a72e548baccbe7d23b8806f5c524868a7c1761552,10.0,75.0,59.5,11.344537815126053,0.3,0.088,0.188,13.0,13.846153846153848,8.666666666666666,9.6,0.0,0.0,1.0,1.0,0.0,0.0,0.0,70.0,9.0,1.0,0.0,0.0,0.0,0.0,0.0,0.0,26.0,9.0,17.0,0.1107697704069499,0.1339658992335407,0.0984894669105195,0.0,0.309690084080328,0.0,0.0,0.0,0.0,121.0,v1,2.3.0,11.344537815126053,13.0,13.846153846153848,13.50769230769231,0.19067806267806264,0.3,0.35,0.04999999999999999,recent-form-k-v1-report-only
822790,2026-07-18,663436,Davis Martin,,2026-08-14T16:33:28.003897+00:00,5,23,1.0.0,af2b9d1af73d046ce922d3556e9064ab224291acb021b3d0692014a7f854b18b,10.0,40.0,48.7,7.392197125256673,0.1777777777777777,0.0933333333333333,0.2577777777777778,3.688524590163935,5.492957746478873,1.6666666666666667,2.6,0.0,0.0,0.0,1.0,0.0,0.0,0.0,70.0,10.0,1.0,0.0,0.0,0.0,0.0,0.0,0.0,26.0,15.0,11.0,0.1017840616125813,0.0735161100062338,0.1403312683485097,0.0,0.3819444444444444,0.0,0.0,0.0,0.0,141.0,v1,2.3.0,7.392197125256673,3.688524590163935,5.492957746478873,4.771184483952897,-0.3545647656430386,0.1777777777777777,0.21739130434782608,0.03961352657004838,recent-form-k-v1-report-only
824331,2026-07-18,695076,Rhett Lowder,,2026-08-14T16:33:28.078896+00:00,2,18,1.0.0,eeb6ff5b9b8e9054b30fc1d6bc4cdfd7c99a7f52b4d7c2be784720d3d0453b2a,10.0,34.0,33.800000000000004,9.05325443786982,0.192090395480226,0.1412429378531073,0.2372881355932203,3.857142857142857,9.329268292682928,1.0,3.4,0.0,0.0,0.0,1.0,0.0,0.0,0.0,70.0,6.0,1.0,0.0,0.0,0.0,0.0,0.0,0.0,26.0,15.0,11.0,0.122972037108959,0.0873711473711473,0.1715187049332476,0.0,0.4522306397306397,0.0,0.0,0.0,0.0,115.0,v1,2.3.0,9.05325443786982,3.857142857142857,9.329268292682928,7.140418118466899,-0.2112871490059436,0.192090395480226,0.1111111111111111,-0.08097928436911489,recent-form-k-v1-report-only
824331,2026-07-18,608372,Tomoyuki Sugano,,2026-08-14T16:33:28.097975+00:00,3,24,1.0.0,f508e675383adef62e1b5f76a444de4f8f6973e8c3c37b7398aa21f91db7f62e,10.0,27.0,51.5,4.718446601941747,0.118942731277533,0.0616740088105726,0.2643171806167401,5.0625,5.884615384615385,3.0,3.4,0.0,0.0,0.0,1.0,0.0,0.0,0.0,70.0,22.0,1.0,0.0,0.0,0.0,0.0,0.0,0.0,26.0,16.0,10.0,0.1321480241956997,0.1234818160010991,0.1460139573070607,0.0,0.4513678833098071,0.0,0.0,0.0,0.0,113.0,v1,2.3.0,4.718446601941747,5.0625,5.884615384615385,5.555769230769231,0.177457264957265,0.118942731277533,0.125,0.0060572687224669935,recent-form-k-v1-report-only
824169,2026-07-18,669432,Trevor Rogers,,2026-08-14T16:33:28.128779+00:00,8,27,1.0.0,a7612c18f1e910aadd1795cb9ea11f99ea15ed3bb52fdffddc0c015859f36b32,10.0,39.0,53.90000000000001,6.512059369202225,0.1710526315789473,0.0789473684210526,0.2061403508771929,7.894736842105263,7.475083056478405,5.0,5.0,0.0,0.0,1.0,1.0,0.0,0.0,0.0,70.0,9.0,1.0,0.0,0.0,0.0,0.0,0.0,0.0,26.0,6.0,20.0,0.1218125150231718,0.1371942234011199,0.1171980025097874,0.0,0.393719806763285,0.0,0.0,0.0,0.0,117.0,v1,2.3.0,6.512059369202225,7.894736842105263,7.475083056478405,7.642944570729148,0.17366014918034534,0.1710526315789473,0.2962962962962963,0.125243664717349,recent-form-k-v1-report-only
824169,2026-07-18,681293,Spencer Arrighetti,,2026-08-14T16:33:28.129579+00:00,6,21,1.0.0,c3a217d2358273cc9c1d43806addca6c6c327bfec7f541a14809b20869ce29e8,10.0,51.0,53.1,8.64406779661017,0.2207792207792207,0.1168831168831168,0.1904761904761904,9.0,10.08,4.333333333333333,5.6,0.0,0.0,0.0,1.0,0.0,0.0,0.0,70.0,10.0,1.0,0.0,0.0,0.0,0.0,0.0,0.0,26.0,16.0,10.0,0.1325398935596304,0.0949308937590187,0.192714293240609,0.0,0.4009740259740259,0.0,0.0,0.0,0.0,110.0,v1,2.3.0,8.64406779661017,9.0,10.08,9.648,0.11614117647058819,0.2207792207792207,0.2857142857142857,0.06493506493506501,recent-form-k-v1-report-only
824088,2026-07-18,656288,Griffin Canning,,2026-08-14T16:33:28.188579+00:00,4,18,1.0.0,0c9c12bc7f2f8d4b4fb9b42c603c41fd18b2f5ca98be83984de3c68f9b5085f3,10.0,41.0,42.8,8.621495327102805,0.2135416666666666,0.109375,0.2291666666666666,8.78048780487805,8.674698795180724,4.0,3.2,0.0,0.0,0.0,1.0,0.0,0.0,0.0,70.0,9.0,1.0,0.0,0.0,0.0,0.0,0.0,0.0,26.0,17.0,9.0,0.1246195817714543,0.0917787041940117,0.1866523505288459,0.0,0.3861693861693862,0.0,0.0,0.0,0.0,118.0,v1,2.3.0,8.621495327102805,8.78048780487805,8.674698795180724,8.717014399059654,0.011079176909900124,0.2135416666666666,0.2222222222222222,0.008680555555555608,recent-form-k-v1-report-only
825059,2026-07-18,669160,Dustin May,,2026-08-14T16:33:28.247931+00:00,6,25,1.0.0,cda39048506b53c6209b67d602b8613f9b8ae056c778ab4b9ba844a30cf4ae5f,10.0,57.0,48.7,10.53388090349076,0.2714285714285714,0.0809523809523809,0.1857142857142857,12.85714285714286,10.670103092783506,4.0,4.6,0.0,0.0,0.0,1.0,0.0,0.0,0.0,70.0,6.0,1.0,0.0,0.0,0.0,0.0,0.0,0.0,26.0,14.0,12.0,0.1079344108021913,0.0922775861923934,0.1262007061802887,0.0,0.3594771241830065,0.0,0.0,0.0,0.0,109.0,v1,2.3.0,10.53388090349076,12.85714285714286,10.670103092783506,11.544918998527248,0.09597963982120272,0.2714285714285714,0.24,-0.03142857142857142,recent-form-k-v1-report-only
825059,2026-07-18,694297,Brandon Pfaadt,,2026-08-14T16:33:28.248737+00:00,3,23,1.0.0,3519e378b5596f4a51300456e1499f6546f3c91740ea259cdf0ce401847d800b,10.0,20.0,24.8,7.258064516129032,0.1709401709401709,0.0598290598290598,0.2478632478632478,5.921052631578948,7.241379310344828,3.333333333333333,2.8,0.0,0.0,0.0,1.0,0.0,0.0,0.0,70.0,7.0,1.0,0.0,0.0,0.0,0.0,0.0,0.0,26.0,16.0,10.0,0.1358310800777648,0.1092049570869903,0.1784328768630039,0.0,0.4691729323308271,0.0,0.0,0.0,0.0,138.0,v1,2.3.0,7.258064516129032,5.921052631578948,7.241379310344828,6.713248638838476,-0.07506352087114332,0.1709401709401709,0.13043478260869565,-0.04050538833147524,recent-form-k-v1-report-only
824738,2026-07-18,693855,Ian Seymour,,2026-08-14T16:33:28.291324+00:00,4,13,1.0.0,8e9948ed99416f49dbb71cbe30192b2d592bc74d7ab435afc82d55d9f0d6fc10,10.0,46.0,37.5,11.04,0.2839506172839506,0.0987654320987654,0.1728395061728395,14.577464788732396,12.047244094488187,7.666666666666667,6.8,0.0,0.0,1.0,1.0,0.0,0.0,0.0,70.0,6.0,1.0,0.0,0.0,0.0,0.0,0.0,0.0,26.0,10.0,16.0,0.1321087347849432,0.1085399922861223,0.1468391988467063,0.0,0.4329805996472664,0.0,0.0,0.0,0.0,111.0,v1,2.3.0,11.04,14.577464788732396,12.047244094488187,13.059332372185871,0.18291054095886516,0.2839506172839506,0.3076923076923077,0.023741690408357108,recent-form-k-v1-report-only
824899,2026-07-18,669022,MacKenzie Gore,,2026-08-14T16:33:28.340401+00:00,7,27,1.0.0,a0c34c4a582293fe12d6d83ac950c353334f733f72af4398985cd3260e957efc,10.0,60.0,55.3,9.76491862567812,0.2542372881355932,0.0720338983050847,0.2245762711864407,11.571428571428571,9.666666666666666,6.0,5.8,0.0,0.0,1.0,1.0,0.0,0.0,0.0,70.0,6.0,1.0,0.0,0.0,0.0,0.0,0.0,0.0,26.0,10.0,16.0,0.129600505388673,0.1092694551633636,0.1423074117794913,0.0,0.3609756097560976,0.0,0.0,0.0,0.0,144.0,v1,2.3.0,9.76491862567812,11.571428571428571,9.666666666666666,10.428571428571429,0.06796296296296278,0.2542372881355932,0.25925925925925924,0.005021971123666036,recent-form-k-v1-report-only
823763,2026-07-18,676974,Max Meyer,,2026-08-14T16:33:28.528463+00:00,5,16,1.0.0,7b0d538a4c89068479f807d01e9cd25c689b70eef5b070f77ef4a1fd54df4aff,10.0,62.0,60.1,9.284525790349418,0.2551440329218107,0.0864197530864197,0.1810699588477366,7.0,9.310344827586206,4.666666666666667,6.0,0.0,0.0,0.0,1.0,0.0,0.0,0.0,70.0,11.0,1.0,0.0,0.0,0.0,0.0,0.0,0.0,26.0,15.0,11.0,0.1076788665174373,0.0704161930847727,0.1584916030165255,0.0,0.3524710784742256,0.0,0.0,0.0,0.0,158.0,v1,2.3.0,9.284525790349418,7.0,9.310344827586206,8.386206896551723,-0.09675441848968003,0.2551440329218107,0.3125,0.057355967078189296,recent-form-k-v1-report-only
823763,2026-07-18,675660,Shane Drohan,,2026-08-14T16:33:28.529266+00:00,9,25,1.0.0,3e141d3a82e6ad8c4a885dec0e69dd053c654edb563f4f4738120c7cbcf1f7d4,10.0,45.0,46.5,8.709677419354838,0.2284263959390862,0.0609137055837563,0.2284263959390862,7.803468208092485,7.840909090909092,5.0,4.6,0.0,0.0,1.0,1.0,0.0,0.0,0.0,70.0,7.0,1.0,0.0,0.0,0.0,0.0,0.0,0.0,26.0,8.0,18.0,0.1280004934646844,0.153402322118293,0.1167107918408583,0.0,0.4612515964240102,0.0,0.0,0.0,0.0,146.0,v1,2.3.0,8.709677419354838,7.803468208092485,7.840909090909092,7.825932737782449,-0.10146698195831128,0.2284263959390862,0.36,0.13157360406091378,recent-form-k-v1-report-only
823116,2026-07-18,657277,Logan Webb,,2026-08-14T16:33:28.578696+00:00,5,26,1.0.0,30de0ffca114b7727453bb0371131842286b0cbd28859773fb8ae727560e1672,10.0,48.0,63.1,6.846275752773376,0.1912350597609561,0.0517928286852589,0.2071713147410358,5.294117647058823,6.0,3.333333333333333,4.4,0.0,0.0,0.0,1.0,0.0,0.0,0.0,70.0,10.0,1.0,0.0,0.0,0.0,0.0,0.0,0.0,26.0,17.0,9.0,0.1501197765104414,0.1125135914138471,0.2211536816928973,0.0,0.4348832528180354,0.0,0.0,0.0,0.0,136.0,v1,2.3.0,6.846275752773376,5.294117647058823,6.0,5.717647058823529,-0.16485294117647076,0.1912350597609561,0.19230769230769232,0.0010726325467362297,recent-form-k-v1-report-only
823116,2026-07-18,693433,Bryan Woo,,2026-08-14T16:33:28.579474+00:00,7,26,1.0.0,9c1b7dd1fc889dc3c27d1399dbfc1d059f5572b5bf11243811539fc5f1e17a3d,10.0,64.0,56.400000000000006,10.212765957446807,0.270042194092827,0.050632911392405,0.2236286919831223,8.344370860927153,8.966789667896679,4.666666666666667,5.4,0.0,0.0,0.0,1.0,0.0,0.0,0.0,70.0,11.0,1.0,0.0,0.0,0.0,0.0,0.0,0.0,26.0,16.0,10.0,0.096166270379759,0.0834172297001244,0.1165647354671745,0.0,0.3249443775759565,0.0,0.0,0.0,0.0,137.0,v1,2.3.0,10.212765957446807,8.344370860927153,8.966789667896679,8.717822145108869,-0.14637991495808977,0.270042194092827,0.2692307692307692,-0.0008114248620577635,recent-form-k-v1-report-only
824979,2026-07-18,641793,Zack Littell,,2026-08-14T16:33:28.703552+00:00,4,30,1.0.0,67f6309bf74c588d58926f3e71d22cd54ff89887c9b21694fbf6446d026e7605,10.0,37.0,48.2,6.9087136929460575,0.1887755102040816,0.0561224489795918,0.2295918367346938,6.6,6.75,3.6666666666666665,3.6,0.0,0.0,0.0,1.0,0.0,0.0,0.0,70.0,8.0,1.0,0.0,0.0,0.0,0.0,0.0,0.0,26.0,16.0,10.0,0.1226474006440501,0.1071411483253588,0.147457404353956,0.0,0.3942279942279942,0.0,0.0,0.0,0.0,133.0,v1,2.3.0,6.9087136929460575,6.6,6.75,6.6899999999999995,-0.0316576576576576,0.1887755102040816,0.13333333333333333,-0.05544217687074826,recent-form-k-v1-report-only
824979,2026-07-18,669372,J.T. Ginn,,2026-08-14T16:33:28.704379+00:00,7,23,1.0.0,956c9fa2522bea1bee6636896815572f5bb523bf7ae9f73b9b41f7e650eca5f0,10.0,49.0,50.50000000000001,8.732673267326732,0.2121212121212121,0.1255411255411255,0.1948051948051948,9.574468085106384,8.928571428571427,5.0,5.0,0.0,0.0,0.0,1.0,0.0,0.0,0.0,70.0,6.0,1.0,0.0,0.0,0.0,0.0,0.0,0.0,24.0,13.0,11.0,0.1206168245153804,0.1091796905085382,0.1341334374325576,0.0,0.3587301587301587,0.0,0.0,0.0,0.0,120.0,v1,2.3.0,8.732673267326732,9.574468085106384,8.928571428571427,9.18693009118541,0.052018071666356525,0.2121212121212121,0.30434782608695654,0.09222661396574444,recent-form-k-v1-report-only
824008,2026-07-18,669373,Tarik Skubal,,2026-08-14T16:33:28.749782+00:00,9,24,1.0.0,d0a68d034bd66e13a2d000af6601918b8cf5966762b76ea6852f8db675d951a6,10.0,73.0,56.6,11.607773851590103,0.3230088495575221,0.0398230088495575,0.1946902654867256,12.9375,13.23529411764706,7.666666666666667,8.0,0.0,0.0,1.0,1.0,0.0,0.0,0.0,70.0,6.0,1.0,0.0,0.0,0.0,0.0,0.0,0.0,26.0,9.0,17.0,0.1480660571567931,0.0701792701792701,0.1893002384978347,0.0,0.4455555555555556,0.0,0.0,0.0,0.0,108.0,v1,2.3.0,11.607773851590103,12.9375,13.23529411764706,13.116176470588236,0.12994762288477069,0.3230088495575221,0.375,0.051991150442477874,recent-form-k-v1-report-only
824008,2026-07-18,680570,Grayson Rodriguez,,2026-08-14T16:33:28.750544+00:00,3,22,1.0.0,fe19efa5ad885a886015636b3bf5fe3675be85dc5ad4a2dce303e50edd9bc5fb,7.0,24.0,28.9,7.474048442906574,0.1643835616438356,0.1095890410958904,0.2602739726027397,5.121951219512195,6.585365853658536,2.333333333333333,3.0,0.0,0.0,0.0,1.0,0.0,0.0,0.0,70.0,8.0,1.0,0.0,0.0,0.0,0.0,0.0,0.0,26.0,17.0,9.0,0.1502097532670288,0.1119932183399675,0.2223965414625889,0.0,0.432504873294347,0.0,0.0,0.0,0.0,116.0,v1,2.3.0,7.474048442906574,5.121951219512195,6.585365853658536,6.0,-0.1972222222222222,0.1643835616438356,0.13636363636363635,-0.028019925280199254,recent-form-k-v1-report-only
822786,2026-07-19,680732,Sean Burke,,2026-08-14T16:33:28.939527+00:00,5,23,1.0.0,c6ca5f121b5bee0e640524a1c43cec3a726a31985cb237ebda0c327b56d8d118,10.0,74.0,55.70000000000001,11.956912028725313,0.3175965665236051,0.0944206008583691,0.1931330472103004,13.922651933701657,12.076677316293928,9.333333333333334,8.4,0.0,0.0,0.0,1.0,0.0,0.0,0.0,70.0,9.0,1.0,0.0,0.0,0.0,0.0,0.0,0.0,26.0,15.0,11.0,0.1014367211643358,0.0740420026950061,0.1387931554406946,0.0,0.3760964912280702,0.0,0.0,0.0,0.0,141.0,v1,2.3.0,11.956912028725313,13.922651933701657,12.076677316293928,12.81506716325702,0.07177063212224644,0.3175965665236051,0.21739130434782608,-0.10020526217577899,recent-form-k-v1-report-only
822786,2026-07-19,702056,Trey Yesavage,,2026-08-14T16:33:28.940306+00:00,9,24,1.0.0,54c2437ff0eabd16b475763f0bf7aa4b646d09769a283d20f957ba6e026bc98d,10.0,48.0,53.10000000000001,8.135593220338981,0.208695652173913,0.1347826086956521,0.1347826086956521,7.388059701492537,7.704280155642023,3.6666666666666665,4.4,0.0,0.0,0.0,1.0,0.0,0.0,0.0,70.0,8.0,1.0,0.0,0.0,0.0,0.0,0.0,0.0,26.0,11.0,15.0,0.1304544789029867,0.1151034151034151,0.1417119256893392,0.0,0.41875,0.0,0.0,0.0,0.0,145.0,v1,2.3.0,8.135593220338981,7.388059701492537,7.704280155642023,7.577791973982229,-0.06856306986468419,0.208695652173913,0.375,0.166304347826087,recent-form-k-v1-report-only
823523,2026-07-19,808967,Yoshinobu Yamamoto,,2026-08-14T16:33:29.064735+00:00,7,30,1.0.0,3a875ad0f0634bfc95f671f25f1e3623b06484b886fc40eb9bdef5b740ccc411,10.0,66.0,66.3,8.959276018099548,0.2588235294117647,0.0588235294117647,0.1647058823529411,9.473684210526317,8.972809667673715,6.666666666666667,6.6,0.0,0.0,0.0,1.0,0.0,0.0,0.0,70.0,8.0,1.0,0.0,0.0,0.0,0.0,0.0,0.0,28.0,18.0,10.0,0.1448152477530329,0.113726885254663,0.2007743002500988,0.0,0.4657142857142857,0.0,0.0,0.0,0.0,147.0,v1,2.3.0,8.959276018099548,9.473684210526317,8.972809667673715,9.173159484814756,0.023872851587909638,0.2588235294117647,0.23333333333333334,-0.025490196078431338,recent-form-k-v1-report-only
823523,2026-07-19,693645,Cam Schlittler,,2026-08-14T16:33:29.065601+00:00,8,20,1.0.0,70de46ba71e5884d04b20c4fe1524dfa923b9d6e75b97f08aaa90933160d808a,10.0,69.0,57.50000000000001,10.8,0.2839506172839506,0.0576131687242798,0.2098765432098765,9.395604395604396,12.636986301369864,6.333333333333333,8.2,0.0,0.0,0.0,1.0,0.0,0.0,0.0,70.0,8.0,1.0,0.0,0.0,0.0,0.0,0.0,0.0,27.0,15.0,12.0,0.1033759642319006,0.0618050087623609,0.1553396585688252,0.0,0.3703152557319223,0.0,0.0,0.0,0.0,119.0,v1,2.3.0,10.8,9.395604395604396,12.636986301369864,11.340433539063676,0.050040142505895835,0.2839506172839506,0.4,0.11604938271604942,recent-form-k-v1-report-only
823521,2026-07-19,694361,Will Klein,,2026-08-14T16:33:29.129387+00:00,1,6,1.0.0,5005449737c88122fbe5878509c9fd7065bd3095f67feab82fe707aad0e67c33,10.0,13.0,8.7,13.448275862068966,0.26,0.14,0.24,15.65217391304348,15.283018867924527,1.3333333333333333,1.8,0.0,0.0,0.0,1.0,0.0,0.0,0.0,70.0,9.0,1.0,0.0,0.0,0.0,0.0,0.0,0.0,28.0,18.0,10.0,0.1448152477530329,0.113726885254663,0.2007743002500988,0.0,0.4657142857142857,0.0,0.0,0.0,0.0,147.0,v1,2.3.0,13.448275862068966,15.65217391304348,15.283018867924527,15.430680885972109,0.14740960434151562,0.26,0.16666666666666666,-0.09333333333333335,recent-form-k-v1-report-only
823521,2026-07-19,642232,Ryan Yarbrough,,2026-08-14T16:33:29.148908+00:00,1,10,1.0.0,8eea5d4ef4f6f5c74aab36886e45b1553a92610b186b7919d1f82b26606c245e,10.0,9.0,11.8,6.864406779661016,0.1475409836065573,0.0983606557377049,0.2131147540983606,7.82608695652174,6.0,0.6666666666666666,0.6,0.0,0.0,1.0,1.0,0.0,0.0,0.0,70.0,7.0,1.0,0.0,0.0,0.0,0.0,0.0,0.0,27.0,9.0,18.0,0.1033759642319006,0.1225104912604912,0.0938087007176053,0.0,0.3703152557319223,0.0,0.0,0.0,0.0,119.0,v1,2.3.0,6.864406779661016,7.82608695652174,6.0,6.730434782608696,-0.019516908212560247,0.1475409836065573,0.1,-0.047540983606557286,recent-form-k-v1-report-only
824739,2026-07-19,663556,Shane McClanahan,,2026-08-14T16:33:29.199351+00:00,3,24,1.0.0,62b523225b256e7ca014a5fd658836932cf42ebbeae0d6cbd871085536fb3032,10.0,48.0,50.4,8.571428571428571,0.2253521126760563,0.0657276995305164,0.215962441314554,6.464088397790055,8.181818181818182,4.333333333333333,4.6,0.0,0.0,1.0,1.0,0.0,0.0,0.0,70.0,11.0,1.0,0.0,0.0,0.0,0.0,0.0,0.0,26.0,10.0,16.0,0.1341112502720921,0.10802194415778,0.1504170665935371,0.0,0.4175744371822802,0.0,0.0,0.0,0.0,111.0,v1,2.3.0,8.571428571428571,6.464088397790055,8.181818181818182,7.494726268206931,-0.12561526870919137,0.2253521126760563,0.125,-0.10035211267605629,recent-form-k-v1-report-only
824739,2026-07-19,543243,Sonny Gray,,2026-08-14T16:33:29.200204+00:00,5,26,1.0.0,0fe49c9c0918f33cd7f779c1f003a4799bf504d5cb0daa3bc054384f8fe3059b,10.0,64.0,61.2,9.411764705882351,0.2633744855967078,0.0658436213991769,0.205761316872428,8.952879581151832,9.244712990936556,6.333333333333333,6.8,0.0,0.0,0.0,1.0,0.0,0.0,0.0,70.0,9.0,1.0,0.0,0.0,0.0,0.0,0.0,0.0,26.0,15.0,11.0,0.1131880878751867,0.0865214487345047,0.1495516867033895,0.0,0.3435435435435435,0.0,0.0,0.0,0.0,139.0,v1,2.3.0,9.411764705882351,8.952879581151832,9.244712990936556,9.127979627022667,-0.030152164628841516,0.2633744855967078,0.19230769230769232,-0.07106679328901547,recent-form-k-v1-report-only
823439,2026-07-19,690997,Nolan McLean,,2026-08-14T16:33:29.241470+00:00,10,21,1.0.0,6931155baf867d3873fb494a9c19d3793561c85c9c253635a10549de19c0c426,10.0,61.0,54.3,10.11049723756906,0.2489795918367346,0.0979591836734693,0.1877551020408163,9.5,10.741935483870968,6.333333333333333,7.4,0.0,0.0,0.0,1.0,0.0,0.0,0.0,70.0,9.0,1.0,0.0,0.0,0.0,0.0,0.0,0.0,25.0,12.0,13.0,0.1258447966977378,0.1104069541569541,0.1400951128892305,0.0,0.4431416710828475,0.0,0.0,0.0,0.0,143.0,v1,2.3.0,10.11049723756906,9.5,10.741935483870968,10.245161290322581,0.013319231447206148,0.2489795918367346,0.47619047619047616,0.22721088435374157,recent-form-k-v1-report-only
823439,2026-07-19,660604,Alan Rangel,,2026-08-14T16:33:29.242278+00:00,4,23,1.0.0,1bf16a0d335cb6778fc2aef09bc8d58e8d6d8307eaf08eb968578cbaa4ebca2c,5.0,22.0,19.1,10.366492146596858,0.2588235294117647,0.1058823529411764,0.2117647058823529,10.54054054054054,10.366492146596858,4.333333333333333,4.4,0.0,0.0,0.0,1.0,0.0,0.0,0.0,70.0,11.0,1.0,0.0,0.0,0.0,0.0,0.0,0.0,26.0,15.0,11.0,0.1129583219372692,0.083089922220357,0.1536879579148767,0.0,0.3083028083028082,0.0,0.0,0.0,0.0,121.0,v1,2.3.0,10.366492146596858,10.54054054054054,10.366492146596858,10.436111504174331,0.006715806715806627,0.2588235294117647,0.17391304347826086,-0.08491048593350381,recent-form-k-v1-report-only
824897,2026-07-19,543135,Nathan Eovaldi,,2026-08-14T16:33:29.339269+00:00,2,20,1.0.0,2199f92f3c1351b4f9e35eebc7e7dfde3bafe5c70445805822f921aeb8e0ceb1,10.0,73.0,63.2,10.395569620253164,0.2775665399239543,0.0608365019011406,0.2243346007604562,14.0,12.483870967741936,9.333333333333334,8.6,0.0,0.0,0.0,1.0,0.0,0.0,0.0,70.0,10.0,1.0,0.0,0.0,0.0,0.0,0.0,0.0,26.0,15.0,11.0,0.1361023394593483,0.1388588288588288,0.1323434902782384,0.0,0.3745257452574526,0.0,0.0,0.0,0.0,144.0,v1,2.3.0,10.395569620253164,14.0,12.483870967741936,13.09032258064516,0.25922128934060007,0.2775665399239543,0.1,-0.1775665399239543,recent-form-k-v1-report-only
824897,2026-07-19,656550,Grant Holmes,,2026-08-14T16:33:29.340124+00:00,2,24,1.0.0,c10b2c94c6043363407daff73054e572df1d15eed79baad5461725ddaa26b018,10.0,42.0,44.6,8.475336322869955,0.2110552763819095,0.0904522613065326,0.2160804020100502,7.071428571428571,7.574257425742575,3.6666666666666665,3.4,0.0,0.0,0.0,1.0,0.0,0.0,0.0,70.0,11.0,1.0,0.0,0.0,0.0,0.0,0.0,0.0,26.0,16.0,10.0,0.1167762407020718,0.1205828647884274,0.110685642163903,0.0,0.3209876543209876,0.0,0.0,0.0,0.0,140.0,v1,2.3.0,8.475336322869955,7.071428571428571,7.574257425742575,7.373125884016973,-0.1300491681821243,0.2110552763819095,0.08333333333333333,-0.12772194304857615,recent-form-k-v1-report-only
824411,2026-07-19,694973,Paul Skenes,,2026-08-14T16:33:29.398941+00:00,8,25,1.0.0,2efbcf637d70300abe59b1a7bff2ecbc6253777a758051c1b1338434d4c1f25c,10.0,67.0,52.400000000000006,11.50763358778626,0.2887931034482758,0.0689655172413793,0.2413793103448276,9.536423841059603,10.689655172413792,5.333333333333333,6.2,0.0,0.0,0.0,1.0,0.0,0.0,0.0,70.0,7.0,1.0,0.0,0.0,0.0,0.0,0.0,0.0,26.0,13.0,13.0,0.1644594136144464,0.1351479289940828,0.19377089823481,0.0,0.518974358974359,0.0,0.0,0.0,0.0,114.0,v1,2.3.0,11.50763358778626,9.536423841059603,10.689655172413792,10.228362639872117,-0.11116716031625395,0.2887931034482758,0.32,0.031206896551724206,recent-form-k-v1-report-only
824411,2026-07-19,676282,Joey Cantillo,,2026-08-14T16:33:29.399763+00:00,7,25,1.0.0,648a0946fc8438f885d09d107a86800b7ae79568cf5876fe4df950e63992ed09,10.0,60.0,50.2,10.756972111553784,0.2727272727272727,0.1136363636363636,0.2181818181818181,12.0,11.79310344827586,6.666666666666667,7.6,0.0,0.0,1.0,1.0,0.0,0.0,0.0,70.0,7.0,1.0,0.0,0.0,0.0,0.0,0.0,0.0,26.0,9.0,17.0,0.1324203797337281,0.1211219336219336,0.1384019100282076,0.0,0.4338624338624339,0.0,0.0,0.0,0.0,134.0,v1,2.3.0,10.756972111553784,12.0,11.79310344827586,11.875862068965517,0.1040153256704981,0.2727272727272727,0.28,0.0072727272727273196,recent-form-k-v1-report-only
824168,2026-07-19,687064,Brandon Young,,2026-08-14T16:33:29.445635+00:00,7,27,1.0.0,07a56af7bd2ece718542f87f5129df5238096ca858f1e92a12dae6810ff479d4,10.0,48.0,56.70000000000001,7.619047619047618,0.1935483870967742,0.0806451612903225,0.2338709677419354,9.529411764705882,8.035714285714286,6.0,5.0,0.0,0.0,0.0,1.0,0.0,0.0,0.0,70.0,9.0,1.0,0.0,0.0,0.0,0.0,0.0,0.0,26.0,19.0,7.0,0.1329110535154928,0.1234641422414082,0.1585526698308653,0.0,0.3968944099378881,0.0,0.0,0.0,0.0,117.0,v1,2.3.0,7.619047619047618,9.529411764705882,8.035714285714286,8.633193277310925,0.133106617647059,0.1935483870967742,0.25925925925925924,0.06571087216248506,recent-form-k-v1-report-only
824168,2026-07-19,686613,Hunter Brown,,2026-08-14T16:33:29.511748+00:00,4,24,1.0.0,0ea0a907c6231ecbb809ad69b5a99649498d65e5f0bb5fe4bea098138b2aec7f,7.0,39.0,34.4,10.203488372093023,0.2549019607843137,0.1437908496732026,0.1764705882352941,6.1875,8.181818181818182,3.6666666666666665,4.4,0.0,0.0,0.0,1.0,0.0,0.0,0.0,70.0,9.0,1.0,0.0,0.0,0.0,0.0,0.0,0.0,25.0,16.0,9.0,0.1700665632536209,0.1418501788067005,0.2202290244925903,0.0,0.4316425120772947,0.0,0.0,0.0,0.0,110.0,v1,2.3.0,10.203488372093023,6.1875,8.181818181818182,7.38409090909091,-0.2763170163170162,0.2549019607843137,0.16666666666666666,-0.08823529411764705,recent-form-k-v1-report-only
824086,2026-07-19,608566,Germán Márquez,,2026-08-14T16:33:29.552318+00:00,2,18,1.0.0,17e67f36eb61999a5f67f8d9b46238ad5627eb61b409e4717ec8ff8efb921de0,9.0,28.0,41.2,6.116504854368932,0.154696132596685,0.1104972375690607,0.2320441988950276,6.75,5.086956521739131,3.0,2.6,0.0,0.0,0.0,1.0,0.0,0.0,0.0,70.0,7.0,1.0,0.0,0.0,0.0,0.0,0.0,0.0,26.0,17.0,9.0,0.125745859774549,0.0934126911221163,0.1868196227846995,0.0,0.3902179691653376,0.0,0.0,0.0,0.0,118.0,v1,2.3.0,6.116504854368932,6.75,5.086956521739131,5.752173913043478,-0.05956521739130438,0.154696132596685,0.1111111111111111,-0.04358502148557389,recent-form-k-v1-report-only
824086,2026-07-19,702070,Noah Cameron,,2026-08-14T16:33:29.553126+00:00,1,26,1.0.0,aaea797e5eb40f4a96a8146a5c5f082c47842a2552822a4d01cdec91cb1f6334,10.0,55.0,53.3,9.287054409005629,0.2330508474576271,0.0762711864406779,0.2330508474576271,9.473684210526317,9.642857142857142,5.333333333333333,5.4,0.0,0.0,1.0,1.0,0.0,0.0,0.0,70.0,8.0,1.0,0.0,0.0,0.0,0.0,0.0,0.0,26.0,8.0,18.0,0.1079247996563966,0.0975860832137733,0.1125197847420069,0.0,0.2946127946127946,0.0,0.0,0.0,0.0,135.0,v1,2.3.0,9.287054409005629,9.473684210526317,9.642857142857142,9.575187969924812,0.031025290498974734,0.2330508474576271,0.038461538461538464,-0.19458930899608864,recent-form-k-v1-report-only
823764,2026-07-19,691587,Eury Pérez,,2026-08-14T16:33:29.601512+00:00,9,22,1.0.0,cdf00e5be926db10a1400a94cd95c6991db7a60a9112b8fb24d0f1b5999366a8,10.0,62.0,53.4,10.449438202247192,0.2910798122065727,0.0938967136150234,0.1596244131455399,10.939226519337016,10.950570342205324,7.333333333333333,6.4,0.0,0.0,0.0,1.0,0.0,0.0,0.0,70.0,8.0,1.0,0.0,0.0,0.0,0.0,0.0,0.0,26.0,15.0,11.0,0.108949572170726,0.0724642024642024,0.1587023490432581,0.0,0.3546358858858858,0.0,0.0,0.0,0.0,158.0,v1,2.3.0,10.449438202247192,10.939226519337016,10.950570342205324,10.946032813058,0.04752357028189458,0.2910798122065727,0.4090909090909091,0.11801109688433642,recent-form-k-v1-report-only
823764,2026-07-19,688107,Robert Gasser,,2026-08-14T16:33:29.640969+00:00,5,18,1.0.0,949b89002781b34964da7326fae6def76db560218da2868d5d240af3beb4ab66,9.0,43.0,44.7,8.65771812080537,0.2139303482587064,0.0696517412935323,0.2238805970149253,7.012987012987014,8.1203007518797,4.0,4.8,0.0,0.0,1.0,1.0,0.0,0.0,0.0,70.0,7.0,1.0,0.0,0.0,0.0,0.0,0.0,0.0,25.0,8.0,17.0,0.1233290461405529,0.1751009468114731,0.0989657987660022,0.0,0.4106858054226475,0.0,0.0,0.0,0.0,146.0,v1,2.3.0,8.65771812080537,7.012987012987014,8.1203007518797,7.677375256322625,-0.1132334006263016,0.2139303482587064,0.2777777777777778,0.06384742951907138,recent-form-k-v1-report-only
824653,2026-07-19,805673,Zebby Matthews,,2026-08-14T16:33:29.686852+00:00,4,22,1.0.0,0e6a328901930bb26912ad3648c60f2fce0e8b9915f13288c6d03e67332f397b,10.0,49.0,59.3,7.436762225969645,0.196,0.068,0.24,7.848837209302326,7.152317880794702,5.0,4.8,0.0,0.0,0.0,1.0,0.0,0.0,0.0,70.0,9.0,1.0,0.0,0.0,0.0,0.0,0.0,0.0,26.0,18.0,8.0,0.1422748715894987,0.1187878437878438,0.1951206841432225,0.0,0.3878787878787879,0.0,0.0,0.0,0.0,112.0,v1,2.3.0,7.436762225969645,7.848837209302326,7.152317880794702,7.430925612197751,-0.0007848326455176524,0.196,0.18181818181818182,-0.014181818181818184,recent-form-k-v1-report-only
824653,2026-07-19,684007,Shota Imanaga,,2026-08-14T16:33:29.687664+00:00,4,26,1.0.0,c17ae00ed090fa2b24fa9db3060a499d8492d460a2ee7482e620ee46f52ded05,10.0,46.0,51.8,7.992277992277993,0.2026431718061674,0.0616740088105726,0.2555066079295154,10.0,8.4375,5.666666666666667,4.8,0.0,0.0,1.0,1.0,0.0,0.0,0.0,70.0,9.0,1.0,0.0,0.0,0.0,0.0,0.0,0.0,26.0,7.0,19.0,0.1216861015312327,0.1615711731342661,0.1069916014669572,0.0,0.3714846980976014,0.0,0.0,0.0,0.0,142.0,v1,2.3.0,7.992277992277993,10.0,8.4375,9.0625,0.1339070048309179,0.2026431718061674,0.15384615384615385,-0.04879701796001354,recent-form-k-v1-report-only
824330,2026-07-19,663372,Ryan Feltner,,2026-08-14T16:33:29.738087+00:00,3,18,1.0.0,24689d22208daefc79a591b23f3579c86fb3f08e21682d7f02e3eb5dcf0c66f2,10.0,38.0,49.6,6.89516129032258,0.1800947867298578,0.0853080568720379,0.2037914691943128,6.70807453416149,7.186311787072243,4.0,4.2,0.0,0.0,0.0,1.0,0.0,0.0,0.0,70.0,10.0,1.0,0.0,0.0,0.0,0.0,0.0,0.0,26.0,16.0,10.0,0.1284356618024212,0.1224819051327672,0.1379616724738676,0.0,0.438106938106938,0.0,0.0,0.0,0.0,113.0,v1,2.3.0,6.89516129032258,6.70807453416149,7.186311787072243,6.995016885907941,0.014481981114134346,0.1800947867298578,0.16666666666666666,-0.013428120063191135,recent-form-k-v1-report-only
824978,2026-07-19,656492,Foster Griffin,,2026-08-14T16:33:29.781363+00:00,2,28,1.0.0,3c294710c8db54b482482aa047606f402a08b8d53bc5aab2541f43840401988d,10.0,60.0,59.1,9.137055837563452,0.2586206896551724,0.0344827586206896,0.1982758620689655,9.473684210526317,9.813084112149532,6.666666666666667,7.0,0.0,0.0,1.0,1.0,0.0,0.0,0.0,70.0,11.0,1.0,0.0,0.0,0.0,0.0,0.0,0.0,24.0,9.0,15.0,0.1336936846235189,0.1299756931570057,0.1359244795034269,0.0,0.406158357771261,0.0,0.0,0.0,0.0,133.0,v1,2.3.0,9.137055837563452,9.473684210526317,9.813084112149532,9.677324151500246,0.05912936546974912,0.2586206896551724,0.07142857142857142,-0.18719211822660095,recent-form-k-v1-report-only
824978,2026-07-19,682052,Jacob Lopez,,2026-08-14T16:33:29.782173+00:00,6,19,1.0.0,5f6069b470516f27c4b6cb83b0f2521cae59f8df54102b26270cc5f2804b4fa7,10.0,27.0,34.900000000000006,6.962750716332377,0.1569767441860465,0.0988372093023255,0.2674418604651162,11.612903225806452,8.602941176470587,2.6666666666666665,2.6,0.0,0.0,1.0,1.0,0.0,0.0,0.0,70.0,9.0,1.0,0.0,0.0,0.0,0.0,0.0,0.0,25.0,10.0,15.0,0.1265956392473541,0.133314479638009,0.1221164123202507,0.0,0.3587301587301587,0.0,0.0,0.0,0.0,120.0,v1,2.3.0,6.962750716332377,11.612903225806452,8.602941176470587,9.806925996204933,0.40848443319980343,0.1569767441860465,0.3157894736842105,0.158812729498164,recent-form-k-v1-report-only
824007,2026-07-19,663554,Casey Mize,,2026-08-14T16:33:29.831702+00:00,5,16,1.0.0,90b6ce7881ae6a308cab26c2ea5d2e6169b2cfa3d84ec8a9bdb7f0e8299529b4,10.0,52.0,52.1,8.982725527831095,0.2476190476190476,0.0523809523809523,0.1857142857142857,9.293478260869566,9.06474820143885,6.333333333333333,5.6,0.0,0.0,0.0,1.0,0.0,0.0,0.0,70.0,8.0,1.0,0.0,0.0,0.0,0.0,0.0,0.0,26.0,15.0,11.0,0.1501893017957571,0.2018778232830355,0.0797049543131047,0.0,0.430958605664488,0.0,0.0,0.0,0.0,108.0,v1,2.3.0,8.982725527831095,9.293478260869566,9.06474820143885,9.156240225211135,0.019316486610043038,0.2476190476190476,0.3125,0.0648809523809524,recent-form-k-v1-report-only
824007,2026-07-19,696270,Ryan Johnson,,2026-08-14T16:33:29.832502+00:00,5,20,1.0.0,3f938f8590be155cf80e265d0f576520eafc7e665dbe9e31ef34ec08d5b3a34a,9.0,25.0,33.1,6.7975830815709966,0.1677852348993288,0.087248322147651,0.2483221476510067,6.428571428571429,7.2,3.333333333333333,4.0,0.0,0.0,0.0,1.0,0.0,0.0,0.0,70.0,8.0,1.0,0.0,0.0,0.0,0.0,0.0,0.0,26.0,17.0,9.0,0.147736122682985,0.1197009066784608,0.2006915306915307,0.0,0.3986729644624381,0.0,0.0,0.0,0.0,116.0,v1,2.3.0,6.7975830815709966,6.428571428571429,7.2,6.8914285714285715,0.013805714285714421,0.1677852348993288,0.25,0.08221476510067119,recent-form-k-v1-report-only
823113,2026-07-19,592662,Robbie Ray,,2026-08-14T16:33:29.880050+00:00,6,22,1.0.0,e7a7de10e29d9be969ffe8299580e54bfdcf7ad7e42f5b8ac0afbcec7362ae4a,10.0,41.0,55.400000000000006,6.6606498194945845,0.1708333333333333,0.1333333333333333,0.1833333333333333,4.7368421052631575,6.525679758308157,3.333333333333333,4.8,0.0,0.0,1.0,1.0,0.0,0.0,0.0,70.0,9.0,1.0,0.0,0.0,0.0,0.0,0.0,0.0,26.0,8.0,18.0,0.1480721927496121,0.1868899245915375,0.1308198674865341,0.0,0.4468339307048984,0.0,0.0,0.0,0.0,136.0,v1,2.3.0,6.6606498194945845,4.7368421052631575,6.525679758308157,5.810144697090157,-0.12769101295719587,0.1708333333333333,0.2727272727272727,0.1018939393939394,recent-form-k-v1-report-only
823113,2026-07-19,669302,Logan Gilbert,,2026-08-14T16:33:29.880847+00:00,10,23,1.0.0,0b1a099cbf7eb586ab54591c5e3798259e2913980ea2e75a157d62cc21da2e01,10.0,67.0,61.900000000000006,9.74151857835218,0.273469387755102,0.0571428571428571,0.1673469387755102,8.423645320197044,9.97005988023952,6.333333333333333,7.4,0.0,0.0,0.0,1.0,0.0,0.0,0.0,70.0,8.0,1.0,0.0,0.0,0.0,0.0,0.0,0.0,26.0,16.0,10.0,0.1080150707091525,0.0955599992019951,0.1279431851206044,0.0,0.3632478632478632,0.0,0.0,0.0,0.0,137.0,v1,2.3.0,9.74151857835218,8.423645320197044,9.97005988023952,9.35149405622253,-0.04003734315062246,0.273469387755102,0.43478260869565216,0.16131322094055017,recent-form-k-v1-report-only
825057,2026-07-19,669467,Andre Pallante,,2026-08-14T16:33:29.929498+00:00,3,22,1.0.0,5f36a605fe542a6f41fd0ccdef33eee2ce4d5a0ca265fbb6ab0349d16d256601,10.0,39.0,55.8,6.290322580645161,0.1645569620253164,0.0421940928270042,0.2447257383966244,4.390243902439025,4.8979591836734695,2.6666666666666665,3.2,0.0,0.0,0.0,1.0,0.0,0.0,0.0,70.0,10.0,1.0,0.0,0.0,0.0,0.0,0.0,0.0,27.0,15.0,12.0,0.1057361707404965,0.0911917375098687,0.1239167122787812,0.0,0.3611185749116783,0.0,0.0,0.0,0.0,109.0,v1,2.3.0,6.290322580645161,4.390243902439025,4.8979591836734695,4.694873071179692,-0.25363556304322843,0.1645569620253164,0.13636363636363635,-0.028193325661680035,recent-form-k-v1-report-only
825057,2026-07-19,593958,Eduardo Rodriguez,,2026-08-14T16:33:29.930286+00:00,3,16,1.0.0,b8b375d79f3c184f91283a6fedfe0bdb98f67352932b40bc5f4deaede42153b3,10.0,40.0,59.50000000000001,6.050420168067226,0.1673640167364016,0.0711297071129707,0.205020920502092,4.2631578947368425,5.31055900621118,3.0,3.8,0.0,0.0,1.0,1.0,0.0,0.0,0.0,70.0,9.0,1.0,0.0,0.0,0.0,0.0,0.0,0.0,26.0,9.0,17.0,0.1348492721613726,0.193530088569411,0.1037829575924112,0.0,0.4922027290448343,0.0,0.0,0.0,0.0,138.0,v1,2.3.0,6.050420168067226,4.2631578947368425,5.31055900621118,4.891598561621445,-0.19152745995423337,0.1673640167364016,0.1875,0.02013598326359839,recent-form-k-v1-report-only
824410,2026-07-20,657746,Joe Ryan,,2026-08-14T16:33:30.079421+00:00,3,22,1.0.0,d89c13ad1d7e13f28d2acffc93b899f2aec378a4607ffbf8743519e55645190d,10.0,76.0,59.2,11.554054054054053,0.3076923076923077,0.0445344129554655,0.2186234817813765,10.588235294117649,11.571428571428571,6.666666666666667,7.2,0.0,0.0,0.0,1.0,0.0,0.0,0.0,70.0,9.0,1.0,0.0,0.0,0.0,0.0,0.0,0.0,26.0,13.0,13.0,0.1613879383403855,0.1335042735042735,0.1892716031764976,0.0,0.5118518518518519,0.0,0.0,0.0,0.0,114.0,v1,2.3.0,11.554054054054053,10.588235294117649,11.571428571428571,11.178151260504201,-0.032534276868642076,0.3076923076923077,0.13636363636363635,-0.17132867132867136,recent-form-k-v1-report-only
824410,2026-07-20,676440,Tanner Bibee,,2026-08-14T16:33:30.080251+00:00,5,25,1.0.0,3ff8c9f3af30d6d009f94c0e068d3f820bf7039b26d6036a6f68b08453b57bf6,10.0,40.0,60.3,5.970149253731344,0.1702127659574468,0.0595744680851063,0.1957446808510638,3.1395348837209305,5.088339222614842,2.0,3.2,0.0,0.0,0.0,1.0,0.0,0.0,0.0,70.0,9.0,1.0,0.0,0.0,0.0,0.0,0.0,0.0,26.0,17.0,9.0,0.1045825502720001,0.0825167166213879,0.1462624582787121,0.0,0.3227205533707081,0.0,0.0,0.0,0.0,142.0,v1,2.3.0,5.970149253731344,3.1395348837209305,5.088339222614842,4.3088174870572775,-0.2782730709179061,0.1702127659574468,0.2,0.029787234042553207,recent-form-k-v1-report-only
823522,2026-07-20,677952,Braxton Ashcraft,,2026-08-14T16:33:30.125185+00:00,2,20,1.0.0,cb1271f52e855e50228d06f138cace91f65bcfc088f0f55e051eb3f78538ec47,10.0,72.0,57.3,11.308900523560208,0.2975206611570248,0.0537190082644628,0.2272727272727272,11.666666666666668,12.127659574468083,7.0,7.6,0.0,0.0,0.0,1.0,0.0,0.0,0.0,70.0,9.0,1.0,0.0,0.0,0.0,0.0,0.0,0.0,26.0,17.0,9.0,0.1567179263135857,0.1192108147606868,0.2275646925801724,0.0,0.4619047619047619,0.0,0.0,0.0,0.0,147.0,v1,2.3.0,11.308900523560208,11.666666666666668,12.127659574468083,11.943262411347517,0.056094037299711186,0.2975206611570248,0.1,-0.1975206611570248,recent-form-k-v1-report-only
823522,2026-07-20,677960,Ryan Weathers,,2026-08-14T16:33:30.125985+00:00,5,23,1.0.0,cb9db94d914070e5ff6a609c5c244fb43cbeed55a9fa97e5b0cb2d304c4a74cd,10.0,56.0,50.8,9.921259842519683,0.2456140350877192,0.0614035087719298,0.25,13.106796116504857,11.651785714285715,5.0,5.8,0.0,0.0,1.0,1.0,0.0,0.0,0.0,70.0,10.0,1.0,0.0,0.0,0.0,0.0,0.0,0.0,26.0,9.0,17.0,0.1407564415699763,0.11729745697137,0.1531759040045326,0.0,0.4465392994804759,0.0,0.0,0.0,0.0,134.0,v1,2.3.0,9.921259842519683,13.106796116504857,11.651785714285715,12.233789875173372,0.23308834456112582,0.2456140350877192,0.21739130434782608,-0.02822273073989312,recent-form-k-v1-report-only
822788,2026-07-20,607259,Nick Martinez,,2026-08-14T16:33:30.171161+00:00,0,24,1.0.0,bf7e0e779cc14e3bdc4c6b1f0e2f71f2184a26941eed7f1f482db420aac0770d,10.0,31.0,56.5,4.938053097345133,0.1319148936170212,0.0382978723404255,0.251063829787234,4.090909090909092,6.113207547169812,2.333333333333333,3.6,0.0,0.0,0.0,1.0,0.0,0.0,0.0,70.0,10.0,1.0,0.0,0.0,0.0,0.0,0.0,0.0,26.0,15.0,11.0,0.1001777633257038,0.0745449615282734,0.1351315839585634,0.0,0.3835777126099707,0.0,0.0,0.0,0.0,141.0,v1,2.3.0,4.938053097345133,4.090909090909092,6.113207547169812,5.3042881646655236,0.07416588280860958,0.1319148936170212,0.0,-0.1319148936170212,recent-form-k-v1-report-only
822788,2026-07-20,656302,Dylan Cease,,2026-08-14T16:33:30.171963+00:00,7,26,1.0.0,8608136ea99aabb16e06951084e5b9f4482f2294b4feba4bd91f7a8e6cab692a,10.0,92.0,58.6,14.129692832764505,0.3914893617021276,0.1106382978723404,0.1446808510638297,14.0625,13.775510204081634,10.0,9.0,0.0,0.0,0.0,1.0,0.0,0.0,0.0,70.0,12.0,1.0,0.0,0.0,0.0,0.0,0.0,0.0,26.0,15.0,11.0,0.1074335536443201,0.0874323174245774,0.1347079666712419,0.0,0.3260536398467433,0.0,0.0,0.0,0.0,139.0,v1,2.3.0,14.129692832764505,14.0625,13.775510204081634,13.89030612244898,-0.0169421029281277,0.3914893617021276,0.2692307692307692,-0.1222585924713584,recent-form-k-v1-report-only
824736,2026-07-20,669358,Shane Baz,,2026-08-14T16:33:30.228753+00:00,6,25,1.0.0,99939722232963c56b942d215bacfaab02fabcfae6dbef963463eb977f8f9984,10.0,57.0,59.400000000000006,8.636363636363635,0.2244094488188976,0.0787401574803149,0.2244094488188976,9.418604651162791,9.863013698630136,6.0,6.4,0.0,0.0,0.0,1.0,0.0,0.0,0.0,70.0,8.0,1.0,0.0,0.0,0.0,0.0,0.0,0.0,26.0,15.0,11.0,0.13069823096124,0.1459439867675162,0.1099085639526816,0.0,0.4175744371822802,0.0,0.0,0.0,0.0,111.0,v1,2.3.0,8.636363636363635,9.418604651162791,9.863013698630136,9.685250079643197,0.12145000922184401,0.2244094488188976,0.24,0.015590551181102391,recent-form-k-v1-report-only
824736,2026-07-20,801139,Payton Tolle,,2026-08-14T16:33:30.229608+00:00,9,26,1.0.0,d5ad61d48949c47ead63629b0fc0e5dc7649ddeb79c03087da7d2b3ea88cdaa2,10.0,57.0,52.400000000000006,9.790076335877862,0.252212389380531,0.079646017699115,0.2123893805309734,13.278688524590164,9.642857142857142,6.0,5.4,0.0,0.0,1.0,1.0,0.0,0.0,0.0,70.0,8.0,1.0,0.0,0.0,0.0,0.0,0.0,0.0,25.0,6.0,19.0,0.1640305799463694,0.1899942163100057,0.1558315368841684,0.0,0.4461538461538462,0.0,0.0,0.0,0.0,110.0,v1,2.3.0,9.790076335877862,13.278688524590164,9.642857142857142,11.097189695550352,0.1335141131517319,0.252212389380531,0.34615384615384615,0.09394145677331517,recent-form-k-v1-report-only
823436,2026-07-20,686218,Emmet Sheehan,,2026-08-14T16:33:30.338298+00:00,6,25,1.0.0,14a2986727e8b351d06d0509592107b90a40a8fe62fc3621f676c390e854c790,10.0,50.0,45.5,9.89010989010989,0.2525252525252525,0.0808080808080808,0.1919191919191919,10.774647887323944,11.704035874439462,5.666666666666667,5.8,0.0,0.0,0.0,1.0,0.0,0.0,0.0,70.0,8.0,1.0,0.0,0.0,0.0,0.0,0.0,0.0,25.0,12.0,13.0,0.1316043907827589,0.1123357109481398,0.1493908644762535,0.0,0.4423467585232291,0.0,0.0,0.0,0.0,143.0,v1,2.3.0,9.89010989010989,10.774647887323944,11.704035874439462,11.332280679593255,0.14581949093665125,0.2525252525252525,0.24,-0.012525252525252495,recent-form-k-v1-report-only
823436,2026-07-20,650911,Cristopher Sánchez,,2026-08-14T16:33:30.339152+00:00,7,25,1.0.0,ed38154b4f9f7789b3ee1457fcc0ee6238c0ec116aa0aee1d11ba966abc3b61d,10.0,64.0,62.3,9.245585874799357,0.2490272373540856,0.0428015564202334,0.245136186770428,8.94736842105263,8.967971530249109,5.666666666666667,5.6,0.0,0.0,1.0,1.0,0.0,0.0,0.0,70.0,9.0,1.0,0.0,0.0,0.0,0.0,0.0,0.0,26.0,9.0,17.0,0.1233972188332116,0.1426085652630275,0.1132265060174267,0.0,0.4189311594202898,0.0,0.0,0.0,0.0,119.0,v1,2.3.0,9.245585874799357,8.94736842105263,8.967971530249109,8.959730286570517,-0.030918061018501253,0.2490272373540856,0.28,0.03097276264591442,recent-form-k-v1-report-only
824898,2026-07-20,693821,Bryce Elder,,2026-08-14T16:33:30.401140+00:00,4,22,1.0.0,86ede27a64c9d0022703e2550f128245a2f6c8c911b98643f3cf649ab5eb6125,10.0,41.0,52.5,7.0285714285714285,0.1708333333333333,0.0666666666666666,0.2583333333333333,8.357142857142858,7.125,4.333333333333333,3.8,0.0,0.0,0.0,1.0,0.0,0.0,0.0,70.0,11.0,1.0,0.0,0.0,0.0,0.0,0.0,0.0,26.0,17.0,9.0,0.1023521172864039,0.100189721934395,0.1064366418401986,0.0,0.2701142835301762,0.0,0.0,0.0,0.0,135.0,v1,2.3.0,7.0285714285714285,8.357142857142858,7.125,7.617857142857143,0.08384146341463428,0.1708333333333333,0.18181818181818182,0.010984848484848514,recent-form-k-v1-report-only
824087,2026-07-20,686790,Trevor McDonald,,2026-08-14T16:33:30.459710+00:00,3,19,1.0.0,dd7adab1149063b9d14dc93277f39f12d78158827437546b90e05c74abe0e8e5,10.0,37.0,45.7,7.286652078774616,0.1720930232558139,0.0837209302325581,0.227906976744186,5.364238410596027,5.043103448275862,3.0,2.6,0.0,0.0,0.0,1.0,0.0,0.0,0.0,70.0,8.0,1.0,0.0,0.0,0.0,0.0,0.0,0.0,26.0,17.0,9.0,0.1164034925270047,0.0896551612302851,0.1669281183096972,0.0,0.3525710828796128,0.0,0.0,0.0,0.0,118.0,v1,2.3.0,7.286652078774616,5.364238410596027,5.043103448275862,5.171557433203928,-0.2902697456533948,0.1720930232558139,0.15789473684210525,-0.014198286413708655,recent-form-k-v1-report-only
824087,2026-07-20,608379,Michael Wacha,,2026-08-14T16:33:30.460505+00:00,5,23,1.0.0,906ad82e12a7cb0db32919e787cbc23e493e3af84b47a1edf36e66487d13383f,10.0,49.0,60.6,7.277227722772277,0.1863117870722433,0.0608365019011406,0.2623574144486692,9.827586206896552,7.99342105263158,6.333333333333333,5.4,0.0,0.0,0.0,1.0,0.0,0.0,0.0,70.0,11.0,1.0,0.0,0.0,0.0,0.0,0.0,0.0,26.0,16.0,10.0,0.139429771220242,0.0928798479339106,0.2139096484783721,0.0,0.5081753994797473,0.0,0.0,0.0,0.0,137.0,v1,2.3.0,7.277227722772277,9.827586206896552,7.99342105263158,8.727087114337568,0.1992323789769992,0.1863117870722433,0.21739130434782608,0.03107951727558278,recent-form-k-v1-report-only
823762,2026-07-20,642547,Freddy Peralta,,2026-08-14T16:33:30.505285+00:00,6,26,1.0.0,876e28882d87c7d0a3e2139b5c873ff2ce1ffc6937f3f952061921b3c4964621,10.0,50.0,47.900000000000006,9.394572025052192,0.2145922746781116,0.0815450643776824,0.2703862660944206,11.707317073170731,10.50761421319797,5.333333333333333,4.6,0.0,0.0,0.0,1.0,0.0,0.0,0.0,70.0,9.0,1.0,0.0,0.0,0.0,0.0,0.0,0.0,26.0,15.0,11.0,0.1161098656856575,0.0737413730060788,0.173885082975992,0.0,0.3833217833217833,0.0,0.0,0.0,0.0,158.0,v1,2.3.0,9.394572025052192,11.707317073170731,10.50761421319797,10.987495357187074,0.16955783913169076,0.2145922746781116,0.23076923076923078,0.016176956091119188,recent-form-k-v1-report-only
823762,2026-07-20,694819,Jacob Misiorowski,,2026-08-14T16:33:30.533675+00:00,6,17,1.0.0,455db7d482ef5e705e9d23780c012592935682e991cb8f8f0698e77804df1526,10.0,97.0,67.0,13.029850746268655,0.3959183673469387,0.0408163265306122,0.1306122448979592,14.5,13.909090909090908,9.666666666666666,10.2,0.0,0.0,0.0,1.0,0.0,0.0,0.0,70.0,13.0,1.0,0.0,0.0,0.0,0.0,0.0,0.0,26.0,15.0,11.0,0.1053528606774261,0.0756228177280808,0.1458938283356243,0.0,0.3114385614385614,0.0,0.0,0.0,0.0,121.0,v1,2.3.0,13.029850746268655,14.5,13.909090909090908,14.145454545454545,0.08561907737165475,0.3959183673469387,0.35294117647058826,-0.042977190876350435,recent-form-k-v1-report-only
824654,2026-07-20,656427,Jack Flaherty,,2026-08-14T16:33:30.647639+00:00,4,18,1.0.0,612d273d1dd739c05a543aab13a0f6b1328930e73aa830fce03f3b660c02d83a,10.0,56.0,46.7,10.792291220556743,0.2679425837320574,0.0669856459330143,0.2200956937799043,11.11111111111111,10.413223140495868,6.666666666666667,5.6,0.0,0.0,0.0,1.0,0.0,0.0,0.0,70.0,10.0,1.0,0.0,0.0,0.0,0.0,0.0,0.0,26.0,18.0,8.0,0.1477802570134693,0.1304903673324726,0.186682508795712,0.0,0.4837852206273259,0.0,0.0,0.0,0.0,112.0,v1,2.3.0,10.792291220556743,11.11111111111111,10.413223140495868,10.692378328741965,-0.009257801682043931,0.2679425837320574,0.2222222222222222,-0.04572036150983522,recent-form-k-v1-report-only
824654,2026-07-20,592791,Jameson Taillon,,2026-08-14T16:33:30.693044+00:00,6,20,1.0.0,15ee328dec3c4fed96288dd7d0ebf792d2b9662721eae1d718974c4a79eca5e3,10.0,42.0,49.6,7.620967741935485,0.1944444444444444,0.0787037037037037,0.2314814814814814,8.925619834710744,8.028169014084506,4.0,3.8,0.0,0.0,0.0,1.0,0.0,0.0,0.0,70.0,43.0,1.0,0.0,0.0,0.0,0.0,0.0,0.0,26.0,17.0,9.0,0.147535705675263,0.1185896765531171,0.2022115384615384,0.0,0.3762792397660819,0.0,0.0,0.0,0.0,116.0,v1,2.3.0,7.620967741935485,8.925619834710744,8.028169014084506,8.387149342335,0.10053599835930149,0.1944444444444444,0.3,0.1055555555555556,recent-form-k-v1-report-only
822874,2026-07-20,607200,Erick Fedde,,2026-08-14T16:33:30.756755+00:00,6,15,1.0.0,238df9a9f0c5ce038d633a821996aa0490f3cc92102f6c7d0bd4c6166f2ab2ea,10.0,32.0,41.6,6.9230769230769225,0.1649484536082474,0.0876288659793814,0.2525773195876288,6.382978723404255,6.457399103139013,3.333333333333333,3.2,0.0,0.0,0.0,1.0,0.0,0.0,0.0,70.0,9.0,1.0,0.0,0.0,0.0,0.0,0.0,0.0,26.0,16.0,10.0,0.1165634025323098,0.1227414302669916,0.106678558156819,0.0,0.3235164835164835,0.0,0.0,0.0,0.0,140.0,v1,2.3.0,6.9230769230769225,6.382978723404255,6.457399103139013,6.42763095124511,-0.07156441815348402,0.1649484536082474,0.4,0.23505154639175263,recent-form-k-v1-report-only
822874,2026-07-20,594798,Jacob deGrom,,2026-08-14T16:33:30.757583+00:00,6,23,1.0.0,dbee9e490225c8b5f91bae558684df0c1b40ebbfabde6745b7540784dc75578e,10.0,65.0,56.0,10.446428571428571,0.2863436123348017,0.0616740088105726,0.2070484581497797,12.0,11.4,8.0,7.6,0.0,0.0,0.0,1.0,0.0,0.0,0.0,70.0,13.0,1.0,0.0,0.0,0.0,0.0,0.0,0.0,26.0,11.0,15.0,0.14015689113219,0.1177290277290277,0.1566039909611757,0.0,0.4253326330532213,0.0,0.0,0.0,0.0,145.0,v1,2.3.0,10.446428571428571,12.0,11.4,11.64,0.11425641025641031,0.2863436123348017,0.2608695652173913,-0.025474047117410414,recent-form-k-v1-report-only
824167,2026-07-20,676083,Janson Junk,,2026-08-14T16:33:30.864474+00:00,3,19,1.0.0,c2b47c8eb20f0477b968b324b81a7c0c5ea4da707c5ec0e39857d2de8de17a8f,10.0,40.0,52.4,6.870229007633588,0.1746724890829694,0.0655021834061135,0.2445414847161572,6.6,7.213740458015267,3.6666666666666665,4.2,0.0,0.0,0.0,1.0,0.0,0.0,0.0,70.0,11.0,1.0,0.0,0.0,0.0,0.0,0.0,0.0,26.0,19.0,7.0,0.1339691005616184,0.1195133623641037,0.173206104240587,0.0,0.3933925723399407,0.0,0.0,0.0,0.0,117.0,v1,2.3.0,6.870229007633588,6.6,7.213740458015267,6.968244274809161,0.01426666666666665,0.1746724890829694,0.15789473684210525,-0.01677775224086414,recent-form-k-v1-report-only
824328,2026-07-20,674841,Andrew Alvarez,,2026-08-14T16:33:30.926763+00:00,2,21,1.0.0,24e7bd76ec82c139d1368ba3a74f630277c1c1c269066d9b1adacc95fbc0dd4c,10.0,38.0,35.800000000000004,9.553072625698324,0.2248520710059171,0.1183431952662721,0.2366863905325443,8.68421052631579,10.153846153846152,3.6666666666666665,4.4,0.0,0.0,1.0,1.0,0.0,0.0,0.0,70.0,8.0,1.0,0.0,0.0,0.0,0.0,0.0,0.0,26.0,9.0,17.0,0.1295447417794898,0.1390759446315001,0.1244988108578372,0.0,0.4505050505050505,0.0,0.0,0.0,0.0,115.0,v1,2.3.0,9.553072625698324,8.68421052631579,10.153846153846152,9.565991902834007,0.0013523687761913816,0.2248520710059171,0.09523809523809523,-0.12961397576782185,recent-form-k-v1-report-only
824328,2026-07-20,607536,Kyle Freeland,,2026-08-14T16:33:30.927586+00:00,4,27,1.0.0,53ad80f23d04171260f5702e0b84df72687205d51fbe4020b908dcc90da04ee3,10.0,48.0,52.70000000000001,8.197343453510435,0.1967213114754098,0.0245901639344262,0.3114754098360656,10.125,9.278350515463917,6.0,6.0,0.0,0.0,1.0,1.0,0.0,0.0,0.0,70.0,9.0,1.0,0.0,0.0,0.0,0.0,0.0,0.0,25.0,10.0,15.0,0.1216279204324745,0.1432865557865557,0.1071888301964203,0.0,0.3622372372372373,0.0,0.0,0.0,0.0,120.0,v1,2.3.0,8.197343453510435,10.125,9.278350515463917,9.61701030927835,0.1731862113402063,0.1967213114754098,0.14814814814814814,-0.048573163327261665,recent-form-k-v1-report-only
825058,2026-07-20,605488,Jeffrey Springs,,2026-08-14T16:33:31.064019+00:00,2,20,1.0.0,264a49b3c6b7ad81ec166f244202aadb168a4abc1d6615843c154b2c317472f6,10.0,40.0,46.8,7.692307692307692,0.1785714285714285,0.0982142857142857,0.2544642857142857,7.552447552447553,8.790697674418604,4.0,4.2,0.0,0.0,1.0,1.0,0.0,0.0,0.0,70.0,12.0,1.0,0.0,0.0,0.0,0.0,0.0,0.0,26.0,7.0,19.0,0.111797304784051,0.1249519969278033,0.1069508392574055,0.0,0.3600521342456826,0.0,0.0,0.0,0.0,109.0,v1,2.3.0,7.692307692307692,7.552447552447553,8.790697674418604,8.295397625630184,0.07840169133192387,0.1785714285714285,0.1,-0.07857142857142849,recent-form-k-v1-report-only
823112,2026-07-20,671096,Andrew Abbott,,2026-08-14T16:33:31.109178+00:00,6,24,1.0.0,a8c8ef1322821a845a61df43ec389e6e244f20934c17dd73271d36db88626072,10.0,49.0,53.2,8.289473684210526,0.2112068965517241,0.1077586206896551,0.2025862068965517,8.4,9.322709163346612,4.666666666666667,5.2,0.0,0.0,1.0,1.0,0.0,0.0,0.0,70.0,8.0,1.0,0.0,0.0,0.0,0.0,0.0,0.0,26.0,8.0,18.0,0.1461434911802559,0.1746651785714285,0.133467185673068,0.0,0.4554738562091503,0.0,0.0,0.0,0.0,136.0,v1,2.3.0,8.289473684210526,8.4,9.322709163346612,8.953625498007968,0.0801199013469931,0.2112068965517241,0.25,0.03879310344827591,recent-form-k-v1-report-only
823112,2026-07-20,669923,George Kirby,,2026-08-14T16:33:31.110029+00:00,6,21,1.0.0,4be8e255635c6d25cc3c467a4daff78c403e9cbaa7cb28dc28fa5248aa31907d,10.0,59.0,57.3,9.267015706806282,0.2341269841269841,0.0476190476190476,0.3015873015873015,8.55,9.5625,6.333333333333333,6.8,0.0,0.0,0.0,1.0,0.0,0.0,0.0,70.0,12.0,1.0,0.0,0.0,0.0,0.0,0.0,0.0,26.0,16.0,10.0,0.1247824312330089,0.123474287043366,0.1268754619364375,0.0,0.436026936026936,0.0,0.0,0.0,0.0,113.0,v1,2.3.0,9.267015706806282,8.55,9.5625,9.1575,-0.011817796610169351,0.2341269841269841,0.2857142857142857,0.0515873015873016,recent-form-k-v1-report-only
824006,2026-07-20,681517,Kyle Leahy,,2026-08-14T16:33:31.158363+00:00,4,20,1.0.0,bd9d7f59d4970311bad0bde7789c1e4774dd453c54221372567c08fc2b3d18c0,10.0,43.0,49.2,7.865853658536585,0.2067307692307692,0.0769230769230769,0.2259615384615384,9.0,8.247011952191235,4.333333333333333,4.6,0.0,0.0,0.0,1.0,0.0,0.0,0.0,70.0,10.0,1.0,0.0,0.0,0.0,0.0,0.0,0.0,26.0,15.0,11.0,0.1563725479954155,0.2141835265483967,0.0775393954231684,0.0,0.4754166666666666,0.0,0.0,0.0,0.0,108.0,v1,2.3.0,7.865853658536585,9.0,8.247011952191235,8.548207171314742,0.08674881867877349,0.2067307692307692,0.2,-0.006730769230769179,recent-form-k-v1-report-only
824006,2026-07-20,667755,José Soriano,,2026-08-14T16:33:31.159178+00:00,7,25,1.0.0,895bff803d15547746c14af8e96acdb48ab9635376c6d12d219014b963ae2de7,10.0,48.0,50.400000000000006,8.571428571428571,0.211453744493392,0.118942731277533,0.2290748898678414,7.3125,8.625,4.333333333333333,4.6,0.0,0.0,0.0,1.0,0.0,0.0,0.0,70.0,8.0,1.0,0.0,0.0,0.0,0.0,0.0,0.0,26.0,16.0,10.0,0.1414677592863542,0.1154622272483263,0.1830766105471987,0.0,0.5325241207594149,0.0,0.0,0.0,0.0,138.0,v1,2.3.0,8.571428571428571,7.3125,8.625,8.1,-0.05500000000000005,0.211453744493392,0.28,0.06854625550660803,recent-form-k-v1-report-only
824409,2026-07-21,696070,Kendry Rojas,,2026-08-14T16:33:31.318975+00:00,2,10,1.0.0,fb946d6fb5ff5cac9b6c75b70b88ed44e2dd5221f625b2efc0d54132c2cc4e58,8.0,22.0,19.1,10.366492146596858,0.2558139534883721,0.1860465116279069,0.1744186046511628,14.4,10.5,2.6666666666666665,2.8,0.0,0.0,1.0,1.0,0.0,0.0,0.0,70.0,3.0,1.0,0.0,0.0,0.0,0.0,0.0,0.0,26.0,11.0,15.0,0.1506118390332373,0.171794671699795,0.1350777617444284,0.0,0.4582425562817719,0.0,0.0,0.0,0.0,114.0,v1,2.3.0,10.366492146596858,14.4,10.5,12.06,0.16336363636363638,0.2558139534883721,0.2,-0.05581395348837209,recent-form-k-v1-report-only
824409,2026-07-21,800048,Parker Messick,,2026-08-14T16:33:31.378810+00:00,6,22,1.0.0,0a9587e2581ffc252dda7bfdfce3a3dc9a01ee3ef19fafeff8af4b0939ea9eb9,10.0,52.0,56.00000000000001,8.357142857142856,0.2166666666666666,0.0916666666666666,0.1875,4.709302325581396,8.289473684210527,3.0,5.6,0.0,0.0,1.0,1.0,0.0,0.0,0.0,70.0,11.0,1.0,0.0,0.0,0.0,0.0,0.0,0.0,26.0,6.0,20.0,0.1041659909423734,0.1225613052238439,0.0986473966579323,0.0,0.3101086048454469,0.0,0.0,0.0,0.0,142.0,v1,2.3.0,8.357142857142856,4.709302325581396,8.289473684210527,6.857405140758875,-0.17945579512286958,0.2166666666666666,0.2727272727272727,0.056060606060606116,recent-form-k-v1-report-only
823437,2026-07-21,680736,Justin Wrobleski,,2026-08-14T16:33:31.502665+00:00,7,25,1.0.0,9586d49baf36a4cbb3ea545825ab075726fe474766345177f6fcb57079fcb37b,10.0,58.0,63.400000000000006,8.233438485804415,0.2265625,0.0390625,0.21875,9.857142857142858,8.365384615384615,7.666666666666667,5.8,0.0,0.0,1.0,1.0,0.0,0.0,0.0,70.0,14.0,1.0,0.0,0.0,0.0,0.0,0.0,0.0,26.0,12.0,14.0,0.1234459383360043,0.1498711947241359,0.1007957185747486,0.0,0.4186539480657127,0.0,0.0,0.0,0.0,143.0,v1,2.3.0,8.233438485804415,9.857142857142858,8.365384615384615,8.962087912087913,0.08849880005052446,0.2265625,0.28,0.05343750000000003,recent-form-k-v1-report-only
823437,2026-07-21,554430,Zack Wheeler,,2026-08-14T16:33:31.503475+00:00,9,25,1.0.0,dec93b26e1ed59dcfec964186d0d0b72f0b990c04507f72a84aea2d6c0733988,10.0,78.0,60.4,11.62251655629139,0.3319148936170212,0.0638297872340425,0.1702127659574468,17.790697674418606,14.081632653061224,11.333333333333334,9.2,0.0,0.0,0.0,1.0,0.0,0.0,0.0,70.0,9.0,1.0,0.0,0.0,0.0,0.0,0.0,0.0,26.0,14.0,12.0,0.1261749713775326,0.0777544351073762,0.1826655970260483,0.0,0.4253416149068323,0.0,0.0,0.0,0.0,119.0,v1,2.3.0,11.62251655629139,17.790697674418606,14.081632653061224,15.565258661604176,0.33923308142577246,0.3319148936170212,0.36,0.028085106382978786,recent-form-k-v1-report-only
822787,2026-07-21,656876,Drew Rasmussen,,2026-08-14T16:33:31.544666+00:00,5,23,1.0.0,932420c8212748f6c259999ea0aeb11a4d29942305c043eece0a4eadf07c5286,10.0,55.0,56.2,8.807829181494661,0.2477477477477477,0.045045045045045,0.2027027027027027,6.183206106870229,7.241379310344827,3.0,4.2,0.0,0.0,0.0,1.0,0.0,0.0,0.0,70.0,12.0,1.0,0.0,0.0,0.0,0.0,0.0,0.0,25.0,15.0,10.0,0.088889936972719,0.0714549193496561,0.1150424634073132,0.0,0.3478356768679349,0.0,0.0,0.0,0.0,141.0,v1,2.3.0,8.807829181494661,6.183206106870229,7.241379310344827,6.818110028954988,-0.22590346741965583,0.2477477477477477,0.21739130434782608,-0.030356443399921607,recent-form-k-v1-report-only
822787,2026-07-21,592332,Kevin Gausman,,2026-08-14T16:33:31.545486+00:00,1,21,1.0.0,7e333c607bd529e759c5a4525a2ed2afcc2191608d3d6d01b546c755758c1e32,10.0,63.0,54.3,10.441988950276242,0.2635983263598326,0.0962343096234309,0.2259414225941422,12.105263157894736,10.756972111553784,7.666666666666667,6.0,0.0,0.0,0.0,1.0,0.0,0.0,0.0,70.0,9.0,1.0,0.0,0.0,0.0,0.0,0.0,0.0,26.0,15.0,11.0,0.1094480131254613,0.0817548485586141,0.1472114193529801,0.0,0.31455938697318,0.0,0.0,0.0,0.0,139.0,v1,2.3.0,10.441988950276242,12.105263157894736,10.756972111553784,11.296288530090166,0.08181387510387306,0.2635983263598326,0.047619047619047616,-0.21597927874078499,recent-form-k-v1-report-only
824895,2026-07-21,621111,Walker Buehler,,2026-08-14T16:33:31.605398+00:00,3,24,1.0.0,05791f86731033e9342cd1a1ab4cedc9cbb3b1c9154971cbff74043931a40759,10.0,44.0,46.50000000000001,8.516129032258064,0.2115384615384615,0.1009615384615384,0.2451923076923076,9.0,9.764150943396226,3.6666666666666665,4.6,0.0,0.0,0.0,1.0,0.0,0.0,0.0,70.0,10.0,1.0,0.0,0.0,0.0,0.0,0.0,0.0,26.0,14.0,12.0,0.1380186397577442,0.1403138528138528,0.1353408911922843,0.0,0.3982456140350877,0.0,0.0,0.0,0.0,144.0,v1,2.3.0,8.516129032258064,9.0,9.764150943396226,9.458490566037735,0.11065608919382508,0.2115384615384615,0.125,-0.08653846153846151,recent-form-k-v1-report-only
824895,2026-07-21,625643,Reynaldo López,,2026-08-14T16:33:31.606253+00:00,6,23,1.0.0,b473d0266230d5a4b790c57b734ed058532940586107d709b14f024271842318,10.0,25.0,27.1,8.302583025830257,0.2212389380530973,0.079646017699115,0.2035398230088495,8.4,7.714285714285714,4.666666666666667,3.6,0.0,0.0,0.0,1.0,0.0,0.0,0.0,70.0,10.0,1.0,0.0,0.0,0.0,0.0,0.0,0.0,26.0,17.0,9.0,0.0968948049830673,0.0924953573964207,0.1052048726467331,0.0,0.2666879534528941,0.0,0.0,0.0,0.0,135.0,v1,2.3.0,8.302583025830257,8.4,7.714285714285714,7.988571428571428,-0.03782095238095229,0.2212389380530973,0.2608695652173913,0.039630627164294,recent-form-k-v1-report-only
824085,2026-07-21,641816,Tyler Mahle,,2026-08-14T16:33:31.654461+00:00,4,22,1.0.0,3f53a855e605b2d1d5df7675c28ebeee135391915441bf99dcd5255c962f679c,10.0,47.0,50.7,8.34319526627219,0.210762331838565,0.0807174887892376,0.2466367713004484,7.105263157894737,6.73228346456693,4.0,3.8,0.0,0.0,0.0,1.0,0.0,0.0,0.0,70.0,10.0,1.0,0.0,0.0,0.0,0.0,0.0,0.0,25.0,16.0,9.0,0.1079116801437026,0.0821344222206291,0.1537379164513889,0.0,0.3402004126142057,0.0,0.0,0.0,0.0,118.0,v1,2.3.0,8.34319526627219,7.105263157894737,6.73228346456693,6.881475341898053,-0.17519905476541076,0.210762331838565,0.18181818181818182,-0.02894415002038317,recent-form-k-v1-report-only
824085,2026-07-21,679883,Luinder Avila,,2026-08-14T16:33:31.722498+00:00,7,25,1.0.0,36a93ec4a14e194fc4490cc30fde64adb846b5704c7de0c39035ec49c7f64bd7,10.0,34.0,40.4,7.574257425742575,0.1899441340782122,0.1396648044692737,0.217877094972067,7.071428571428571,8.181818181818182,3.6666666666666665,4.4,0.0,0.0,0.0,1.0,0.0,0.0,0.0,70.0,11.0,1.0,0.0,0.0,0.0,0.0,0.0,0.0,26.0,16.0,10.0,0.1382068757787437,0.0900495008040739,0.2152586757382154,0.0,0.4953548866592345,0.0,0.0,0.0,0.0,137.0,v1,2.3.0,7.574257425742575,7.071428571428571,8.181818181818182,7.7376623376623375,0.021573720397249696,0.1899441340782122,0.28,0.09005586592178783,recent-form-k-v1-report-only
823760,2026-07-21,687075,Brandon Sproat,,2026-08-14T16:33:31.831908+00:00,4,21,1.0.0,56a8c103433cfc77ca1f9c53a6efdf90bcc14e01041de196dc323d70a4e47fd3,10.0,51.0,44.6,10.291479820627805,0.2575757575757575,0.0959595959595959,0.1919191919191919,10.413223140495868,12.676056338028168,4.666666666666667,6.0,0.0,0.0,0.0,1.0,0.0,0.0,0.0,70.0,10.0,1.0,0.0,0.0,0.0,0.0,0.0,0.0,26.0,15.0,11.0,0.1114448983957243,0.0796062554576486,0.1548612296749184,0.0,0.307109557109557,0.0,0.0,0.0,0.0,121.0,v1,2.3.0,10.291479820627805,10.413223140495868,12.676056338028168,11.770923059015248,0.14375417959058812,0.2575757575757575,0.19047619047619047,-0.06709956709956705,recent-form-k-v1-report-only
824652,2026-07-21,664285,Framber Valdez,,2026-08-14T16:33:31.887532+00:00,1,10,1.0.0,b8c5594c14c88162a14ca09253d6b99c83583eb2035ea0172e312f1142fec88d,10.0,45.0,57.2,7.08041958041958,0.1829268292682926,0.0772357723577235,0.2235772357723577,6.0,7.8,4.0,5.2,0.0,0.0,1.0,1.0,0.0,0.0,0.0,70.0,12.0,1.0,0.0,0.0,0.0,0.0,0.0,0.0,26.0,6.0,20.0,0.1512566048486406,0.1602486543502877,0.1485589899981465,0.0,0.4851143009037746,0.0,0.0,0.0,0.0,112.0,v1,2.3.0,7.08041958041958,6.0,7.8,7.08,-5.925925925920339e-05,0.1829268292682926,0.1,-0.08292682926829259,recent-form-k-v1-report-only
824652,2026-07-21,656849,David Peterson,,2026-08-14T16:33:31.940252+00:00,4,24,1.0.0,59e633594ca4e7cd17d99238577c7ef97bf3b32ba5fb7021a06f0b35a5d0e2d4,10.0,32.0,41.6,6.923076923076924,0.1592039800995024,0.1144278606965174,0.263681592039801,4.701492537313434,5.735294117647059,2.333333333333333,2.6,0.0,0.0,1.0,1.0,0.0,0.0,0.0,70.0,12.0,1.0,0.0,0.0,0.0,0.0,0.0,0.0,26.0,8.0,18.0,0.1447826609683336,0.2201308217261934,0.1112945895203959,0.0,0.3837273837273837,0.0,0.0,0.0,0.0,116.0,v1,2.3.0,6.923076923076924,4.701492537313434,5.735294117647059,5.321773485513608,-0.2312993854258123,0.1592039800995024,0.16666666666666666,0.007462686567164256,recent-form-k-v1-report-only
822871,2026-07-21,702273,Noah Schultz,,2026-08-14T16:33:32.077800+00:00,2,22,1.0.0,7d41a1f70bae9fc7347216eb7a35803c2615ea0ae1d0c66b19d3cc1e755c3c41,10.0,43.0,47.5,8.147368421052631,0.2037914691943128,0.1184834123222748,0.1895734597156398,8.936170212765958,8.14655172413793,4.666666666666667,4.2,0.0,0.0,1.0,1.0,0.0,0.0,0.0,70.0,9.0,1.0,0.0,0.0,0.0,0.0,0.0,0.0,26.0,11.0,15.0,0.130301054143291,0.10760710553814,0.1469432831204017,0.0,0.3585620915032679,0.0,0.0,0.0,0.0,140.0,v1,2.3.0,8.147368421052631,8.936170212765958,8.14655172413793,8.462399119589142,0.03866655860590251,0.2037914691943128,0.09090909090909091,-0.11288237828522188,recent-form-k-v1-report-only
822871,2026-07-21,677958,Kumar Rocker,,2026-08-14T16:33:32.125310+00:00,6,21,1.0.0,c17d609a68b3c617eca2a2c3683d67dc9363b8fdc3b4ee0e7365247b8f5bb641,10.0,50.0,50.8,8.858267716535432,0.2232142857142857,0.0758928571428571,0.2232142857142857,8.823529411764705,10.769230769230768,5.0,5.6,0.0,0.0,0.0,1.0,0.0,0.0,0.0,70.0,10.0,1.0,0.0,0.0,0.0,0.0,0.0,0.0,26.0,11.0,15.0,0.1295187707354551,0.1158875438287203,0.139515003800394,0.0,0.4444062881562882,0.0,0.0,0.0,0.0,145.0,v1,2.3.0,8.858267716535432,8.823529411764705,10.769230769230768,9.990950226244344,0.12786726998491726,0.2232142857142857,0.2857142857142857,0.0625,recent-form-k-v1-report-only
824165,2026-07-21,663969,Tyler Phillips,,2026-08-14T16:33:32.176774+00:00,2,18,1.0.0,b55aa5fe8fb97daa586718d716c351771a58ae960f2643457f993a0e6d74f608,10.0,29.0,43.6,5.986238532110091,0.1479591836734693,0.096938775510204,0.2397959183673469,5.934065934065934,4.45945945945946,2.0,2.2,0.0,0.0,0.0,1.0,0.0,0.0,0.0,70.0,9.0,1.0,0.0,0.0,0.0,0.0,0.0,0.0,26.0,19.0,7.0,0.1297512872891875,0.1158934621431478,0.1673653841141526,0.0,0.3845679012345679,0.0,0.0,0.0,0.0,117.0,v1,2.3.0,5.986238532110091,5.934065934065934,4.45945945945946,5.0493020493020495,-0.1565150599633357,0.1479591836734693,0.1111111111111111,-0.0368480725623582,recent-form-k-v1-report-only
824165,2026-07-21,837227,Tatsuya Imai,,2026-08-14T16:33:32.177581+00:00,8,25,1.0.0,be6c04799fda39f2c820cbc3ed3bbd20d25690f48217b7f228babc1ad4484cf4,10.0,50.0,41.7,10.79136690647482,0.2645502645502645,0.1164021164021164,0.201058201058201,13.106796116504851,14.727272727272728,5.0,5.4,0.0,0.0,0.0,1.0,0.0,0.0,0.0,70.0,14.0,1.0,0.0,0.0,0.0,0.0,0.0,0.0,26.0,17.0,9.0,0.1283762260723251,0.0789758394988794,0.2216880673777225,0.0,0.4042145593869732,0.0,0.0,0.0,0.0,146.0,v1,2.3.0,10.79136690647482,13.106796116504851,14.727272727272728,14.079082082965577,0.3046616063548102,0.2645502645502645,0.32,0.05544973544973553,recent-form-k-v1-report-only
824329,2026-07-21,687223,Carson Palmquist,,2026-08-14T16:33:32.225969+00:00,2,11,1.0.0,27a6a5be302947427dbc63d66fbab9a792b84535d23226e99aff42f28fcdfd9d,6.0,12.0,9.2,11.73913043478261,0.2790697674418604,0.0465116279069767,0.2790697674418604,10.975609756097562,13.278688524590164,1.6666666666666667,1.8,0.0,0.0,1.0,1.0,0.0,0.0,0.0,70.0,3.0,1.0,0.0,0.0,0.0,0.0,0.0,0.0,26.0,9.0,17.0,0.1202260908453863,0.1331036996851148,0.1134085332243535,0.0,0.4161414565826331,0.0,0.0,0.0,0.0,115.0,v1,2.3.0,11.73913043478261,10.975609756097562,13.278688524590164,12.357457017193124,0.05267226442756234,0.2790697674418604,0.18181818181818182,-0.09725158562367858,recent-form-k-v1-report-only
824329,2026-07-21,547179,Michael Lorenzen,,2026-08-14T16:33:32.226823+00:00,5,19,1.0.0,01c955dd2ac7a1cd35675a80636caf92fddd2b9fa867cfcb94580dbbf2cc806d,10.0,37.0,46.7,7.130620985010706,0.163716814159292,0.0929203539823008,0.2566371681415929,4.172185430463577,4.606299212598426,2.333333333333333,2.6,0.0,0.0,0.0,1.0,0.0,0.0,0.0,70.0,9.0,1.0,0.0,0.0,0.0,0.0,0.0,0.0,26.0,14.0,12.0,0.1193259537973909,0.1041641536997574,0.1370147205779633,0.0,0.3821653063139131,0.0,0.0,0.0,0.0,120.0,v1,2.3.0,7.130620985010706,4.172185430463577,4.606299212598426,4.4326536997444865,-0.37836358024604344,0.163716814159292,0.2631578947368421,0.09944108057755008,recent-form-k-v1-report-only
824005,2026-07-21,669461,Matthew Liberatore,,2026-08-14T16:33:32.273477+00:00,7,25,1.0.0,1b3f0bcfae129a11c9e9fb00f076c2bda1cedab7c0ed6f2307fef4603ef82970,10.0,54.0,44.8,10.848214285714285,0.2583732057416268,0.0861244019138756,0.2392344497607655,10.125,9.282511210762332,6.0,4.6,0.0,0.0,1.0,1.0,0.0,0.0,0.0,70.0,10.0,1.0,0.0,0.0,0.0,0.0,0.0,0.0,26.0,9.0,17.0,0.1535261214590586,0.0795158486160184,0.1927080306112564,0.0,0.4736659736659737,0.0,0.0,0.0,0.0,108.0,v1,2.3.0,10.848214285714285,10.125,9.282511210762332,9.619506726457399,-0.1132635774788241,0.2583732057416268,0.28,0.021626794258373216,recent-form-k-v1-report-only
824005,2026-07-21,700712,Walbert Ureña,,2026-08-14T16:33:32.274294+00:00,5,24,1.0.0,cb3115ca5f917ed70c7b7802002b3e981f00791ab2aebc42fd80de074d320413,10.0,52.0,53.3,8.78048780487805,0.2212765957446808,0.1234042553191489,0.1659574468085106,9.473684210526317,8.181818181818183,4.666666666666667,4.6,0.0,0.0,0.0,1.0,0.0,0.0,0.0,70.0,13.0,1.0,0.0,0.0,0.0,0.0,0.0,0.0,26.0,16.0,10.0,0.1418797556955451,0.1169368734335839,0.1817883673146831,0.0,0.5238095238095238,0.0,0.0,0.0,0.0,138.0,v1,2.3.0,8.78048780487805,9.473684210526317,8.181818181818183,8.698564593301437,-0.009330143540669744,0.2212765957446808,0.20833333333333334,-0.012943262411347467,recent-form-k-v1-report-only
825056,2026-07-21,678022,Jack Perkins,,2026-08-14T16:33:32.414198+00:00,4,21,1.0.0,fca35fd40f8ae8d6336c8641a079fded02d7d6cf349c455473520f9fc2fd87f8,10.0,48.0,35.7,12.100840336134452,0.2840236686390532,0.1065088757396449,0.2189349112426035,12.053571428571429,12.31132075471698,5.0,5.8,0.0,0.0,0.0,1.0,0.0,0.0,0.0,70.0,12.0,1.0,0.0,0.0,0.0,0.0,0.0,0.0,27.0,15.0,12.0,0.1113123684207223,0.0929445225357737,0.1342721757769081,0.0,0.3755007379295804,0.0,0.0,0.0,0.0,109.0,v1,2.3.0,12.100840336134452,12.053571428571429,12.31132075471698,12.20822102425876,0.00887382075471721,0.2840236686390532,0.19047619047619047,-0.09354747816286274,recent-form-k-v1-report-only
823114,2026-07-21,695505,Chase Burns,,2026-08-14T16:33:32.521336+00:00,6,20,1.0.0,2c70aa1b29c6cd76f4efcba03c2566891ce7e06f9c7b8cc19a7a9c5c2c26916a,10.0,70.0,55.2,11.41304347826087,0.3056768558951965,0.0917030567685589,0.1921397379912663,8.470588235294118,10.0,5.333333333333333,6.0,0.0,0.0,0.0,1.0,0.0,0.0,0.0,70.0,13.0,1.0,0.0,0.0,0.0,0.0,0.0,0.0,26.0,17.0,9.0,0.1437894764619032,0.1190477438747334,0.1905238602376682,0.0,0.4548611111111111,0.0,0.0,0.0,0.0,136.0,v1,2.3.0,11.41304347826087,8.470588235294118,10.0,9.388235294117647,-0.17741176470588227,0.3056768558951965,0.3,-0.005676855895196509,recent-form-k-v1-report-only
823114,2026-07-21,622491,Luis Castillo,,2026-08-14T16:33:32.522163+00:00,3,27,1.0.0,de626cc5b298385a47619081b9bfeadfd8abeae1230b602ab8abb7de0896514d,10.0,44.0,47.7,8.30188679245283,0.2075471698113207,0.070754716981132,0.2028301886792453,6.352941176470588,6.870229007633588,4.0,4.0,0.0,0.0,0.0,1.0,0.0,0.0,0.0,70.0,11.0,1.0,0.0,0.0,0.0,0.0,0.0,0.0,26.0,16.0,10.0,0.1299429109949472,0.1323851344071932,0.1260353535353535,0.0,0.4278255528255528,0.0,0.0,0.0,0.0,113.0,v1,2.3.0,8.30188679245283,6.352941176470588,6.870229007633588,6.663313875168388,-0.197373555945626,0.2075471698113207,0.1111111111111111,-0.0964360587002096,recent-form-k-v1-report-only
823519,2026-07-21,696149,Bubba Chandler,,2026-08-14T16:33:32.663139+00:00,5,21,1.0.0,e0dd26758bc8798c60cda0da349b49f6f6e9bd615a7a0c2e9cce309d797d539b,10.0,49.0,50.7,8.698224852071007,0.2112068965517241,0.1034482758620689,0.2112068965517241,7.552447552447553,6.0236220472440944,4.0,3.4,0.0,0.0,0.0,1.0,0.0,0.0,0.0,70.0,10.0,1.0,0.0,0.0,0.0,0.0,0.0,0.0,28.0,17.0,11.0,0.1524041414275503,0.1150887113738776,0.2100734424195899,0.0,0.4800865800865801,0.0,0.0,0.0,0.0,147.0,v1,2.3.0,8.698224852071007,7.552447552447553,6.0236220472440944,6.635152249325478,-0.23718317677822742,0.2112068965517241,0.23809523809523808,0.026888341543513994,recent-form-k-v1-report-only
823519,2026-07-21,701542,Will Warren,,2026-08-14T16:33:32.663994+00:00,1,4,1.0.0,0ecf567e4306cea07611a376e699d995e21e050c8f66ebc2e29ede4d475ed2bd,10.0,37.0,49.6,6.713709677419355,0.1601731601731601,0.0909090909090909,0.2510822510822511,7.659574468085107,7.346938775510204,4.0,4.0,0.0,0.0,0.0,1.0,0.0,0.0,0.0,70.0,9.0,1.0,0.0,0.0,0.0,0.0,0.0,0.0,27.0,15.0,12.0,0.1360854541337216,0.1346376346376346,0.1378952285038304,0.0,0.4404359716859716,0.0,0.0,0.0,0.0,134.0,v1,2.3.0,6.713709677419355,7.659574468085107,7.346938775510204,7.471993052540165,0.11294551172970624,0.1601731601731601,0.25,0.0898268398268399,recent-form-k-v1-report-only
823518,2026-07-22,656605,Mitch Keller,,2026-08-14T16:33:32.830039+00:00,6,21,1.0.0,92bd557689a10952e06fea5a5f491f7fee965027537af86bb22fa7fee56863da,10.0,39.0,49.50000000000001,7.09090909090909,0.167381974248927,0.0858369098712446,0.2575107296137339,4.8,6.551724137931034,2.6666666666666665,3.8,0.0,0.0,0.0,1.0,0.0,0.0,0.0,70.0,13.0,1.0,0.0,0.0,0.0,0.0,0.0,0.0,28.0,17.0,11.0,0.1524041414275503,0.1150887113738776,0.2100734424195899,0.0,0.4800865800865801,0.0,0.0,0.0,0.0,147.0,v1,2.3.0,7.09090909090909,4.8,6.551724137931034,5.85103448275862,-0.1748541114058355,0.167381974248927,0.2857142857142857,0.11833231146535869,recent-form-k-v1-report-only
823518,2026-07-22,543037,Gerrit Cole,,2026-08-14T16:33:32.830862+00:00,11,25,1.0.0,47c0804ae61ca850b6b2dfbd386b840752ed0e2777cd9b7dbd62714445620547,10.0,55.0,53.60000000000001,9.23507462686567,0.2391304347826087,0.0521739130434782,0.2260869565217391,11.052631578947368,10.608365019011403,7.0,6.2,0.0,0.0,0.0,1.0,0.0,0.0,0.0,70.0,5.0,1.0,0.0,0.0,0.0,0.0,0.0,0.0,27.0,15.0,12.0,0.1360854541337216,0.1346376346376346,0.1378952285038304,0.0,0.4404359716859716,0.0,0.0,0.0,0.0,134.0,v1,2.3.0,9.23507462686567,11.052631578947368,10.608365019011403,10.786071642985789,0.16794634356371385,0.2391304347826087,0.44,0.2008695652173913,recent-form-k-v1-report-only
823519,2026-07-22,696149,Bubba Chandler,,2026-08-14T16:33:32.831338+00:00,5,21,1.0.0,cc97940c1adfe560a8a6e79b236e77aa1f72d1bef0350450ba445f54c3503c9e,10.0,49.0,50.7,8.698224852071007,0.2112068965517241,0.1034482758620689,0.2112068965517241,7.552447552447553,6.0236220472440944,4.0,3.4,0.0,0.0,0.0,1.0,0.0,0.0,0.0,70.0,11.0,1.0,0.0,0.0,0.0,0.0,0.0,0.0,28.0,17.0,11.0,0.1524041414275503,0.1150887113738776,0.2100734424195899,0.0,0.4800865800865801,0.0,0.0,0.0,0.0,147.0,v1,2.3.0,8.698224852071007,7.552447552447553,6.0236220472440944,6.635152249325478,-0.23718317677822742,0.2112068965517241,0.23809523809523808,0.026888341543513994,recent-form-k-v1-report-only
823519,2026-07-22,608331,Max Fried,,2026-08-14T16:33:32.851428+00:00,7,16,1.0.0,ef48dd37c477729515264aef5c4173267e1ac3f63eb3a8e431d9dd3076d2e677,10.0,50.0,60.50000000000001,7.438016528925619,0.2083333333333333,0.0791666666666666,0.1791666666666666,8.297872340425533,8.647686832740213,4.333333333333333,5.4,0.0,0.0,1.0,1.0,0.0,0.0,0.0,70.0,70.0,1.0,0.0,0.0,0.0,0.0,0.0,0.0,27.0,9.0,18.0,0.1360854541337216,0.12370640076787,0.1422749808166474,0.0,0.4404359716859716,0.0,0.0,0.0,0.0,134.0,v1,2.3.0,7.438016528925619,8.297872340425533,8.647686832740213,8.50776103581434,0.14382120592615033,0.2083333333333333,0.4375,0.2291666666666667,recent-form-k-v1-report-only
824735,2026-07-22,665152,Dean Kremer,,2026-08-14T16:33:32.852249+00:00,5,27,1.0.0,380782c96a6e5b9dd544def24a2fcabd352bc11fa9782a774848cc75a779d138,5.0,29.0,26.0,10.038461538461538,0.2815533980582524,0.0679611650485436,0.2135922330097087,7.8,10.038461538461538,4.333333333333333,5.8,0.0,0.0,0.0,1.0,0.0,0.0,0.0,70.0,5.0,1.0,0.0,0.0,0.0,0.0,0.0,0.0,27.0,15.0,12.0,0.1265609895161025,0.1462669193448947,0.1019285772301123,0.0,0.4175744371822802,0.0,0.0,0.0,0.0,111.0,v1,2.3.0,10.038461538461538,7.8,10.038461538461538,9.143076923076922,-0.0891954022988507,0.2815533980582524,0.18518518518518517,-0.09636821287306724,recent-form-k-v1-report-only
824735,2026-07-22,687562,Jake Bennett,,2026-08-14T16:33:32.944841+00:00,4,26,1.0.0,76c5c00f05aa21f6c965561388630245f4aa2151982f240bcdcdffdd74b3cfaa,9.0,38.0,52.5,6.514285714285714,0.1871921182266009,0.0443349753694581,0.1871921182266009,5.792079207920792,6.965944272445821,4.333333333333333,5.0,0.0,0.0,1.0,1.0,0.0,0.0,0.0,70.0,5.0,1.0,0.0,0.0,0.0,0.0,0.0,0.0,27.0,7.0,20.0,0.1835273751411481,0.1605806731185902,0.1915587208490434,0.0,0.5466666666666666,0.0,0.0,0.0,0.0,110.0,v1,2.3.0,6.514285714285714,5.792079207920792,6.965944272445821,6.49639824663581,-0.002745883191871301,0.1871921182266009,0.15384615384615385,-0.03334596438044704,recent-form-k-v1-report-only
824732,2026-07-22,680694,Kyle Bradish,,2026-08-14T16:33:32.966712+00:00,4,23,1.0.0,f498ba6475dfe5799d862ea953674fdcd90470d8738160c860709f62a7d89e0e,10.0,54.0,58.7,8.2793867120954,0.2177419354838709,0.1008064516129032,0.1935483870967742,6.206896551724139,9.11042944785276,4.0,6.6,0.0,0.0,0.0,1.0,0.0,0.0,0.0,70.0,11.0,1.0,0.0,0.0,0.0,0.0,0.0,0.0,27.0,15.0,12.0,0.1265609895161025,0.1462669193448947,0.1019285772301123,0.0,0.4175744371822802,0.0,0.0,0.0,0.0,111.0,v1,2.3.0,8.2793867120954,6.206896551724139,9.11042944785276,7.949016289401311,-0.03990276504556178,0.2177419354838709,0.17391304347826086,-0.04382889200561005,recent-form-k-v1-report-only
824083,2026-07-22,694738,Landen Roupp,,2026-08-14T16:33:33.064878+00:00,7,22,1.0.0,049136af7f991bb534dc98e35bf85866eb5a3f898d1589b53900975776cf707e,10.0,48.0,53.6,8.059701492537313,0.2051282051282051,0.1025641025641025,0.2222222222222222,5.7558139534883725,7.397260273972603,3.6666666666666665,4.8,0.0,0.0,0.0,1.0,0.0,0.0,0.0,70.0,5.0,1.0,0.0,0.0,0.0,0.0,0.0,0.0,26.0,16.0,10.0,0.1058486288187171,0.0856855717530159,0.138109520123839,0.0,0.3299498746867168,0.0,0.0,0.0,0.0,118.0,v1,2.3.0,8.059701492537313,5.7558139534883725,7.397260273972603,6.740681745778911,-0.1636561537644684,0.2051282051282051,0.3181818181818182,0.11305361305361308,recent-form-k-v1-report-only
824083,2026-07-22,607625,Seth Lugo,,2026-08-14T16:33:33.065720+00:00,5,26,1.0.0,4f736a9970d665056114bc9ff4814bb669068f50a2ffd2f05280e53dd409c603,10.0,38.0,51.3,6.666666666666666,0.1674008810572687,0.066079295154185,0.2599118942731278,8.297872340425533,8.247011952191235,4.333333333333333,4.6,0.0,0.0,0.0,1.0,0.0,0.0,0.0,70.0,5.0,1.0,0.0,0.0,0.0,0.0,0.0,0.0,26.0,16.0,10.0,0.1426876585822834,0.0923161994628996,0.2232819931732975,0.0,0.5004830917874395,0.0,0.0,0.0,0.0,137.0,v1,2.3.0,6.666666666666666,8.297872340425533,8.247011952191235,8.267356107484954,0.2401034161227431,0.1674008810572687,0.19230769230769232,0.024906811250423627,recent-form-k-v1-report-only
823761,2026-07-22,681035,Christian Scott,,2026-08-14T16:33:33.114007+00:00,6,18,1.0.0,37852db1d78e2facdc05491a62b66242e3d1fc409ecf632f3beb389a5e4ab4de,10.0,57.0,46.1,11.127982646420824,0.2780487804878049,0.0926829268292682,0.2,12.042253521126762,12.400000000000002,6.333333333333333,6.2,0.0,0.0,0.0,1.0,0.0,0.0,0.0,70.0,6.0,1.0,0.0,0.0,0.0,0.0,0.0,0.0,26.0,15.0,11.0,0.1132120202267147,0.0753477023685752,0.1648451809423596,0.0,0.3985399192295744,0.0,0.0,0.0,0.0,158.0,v1,2.3.0,11.127982646420824,12.042253521126762,12.400000000000002,12.256901408450705,0.10144864508689588,0.2780487804878049,0.3333333333333333,0.05528455284552841,recent-form-k-v1-report-only
823761,2026-07-22,701656,Logan Henderson,,2026-08-14T16:33:33.114855+00:00,9,20,1.0.0,ea42d25ff95cd9e4e6c33962e08b5fcc342f425c6bfb093713f13c207492bc4f,7.0,38.0,33.1,10.332326283987914,0.296875,0.0546875,0.1875,8.940397350993377,9.681274900398408,5.0,5.4,0.0,0.0,0.0,1.0,0.0,0.0,0.0,70.0,5.0,1.0,0.0,0.0,0.0,0.0,0.0,0.0,26.0,15.0,11.0,0.1128011670504524,0.0790913781780655,0.1587690609673437,0.0,0.3149621212121212,0.0,0.0,0.0,0.0,121.0,v1,2.3.0,10.332326283987914,8.940397350993377,9.681274900398408,9.384923880636396,-0.09169303962261766,0.296875,0.45,0.153125,recent-form-k-v1-report-only
824327,2026-07-22,676917,Cade Cavalli,,2026-08-14T16:33:33.156306+00:00,8,24,1.0.0,ba64616a5c095bc3e600e741f454bd977a30526501975d5c685b3534d251e952,10.0,58.0,50.3,10.377733598409543,0.2748815165876777,0.0616113744075829,0.2227488151658767,10.851063829787234,12.287822878228782,5.666666666666667,7.4,0.0,0.0,0.0,1.0,0.0,0.0,0.0,70.0,5.0,1.0,0.0,0.0,0.0,0.0,0.0,0.0,26.0,15.0,11.0,0.1166301807550823,0.0871219921219921,0.1568686198002055,0.0,0.4029761904761904,0.0,0.0,0.0,0.0,115.0,v1,2.3.0,10.377733598409543,10.851063829787234,12.287822878228782,11.713119258852164,0.12867796689705702,0.2748815165876777,0.3333333333333333,0.05845181674565564,recent-form-k-v1-report-only
825055,2026-07-22,695611,Gage Jump,,2026-08-14T16:33:33.207061+00:00,5,24,1.0.0,93ebde8b1d58ace77cf8f6cd3991921012e7f3d6bac528537a25b32ee66a996b,10.0,56.0,50.7,9.940828402366863,0.253393665158371,0.0769230769230769,0.2352941176470588,12.63157894736842,13.106796116504851,5.333333333333333,6.0,0.0,0.0,1.0,1.0,0.0,0.0,0.0,70.0,5.0,1.0,0.0,0.0,0.0,0.0,0.0,0.0,26.0,8.0,18.0,0.1175030925067777,0.1103251689189189,0.1206932807680484,0.0,0.378146528881823,0.0,0.0,0.0,0.0,109.0,v1,2.3.0,9.940828402366863,12.63157894736842,13.106796116504851,12.916709248850278,0.29935944229505784,0.253393665158371,0.20833333333333334,-0.04506033182503763,recent-form-k-v1-report-only
825055,2026-07-22,518876,Merrill Kelly,,2026-08-14T16:33:33.207880+00:00,3,19,1.0.0,ecb1b784c6fb7788fc9045a5434480352d43f2959389e482c2bdc21333652a3a,10.0,35.0,57.2,5.506993006993007,0.1394422310756972,0.0876494023904382,0.250996015936255,7.9411764705882355,6.206896551724138,5.0,4.0,0.0,0.0,0.0,1.0,0.0,0.0,0.0,70.0,5.0,1.0,0.0,0.0,0.0,0.0,0.0,0.0,26.0,16.0,10.0,0.1398550159515455,0.1291876465782364,0.1569228069488401,0.0,0.4593744462165515,0.0,0.0,0.0,0.0,133.0,v1,2.3.0,5.506993006993007,7.9411764705882355,6.206896551724138,6.9006085192697775,0.2530628803245438,0.1394422310756972,0.15789473684210525,0.018452505766408056,recent-form-k-v1-report-only
823110,2026-07-22,663903,Brady Singer,,2026-08-14T16:33:33.254745+00:00,6,26,1.0.0,a4dfb22b6941ab64242843bdcbc93d7f825b0be0876a66d5e1d178dd86459359,10.0,54.0,54.2,8.966789667896679,0.2327586206896551,0.0862068965517241,0.1982758620689655,8.01047120418848,8.940397350993377,5.666666666666667,6.0,0.0,0.0,0.0,1.0,0.0,0.0,0.0,70.0,5.0,1.0,0.0,0.0,0.0,0.0,0.0,0.0,26.0,17.0,9.0,0.1481433215693117,0.1220287467646782,0.1974708517558416,0.0,0.4740497076023391,0.0,0.0,0.0,0.0,136.0,v1,2.3.0,8.966789667896679,8.01047120418848,8.940397350993377,8.568426892271418,-0.04442646592364019,0.2327586206896551,0.23076923076923078,-0.001989389920424328,recent-form-k-v1-report-only
823110,2026-07-22,676106,Emerson Hancock,,2026-08-14T16:33:33.255526+00:00,3,24,1.0.0,fd1d8aa7aa9f299f9620ed6c37b45c8b911a02af6878059ff65a8e64685edf5f,10.0,44.0,50.5,7.841584158415841,0.2146341463414634,0.0780487804878048,0.1756097560975609,8.73134328358209,8.4,4.333333333333333,4.2,0.0,0.0,0.0,1.0,0.0,0.0,0.0,70.0,10.0,1.0,0.0,0.0,0.0,0.0,0.0,0.0,26.0,16.0,10.0,0.1223584559264852,0.1248516197964727,0.1183693937345053,0.0,0.3868353647765412,0.0,0.0,0.0,0.0,113.0,v1,2.3.0,7.841584158415841,8.73134328358209,8.4,8.532537313432837,0.08811397557666223,0.2146341463414634,0.125,-0.08963414634146341,recent-form-k-v1-report-only
824004,2026-07-22,690928,Hunter Dobbins,,2026-08-14T16:33:33.301145+00:00,5,24,1.0.0,2d295ea99dbb898d355e187804eb54e5ac7a7e3610f1848dfa18c25e337cd313,5.0,23.0,21.4,9.672897196261683,0.2421052631578947,0.1052631578947368,0.2210526315789473,9.574468085106384,9.672897196261683,5.0,4.6,0.0,0.0,0.0,1.0,0.0,0.0,0.0,70.0,15.0,1.0,0.0,0.0,0.0,0.0,0.0,0.0,26.0,15.0,11.0,0.1477509774101386,0.1994410910568686,0.0772644588009613,0.0,0.4538132602648732,0.0,0.0,0.0,0.0,108.0,v1,2.3.0,9.672897196261683,9.574468085106384,9.672897196261683,9.633525551799565,-0.004070305272895314,0.2421052631578947,0.20833333333333334,-0.03377192982456137,recent-form-k-v1-report-only
824004,2026-07-22,672282,Reid Detmers,,2026-08-14T16:33:33.301968+00:00,6,19,1.0.0,45df1b251950a99546d43cabbc13f64732e905f44f86aababec4af84f963b848,10.0,69.0,59.2,10.489864864864863,0.2948717948717949,0.0683760683760683,0.1752136752136752,10.8,10.30534351145038,6.0,6.0,0.0,0.0,1.0,1.0,0.0,0.0,0.0,70.0,5.0,1.0,0.0,0.0,0.0,0.0,0.0,0.0,26.0,9.0,17.0,0.1451550662601004,0.1897324273218369,0.1215552868744751,0.0,0.5118743149433687,0.0,0.0,0.0,0.0,138.0,v1,2.3.0,10.489864864864863,10.8,10.30534351145038,10.503206106870227,0.001271822104214948,0.2948717948717949,0.3157894736842105,0.02091767881241563,recent-form-k-v1-report-only
824408,2026-07-22,641927,Bailey Ober,,2026-08-14T16:33:33.378965+00:00,2,21,1.0.0,6dac87f65d65acebb271ee5e7cb7ff93763bad2fbc3c38164c5aa86fc032b487,10.0,44.0,56.4,7.021276595744681,0.1864406779661017,0.0677966101694915,0.2161016949152542,9.44055944055944,7.037037037037037,5.0,3.8,0.0,0.0,0.0,1.0,0.0,0.0,0.0,70.0,5.0,1.0,0.0,0.0,0.0,0.0,0.0,0.0,26.0,13.0,13.0,0.1379446555669255,0.1127891306812555,0.1631001804525954,0.0,0.4317288425947169,0.0,0.0,0.0,0.0,114.0,v1,2.3.0,7.021276595744681,9.44055944055944,7.037037037037037,7.998445998445998,0.1391726118998844,0.1864406779661017,0.09523809523809523,-0.09120258272800646,recent-form-k-v1-report-only
824408,2026-07-22,677944,Slade Cecconi,,2026-08-14T16:33:33.379832+00:00,5,26,1.0.0,54ef002fe39ead0b9560e29fd7122c5aa6634b3d7b0551b24d86d6e83e029d9f,10.0,39.0,52.6,6.673003802281369,0.1741071428571428,0.0625,0.2455357142857142,6.971830985915493,5.669291338582678,3.6666666666666665,3.2,0.0,0.0,0.0,1.0,0.0,0.0,0.0,70.0,14.0,1.0,0.0,0.0,0.0,0.0,0.0,0.0,26.0,17.0,9.0,0.111885777873318,0.0895640642090946,0.1540490147946288,0.0,0.329156223893066,0.0,0.0,0.0,0.0,142.0,v1,2.3.0,6.673003802281369,6.971830985915493,5.669291338582678,6.1903071975158035,-0.07233573051472575,0.1741071428571428,0.19230769230769232,0.018200549450549525,recent-form-k-v1-report-only
823438,2026-07-22,641778,Eric Lauer,,2026-08-14T16:33:33.421433+00:00,5,21,1.0.0,50878a8d5c01f51a015d5bcd7c8f317b47b7428ecd937de63183d54f65ff06e5,10.0,28.0,52.6,4.7908745247148286,0.1261261261261261,0.0675675675675675,0.2162162162162162,3.5,4.931506849315069,2.333333333333333,3.2,0.0,0.0,1.0,1.0,0.0,0.0,0.0,70.0,16.0,1.0,0.0,0.0,0.0,0.0,0.0,0.0,26.0,12.0,14.0,0.1227195400822403,0.15161184394594,0.0979547081990691,0.0,0.433854907539118,0.0,0.0,0.0,0.0,143.0,v1,2.3.0,4.7908745247148286,3.5,4.931506849315069,4.358904109589041,-0.09016525331593828,0.1261261261261261,0.23809523809523808,0.111969111969112,recent-form-k-v1-report-only
823438,2026-07-22,605400,Aaron Nola,,2026-08-14T16:33:33.422286+00:00,4,23,1.0.0,8c655ed441916f7589c124f783854cfc56386ba49cd7fe2b9bff09230f443265,10.0,57.0,51.400000000000006,9.98054474708171,0.25,0.0745614035087719,0.2324561403508772,10.5,10.29520295202952,7.0,6.2,0.0,0.0,0.0,1.0,0.0,0.0,0.0,70.0,6.0,1.0,0.0,0.0,0.0,0.0,0.0,0.0,26.0,14.0,12.0,0.1364285342601543,0.0880261195387245,0.1928980181018224,0.0,0.4457384403036577,0.0,0.0,0.0,0.0,119.0,v1,2.3.0,9.98054474708171,10.5,10.29520295202952,10.377121771217713,0.03973500787639472,0.25,0.17391304347826086,-0.07608695652173914,recent-form-k-v1-report-only
822784,2026-07-22,643377,Griffin Jax,,2026-08-14T16:33:33.467945+00:00,5,22,1.0.0,63c4c2395acb8692d731d264eceeaacc76f496f0688c43eccad5f0b9e9eccccb,10.0,53.0,47.0,10.148936170212766,0.2717948717948718,0.0564102564102564,0.2358974358974359,11.4,10.73076923076923,6.333333333333333,6.2,0.0,0.0,0.0,1.0,0.0,0.0,0.0,70.0,5.0,1.0,0.0,0.0,0.0,0.0,0.0,0.0,25.0,15.0,10.0,0.1008291908709331,0.071641604010025,0.1446105711622953,0.0,0.3708812260536398,0.0,0.0,0.0,0.0,141.0,v1,2.3.0,10.148936170212766,11.4,10.73076923076923,10.998461538461537,0.083705853894533,0.2717948717948718,0.22727272727272727,-0.04452214452214451,recent-form-k-v1-report-only
822784,2026-07-22,680755,Braydon Fisher,,2026-08-14T16:33:33.468794+00:00,1,5,1.0.0,42820595cc402e3aef508a2b25284043cd6cb53b0c68a2d7f0bed9bcbea07bb2,10.0,10.0,9.5,9.473684210526317,0.2222222222222222,0.0888888888888888,0.2,12.857142857142858,18.529411764705884,0.6666666666666666,1.4,0.0,0.0,0.0,1.0,0.0,0.0,0.0,70.0,2.0,1.0,0.0,0.0,0.0,0.0,0.0,0.0,26.0,15.0,11.0,0.1044713277506799,0.0742907979750085,0.1456265956265956,0.0,0.3063492063492063,0.0,0.0,0.0,0.0,139.0,v1,2.3.0,9.473684210526317,12.857142857142858,18.529411764705884,16.260504201680675,0.7163865546218489,0.2222222222222222,0.2,-0.0222222222222222,recent-form-k-v1-report-only
824896,2026-07-22,650633,Michael King,,2026-08-14T16:33:33.514485+00:00,7,27,1.0.0,49097056b058854001210c4319e1014cb5920751e525e45abbf1aa43e8876cbf,10.0,37.0,53.60000000000001,6.212686567164178,0.1574468085106383,0.0893617021276595,0.2042553191489361,6.882352941176471,7.366548042704626,4.333333333333333,4.6,0.0,0.0,0.0,1.0,0.0,0.0,0.0,70.0,5.0,1.0,0.0,0.0,0.0,0.0,0.0,0.0,26.0,13.0,13.0,0.1402202547131943,0.1571428571428571,0.1232976522835316,0.0,0.4095238095238095,0.0,0.0,0.0,0.0,144.0,v1,2.3.0,6.212686567164178,6.882352941176471,7.366548042704626,7.172870002093365,0.15455204838499825,0.1574468085106383,0.25925925925925924,0.10181245074862094,recent-form-k-v1-report-only
824896,2026-07-22,527048,Martín Pérez,,2026-08-14T16:33:33.515320+00:00,3,16,1.0.0,2d85ab592112e0d947a08a2c0a05fffd8d47e39806ae438580c35fad63b3bf8f,10.0,36.0,45.400000000000006,7.136563876651982,0.1836734693877551,0.1071428571428571,0.2142857142857142,4.122137404580153,5.578512396694214,2.0,3.0,0.0,0.0,1.0,1.0,0.0,0.0,0.0,70.0,17.0,1.0,0.0,0.0,0.0,0.0,0.0,0.0,26.0,8.0,18.0,0.1038478218124366,0.0974590869939707,0.1066872595095325,0.0,0.2733391139188241,0.0,0.0,0.0,0.0,135.0,v1,2.3.0,7.136563876651982,4.122137404580153,5.578512396694214,4.99596239984859,-0.2999484785397345,0.1836734693877551,0.1875,0.0038265306122448883,recent-form-k-v1-report-only
822873,2026-07-22,641743,Anthony Kay,,2026-08-14T16:33:33.562867+00:00,4,22,1.0.0,f741d108bb04a5510e3df8cbef0761cadfc5b1f153208a67b5f67bc0dcdf22cc,10.0,42.0,46.3,8.16414686825054,0.2,0.0761904761904762,0.2142857142857142,7.557251908396947,8.475336322869955,3.6666666666666665,4.2,0.0,0.0,1.0,1.0,0.0,0.0,0.0,70.0,5.0,1.0,0.0,0.0,0.0,0.0,0.0,0.0,25.0,11.0,14.0,0.1224494276443459,0.0983212646733518,0.1414072699786985,0.0,0.3606060606060606,0.0,0.0,0.0,0.0,140.0,v1,2.3.0,8.16414686825054,7.557251908396947,8.475336322869955,8.108102557080752,-0.006864686791431818,0.2,0.18181818181818182,-0.018181818181818188,recent-form-k-v1-report-only
822873,2026-07-22,641302,Tyler Alexander,,2026-08-14T16:33:33.580869+00:00,1,7,1.0.0,cec213dd9d370cb649d379df3ae28ec40d93e669cb8f23ae5d481cb9ef778887,10.0,12.0,7.500000000000001,14.4,0.3333333333333333,0.0277777777777777,0.25,8.181818181818182,10.909090909090908,0.6666666666666666,0.8,0.0,0.0,1.0,1.0,0.0,0.0,0.0,70.0,3.0,1.0,0.0,0.0,0.0,0.0,0.0,0.0,26.0,12.0,14.0,0.1261262248207136,0.1153914317614725,0.1353274760143487,0.0,0.4069478908188585,0.0,0.0,0.0,0.0,145.0,v1,2.3.0,14.4,8.181818181818182,10.909090909090908,9.818181818181818,-0.31818181818181823,0.3333333333333333,0.14285714285714285,-0.19047619047619047,recent-form-k-v1-report-only
824650,2026-07-22,672456,Keider Montero,,2026-08-14T16:33:33.641651+00:00,8,20,1.0.0,0435d580f25f3c51e68c6add1dfc9a6fda612dd2f890460778b7f8890a845729,10.0,27.0,38.5,6.311688311688312,0.1719745222929936,0.0445859872611464,0.197452229299363,13.561643835616438,10.24390243902439,3.6666666666666665,2.8,0.0,0.0,0.0,1.0,0.0,0.0,0.0,70.0,5.0,1.0,0.0,0.0,0.0,0.0,0.0,0.0,26.0,18.0,8.0,0.1684811220042412,0.1580080853192576,0.1920454545454545,0.0,0.6205128205128205,0.0,0.0,0.0,0.0,112.0,v1,2.3.0,6.311688311688312,13.561643835616438,10.24390243902439,11.57099899766121,0.8332652732920023,0.1719745222929936,0.4,0.22802547770700643,recent-form-k-v1-report-only
824650,2026-07-22,607067,Colin Rea,,2026-08-14T16:33:33.642499+00:00,5,21,1.0.0,9f0b06b1150bdf245ffc332508a6756627e34e5214a95dbffdcc02c250850bd9,10.0,36.0,51.8,6.254826254826254,0.1538461538461538,0.0982905982905982,0.2264957264957265,7.267080745341614,6.870229007633587,4.333333333333333,4.0,0.0,0.0,0.0,1.0,0.0,0.0,0.0,70.0,5.0,1.0,0.0,0.0,0.0,0.0,0.0,0.0,26.0,17.0,9.0,0.1415426458709128,0.110351400322438,0.2004594430180321,0.0,0.405,0.0,0.0,0.0,0.0,116.0,v1,2.3.0,6.254826254826254,7.267080745341614,6.870229007633587,7.028969702716798,0.12376737839731544,0.1538461538461538,0.23809523809523808,0.08424908424908428,recent-form-k-v1-report-only
824166,2026-07-22,645261,Sandy Alcantara,,2026-08-14T16:33:33.663889+00:00,3,30,1.0.0,641dcf3b5a997c87c369b50bce223b116daa62d62d26325903eb65e3b17ca1b7,10.0,59.0,65.6,8.094512195121952,0.213768115942029,0.0615942028985507,0.2210144927536232,9.857142857142858,8.333333333333334,7.666666666666667,6.0,0.0,0.0,0.0,1.0,0.0,0.0,0.0,70.0,5.0,1.0,0.0,0.0,0.0,0.0,0.0,0.0,26.0,19.0,7.0,0.1281237472064156,0.1168958485328454,0.1585994721775349,0.0,0.3641500474833808,0.0,0.0,0.0,0.0,117.0,v1,2.3.0,8.094512195121952,9.857142857142858,8.333333333333334,8.942857142857143,0.10480495022867897,0.213768115942029,0.1,-0.11376811594202899,recent-form-k-v1-report-only
824166,2026-07-22,663567,Peter Lambert,,2026-08-14T16:33:33.664701+00:00,3,26,1.0.0,3fb2f2e28ac62de326ece9b63c3944524cd8fa6eae0c14c2cedc7f62b0fd01d6,10.0,56.0,54.8,9.197080291970805,0.2382978723404255,0.0936170212765957,0.1787234042553191,12.034883720930234,11.165413533834588,7.666666666666667,6.6,0.0,0.0,0.0,1.0,0.0,0.0,0.0,70.0,5.0,1.0,0.0,0.0,0.0,0.0,0.0,0.0,26.0,17.0,9.0,0.131430176736398,0.0838816275895132,0.2212441029027359,0.0,0.3813989428024515,0.0,0.0,0.0,0.0,146.0,v1,2.3.0,9.197080291970805,12.034883720930234,11.165413533834588,11.513201608672846,0.25183223840331714,0.2382978723404255,0.11538461538461539,-0.1229132569558101,recent-form-k-v1-report-only
824893,2026-07-23,606996,Kyle Hart,,2026-08-14T16:33:33.798568+00:00,1,3,1.0.0,5b9d7a1cc9954bc79ffb0eb1e6d6337c9ae51d07c545c067c4e4fb205ddff6cd,10.0,17.0,13.3,11.50375939849624,0.265625,0.09375,0.234375,8.571428571428571,7.377049180327869,0.6666666666666666,1.0,0.0,0.0,1.0,1.0,0.0,0.0,0.0,70.0,3.0,1.0,0.0,0.0,0.0,0.0,0.0,0.0,26.0,12.0,14.0,0.1355758886246691,0.0919752544752544,0.1729478607527388,0.0,0.4111111111111111,0.0,0.0,0.0,0.0,144.0,v1,2.3.0,11.50375939849624,8.571428571428571,7.377049180327869,7.85480093676815,-0.3171970427515267,0.265625,0.3333333333333333,0.06770833333333331,recent-form-k-v1-report-only
824893,2026-07-23,519242,Chris Sale,,2026-08-14T16:33:33.799387+00:00,11,25,1.0.0,5df73bb8a953abed7bd805848c0538841d6051af0057c277884ed993b5a91f08,10.0,67.0,54.6,11.043956043956044,0.2851063829787234,0.0553191489361702,0.2340425531914893,8.4,10.64885496183206,4.666666666666667,6.2,0.0,0.0,1.0,1.0,0.0,0.0,0.0,70.0,6.0,1.0,0.0,0.0,0.0,0.0,0.0,0.0,26.0,8.0,18.0,0.1116113631465621,0.1030357142857142,0.1154227626402723,0.0,0.3038302277432712,0.0,0.0,0.0,0.0,135.0,v1,2.3.0,11.043956043956044,8.4,10.64885496183206,9.749312977099237,-0.1172263871482283,0.2851063829787234,0.44,0.15489361702127658,recent-form-k-v1-report-only
824406,2026-07-23,671737,Taj Bradley,,2026-08-14T16:33:33.844903+00:00,5,25,1.0.0,563c93c9744f3a3cb491b5f0f860734438e00282befd8955ac1061bf0d5031b4,10.0,65.0,54.50000000000001,10.73394495412844,0.2719665271966527,0.100418410041841,0.209205020920502,10.421052631578949,11.612903225806452,7.333333333333333,8.0,0.0,0.0,0.0,1.0,0.0,0.0,0.0,70.0,5.0,1.0,0.0,0.0,0.0,0.0,0.0,0.0,26.0,13.0,13.0,0.1338022651895503,0.1127891306812555,0.1548153996978452,0.0,0.4246503355162099,0.0,0.0,0.0,0.0,114.0,v1,2.3.0,10.73394495412844,10.421052631578949,11.612903225806452,11.136162988115451,0.03747159461930272,0.2719665271966527,0.2,-0.0719665271966527,recent-form-k-v1-report-only
824406,2026-07-23,668909,Gavin Williams,,2026-08-14T16:33:33.845715+00:00,11,23,1.0.0,d3eb65d6034cc7d5ced3155bdec72aa692d700bc4923100cd7a577f8d229be5e,10.0,72.0,57.3,11.308900523560208,0.3063829787234042,0.0638297872340425,0.2085106382978723,14.651162790697676,13.897058823529411,9.333333333333334,8.4,0.0,0.0,0.0,1.0,0.0,0.0,0.0,70.0,5.0,1.0,0.0,0.0,0.0,0.0,0.0,0.0,25.0,16.0,9.0,0.1184106725989078,0.0992311902238372,0.1525075301545889,0.0,0.358974358974359,0.0,0.0,0.0,0.0,142.0,v1,2.3.0,11.308900523560208,14.651162790697676,13.897058823529411,14.198700410396718,0.25553323073415446,0.3063829787234042,0.4782608695652174,0.1718778908418132,recent-form-k-v1-report-only
822785,2026-07-23,668984,Casey Legumina,,2026-08-14T16:33:33.951651+00:00,2,9,1.0.0,bebb964bb2383086a48c59ee96aebfc63ea8de77223ada02eafd7d46646c6468,10.0,6.0,9.4,5.744680851063831,0.1276595744680851,0.1063829787234042,0.1914893617021276,3.0,7.5,0.3333333333333333,1.0,0.0,0.0,0.0,1.0,0.0,0.0,0.0,70.0,3.0,1.0,0.0,0.0,0.0,0.0,0.0,0.0,26.0,16.0,10.0,0.0976268964590075,0.0924082154229213,0.1059767861167455,0.0,0.340946585530764,0.0,0.0,0.0,0.0,141.0,v1,2.3.0,5.744680851063831,3.0,7.5,5.7,-0.007777777777777883,0.1276595744680851,0.2222222222222222,0.09456264775413711,recent-form-k-v1-report-only
822785,2026-07-23,669456,Shane Bieber,,2026-08-14T16:33:33.952453+00:00,3,24,1.0.0,383e8a5de6bf7bda8604143576a2344279c445c98e4b319d9b9fa1076f06267e,5.0,19.0,22.5,7.600000000000001,0.1759259259259259,0.1111111111111111,0.2685185185185185,8.23943661971831,7.600000000000001,4.333333333333333,3.8,0.0,0.0,0.0,1.0,0.0,0.0,0.0,70.0,5.0,1.0,0.0,0.0,0.0,0.0,0.0,0.0,26.0,15.0,11.0,0.1055456116474883,0.0759831470355615,0.1458580633910248,0.0,0.3053827300150829,0.0,0.0,0.0,0.0,139.0,v1,2.3.0,7.600000000000001,8.23943661971831,7.600000000000001,7.8557746478873245,0.033654558932542544,0.1759259259259259,0.125,-0.0509259259259259,recent-form-k-v1-report-only
823042,2026-07-23,694297,Brandon Pfaadt,,2026-08-14T16:33:34.004242+00:00,1,26,1.0.0,3c8c3281efb093d06bcfb32d82c60ae86dc0d5bbbdd9758aeeeeedb4c1bb9a19,10.0,22.0,27.8,7.122302158273382,0.1746031746031746,0.0317460317460317,0.246031746031746,6.5131578947368425,5.91549295774648,3.6666666666666665,2.8,0.0,0.0,0.0,1.0,0.0,0.0,0.0,70.0,5.0,1.0,0.0,0.0,0.0,0.0,0.0,0.0,26.0,16.0,10.0,0.1473632692401939,0.1326676065162907,0.1708763295984391,0.0,0.496031746031746,0.0,0.0,0.0,0.0,138.0,v1,2.3.0,7.122302158273382,6.5131578947368425,5.91549295774648,6.154558932542625,-0.13587505896623764,0.1746031746031746,0.038461538461538464,-0.13614163614163613,recent-form-k-v1-report-only
823042,2026-07-23,700241,Michael McGreevy,,2026-08-14T16:33:34.005025+00:00,3,27,1.0.0,0bd372af955e37a32b73688458e976fea5c3a075223b012126372c6d90adb7b3,10.0,35.0,56.2,5.604982206405694,0.1483050847457627,0.0550847457627118,0.2584745762711864,6.923076923076923,6.164383561643835,4.666666666666667,4.0,0.0,0.0,0.0,1.0,0.0,0.0,0.0,70.0,6.0,1.0,0.0,0.0,0.0,0.0,0.0,0.0,26.0,14.0,12.0,0.1177030273392502,0.1067936634113104,0.1304306185885133,0.0,0.3601651186790506,0.0,0.0,0.0,0.0,109.0,v1,2.3.0,5.604982206405694,6.923076923076923,6.164383561643835,6.467860906217071,0.15394851723618852,0.1483050847457627,0.1111111111111111,-0.0371939736346516,recent-form-k-v1-report-only
824247,2026-07-23,675512,Troy Melton,,2026-08-14T16:33:34.057613+00:00,5,24,1.0.0,a9e9f1080766a9ddfa6638f95db98bc73507437df974da71f92b81a0c2e8a1bc,9.0,50.0,53.6,8.395522388059701,0.2358490566037736,0.070754716981132,0.1556603773584905,13.719512195121952,11.408450704225352,8.333333333333334,7.2,0.0,0.0,0.0,1.0,0.0,0.0,0.0,70.0,6.0,1.0,0.0,0.0,0.0,0.0,0.0,0.0,26.0,16.0,10.0,0.1038584198418092,0.0881654290127961,0.12896720516823,0.0,0.3360713654831302,0.0,0.0,0.0,0.0,118.0,v1,2.3.0,8.395522388059701,13.719512195121952,11.408450704225352,12.332875300583993,0.4689824802473379,0.2358490566037736,0.20833333333333334,-0.027515723270440245,recent-form-k-v1-report-only
823759,2026-07-24,608372,Tomoyuki Sugano,,2026-08-14T16:33:34.221885+00:00,5,23,1.0.0,0854978ef6de270cb08755809c14e237a72fa0cf5490729b78976ea375cd94a3,10.0,29.0,52.50000000000001,4.971428571428571,0.1255411255411255,0.0519480519480519,0.2727272727272727,5.263157894736842,4.981549815498155,3.333333333333333,3.0,0.0,0.0,0.0,1.0,0.0,0.0,0.0,70.0,6.0,1.0,0.0,0.0,0.0,0.0,0.0,0.0,26.0,15.0,11.0,0.1163028809256213,0.0777298846198277,0.1689024213426127,0.0,0.3948948948948949,0.0,0.0,0.0,0.0,158.0,v1,2.3.0,4.971428571428571,5.263157894736842,4.981549815498155,5.094193047193629,0.024694003745845183,0.1255411255411255,0.21739130434782608,0.09185017880670057,recent-form-k-v1-report-only
823759,2026-07-24,675660,Shane Drohan,,2026-08-14T16:33:34.222746+00:00,6,25,1.0.0,6acabdce49be1f83fadd59e01418f76d3903315c48e40355ee88838549ba7c75,10.0,49.0,49.5,8.909090909090908,0.2322274881516587,0.0616113744075829,0.2274881516587677,8.453038674033149,9.525547445255476,5.666666666666667,5.8,0.0,0.0,1.0,1.0,0.0,0.0,0.0,70.0,6.0,1.0,0.0,0.0,0.0,0.0,0.0,0.0,26.0,9.0,17.0,0.1200713324502826,0.1299091598290683,0.1148630708968079,0.0,0.3875700280112045,0.0,0.0,0.0,0.0,115.0,v1,2.3.0,8.909090909090908,8.453038674033149,9.525547445255476,9.096543936766544,0.021040645963591675,0.2322274881516587,0.24,0.007772511848341296,recent-form-k-v1-report-only
824248,2026-07-24,694360,Beck Way,,2026-08-14T16:33:34.287857+00:00,0,7,1.0.0,30b5ca06240c66dc2e8ad4e2a3cd33500ec5dcb690abcb8563a07d0a09e92531,10.0,10.0,9.6,9.375,0.2083333333333333,0.0833333333333333,0.2708333333333333,11.25,8.181818181818182,1.3333333333333333,0.8,0.0,0.0,0.0,1.0,0.0,0.0,0.0,70.0,5.0,1.0,0.0,0.0,0.0,0.0,0.0,0.0,26.0,17.0,9.0,0.1328490329461049,0.1094846276351189,0.1769817985335226,0.0,0.3884635832004253,0.0,0.0,0.0,0.0,116.0,v1,2.3.0,9.375,11.25,8.181818181818182,9.40909090909091,0.0036363636363636598,0.2083333333333333,0.0,-0.2083333333333333,recent-form-k-v1-report-only
824248,2026-07-24,669373,Tarik Skubal,,2026-08-14T16:33:34.288665+00:00,12,28,1.0.0,c87952734cd1f41ab825be741a7e9f08239263af9e24e2a6f3929188790f05a1,10.0,75.0,57.400000000000006,11.7595818815331,0.331858407079646,0.0309734513274336,0.2079646017699115,12.176470588235292,12.724137931034482,7.666666666666667,8.2,0.0,0.0,1.0,1.0,0.0,0.0,0.0,70.0,6.0,1.0,0.0,0.0,0.0,0.0,0.0,0.0,26.0,8.0,18.0,0.1099187681298841,0.124770709100337,0.1033179054763495,0.0,0.3285444947209653,0.0,0.0,0.0,0.0,118.0,v1,2.3.0,11.7595818815331,12.176470588235292,12.724137931034482,12.505070993914806,0.06339418526031104,0.331858407079646,0.42857142857142855,0.09671302149178257,recent-form-k-v1-report-only
823352,2026-07-24,571510,Matthew Boyd,,2026-08-14T16:33:34.402114+00:00,4,29,1.0.0,6ecff29a9fe68a2ce2b036f95b4c6852077c22fe35335bdb4870cd9ecac9d850,10.0,51.0,49.900000000000006,9.198396793587174,0.2350230414746544,0.064516129032258,0.2258064516129032,6.961325966850828,6.593406593406593,4.666666666666667,4.0,0.0,0.0,1.0,1.0,0.0,0.0,0.0,70.0,6.0,1.0,0.0,0.0,0.0,0.0,0.0,0.0,26.0,9.0,17.0,0.1550210979289955,0.1476394580969744,0.158929024898889,0.0,0.4758267195767195,0.0,0.0,0.0,0.0,134.0,v1,2.3.0,9.198396793587174,6.961325966850828,6.593406593406593,6.740574342784287,-0.2672011771134293,0.2350230414746544,0.13793103448275862,-0.09709200699189577,recent-form-k-v1-report-only
823352,2026-07-24,683003,Jared Jones,,2026-08-14T16:33:34.436624+00:00,5,21,1.0.0,b4e8fa5f9dd86253a67c39526251822c2b0378e2cf373b158872f458f2c7ca4b,9.0,48.0,39.3,10.99236641221374,0.294478527607362,0.0736196319018405,0.1963190184049079,13.8,12.162162162162163,7.666666666666667,6.0,0.0,0.0,0.0,1.0,0.0,0.0,0.0,70.0,6.0,1.0,0.0,0.0,0.0,0.0,0.0,0.0,26.0,18.0,8.0,0.1584151291023462,0.1359801224384557,0.2088938940960999,0.0,0.6116138763197587,0.0,0.0,0.0,0.0,112.0,v1,2.3.0,10.99236641221374,13.8,12.162162162162163,12.817297297297298,0.1660180180180182,0.294478527607362,0.23809523809523808,-0.0563832895121239,recent-form-k-v1-report-only
822707,2026-07-24,593958,Eduardo Rodriguez,,2026-08-14T16:33:34.477930+00:00,4,27,1.0.0,997c5a85bef6edcfc859589a8bf583d2138e43da4c9b6a03efad4b360ff57593,10.0,39.0,54.7,6.416819012797075,0.1688311688311688,0.0779220779220779,0.2251082251082251,6.971830985915493,5.583941605839416,3.6666666666666665,3.4,0.0,0.0,1.0,1.0,0.0,0.0,0.0,70.0,5.0,1.0,0.0,0.0,0.0,0.0,0.0,0.0,26.0,10.0,16.0,0.1215768905058406,0.1532287324440028,0.1017944892944892,0.0,0.3845774821384577,0.0,0.0,0.0,0.0,120.0,v1,2.3.0,6.416819012797075,6.971830985915493,5.583941605839416,6.139097357869847,-0.043280269300624896,0.1688311688311688,0.14814814814814814,-0.020683020683020664,recent-form-k-v1-report-only
822707,2026-07-24,687223,Carson Palmquist,,2026-08-14T16:33:34.478711+00:00,1,8,1.0.0,55c76e99eb2bf4ec18414e96eec68930febb5f070d2c92024f1f0f91d6e022d4,7.0,14.0,10.4,12.115384615384617,0.2592592592592592,0.0555555555555555,0.2962962962962963,14.651162790697676,14.285714285714286,2.333333333333333,2.0,0.0,0.0,1.0,1.0,0.0,0.0,0.0,70.0,3.0,1.0,0.0,0.0,0.0,0.0,0.0,0.0,26.0,8.0,18.0,0.1115703930481258,0.0908143939393939,0.1207952815408955,0.0,0.34498556998557,0.0,0.0,0.0,0.0,109.0,v1,2.3.0,12.115384615384617,14.651162790697676,14.285714285714286,14.431893687707642,0.19120392342983705,0.2592592592592592,0.125,-0.1342592592592592,recent-form-k-v1-report-only
823434,2026-07-24,693645,Cam Schlittler,,2026-08-14T16:33:34.584376+00:00,12,26,1.0.0,5196274e2f3a1b9e33d7af0982e9ea0b4bd0ef562f49abd9563020236d49dcb0,10.0,70.0,55.6,11.33093525179856,0.2966101694915254,0.0508474576271186,0.2076271186440678,10.81967213114754,11.868131868131869,7.333333333333333,7.2,0.0,0.0,0.0,1.0,0.0,0.0,0.0,70.0,5.0,1.0,0.0,0.0,0.0,0.0,0.0,0.0,26.0,14.0,12.0,0.1405626881023759,0.1260215259554803,0.157527377273754,0.0,0.4692451071761416,0.0,0.0,0.0,0.0,143.0,v1,2.3.0,11.33093525179856,10.81967213114754,11.868131868131869,11.448747973338136,0.010397440186667328,0.2966101694915254,0.46153846153846156,0.16492829204693615,recent-form-k-v1-report-only
823434,2026-07-24,666200,Jesús Luzardo,,2026-08-14T16:33:34.585249+00:00,9,26,1.0.0,d2b34c10f13eef90a9447adeb9deae5511976d1c1966f9b323720015c5585569,10.0,77.0,58.50000000000001,11.846153846153843,0.3117408906882591,0.0890688259109311,0.1781376518218623,13.5,14.178082191780822,9.0,9.2,0.0,0.0,1.0,1.0,0.0,0.0,0.0,70.0,6.0,1.0,0.0,0.0,0.0,0.0,0.0,0.0,27.0,9.0,18.0,0.138226733771776,0.1688232394523985,0.1229284809314647,0.0,0.4419634945950735,0.0,0.0,0.0,0.0,147.0,v1,2.3.0,11.846153846153843,13.5,14.178082191780822,13.906849315068493,0.1739548123109771,0.3117408906882591,0.34615384615384615,0.034412955465587036,recent-form-k-v1-report-only
824812,2026-07-24,656550,Grant Holmes,,2026-08-14T16:33:34.632247+00:00,5,22,1.0.0,efa6a73c9c10fcf8494a517d904ba189b10c343efc67328a85309a750448598e,10.0,40.0,43.6,8.256880733944953,0.2010050251256281,0.0954773869346733,0.2261306532663316,5.4,6.594827586206897,3.0,3.4,0.0,0.0,0.0,1.0,0.0,0.0,0.0,70.0,5.0,1.0,0.0,0.0,0.0,0.0,0.0,0.0,26.0,17.0,9.0,0.1598182180546157,0.1626216920334567,0.154522767205694,0.0,0.4803807303807304,0.0,0.0,0.0,0.0,110.0,v1,2.3.0,8.256880733944953,5.4,6.594827586206897,6.116896551724138,-0.2591758620689655,0.2010050251256281,0.22727272727272727,0.02626770214709917,recent-form-k-v1-report-only
824812,2026-07-24,669432,Trevor Rogers,,2026-08-14T16:33:34.633096+00:00,6,26,1.0.0,b7cce75d5b1aa185ebb902add71fb34de12a68df99cdb5e28dcdb1b531364243,10.0,44.0,56.80000000000001,6.971830985915491,0.1888412017167382,0.0729613733905579,0.1974248927038626,8.421052631578947,8.642384105960264,5.333333333333333,5.8,0.0,0.0,1.0,1.0,0.0,0.0,0.0,70.0,6.0,1.0,0.0,0.0,0.0,0.0,0.0,0.0,26.0,12.0,14.0,0.1298867366248701,0.0926791669329277,0.1617789392179636,0.0,0.387962962962963,0.0,0.0,0.0,0.0,144.0,v1,2.3.0,6.971830985915491,8.421052631578947,8.642384105960264,8.553851516207736,0.22691607606212005,0.1888412017167382,0.23076923076923078,0.04192802905249257,recent-form-k-v1-report-only
823601,2026-07-24,808963,Roki Sasaki,,2026-08-14T16:33:34.689254+00:00,9,25,1.0.0,e4f27981c6f6b91fc9914731385925a628f062b455c72b1c7e44f03e099b0bd0,10.0,54.0,51.6,9.41860465116279,0.2488479262672811,0.0829493087557603,0.1981566820276497,8.23943661971831,8.076923076923077,4.333333333333333,4.2,0.0,0.0,0.0,1.0,0.0,0.0,0.0,70.0,7.0,1.0,0.0,0.0,0.0,0.0,0.0,0.0,26.0,15.0,11.0,0.1192601183218569,0.090728280279988,0.1581671701971327,0.0,0.3391951186068833,0.0,0.0,0.0,0.0,121.0,v1,2.3.0,9.41860465116279,8.23943661971831,8.076923076923077,8.14192849404117,-0.1355483327314312,0.2488479262672811,0.36,0.11115207373271888,recent-form-k-v1-report-only
823601,2026-07-24,640455,Sean Manaea,,2026-08-14T16:33:34.690090+00:00,3,24,1.0.0,14d7ae6891094294be98ed120047fe3c980f4f821a2d6fee1ada9467b19ffb6c,10.0,49.0,47.5,9.284210526315787,0.2367149758454106,0.0628019323671497,0.217391304347826,9.444444444444445,9.221311475409836,5.666666666666667,5.0,0.0,0.0,1.0,1.0,0.0,0.0,0.0,70.0,6.0,1.0,0.0,0.0,0.0,0.0,0.0,0.0,26.0,9.0,17.0,0.141758164000811,0.1631614816397425,0.1304269958390238,0.0,0.4523809523809524,0.0,0.0,0.0,0.0,119.0,v1,2.3.0,9.284210526315787,9.444444444444445,9.221311475409836,9.31056466302368,0.0028385974912128464,0.2367149758454106,0.125,-0.1117149758454106,recent-form-k-v1-report-only
822952,2026-07-24,676282,Joey Cantillo,,2026-08-14T16:33:34.735142+00:00,4,20,1.0.0,810621a67c27a4ec6b17696ea0e6d5ff205f1066f90c8ae144bdd00a96fddf68,10.0,61.0,50.0,10.98,0.2747747747747748,0.1126126126126126,0.2342342342342342,13.8,12.461538461538462,7.666666666666667,7.2,0.0,0.0,1.0,1.0,0.0,0.0,0.0,70.0,5.0,1.0,0.0,0.0,0.0,0.0,0.0,0.0,26.0,10.0,16.0,0.1079252581652586,0.1300197388897079,0.0941162077124778,0.0,0.3168537151702786,0.0,0.0,0.0,0.0,139.0,v1,2.3.0,10.98,13.8,12.461538461538462,12.996923076923078,0.18369062631357713,0.2747747747747748,0.2,-0.07477477477477479,recent-form-k-v1-report-only
822952,2026-07-24,663556,Shane McClanahan,,2026-08-14T16:33:34.764740+00:00,3,19,1.0.0,3dc255d31f42af61755f32ab609d8b3598590dc544ec2b4d1834221c40d99fcc,10.0,44.0,50.4,7.857142857142858,0.2009132420091324,0.0730593607305936,0.228310502283105,6.31578947368421,6.50190114068441,4.0,3.8,0.0,0.0,1.0,1.0,0.0,0.0,0.0,70.0,5.0,1.0,0.0,0.0,0.0,0.0,0.0,0.0,26.0,9.0,17.0,0.1326944873404832,0.1208220415537488,0.1389798998158131,0.0,0.4289798570500325,0.0,0.0,0.0,0.0,114.0,v1,2.3.0,7.857142857142858,6.31578947368421,6.50190114068441,6.42745647388433,-0.18196008514199435,0.2009132420091324,0.15789473684210525,-0.043018505167027155,recent-form-k-v1-report-only
823843,2026-07-24,608566,Germán Márquez,,2026-08-14T16:33:34.817394+00:00,4,12,1.0.0,93502e8ecc711cb6ba76c5b26ddf498e60bf2535aa524548747ed277c93ba46f,10.0,30.0,44.2,6.108597285067873,0.1507537688442211,0.1105527638190954,0.236180904522613,7.5,5.85,3.333333333333333,2.6,0.0,0.0,0.0,1.0,0.0,0.0,0.0,70.0,5.0,1.0,0.0,0.0,0.0,0.0,0.0,0.0,26.0,16.0,10.0,0.1295097419577704,0.0882974664224664,0.1954493828142567,0.0,0.3790566158987212,0.0,0.0,0.0,0.0,146.0,v1,2.3.0,6.108597285067873,7.5,5.85,6.51,0.06571111111111105,0.1507537688442211,0.3333333333333333,0.18257956448911222,recent-form-k-v1-report-only
823843,2026-07-24,687473,Ryan Gusto,,2026-08-14T16:33:34.818218+00:00,4,13,1.0.0,bbad0b82e0155b2c79a45d83864649cdfe59bb030f9e43c3bc7862a7e30d38bc,10.0,26.0,28.5,8.210526315789474,0.1925925925925926,0.074074074074074,0.237037037037037,7.377049180327869,8.114754098360656,1.6666666666666667,2.2,0.0,0.0,0.0,1.0,0.0,0.0,0.0,70.0,3.0,1.0,0.0,0.0,0.0,0.0,0.0,0.0,26.0,17.0,9.0,0.1135107265640415,0.108256903653323,0.1234346142842874,0.0,0.3146845694799658,0.0,0.0,0.0,0.0,135.0,v1,2.3.0,8.210526315789474,7.377049180327869,8.114754098360656,7.8196721311475414,-0.04760403530895341,0.1925925925925926,0.3076923076923077,0.11509971509971512,recent-form-k-v1-report-only
824733,2026-07-24,702056,Trey Yesavage,,2026-08-14T16:33:34.865818+00:00,9,18,1.0.0,47ff543f8c7e5ab34b1197b749b146c572a00e128611884ae8d845282b1f55cf,10.0,49.0,53.1,8.305084745762711,0.2094017094017094,0.141025641025641,0.1452991452991453,11.590909090909092,9.146341463414634,5.666666666666667,5.0,0.0,0.0,0.0,1.0,0.0,0.0,0.0,70.0,5.0,1.0,0.0,0.0,0.0,0.0,0.0,0.0,26.0,15.0,11.0,0.1302111743288214,0.1499947464653347,0.1032335759608487,0.0,0.4337822671156005,0.0,0.0,0.0,0.0,111.0,v1,2.3.0,8.305084745762711,11.590909090909092,9.146341463414634,10.124168514412418,0.21903253540884227,0.2094017094017094,0.5,0.29059829059829057,recent-form-k-v1-report-only
824573,2026-07-24,681293,Spencer Arrighetti,,2026-08-14T16:33:34.910127+00:00,0,9,1.0.0,bee2aedc6c677ebf4b1ceb80366af4f5ab77282b09e3d8c22fe96e80733500d7,10.0,52.0,51.0,9.176470588235292,0.2311111111111111,0.12,0.1955555555555555,7.2,10.125,4.0,5.4,0.0,0.0,0.0,1.0,0.0,0.0,0.0,70.0,6.0,1.0,0.0,0.0,0.0,0.0,0.0,0.0,26.0,11.0,15.0,0.1270519222562539,0.1134260048894195,0.1370442616585992,0.0,0.435672514619883,0.0,0.0,0.0,0.0,145.0,v1,2.3.0,9.176470588235292,7.2,10.125,8.955,-0.024134615384615143,0.2311111111111111,0.0,-0.2311111111111111,recent-form-k-v1-report-only
824573,2026-07-24,663436,Davis Martin,,2026-08-14T16:33:34.910959+00:00,3,23,1.0.0,8370a3157517559982c3815e9675f288dd5ab0621daef24c30514b8c8c3a3687,10.0,38.0,47.900000000000006,7.139874739039665,0.1688888888888889,0.1022222222222222,0.2533333333333333,5.121951219512195,5.384615384615385,2.333333333333333,2.8,0.0,0.0,0.0,1.0,0.0,0.0,0.0,70.0,6.0,1.0,0.0,0.0,0.0,0.0,0.0,0.0,26.0,19.0,7.0,0.1284314704807279,0.1204131933176534,0.1501953656376445,0.0,0.3949742870500234,0.0,0.0,0.0,0.0,117.0,v1,2.3.0,7.139874739039665,5.121951219512195,5.384615384615385,5.279549718574109,-0.2605542938020472,0.1688888888888889,0.13043478260869565,-0.038454106280193245,recent-form-k-v1-report-only
822872,2026-07-24,682243,Bryce Miller,,2026-08-14T16:33:34.960278+00:00,0,23,1.0.0,52ff983862ec7d8295d7a9afea3f9081a09d43ebfd71e1fec633f15755975e49,10.0,68.0,56.6,10.812720848056538,0.3148148148148148,0.0416666666666666,0.1759259259259259,8.895348837209303,11.496350364963504,5.666666666666667,7.0,0.0,0.0,0.0,1.0,0.0,0.0,0.0,70.0,7.0,1.0,0.0,0.0,0.0,0.0,0.0,0.0,25.0,14.0,11.0,0.1301819796926874,0.1507437494279599,0.104012454575068,0.0,0.3579937304075235,0.0,0.0,0.0,0.0,140.0,v1,2.3.0,10.812720848056538,8.895348837209303,11.496350364963504,10.455949753861823,-0.0329954966199687,0.3148148148148148,0.0,-0.3148148148148148,recent-form-k-v1-report-only
822872,2026-07-24,669022,MacKenzie Gore,,2026-08-14T16:33:34.961106+00:00,5,23,1.0.0,ad194e6c9110947171cf8cca86c3cc24ad5d3859651083758461735e293fc8e4,10.0,60.0,54.50000000000001,9.908256880733944,0.2479338842975206,0.0661157024793388,0.2396694214876033,11.408450704225352,10.30534351145038,6.0,6.0,0.0,0.0,1.0,1.0,0.0,0.0,0.0,70.0,6.0,1.0,0.0,0.0,0.0,0.0,0.0,0.0,26.0,8.0,18.0,0.1391475922725922,0.170695583976834,0.1251262626262626,0.0,0.4233660130718954,0.0,0.0,0.0,0.0,136.0,v1,2.3.0,9.908256880733944,11.408450704225352,10.30534351145038,10.746586388560369,0.0846091818084076,0.2479338842975206,0.21739130434782608,-0.03054257994969453,recent-form-k-v1-report-only
823680,2026-07-24,682052,Jacob Lopez,,2026-08-14T16:33:35.009008+00:00,4,21,1.0.0,f5d427cbfc505a74c8a5826609ffeba6bf11e7a2ef95050cec5129e02481aa54,10.0,32.0,33.9,8.495575221238939,0.1916167664670658,0.1017964071856287,0.2455089820359281,11.927710843373491,10.551724137931034,3.6666666666666665,3.4,0.0,0.0,1.0,1.0,0.0,0.0,0.0,70.0,5.0,1.0,0.0,0.0,0.0,0.0,0.0,0.0,25.0,6.0,19.0,0.1208974573125872,0.1053175618073316,0.1258174243142469,0.0,0.3481523378582202,0.0,0.0,0.0,0.0,142.0,v1,2.3.0,8.495575221238939,11.927710843373491,10.551724137931034,11.102118820108018,0.30681190278354786,0.1916167664670658,0.19047619047619047,-0.001140575990875331,recent-form-k-v1-report-only
823680,2026-07-24,805673,Zebby Matthews,,2026-08-14T16:33:35.078467+00:00,1,22,1.0.0,d73b397cdea8048190580f21314d5d3b22b29f3776868b87d6192dcc5664a048,10.0,47.0,56.3,7.513321492007104,0.1887550200803212,0.0803212851405622,0.2570281124497992,8.181818181818182,8.244274809160306,4.0,4.8,0.0,0.0,0.0,1.0,0.0,0.0,0.0,70.0,5.0,1.0,0.0,0.0,0.0,0.0,0.0,0.0,26.0,16.0,10.0,0.1314937766730244,0.1289418101705877,0.135576923076923,0.0,0.4635459616783895,0.0,0.0,0.0,0.0,133.0,v1,2.3.0,7.513321492007104,8.181818181818182,8.244274809160306,8.219292158223457,0.093962526023595,0.1887550200803212,0.045454545454545456,-0.14330047462577572,recent-form-k-v1-report-only
823031,2026-07-24,695076,Rhett Lowder,,2026-08-14T16:33:35.125472+00:00,4,18,1.0.0,58d5406f8c638236b91081839b27bb579f11ec9de1cf2b84879ee9efa10e10f1,10.0,35.0,34.8,9.051724137931036,0.1923076923076923,0.1153846153846153,0.2637362637362637,7.377049180327869,8.796992481203008,1.6666666666666667,2.6,0.0,0.0,0.0,1.0,0.0,0.0,0.0,70.0,6.0,1.0,0.0,0.0,0.0,0.0,0.0,0.0,26.0,16.0,10.0,0.1388943483263362,0.1341160360578866,0.1465396479558556,0.0,0.5052910052910052,0.0,0.0,0.0,0.0,138.0,v1,2.3.0,9.051724137931036,7.377049180327869,8.796992481203008,8.229015160852953,-0.09088975365815011,0.1923076923076923,0.2222222222222222,0.02991452991452992,recent-form-k-v1-report-only
823031,2026-07-24,669160,Dustin May,,2026-08-14T16:33:35.126270+00:00,8,27,1.0.0,c33dcacca9f45430bed60a8aa4ecf1c5eb3eabbbc3128bf8e9ed91e31dfc66e3,10.0,60.0,47.7,11.320754716981131,0.2870813397129186,0.0813397129186602,0.2057416267942583,11.590909090909092,11.688311688311687,5.666666666666667,4.0,0.0,0.0,0.0,1.0,0.0,0.0,0.0,70.0,6.0,1.0,0.0,0.0,0.0,0.0,0.0,0.0,26.0,16.0,10.0,0.122890655121626,0.1232339583442524,0.1223413699654238,0.0,0.3751251251251251,0.0,0.0,0.0,0.0,113.0,v1,2.3.0,11.320754716981131,11.590909090909092,11.688311688311687,11.649350649350648,0.029025974025973955,0.2870813397129186,0.2962962962962963,0.009214956583377676,recent-form-k-v1-report-only
823196,2026-07-24,680570,Grayson Rodriguez,,2026-08-14T16:33:35.174993+00:00,3,18,1.0.0,d015462c20ff1f6f42ee8a7ed70bc5d1643c8afe1966c9c36e8984636c86db98,8.0,27.0,32.9,7.386018237082067,0.1607142857142857,0.1011904761904761,0.2678571428571428,3.2142857142857144,6.000000000000001,1.3333333333333333,2.6,0.0,0.0,0.0,1.0,0.0,0.0,0.0,70.0,6.0,1.0,0.0,0.0,0.0,0.0,0.0,0.0,26.0,16.0,10.0,0.1417618934863168,0.0932757835779715,0.2193396693396692,0.0,0.4912054912054911,0.0,0.0,0.0,0.0,137.0,v1,2.3.0,7.386018237082067,3.2142857142857144,6.000000000000001,4.885714285714286,-0.33851851851851844,0.1607142857142857,0.16666666666666666,0.005952380952380959,recent-form-k-v1-report-only
823196,2026-07-24,657277,Logan Webb,,2026-08-14T16:33:35.175819+00:00,4,25,1.0.0,c03a9f7f3dab55b643fd16cea5af3ceb4a3f77d991f0618f043f448cd68c7801,10.0,47.0,62.3,6.789727126805778,0.188,0.048,0.188,5.0,5.769230769230769,3.0,4.0,0.0,0.0,0.0,1.0,0.0,0.0,0.0,70.0,6.0,1.0,0.0,0.0,0.0,0.0,0.0,0.0,26.0,15.0,11.0,0.1460917685284038,0.2057349913751592,0.064760101010101,0.0,0.4624712689228818,0.0,0.0,0.0,0.0,108.0,v1,2.3.0,6.789727126805778,5.0,5.769230769230769,5.461538461538462,-0.1956173849790871,0.188,0.16,-0.027999999999999997,recent-form-k-v1-report-only
824244,2026-07-25,608379,Michael Wacha,,2026-08-14T16:33:35.298846+00:00,3,28,1.0.0,83eb814085a3cf0dd1295a3ff81220da9badc8877c3cfbe5ad6984ec6715240a,10.0,46.0,60.6,6.831683168316832,0.1762452107279693,0.0613026819923371,0.2528735632183908,9.444444444444445,8.585526315789474,5.666666666666667,5.8,0.0,0.0,0.0,1.0,0.0,0.0,0.0,70.0,5.0,1.0,0.0,0.0,0.0,0.0,0.0,0.0,26.0,17.0,9.0,0.1337703425516249,0.1093057419528007,0.1799812547938485,0.0,0.4033891033891034,0.0,0.0,0.0,0.0,116.0,v1,2.3.0,6.831683168316832,9.444444444444445,8.585526315789474,8.929093567251462,0.30701224680057604,0.1762452107279693,0.10714285714285714,-0.06910235358511217,recent-form-k-v1-report-only
824244,2026-07-25,663554,Casey Mize,,2026-08-14T16:33:35.299640+00:00,3,21,1.0.0,3107ac0331d1a50a8c9bd836fe6ca31fff0c6223af56b7fbec636ba75f3c2f73,10.0,50.0,49.2,9.146341463414634,0.2463054187192118,0.0443349753694581,0.2019704433497537,8.689655172413794,10.112359550561798,4.666666666666667,6.0,0.0,0.0,0.0,1.0,0.0,0.0,0.0,70.0,6.0,1.0,0.0,0.0,0.0,0.0,0.0,0.0,26.0,16.0,10.0,0.1178133303737921,0.0878180336820042,0.1658058050806529,0.0,0.3635620915032679,0.0,0.0,0.0,0.0,118.0,v1,2.3.0,9.146341463414634,8.689655172413794,10.112359550561798,9.543277799302597,0.04339837272375058,0.2463054187192118,0.14285714285714285,-0.10344827586206895,recent-form-k-v1-report-only
822704,2026-07-25,656492,Foster Griffin,,2026-08-14T16:33:35.337025+00:00,2,26,1.0.0,c5b3e15c3eab1325fa09cf01e6131f5e0102ae021c758c116141c882b52db9fa,10.0,57.0,61.1,8.39607201309329,0.2415254237288135,0.0381355932203389,0.1949152542372881,6.157894736842105,8.429003021148036,4.333333333333333,6.2,0.0,0.0,1.0,1.0,0.0,0.0,0.0,70.0,6.0,1.0,0.0,0.0,0.0,0.0,0.0,0.0,26.0,8.0,18.0,0.113251702705079,0.0896780303030303,0.1237288904393229,0.0,0.3338560018792577,0.0,0.0,0.0,0.0,109.0,v1,2.3.0,8.39607201309329,6.157894736842105,8.429003021148036,7.520559707425663,-0.10427641691284995,0.2415254237288135,0.07692307692307693,-0.16460234680573657,recent-form-k-v1-report-only
823197,2026-07-25,696270,Ryan Johnson,,2026-08-14T16:33:35.360275+00:00,4,20,1.0.0,fb6196bdc966fb9628f810401fc68658d6d9f580b69074cdfb35d07d8048ba39,10.0,30.0,38.1,7.086614173228346,0.1775147928994082,0.0946745562130177,0.2307692307692307,7.714285714285714,8.28,4.0,4.6,0.0,0.0,0.0,1.0,0.0,0.0,0.0,70.0,6.0,1.0,0.0,0.0,0.0,0.0,0.0,0.0,26.0,16.0,10.0,0.1386616143232846,0.0928562469742244,0.211950202081781,0.0,0.4886992255413308,0.0,0.0,0.0,0.0,137.0,v1,2.3.0,7.086614173228346,7.714285714285714,8.28,8.053714285714285,0.13646857142857138,0.1775147928994082,0.2,0.02248520710059182,recent-form-k-v1-report-only
823197,2026-07-25,592662,Robbie Ray,,2026-08-14T16:33:35.361097+00:00,5,25,1.0.0,d5b0dd543e1c131da28234c8709fc0403df40b71e35be47890bc80ddd3fa4f95,10.0,46.0,55.3,7.486437613019891,0.1949152542372881,0.135593220338983,0.173728813559322,8.4,6.387096774193548,4.666666666666667,4.4,0.0,0.0,1.0,1.0,0.0,0.0,0.0,70.0,6.0,1.0,0.0,0.0,0.0,0.0,0.0,0.0,26.0,9.0,17.0,0.1483638123738445,0.0664101601601601,0.1917510400163833,0.0,0.4569200779727095,0.0,0.0,0.0,0.0,108.0,v1,2.3.0,7.486437613019891,8.4,6.387096774193548,7.192258064516129,-0.03929499766245903,0.1949152542372881,0.2,0.005084745762711923,recent-form-k-v1-report-only
824734,2026-07-25,656302,Dylan Cease,,2026-08-14T16:33:35.382494+00:00,12,30,1.0.0,f2716e2b0b9596337e96d6b3b9ba109327381978ffbec734398a80fd9f7343a7,10.0,89.0,57.6,13.90625,0.3771186440677966,0.1144067796610169,0.1525423728813559,11.571428571428571,13.322368421052632,9.0,9.0,0.0,0.0,0.0,1.0,0.0,0.0,0.0,70.0,5.0,1.0,0.0,0.0,0.0,0.0,0.0,0.0,26.0,15.0,11.0,0.1376264570728841,0.1659129638477464,0.0990539478344356,0.0,0.4457244312316775,0.0,0.0,0.0,0.0,111.0,v1,2.3.0,13.90625,11.571428571428571,13.322368421052632,12.621992481203009,-0.09235110247528922,0.3771186440677966,0.4,0.022881355932203418,recent-form-k-v1-report-only
824734,2026-07-25,543243,Sonny Gray,,2026-08-14T16:33:35.383352+00:00,3,23,1.0.0,6269270bbadd066e4209ae1ffe318a0cad5d2af5ea4c9e5dbbfe52d4a43499be,10.0,60.0,61.2,8.823529411764705,0.2448979591836734,0.0775510204081632,0.2040816326530612,7.5,9.813084112149532,5.0,7.0,0.0,0.0,0.0,1.0,0.0,0.0,0.0,70.0,6.0,1.0,0.0,0.0,0.0,0.0,0.0,0.0,26.0,16.0,10.0,0.1097168752687359,0.1045258356839239,0.1180225386044351,0.0,0.3711056929447734,0.0,0.0,0.0,0.0,141.0,v1,2.3.0,8.823529411764705,7.5,9.813084112149532,8.88785046728972,0.007289719626168312,0.2448979591836734,0.13043478260869565,-0.11446317657497776,recent-form-k-v1-report-only
823841,2026-07-25,681190,Randy Vásquez,,2026-08-14T16:33:35.405136+00:00,0,10,1.0.0,1d3e771e30c98e08859b586407b8d18c8d657c5e884a6deb18664d73e8907236,10.0,18.0,35.7,4.537815126050421,0.0983606557377049,0.0765027322404371,0.3442622950819672,4.354838709677419,3.629032258064516,1.0,1.0,0.0,0.0,0.0,1.0,0.0,0.0,0.0,70.0,3.0,1.0,0.0,0.0,0.0,0.0,0.0,0.0,26.0,16.0,10.0,0.1379815781721484,0.0923541434410999,0.2109854737418258,0.0,0.4306042884990253,0.0,0.0,0.0,0.0,146.0,v1,2.3.0,4.537815126050421,4.354838709677419,3.629032258064516,3.919354838709677,-0.13629032258064544,0.0983606557377049,0.0,-0.0983606557377049,recent-form-k-v1-report-only
823841,2026-07-25,691587,Eury Pérez,,2026-08-14T16:33:35.405964+00:00,2,28,1.0.0,0a2ac8f13a1e1eb7639efd5d1b24d5441312738d05f0df019fb88d570dfbf47d,10.0,65.0,54.4,10.753676470588236,0.3051643192488263,0.0985915492957746,0.1455399061032863,10.894736842105264,10.17667844522968,7.666666666666667,6.4,0.0,0.0,0.0,1.0,0.0,0.0,0.0,70.0,6.0,1.0,0.0,0.0,0.0,0.0,0.0,0.0,26.0,17.0,9.0,0.126514004097176,0.1243016506982047,0.1306928938507886,0.0,0.3823857302118171,0.0,0.0,0.0,0.0,135.0,v1,2.3.0,10.753676470588236,10.894736842105264,10.17667844522968,10.463901803979912,-0.026946567288021916,0.3051643192488263,0.07142857142857142,-0.23373574782025489,recent-form-k-v1-report-only
823435,2026-07-25,677960,Ryan Weathers,,2026-08-14T16:33:35.496642+00:00,7,24,1.0.0,6347d2f8ce87bad2793f981ebe68c769d8c8a640fd2ed00b7a514dba84abab91,10.0,54.0,49.900000000000006,9.73947895791583,0.2368421052631578,0.0701754385964912,0.25,11.50375939849624,11.414634146341465,5.666666666666667,5.2,0.0,0.0,1.0,1.0,0.0,0.0,0.0,70.0,5.0,1.0,0.0,0.0,0.0,0.0,0.0,0.0,26.0,13.0,13.0,0.1474171549722407,0.1607307995267861,0.1341035104176952,0.0,0.4466666666666666,0.0,0.0,0.0,0.0,143.0,v1,2.3.0,9.73947895791583,11.50375939849624,11.414634146341465,11.450284247203374,0.1756567570688239,0.2368421052631578,0.2916666666666667,0.05482456140350889,recent-form-k-v1-report-only
823435,2026-07-25,641835,Tim Mayza,,2026-08-14T16:33:35.516184+00:00,1,6,1.0.0,4c91398ed92622befa1e0c48d6c6ba3c8464b1ebc07299873386b1b0128deabe,10.0,11.0,11.2,8.839285714285715,0.2075471698113207,0.0754716981132075,0.2830188679245283,5.806451612903226,8.823529411764707,0.6666666666666666,1.0,0.0,0.0,1.0,1.0,0.0,0.0,0.0,70.0,3.0,1.0,0.0,0.0,0.0,0.0,0.0,0.0,26.0,9.0,17.0,0.1460907064936104,0.1783100179643007,0.1290334239503037,0.0,0.4536815523657629,0.0,0.0,0.0,0.0,147.0,v1,2.3.0,8.839285714285715,5.806451612903226,8.823529411764707,7.616698292220114,-0.13831292047610833,0.2075471698113207,0.16666666666666666,-0.04088050314465405,recent-form-k-v1-report-only
822948,2026-07-25,676440,Tanner Bibee,,2026-08-14T16:33:35.579163+00:00,5,28,1.0.0,65e05baf2ea632e5aac986ab99f006aa1fda64dfc02eefae7a9d58df4ea673f3,10.0,40.0,58.3,6.174957118353345,0.1724137931034483,0.0603448275862069,0.2068965517241379,5.0,4.315068493150685,3.0,2.8,0.0,0.0,0.0,1.0,0.0,0.0,0.0,70.0,5.0,1.0,0.0,0.0,0.0,0.0,0.0,0.0,26.0,15.0,11.0,0.1101014893329115,0.077614952252049,0.1544013126249968,0.0,0.3238101039636127,0.0,0.0,0.0,0.0,139.0,v1,2.3.0,6.174957118353345,5.0,4.315068493150685,4.58904109589041,-0.2568302891933031,0.1724137931034483,0.17857142857142858,0.006157635467980288,recent-form-k-v1-report-only
822948,2026-07-25,607259,Nick Martinez,,2026-08-14T16:33:35.580023+00:00,5,21,1.0.0,b9f8b68457875edd6f52814c959328cd0f2e7424990340e33231a4c1ea4ff08e,10.0,27.0,56.5,4.300884955752212,0.1144067796610169,0.0381355932203389,0.2542372881355932,2.2222222222222223,3.9416058394160585,1.3333333333333333,2.4,0.0,0.0,0.0,1.0,0.0,0.0,0.0,70.0,5.0,1.0,0.0,0.0,0.0,0.0,0.0,0.0,26.0,12.0,14.0,0.1279180101295486,0.1227553310886644,0.1323431635931636,0.0,0.4292929292929293,0.0,0.0,0.0,0.0,114.0,v1,2.3.0,4.300884955752212,2.2222222222222223,3.9416058394160585,3.2538523925385237,-0.24344584288713345,0.1144067796610169,0.23809523809523808,0.12368845843422119,recent-form-k-v1-report-only
823355,2026-07-25,684007,Shota Imanaga,,2026-08-14T16:33:35.600203+00:00,4,23,1.0.0,e8936ced58f955f4ffb55acfda5a3a18d0ab85582a781f7841ccf145c8bb7a89,10.0,48.0,54.7,7.897623400365631,0.2096069868995633,0.0524017467248908,0.2401746724890829,9.444444444444445,8.211678832116789,5.666666666666667,5.0,0.0,0.0,1.0,1.0,0.0,0.0,0.0,70.0,6.0,1.0,0.0,0.0,0.0,0.0,0.0,0.0,26.0,9.0,17.0,0.1509589789710371,0.148839038243923,0.1520813005324504,0.0,0.473941610783716,0.0,0.0,0.0,0.0,134.0,v1,2.3.0,7.897623400365631,9.444444444444445,8.211678832116789,8.704785077047852,0.10220311045027208,0.2096069868995633,0.17391304347826086,-0.03569394342130244,recent-form-k-v1-report-only
823355,2026-07-25,694973,Paul Skenes,,2026-08-14T16:33:35.601039+00:00,11,25,1.0.0,5a62dd5a64e4cd4674c7d9a1abcbaf34b7257cf6df9609b8095b40d2f8d1ae69,10.0,73.0,54.400000000000006,12.07720588235294,0.3133047210300429,0.0729613733905579,0.2317596566523605,9.447513812154696,10.29520295202952,6.333333333333333,6.2,0.0,0.0,0.0,1.0,0.0,0.0,0.0,70.0,6.0,1.0,0.0,0.0,0.0,0.0,0.0,0.0,26.0,18.0,8.0,0.1626467278356813,0.138948174364841,0.2159684731450719,0.0,0.6150793650793651,0.0,0.0,0.0,0.0,112.0,v1,2.3.0,12.07720588235294,9.447513812154696,10.29520295202952,9.95612729607959,-0.1756265983154799,0.3133047210300429,0.44,0.12669527896995708,recent-form-k-v1-report-only
824811,2026-07-25,693821,Bryce Elder,,2026-08-14T16:33:35.622987+00:00,8,22,1.0.0,a5c8108abc041b42f2d517308740cda0d7414f8eb7109a64a10ffa1f50851081,10.0,37.0,53.3,6.24765478424015,0.1541666666666666,0.0541666666666666,0.275,7.071428571428571,7.125,3.6666666666666665,3.8,0.0,0.0,0.0,1.0,0.0,0.0,0.0,70.0,5.0,1.0,0.0,0.0,0.0,0.0,0.0,0.0,26.0,17.0,9.0,0.15623690640105,0.1463020548348318,0.17500273713724,0.0,0.4642621870882741,0.0,0.0,0.0,0.0,110.0,v1,2.3.0,6.24765478424015,7.071428571428571,7.125,7.103571428571428,0.13699806949806947,0.1541666666666666,0.36363636363636365,0.20946969696969706,recent-form-k-v1-report-only
824811,2026-07-25,687064,Brandon Young,,2026-08-14T16:33:35.623853+00:00,6,25,1.0.0,80db7d2fe37fb4e375278aa3f89eab7132f58591e47d8193dd30c3673fd41a75,10.0,52.0,60.50000000000001,7.735537190082644,0.203125,0.0703125,0.2265625,8.052631578947368,9.310344827586206,5.666666666666667,6.0,0.0,0.0,0.0,1.0,0.0,0.0,0.0,70.0,6.0,1.0,0.0,0.0,0.0,0.0,0.0,0.0,26.0,12.0,14.0,0.1354437759236521,0.1575794060314184,0.1164703786884238,0.0,0.3639433551198257,0.0,0.0,0.0,0.0,144.0,v1,2.3.0,7.735537190082644,8.052631578947368,9.310344827586206,8.807259528130672,0.1385453022476617,0.203125,0.24,0.03687499999999999,recent-form-k-v1-report-only
823679,2026-07-25,669620,Brady Basso,,2026-08-14T16:33:35.677752+00:00,3,10,1.0.0,f5135c6dea72983cda8ce4c0c18896280d9155487b3b736ebe4c6c1ab8befd8b,7.0,7.0,6.7,9.402985074626866,0.1707317073170731,0.048780487804878,0.3414634146341463,11.25,11.666666666666666,1.6666666666666667,1.4,0.0,0.0,1.0,1.0,0.0,0.0,0.0,70.0,4.0,1.0,0.0,0.0,0.0,0.0,0.0,0.0,25.0,6.0,19.0,0.1178438067853592,0.1053175618073316,0.12179946309421,0.0,0.3199974861739568,0.0,0.0,0.0,0.0,142.0,v1,2.3.0,9.402985074626866,11.25,11.666666666666666,11.5,0.2230158730158731,0.1707317073170731,0.3,0.1292682926829269,recent-form-k-v1-report-only
823679,2026-07-25,696070,Kendry Rojas,,2026-08-14T16:33:35.678512+00:00,5,14,1.0.0,b53138c1a07d46b657c1471c447bc63b25822ca594a6e7f26235c8386cbeba5b,9.0,24.0,21.200000000000003,10.188679245283016,0.25,0.1875,0.1666666666666666,10.588235294117649,11.584158415841584,2.0,2.6,0.0,0.0,1.0,1.0,0.0,0.0,0.0,70.0,4.0,1.0,0.0,0.0,0.0,0.0,0.0,0.0,25.0,10.0,15.0,0.1152488534081545,0.1651924716374844,0.0819531079219346,0.0,0.4083247334021327,0.0,0.0,0.0,0.0,133.0,v1,2.3.0,10.188679245283016,10.588235294117649,11.584158415841584,11.18578916715201,0.09786449233158634,0.25,0.35714285714285715,0.10714285714285715,recent-form-k-v1-report-only
824571,2026-07-25,686613,Hunter Brown,,2026-08-14T16:33:35.700055+00:00,7,23,1.0.0,38531d2a23e9a3011ac9d220c9e4caaba62e6da3c5556b2f143dfd28b6fe6c01,8.0,43.0,38.6,10.025906735751295,0.2429378531073446,0.1581920903954802,0.1694915254237288,6.971830985915493,7.370689655172414,3.6666666666666665,3.8,0.0,0.0,0.0,1.0,0.0,0.0,0.0,70.0,6.0,1.0,0.0,0.0,0.0,0.0,0.0,0.0,26.0,11.0,15.0,0.1290056892777778,0.1246536796536796,0.1321971630021165,0.0,0.3995528035775713,0.0,0.0,0.0,0.0,145.0,v1,2.3.0,10.025906735751295,6.971830985915493,7.370689655172414,7.211146187469646,-0.2807487265211154,0.2429378531073446,0.30434782608695654,0.061409972979611954,recent-form-k-v1-report-only
824571,2026-07-25,680732,Sean Burke,,2026-08-14T16:33:35.700866+00:00,10,24,1.0.0,be608ef33eda31f4f9ffe49de4a1db8cd04c8770572854fc5e1acc350d869f2f,10.0,74.0,57.7,11.542461005199309,0.3162393162393162,0.0854700854700854,0.1837606837606837,11.71875,11.546052631578949,8.333333333333334,7.8,0.0,0.0,0.0,1.0,0.0,0.0,0.0,70.0,6.0,1.0,0.0,0.0,0.0,0.0,0.0,0.0,26.0,19.0,7.0,0.1269411857478663,0.1149178496097501,0.1595759552656104,0.0,0.4107843137254902,0.0,0.0,0.0,0.0,117.0,v1,2.3.0,11.542461005199309,11.71875,11.546052631578949,11.61513157894737,0.006295934091986588,0.3162393162393162,0.4166666666666667,0.10042735042735046,recent-form-k-v1-report-only
823758,2026-07-25,663372,Ryan Feltner,,2026-08-14T16:33:35.723675+00:00,4,23,1.0.0,2d4a3e238255d83d6f1febb447ce32b83ce2d287b6e111ea97394ff65438b660,10.0,36.0,46.5,6.967741935483871,0.174757281553398,0.1019417475728155,0.2184466019417475,11.065573770491804,6.322314049586777,5.0,3.4,0.0,0.0,0.0,1.0,0.0,0.0,0.0,70.0,6.0,1.0,0.0,0.0,0.0,0.0,0.0,0.0,26.0,15.0,11.0,0.1162497322967271,0.087544513765102,0.1553932121125797,0.0,0.3685185185185185,0.0,0.0,0.0,0.0,158.0,v1,2.3.0,6.967741935483871,11.065573770491804,6.322314049586777,8.219617937948788,0.17966738924265013,0.174757281553398,0.17391304347826086,-0.0008442380751371437,recent-form-k-v1-report-only
823758,2026-07-25,688107,Robert Gasser,,2026-08-14T16:33:35.724531+00:00,4,23,1.0.0,270e264072b8b92f4b1c0ba7afe42d8d8f3bd4713dd3f6346b74377b09facc80,10.0,48.0,49.7,8.69215291750503,0.2191780821917808,0.0639269406392694,0.2191780821917808,7.105263157894737,8.181818181818182,4.0,4.8,0.0,0.0,1.0,1.0,0.0,0.0,0.0,70.0,6.0,1.0,0.0,0.0,0.0,0.0,0.0,0.0,26.0,9.0,17.0,0.1173262534675578,0.1326769100017892,0.1091994353023764,0.0,0.3553571428571428,0.0,0.0,0.0,0.0,115.0,v1,2.3.0,8.69215291750503,7.105263157894737,8.181818181818182,7.751196172248804,-0.10825358851674638,0.2191780821917808,0.17391304347826086,-0.045265038713519945,recent-form-k-v1-report-only
823600,2026-07-25,808967,Yoshinobu Yamamoto,,2026-08-14T16:33:35.744701+00:00,5,26,1.0.0,f76dde79e230b3909e13afcb5675bdc686c46be47e2a096a2ff59e16b93d2cf0,10.0,65.0,69.2,8.453757225433526,0.25,0.0576923076923076,0.1538461538461538,9.409090909090908,8.735294117647058,7.666666666666667,6.6,0.0,0.0,0.0,1.0,0.0,0.0,0.0,70.0,6.0,1.0,0.0,0.0,0.0,0.0,0.0,0.0,26.0,16.0,10.0,0.1244968740831632,0.1039056099805759,0.157442896647303,0.0,0.3381572947416421,0.0,0.0,0.0,0.0,121.0,v1,2.3.0,8.453757225433526,9.409090909090908,8.735294117647058,9.004812834224598,0.0651846976552859,0.25,0.19230769230769232,-0.05769230769230768,recent-form-k-v1-report-only
823600,2026-07-25,690997,Nolan McLean,,2026-08-14T16:33:35.745507+00:00,7,27,1.0.0,8e93d26fe2ecd9003e0fbfcf3cf0b8c957a3962c6c67b374e4750a9cb6ee0e96,10.0,66.0,55.1,10.780399274047186,0.2808510638297872,0.102127659574468,0.1702127659574468,11.0,11.4,7.333333333333333,7.6,0.0,0.0,0.0,1.0,0.0,0.0,0.0,70.0,6.0,1.0,0.0,0.0,0.0,0.0,0.0,0.0,26.0,14.0,12.0,0.1379601590733641,0.0889396109320921,0.1951507985715146,0.0,0.4596273291925466,0.0,0.0,0.0,0.0,119.0,v1,2.3.0,10.780399274047186,11.0,11.4,11.24,0.0426329966329968,0.2808510638297872,0.25925925925925924,-0.02159180457052795,recent-form-k-v1-report-only
823027,2026-07-25,669467,Andre Pallante,,2026-08-14T16:33:35.797377+00:00,8,24,1.0.0,8e1fc885682335d0f2315fbfad2a2a9d9179afd10f3a7735a0b0826c878d8ae4,10.0,35.0,54.7,5.758683729433272,0.1508620689655172,0.0517241379310344,0.2370689655172413,4.117647058823529,4.254545454545455,2.333333333333333,2.6,0.0,0.0,0.0,1.0,0.0,0.0,0.0,70.0,6.0,1.0,0.0,0.0,0.0,0.0,0.0,0.0,26.0,16.0,10.0,0.1206933652761832,0.12457429593459,0.1144838762227324,0.0,0.3605855855855855,0.0,0.0,0.0,0.0,113.0,v1,2.3.0,5.758683729433272,4.117647058823529,4.254545454545455,4.199786096256684,-0.27070381122145826,0.1508620689655172,0.3333333333333333,0.1824712643678161,recent-form-k-v1-report-only
822869,2026-07-25,693433,Bryan Woo,,2026-08-14T16:33:35.817978+00:00,5,25,1.0.0,a158e92d6c97057d351625450ba2540501b2d1375f58c14bcbbd12fb8098a01f,10.0,62.0,56.400000000000006,9.893617021276595,0.2594142259414226,0.0502092050209205,0.2301255230125523,8.94736842105263,9.608540925266905,5.666666666666667,6.0,0.0,0.0,0.0,1.0,0.0,0.0,0.0,70.0,7.0,1.0,0.0,0.0,0.0,0.0,0.0,0.0,26.0,14.0,12.0,0.1287419777186634,0.1487612081597044,0.1053862088707823,0.0,0.3662337662337662,0.0,0.0,0.0,0.0,140.0,v1,2.3.0,9.893617021276595,8.94736842105263,9.608540925266905,9.344071923581195,-0.05554541847673944,0.2594142259414226,0.2,-0.059414225941422594,recent-form-k-v1-report-only
822869,2026-07-25,543135,Nathan Eovaldi,,2026-08-14T16:33:35.818774+00:00,8,24,1.0.0,9bbb0c90963e3d3a42cf1ea859cd999d9bd45da1c73f60aa9d8249f37521fb6c,10.0,67.0,60.2,10.016611295681065,0.26171875,0.0625,0.234375,12.6,12.535714285714286,7.0,7.8,0.0,0.0,0.0,1.0,0.0,0.0,0.0,70.0,6.0,1.0,0.0,0.0,0.0,0.0,0.0,0.0,26.0,17.0,9.0,0.1324859883562848,0.1051458422392678,0.184128486577317,0.0,0.3925188536953243,0.0,0.0,0.0,0.0,136.0,v1,2.3.0,10.016611295681065,12.6,12.535714285714286,12.561428571428571,0.2540597014925372,0.26171875,0.3333333333333333,0.07161458333333331,recent-form-k-v1-report-only
822950,2026-07-26,800048,Parker Messick,,2026-08-14T16:33:36.000610+00:00,6,29,1.0.0,c95aeb8a571958c164e8d33f312b269d93fc9b34b7c743568c68092d5f38fb75,10.0,52.0,56.2,8.327402135231317,0.2157676348547718,0.0788381742738589,0.1867219917012448,5.555555555555555,7.601351351351352,3.333333333333333,5.0,0.0,0.0,1.0,1.0,0.0,0.0,0.0,70.0,5.0,1.0,0.0,0.0,0.0,0.0,0.0,0.0,25.0,10.0,15.0,0.1145726367437039,0.1422581340228398,0.0961156385576133,0.0,0.3272283272283272,0.0,0.0,0.0,0.0,139.0,v1,2.3.0,8.327402135231317,5.555555555555555,7.601351351351352,6.783033033033033,-0.18545628962295635,0.2157676348547718,0.20689655172413793,-0.008871083130633867,recent-form-k-v1-report-only
822950,2026-07-26,656876,Drew Rasmussen,,2026-08-14T16:33:36.001452+00:00,9,24,1.0.0,95f8db4b17312f034e61e1c4280345b41ec249395c4489134642fd856df11db2,10.0,58.0,56.1,9.3048128342246,0.2624434389140271,0.0407239819004524,0.2036199095022624,6.694214876033058,7.095435684647303,3.0,3.8,0.0,0.0,0.0,1.0,0.0,0.0,0.0,70.0,5.0,1.0,0.0,0.0,0.0,0.0,0.0,0.0,26.0,12.0,14.0,0.1271597222825289,0.1264271535387834,0.1277876383485966,0.0,0.4362641697106892,0.0,0.0,0.0,0.0,114.0,v1,2.3.0,9.3048128342246,6.694214876033058,7.095435684647303,6.934947361201605,-0.2546924387674139,0.2624434389140271,0.375,0.1125565610859729,recent-form-k-v1-report-only
822706,2026-07-26,571945,Miles Mikolas,,2026-08-14T16:33:36.079442+00:00,1,18,1.0.0,3777b2f2a867ca3e5dda4c79947f19e8e1931c4fed87c4312dce8a5c56298df1,10.0,20.0,49.7,3.6217303822937614,0.0934579439252336,0.02803738317757,0.2803738317757009,2.7272727272727275,3.0901287553648067,1.3333333333333333,1.6,0.0,0.0,0.0,1.0,0.0,0.0,0.0,70.0,5.0,1.0,0.0,0.0,0.0,0.0,0.0,0.0,26.0,14.0,12.0,0.1055478653986171,0.0937640746108488,0.1192956213176801,0.0,0.329650636102249,0.0,0.0,0.0,0.0,109.0,v1,2.3.0,3.6217303822937614,2.7272727272727275,3.0901287553648067,2.944986344127975,-0.18685654831577547,0.0934579439252336,0.05555555555555555,-0.03790238836967805,recent-form-k-v1-report-only
823354,2026-07-26,592791,Jameson Taillon,,2026-08-14T16:33:36.124022+00:00,3,19,1.0.0,dc211fd3b606ea787b3df73d19fe987a83000975df44484b4c781e46e74b59cd,10.0,44.0,47.7,8.30188679245283,0.2075471698113207,0.0754716981132075,0.2358490566037736,11.25,10.147058823529411,4.666666666666667,4.6,0.0,0.0,0.0,1.0,0.0,0.0,0.0,70.0,6.0,1.0,0.0,0.0,0.0,0.0,0.0,0.0,26.0,14.0,12.0,0.1466228396175485,0.1359551124257006,0.1590685213413709,0.0,0.4707695311410482,0.0,0.0,0.0,0.0,134.0,v1,2.3.0,8.30188679245283,11.25,10.147058823529411,10.588235294117647,0.27540106951871657,0.2075471698113207,0.15789473684210525,-0.049652432969215454,recent-form-k-v1-report-only
823354,2026-07-26,677952,Braxton Ashcraft,,2026-08-14T16:33:36.124859+00:00,5,26,1.0.0,1bb041148c12b65968de1f4acc49475f1fee78f3aeefad04b57d2e340015d713,10.0,65.0,53.3,10.97560975609756,0.2765957446808511,0.051063829787234,0.2553191489361702,10.227272727272728,11.785714285714286,5.0,6.6,0.0,0.0,0.0,1.0,0.0,0.0,0.0,70.0,6.0,1.0,0.0,0.0,0.0,0.0,0.0,0.0,26.0,18.0,8.0,0.1611279154899522,0.1393350008440539,0.2101619734432234,0.0,0.6011904761904762,0.0,0.0,0.0,0.0,112.0,v1,2.3.0,10.97560975609756,10.227272727272728,11.785714285714286,11.162337662337663,0.017012987012987146,0.2765957446808511,0.19230769230769232,-0.08428805237315876,recent-form-k-v1-report-only
824730,2026-07-26,592332,Kevin Gausman,,2026-08-14T16:33:36.169484+00:00,6,24,1.0.0,8d70f4ed5ca2314573c206fb1aeff14a03ba97696f9358472e3dba6e201d9d21,10.0,56.0,51.2,9.84375,0.2403433476394849,0.1030042918454935,0.2446351931330472,10.774647887323944,9.618320610687023,5.666666666666667,5.6,0.0,0.0,0.0,1.0,0.0,0.0,0.0,70.0,5.0,1.0,0.0,0.0,0.0,0.0,0.0,0.0,26.0,15.0,11.0,0.143066679698596,0.1716764062154629,0.1040534162665047,0.0,0.460217184854866,0.0,0.0,0.0,0.0,111.0,v1,2.3.0,9.84375,10.774647887323944,9.618320610687023,10.080851521341792,0.024086503755356592,0.2403433476394849,0.25,0.009656652360515106,recent-form-k-v1-report-only
824730,2026-07-26,624133,Ranger Suarez,,2026-08-14T16:33:36.170326+00:00,6,15,1.0.0,ea9bf15b991c2129fffc516e6de12b36757018bd3db98107d683fbec2264717c,10.0,65.0,50.7,11.538461538461538,0.2850877192982456,0.0701754385964912,0.2324561403508772,13.943661971830986,12.047244094488187,7.333333333333333,6.8,0.0,0.0,1.0,1.0,0.0,0.0,0.0,70.0,21.0,1.0,0.0,0.0,0.0,0.0,0.0,0.0,26.0,9.0,17.0,0.1096990349394195,0.0934990934990935,0.1182754745254745,0.0,0.3511800699300699,0.0,0.0,0.0,0.0,141.0,v1,2.3.0,11.538461538461538,13.943661971830986,12.047244094488187,12.805811245425307,0.1098369746035266,0.2850877192982456,0.4,0.11491228070175441,recent-form-k-v1-report-only
824810,2026-07-26,625643,Reynaldo López,,2026-08-14T16:33:36.222801+00:00,6,23,1.0.0,e9bdc6474c2c1a75dafd448176901f494e1280a8fd3ed7734b7a5d8cf7c7315a,10.0,29.0,30.200000000000003,8.642384105960264,0.2196969696969697,0.0909090909090909,0.2348484848484848,8.936170212765958,8.552036199095022,4.666666666666667,4.2,0.0,0.0,0.0,1.0,0.0,0.0,0.0,70.0,5.0,1.0,0.0,0.0,0.0,0.0,0.0,0.0,26.0,17.0,9.0,0.1649000158576582,0.1579822815384506,0.1779668473494947,0.0,0.4583098061358931,0.0,0.0,0.0,0.0,110.0,v1,2.3.0,8.642384105960264,8.936170212765958,8.552036199095022,8.705689804563397,0.007325027194691858,0.2196969696969697,0.2608695652173913,0.0411725955204216,recent-form-k-v1-report-only
824810,2026-07-26,669358,Shane Baz,,2026-08-14T16:33:36.223672+00:00,2,19,1.0.0,3022170e6c22aa5ceb99c32a3f7cdeb96964df6ba7bcf0775847e67d62511d4b,10.0,57.0,59.400000000000006,8.636363636363635,0.2217898832684824,0.0661478599221789,0.2373540856031128,10.0,9.25531914893617,6.0,5.8,0.0,0.0,0.0,1.0,0.0,0.0,0.0,70.0,6.0,1.0,0.0,0.0,0.0,0.0,0.0,0.0,26.0,12.0,14.0,0.1306517529608783,0.1554674062607499,0.1093811929895598,0.0,0.3710526315789473,0.0,0.0,0.0,0.0,144.0,v1,2.3.0,8.636363636363635,10.0,9.25531914893617,9.553191489361701,0.10615901455767096,0.2217898832684824,0.10526315789473684,-0.11652672537374556,recent-form-k-v1-report-only
824246,2026-07-26,679883,Luinder Avila,,2026-08-14T16:33:36.269683+00:00,2,21,1.0.0,a0029a91240bc4255ef986aeb4b120dc48639b9ec27458dd2d69d080f593d5fc,10.0,38.0,43.5,7.862068965517241,0.1948717948717948,0.1282051282051282,0.2205128205128205,7.826086956521738,8.605577689243027,4.666666666666667,4.8,0.0,0.0,0.0,1.0,0.0,0.0,0.0,70.0,5.0,1.0,0.0,0.0,0.0,0.0,0.0,0.0,26.0,17.0,9.0,0.1281968610124699,0.1042893093066103,0.1733555697902047,0.0,0.376657329598506,0.0,0.0,0.0,0.0,116.0,v1,2.3.0,7.862068965517241,7.826086956521738,8.605577689243027,8.293781396154511,0.054910791616143984,0.1948717948717948,0.09523809523809523,-0.09963369963369956,recent-form-k-v1-report-only
824246,2026-07-26,664285,Framber Valdez,,2026-08-14T16:33:36.270479+00:00,4,24,1.0.0,6a176b849dd42597395afabf89005a00c96e8b139ab4049e068a872c1a3b97a3,10.0,43.0,52.400000000000006,7.385496183206106,0.1845493562231759,0.0729613733905579,0.2360515021459227,8.114754098360656,7.809917355371901,3.6666666666666665,4.2,0.0,0.0,1.0,1.0,0.0,0.0,0.0,70.0,5.0,1.0,0.0,0.0,0.0,0.0,0.0,0.0,26.0,8.0,18.0,0.1102507444827362,0.1320334371483384,0.1005695477424686,0.0,0.3267841011743451,0.0,0.0,0.0,0.0,118.0,v1,2.3.0,7.385496183206106,8.114754098360656,7.809917355371901,7.931852052567403,0.07397686706597395,0.1845493562231759,0.16666666666666666,-0.017882689556509235,recent-form-k-v1-report-only
823599,2026-07-26,686218,Emmet Sheehan,,2026-08-14T16:33:36.322542+00:00,5,21,1.0.0,d62e3c248887067b74ca1f3084b5107629ead5ceb59e93730ef8f0d65b1603c0,10.0,50.0,44.6,10.089686098654708,0.25,0.075,0.22,11.32867132867133,10.848214285714286,6.0,5.4,0.0,0.0,0.0,1.0,0.0,0.0,0.0,70.0,6.0,1.0,0.0,0.0,0.0,0.0,0.0,0.0,26.0,16.0,10.0,0.1340001664279743,0.1094291939993818,0.1733137223137223,0.0,0.3734459984459984,0.0,0.0,0.0,0.0,121.0,v1,2.3.0,10.089686098654708,11.32867132867133,10.848214285714286,11.040397102897105,0.0942260239760242,0.25,0.23809523809523808,-0.011904761904761918,recent-form-k-v1-report-only
823599,2026-07-26,642547,Freddy Peralta,,2026-08-14T16:33:36.323397+00:00,3,20,1.0.0,04da0da71eece38c0ab506ac3869c686a0c19752bbc5355865ff22b0d50a4084,10.0,47.0,46.0,9.195652173913045,0.2052401746724891,0.0829694323144104,0.2751091703056768,12.089552238805972,10.752212389380531,6.0,5.4,0.0,0.0,0.0,1.0,0.0,0.0,0.0,70.0,6.0,1.0,0.0,0.0,0.0,0.0,0.0,0.0,26.0,14.0,12.0,0.1379651870459976,0.0893274853801169,0.1947091723228583,0.0,0.4617918313570488,0.0,0.0,0.0,0.0,119.0,v1,2.3.0,9.195652173913045,12.089552238805972,10.752212389380531,11.287148329150707,0.22744402633790184,0.2052401746724891,0.15,-0.055240174672489095,recent-form-k-v1-report-only
823840,2026-07-26,621111,Walker Buehler,,2026-08-14T16:33:36.366001+00:00,7,22,1.0.0,28bbef977db6915b32453fbaa6c1f4795e75e0dc9d57068f608694f6191fd4d8,10.0,43.0,46.7,8.286937901498929,0.2047619047619047,0.1047619047619047,0.2285714285714285,5.901639344262295,8.028169014084508,2.6666666666666665,3.8,0.0,0.0,0.0,1.0,0.0,0.0,0.0,70.0,5.0,1.0,0.0,0.0,0.0,0.0,0.0,0.0,26.0,16.0,10.0,0.1395894274194805,0.0895814364001002,0.2196022130504888,0.0,0.4246978686003076,0.0,0.0,0.0,0.0,146.0,v1,2.3.0,8.286937901498929,5.901639344262295,8.028169014084508,7.177557146155623,-0.1338710110453033,0.2047619047619047,0.3181818181818182,0.11341991341991348,recent-form-k-v1-report-only
823840,2026-07-26,676083,Janson Junk,,2026-08-14T16:33:36.366853+00:00,6,21,1.0.0,1b57068a50411b87ffd431abc566535922a1bcb12debf3d5f721fc11cd8cbe00,10.0,39.0,51.4,6.828793774319067,0.1725663716814159,0.0707964601769911,0.247787610619469,7.071428571428571,6.694214876033058,3.6666666666666665,3.6,0.0,0.0,0.0,1.0,0.0,0.0,0.0,70.0,6.0,1.0,0.0,0.0,0.0,0.0,0.0,0.0,26.0,17.0,9.0,0.117395592144756,0.1145709788932295,0.1227309727309727,0.0,0.3417874396135266,0.0,0.0,0.0,0.0,135.0,v1,2.3.0,6.828793774319067,7.071428571428571,6.694214876033058,6.845100354191263,0.0023879151151877664,0.1725663716814159,0.2857142857142857,0.1131479140328698,recent-form-k-v1-report-only
823678,2026-07-26,605488,Jeffrey Springs,,2026-08-14T16:33:36.460252+00:00,0,9,1.0.0,db3546c4e4e04974aac19fd84ab61851ed3c22cad06c9ed9f86d0ec311aafbbc,10.0,39.0,45.8,7.663755458515284,0.1772727272727272,0.1,0.2636363636363636,5.070422535211268,7.200000000000001,2.6666666666666665,3.6,0.0,0.0,1.0,1.0,0.0,0.0,0.0,70.0,6.0,1.0,0.0,0.0,0.0,0.0,0.0,0.0,26.0,7.0,19.0,0.115098093553632,0.0901475975005386,0.1242903815731927,0.0,0.3499212775528565,0.0,0.0,0.0,0.0,142.0,v1,2.3.0,7.663755458515284,5.070422535211268,7.200000000000001,6.348169014084508,-0.17166341639581062,0.1772727272727272,0.0,-0.1772727272727272,recent-form-k-v1-report-only
823678,2026-07-26,687570,Connor Prielipp,,2026-08-14T16:33:36.461123+00:00,5,18,1.0.0,581983e9fc8d0839b7568e5104abf5a14fa8711051db36b39d10db114089c71a,10.0,56.0,52.2,9.655172413793103,0.2352941176470588,0.0840336134453781,0.2436974789915966,10.588235294117649,9.630996309963098,6.666666666666667,5.8,0.0,0.0,1.0,1.0,0.0,0.0,0.0,70.0,18.0,1.0,0.0,0.0,0.0,0.0,0.0,0.0,26.0,10.0,16.0,0.1254696905432647,0.1718163001057737,0.0965030595666965,0.0,0.4276739145160197,0.0,0.0,0.0,0.0,133.0,v1,2.3.0,9.655172413793103,10.588235294117649,9.630996309963098,10.01389190362492,0.037153090018295254,0.2352941176470588,0.2777777777777778,0.042483660130719,recent-form-k-v1-report-only
824572,2026-07-26,607200,Erick Fedde,,2026-08-14T16:33:36.510070+00:00,2,18,1.0.0,d9c0912e3d26b76e325c64fec96b95a2cebf9dd5fd209f660b36898c47ad97dd,10.0,35.0,42.5,7.411764705882353,0.1861702127659574,0.0797872340425532,0.2287234042553191,8.931297709923664,7.330316742081448,4.333333333333333,3.6,0.0,0.0,0.0,1.0,0.0,0.0,0.0,70.0,6.0,1.0,0.0,0.0,0.0,0.0,0.0,0.0,26.0,19.0,7.0,0.1321229256243611,0.1169751705517052,0.17323826082157,0.0,0.4488710635769459,0.0,0.0,0.0,0.0,117.0,v1,2.3.0,7.411764705882353,8.931297709923664,7.330316742081448,7.970709129218334,0.07541313648183867,0.1861702127659574,0.1111111111111111,-0.0750591016548463,recent-form-k-v1-report-only
823755,2026-07-26,607536,Kyle Freeland,,2026-08-14T16:33:36.561284+00:00,2,23,1.0.0,07d14f206085f8209abcaed3bc452b7b82ac4757286e16b0c85451f15ad7db14,10.0,48.0,54.50000000000001,7.926605504587155,0.1927710843373494,0.0240963855421686,0.3052208835341365,7.9411764705882355,8.357142857142858,5.0,5.2,0.0,0.0,1.0,1.0,0.0,0.0,0.0,70.0,6.0,1.0,0.0,0.0,0.0,0.0,0.0,0.0,26.0,8.0,18.0,0.1181621160645785,0.1824201720278072,0.0896029800809212,0.0,0.373671497584541,0.0,0.0,0.0,0.0,158.0,v1,2.3.0,7.926605504587155,7.9411764705882355,8.357142857142858,8.19075630252101,0.03332457983193304,0.1927710843373494,0.08695652173913043,-0.10581456259821898,recent-form-k-v1-report-only
823755,2026-07-26,694819,Jacob Misiorowski,,2026-08-14T16:33:36.562793+00:00,12,17,1.0.0,283b76bd2ecc34536f5323e7f513ff89890c9a866984dbe69bd51567b8df3da4,10.0,93.0,64.0,13.078125,0.3924050632911392,0.0464135021097046,0.1350210970464135,15.1875,13.5,9.0,8.4,0.0,0.0,0.0,1.0,0.0,0.0,0.0,70.0,6.0,1.0,0.0,0.0,0.0,0.0,0.0,0.0,26.0,15.0,11.0,0.113591651237,0.0850925925925926,0.1524540039339194,0.0,0.3653028028028028,0.0,0.0,0.0,0.0,115.0,v1,2.3.0,13.078125,15.1875,13.5,14.175,0.08387096774193559,0.3924050632911392,0.7058823529411765,0.3134772896500373,recent-form-k-v1-report-only
823028,2026-07-26,671096,Andrew Abbott,,2026-08-14T16:33:36.609136+00:00,4,24,1.0.0,36152bb0ac3a4e7986688914ff0ce40df05f167947ed9303a904e14661ec72f4,10.0,52.0,54.1,8.65064695009242,0.2222222222222222,0.1025641025641025,0.2051282051282051,9.5625,8.96551724137931,5.666666666666667,5.2,0.0,0.0,1.0,1.0,0.0,0.0,0.0,70.0,6.0,1.0,0.0,0.0,0.0,0.0,0.0,0.0,26.0,9.0,17.0,0.1403239877476302,0.1506190130373136,0.1348736802413273,0.0,0.5174603174603174,0.0,0.0,0.0,0.0,138.0,v1,2.3.0,8.65064695009242,9.5625,8.96551724137931,9.204310344827586,0.06400254199823174,0.2222222222222222,0.16666666666666666,-0.05555555555555555,recent-form-k-v1-report-only
823028,2026-07-26,681517,Kyle Leahy,,2026-08-14T16:33:36.609943+00:00,9,24,1.0.0,8513d48bdd76c69928a8a7a1286fdd4cfc3658bfdf3a26ec35fdccdbc289b1df,10.0,45.0,49.2,8.23170731707317,0.2216748768472906,0.064039408866995,0.2216748768472906,7.714285714285714,7.171314741035856,4.0,4.0,0.0,0.0,0.0,1.0,0.0,0.0,0.0,70.0,6.0,1.0,0.0,0.0,0.0,0.0,0.0,0.0,26.0,16.0,10.0,0.1253082938304443,0.1259678657107568,0.1242529788219443,0.0,0.3641228070175439,0.0,0.0,0.0,0.0,113.0,v1,2.3.0,8.23170731707317,7.714285714285714,7.171314741035856,7.388503130335799,-0.10243369379624356,0.2216748768472906,0.375,0.1533251231527094,recent-form-k-v1-report-only
822870,2026-07-26,669302,Logan Gilbert,,2026-08-14T16:33:36.656181+00:00,4,24,1.0.0,09f3dc2eece1709eb62a56048fbdc429c944bcfc2a20e57365207ce900a44ac8,10.0,72.0,61.7,10.502431118314425,0.2987551867219917,0.0539419087136929,0.1659751037344398,10.259067357512954,10.27777777777778,7.333333333333333,7.4,0.0,0.0,0.0,1.0,0.0,0.0,0.0,70.0,7.0,1.0,0.0,0.0,0.0,0.0,0.0,0.0,26.0,14.0,12.0,0.1272112338125559,0.1502465127465127,0.1003367417229396,0.0,0.379046879046879,0.0,0.0,0.0,0.0,140.0,v1,2.3.0,10.502431118314425,10.259067357512954,10.27777777777778,10.27029360967185,-0.02210321648649205,0.2987551867219917,0.16666666666666666,-0.13208852005532504,recent-form-k-v1-report-only
822870,2026-07-26,594798,Jacob deGrom,,2026-08-14T16:33:36.701791+00:00,4,22,1.0.0,0ad9d9da1c1ffd822c15a63d493cb92199e0c41238aceee751771e7b4e5507a4,10.0,67.0,54.2,11.125461254612546,0.2951541850220264,0.0704845814977973,0.2158590308370044,12.222222222222223,12.4468085106383,7.333333333333333,7.8,0.0,0.0,0.0,1.0,0.0,0.0,0.0,70.0,6.0,1.0,0.0,0.0,0.0,0.0,0.0,0.0,26.0,17.0,9.0,0.1301098659384858,0.1017006138805446,0.1837717864923747,0.0,0.3894551282051282,0.0,0.0,0.0,0.0,136.0,v1,2.3.0,11.125461254612546,12.222222222222223,12.4468085106383,12.356973995271868,0.11069318498131886,0.2951541850220264,0.18181818181818182,-0.11333600320384457,recent-form-k-v1-report-only
823194,2026-07-26,667755,José Soriano,,2026-08-14T16:33:36.745844+00:00,5,20,1.0.0,a9f90c68479e342fff2421557f4bfcfdfd68c8d807f811b17fe29301dddc7532,10.0,48.0,51.2,8.4375,0.2123893805309734,0.1194690265486725,0.2212389380530973,5.5,8.307692307692308,3.6666666666666665,4.8,0.0,0.0,0.0,1.0,0.0,0.0,0.0,70.0,6.0,1.0,0.0,0.0,0.0,0.0,0.0,0.0,26.0,15.0,11.0,0.1451356505923069,0.103124351282246,0.2024237860151173,0.0,0.4928104575163399,0.0,0.0,0.0,0.0,137.0,v1,2.3.0,8.4375,5.5,8.307692307692308,7.184615384615385,-0.14849002849002846,0.2123893805309734,0.25,0.03761061946902661,recent-form-k-v1-report-only
823433,2026-07-26,701542,Will Warren,,2026-08-14T16:33:36.792701+00:00,5,17,1.0.0,9909341ca4187cbc1cf71187f4314f0ea32ffae26edef3f47142a992b94313ea,10.0,35.0,44.8,7.031250000000001,0.1643192488262911,0.0985915492957746,0.2488262910798122,5.869565217391305,6.0,2.0,2.6,0.0,0.0,0.0,1.0,0.0,0.0,0.0,70.0,4.0,1.0,0.0,0.0,0.0,0.0,0.0,0.0,26.0,13.0,13.0,0.1430357710327904,0.1332266365802951,0.1528449054852857,0.0,0.4176900584795322,0.0,0.0,0.0,0.0,143.0,v1,2.3.0,7.031250000000001,5.869565217391305,6.0,5.947826086956521,-0.15408695652173932,0.1643192488262911,0.29411764705882354,0.12979839823253245,recent-form-k-v1-report-only
823433,2026-07-26,650911,Cristopher Sánchez,,2026-08-14T16:33:36.793509+00:00,6,28,1.0.0,1eb238d5c4c4b410345c3b58d2028cf71c285d663b4e08d4409a846ca9c45d9e,10.0,65.0,59.400000000000006,9.848484848484848,0.2559055118110236,0.0354330708661417,0.2598425196850393,8.881578947368421,9.926470588235292,5.0,6.0,0.0,0.0,1.0,1.0,0.0,0.0,0.0,70.0,6.0,1.0,0.0,0.0,0.0,0.0,0.0,0.0,26.0,9.0,17.0,0.1491328293255123,0.1984566271370237,0.1230202304841239,0.0,0.4900130063173541,0.0,0.0,0.0,0.0,147.0,v1,2.3.0,9.848484848484848,8.881578947368421,9.926470588235292,9.508513931888544,-0.034520123839009265,0.2559055118110236,0.21428571428571427,-0.04161979752530934,recent-form-k-v1-report-only
822868,2026-07-27,669923,George Kirby,,2026-08-14T16:33:36.937172+00:00,3,20,1.0.0,bdaa7f13b5f77ebcffbe9483ccf5c947a34f4fa497778328b25dddac99f95d50,10.0,58.0,58.3,8.95368782161235,0.232,0.044,0.288,9.0,8.4375,6.666666666666667,6.0,0.0,0.0,0.0,1.0,0.0,0.0,0.0,70.0,7.0,1.0,0.0,0.0,0.0,0.0,0.0,0.0,26.0,14.0,12.0,0.1283912577629948,0.1506584200009837,0.1024129018186743,0.0,0.3652978600347021,0.0,0.0,0.0,0.0,140.0,v1,2.3.0,8.95368782161235,9.0,8.4375,8.6625,-0.032521551724137954,0.232,0.15,-0.08200000000000002,recent-form-k-v1-report-only
822868,2026-07-27,677958,Kumar Rocker,,2026-08-14T16:33:36.937981+00:00,7,25,1.0.0,4cd75194308a3404e7d011dc6c55d68e128780f99174dd0f701591228cda000f,10.0,49.0,49.6,8.891129032258064,0.2258064516129032,0.0737327188940092,0.2211981566820276,9.411764705882351,10.26615969581749,5.333333333333333,6.0,0.0,0.0,0.0,1.0,0.0,0.0,0.0,70.0,6.0,1.0,0.0,0.0,0.0,0.0,0.0,0.0,26.0,17.0,9.0,0.1259171147632686,0.1017496229260935,0.1715668215668215,0.0,0.4045014245014245,0.0,0.0,0.0,0.0,136.0,v1,2.3.0,8.891129032258064,9.411764705882351,10.26615969581749,9.924401699843434,0.11621388732932969,0.2258064516129032,0.28,0.054193548387096835,recent-form-k-v1-report-only
824245,2026-07-27,680694,Kyle Bradish,,2026-08-14T16:33:36.980955+00:00,4,24,1.0.0,c62b9b27fa934784ff2f6801ee595d9ad5347a66730c021f7fb46243ac4cd3bb,10.0,52.0,59.6,7.85234899328859,0.2096774193548387,0.0927419354838709,0.1935483870967742,6.494845360824743,7.165605095541402,4.666666666666667,5.0,0.0,0.0,0.0,1.0,0.0,0.0,0.0,70.0,5.0,1.0,0.0,0.0,0.0,0.0,0.0,0.0,26.0,18.0,8.0,0.1273779433796411,0.1177048260381593,0.1491424573979752,0.0,0.3512544802867383,0.0,0.0,0.0,0.0,116.0,v1,2.3.0,7.85234899328859,6.494845360824743,7.165605095541402,6.897301201654738,-0.12162574440465301,0.2096774193548387,0.16666666666666666,-0.04301075268817203,recent-form-k-v1-report-only
824245,2026-07-27,672456,Keider Montero,,2026-08-14T16:33:37.019216+00:00,1,24,1.0.0,7de033b4663282e7537de88db9c7a380315512164a5150cdaee4a75da742885d,10.0,34.0,38.6,7.927461139896373,0.2193548387096774,0.0387096774193548,0.1806451612903225,14.464285714285715,11.103896103896105,6.0,3.8,0.0,0.0,0.0,1.0,0.0,0.0,0.0,70.0,5.0,1.0,0.0,0.0,0.0,0.0,0.0,0.0,26.0,17.0,9.0,0.1430631551833922,0.1316731596679271,0.1645775911570485,0.0,0.3789053323937044,0.0,0.0,0.0,0.0,110.0,v1,2.3.0,7.927461139896373,14.464285714285715,11.103896103896105,12.44805194805195,0.5702444614209323,0.2193548387096774,0.041666666666666664,-0.17768817204301074,recent-form-k-v1-report-only
823353,2026-07-27,518876,Merrill Kelly,,2026-08-14T16:33:37.070633+00:00,6,22,1.0.0,341ea30ce74e3c0e92c356db0eff5d04439e422e03e86ceabe9b867f0e202744,10.0,34.0,55.2,5.5434782608695645,0.1393442622950819,0.0860655737704918,0.2622950819672131,6.352941176470588,6.75,4.0,4.2,0.0,0.0,0.0,1.0,0.0,0.0,0.0,70.0,5.0,1.0,0.0,0.0,0.0,0.0,0.0,0.0,26.0,13.0,13.0,0.1553370224283249,0.1480426342495308,0.1626314106071191,0.0,0.4737981316928685,0.0,0.0,0.0,0.0,134.0,v1,2.3.0,5.5434782608695645,6.352941176470588,6.75,6.591176470588235,0.18899653979238762,0.1393442622950819,0.2727272727272727,0.1333830104321908,recent-form-k-v1-report-only
823353,2026-07-27,656605,Mitch Keller,,2026-08-14T16:33:37.071422+00:00,4,23,1.0.0,970d54de42f435bd6e18ffe174809bbdfb6d923aba0ac21b20e9bb7c69f52668,10.0,42.0,49.3,7.66734279918864,0.1810344827586207,0.0905172413793103,0.2543103448275862,6.428571428571429,6.230769230769231,3.333333333333333,3.6,0.0,0.0,0.0,1.0,0.0,0.0,0.0,70.0,5.0,1.0,0.0,0.0,0.0,0.0,0.0,0.0,26.0,14.0,12.0,0.0987554503030538,0.0863522955628219,0.113225797499991,0.0,0.3106837606837607,0.0,0.0,0.0,0.0,109.0,v1,2.3.0,7.66734279918864,6.428571428571429,6.230769230769231,6.309890109890111,-0.17704343275771828,0.1810344827586207,0.17391304347826086,-0.007121439280359826,recent-form-k-v1-report-only
823839,2026-07-27,554430,Zack Wheeler,,2026-08-14T16:33:37.124126+00:00,6,16,1.0.0,e7218d0df1e66651d765f8184f32b880367f6323c6193091cbe480832bf7d29c,10.0,81.0,61.4,11.872964169381108,0.3389121338912134,0.0585774058577405,0.1799163179916318,14.85,13.846153846153848,11.0,9.6,0.0,0.0,0.0,1.0,0.0,0.0,0.0,70.0,6.0,1.0,0.0,0.0,0.0,0.0,0.0,0.0,26.0,16.0,10.0,0.1472626952314334,0.0957873028676943,0.2296233230134158,0.0,0.4442542671040745,0.0,0.0,0.0,0.0,146.0,v1,2.3.0,11.872964169381108,14.85,13.846153846153848,14.247692307692308,0.20001139601139606,0.3389121338912134,0.375,0.036087866108786615,recent-form-k-v1-report-only
823839,2026-07-27,663969,Tyler Phillips,,2026-08-14T16:33:37.124949+00:00,5,20,1.0.0,442a45ea1fed62b176b6e1e5d6a9302e6cb7a3bbabc7766371430ff6fd43d868,10.0,27.0,44.5,5.46067415730337,0.1363636363636363,0.0909090909090909,0.2525252525252525,5.346534653465347,3.990147783251232,2.0,1.8,0.0,0.0,0.0,1.0,0.0,0.0,0.0,70.0,6.0,1.0,0.0,0.0,0.0,0.0,0.0,0.0,26.0,13.0,13.0,0.1393309525169281,0.1230919994639506,0.1555699055699055,0.0,0.4237153820487154,0.0,0.0,0.0,0.0,143.0,v1,2.3.0,5.46067415730337,5.346534653465347,3.990147783251232,4.532702531336878,-0.16993719076341118,0.1363636363636363,0.25,0.1136363636363637,recent-form-k-v1-report-only
822705,2026-07-27,453286,Max Scherzer,,2026-08-14T16:33:37.332404+00:00,4,15,1.0.0,da22922f364e0edde14a25f6ce17cb64d0b6360e149990173da74baacfa875f0,6.0,14.0,21.3,5.91549295774648,0.1372549019607843,0.1078431372549019,0.2647058823529412,4.017857142857143,5.882352941176471,1.6666666666666667,2.0,0.0,0.0,0.0,1.0,0.0,0.0,0.0,70.0,47.0,1.0,0.0,0.0,0.0,0.0,0.0,0.0,26.0,14.0,12.0,0.1127262652246176,0.0875581743733146,0.1420890378844711,0.0,0.3781512605042016,0.0,0.0,0.0,0.0,120.0,v1,2.3.0,5.91549295774648,4.017857142857143,5.882352941176471,5.13655462184874,-0.13167767106842743,0.1372549019607843,0.26666666666666666,0.12941176470588237,recent-form-k-v1-report-only
823597,2026-07-27,527048,Martín Pérez,,2026-08-14T16:33:37.674909+00:00,4,24,1.0.0,62c74f8c3e2d3b5f1eef54aec4ec212be77ade9bb79ba00951f7f5c31b84290f,10.0,37.0,48.400000000000006,6.8801652892561975,0.1770334928229665,0.1196172248803827,0.2057416267942583,3.435114503816794,5.454545454545454,1.6666666666666667,2.8,0.0,0.0,1.0,1.0,0.0,0.0,0.0,70.0,5.0,1.0,0.0,0.0,0.0,0.0,0.0,0.0,26.0,8.0,18.0,0.1403366851642625,0.1625556610705751,0.1304615847614569,0.0,0.3841661428870731,0.0,0.0,0.0,0.0,121.0,v1,2.3.0,6.8801652892561975,3.435114503816794,5.454545454545454,4.64677307425399,-0.32461316278110164,0.1770334928229665,0.16666666666666666,-0.01036682615629983,recent-form-k-v1-report-only
824570,2026-07-27,608331,Max Fried,,2026-08-14T16:33:37.792070+00:00,4,15,1.0.0,2adb36af93c7a8df681df79009a1112304b906b83bec4ceed746558adf77042e,10.0,53.0,59.400000000000006,8.03030303030303,0.2274678111587982,0.0815450643776824,0.1802575107296137,9.0,8.96414342629482,4.666666666666667,5.0,0.0,0.0,1.0,1.0,0.0,0.0,0.0,70.0,5.0,1.0,0.0,0.0,0.0,0.0,0.0,0.0,26.0,12.0,14.0,0.1289033384762553,0.1183782577358428,0.1379248362537517,0.0,0.3580848673407657,0.0,0.0,0.0,0.0,145.0,v1,2.3.0,8.03030303030303,9.0,8.96414342629482,8.978486055776893,0.11807562204014155,0.2274678111587982,0.26666666666666666,0.039198855507868474,recent-form-k-v1-report-only
824570,2026-07-27,702273,Noah Schultz,,2026-08-14T16:33:37.792949+00:00,5,14,1.0.0,2f8d144b7dece428293d2dcc83ebf495913fbaa411541649e2aba15d5c238f6c,10.0,39.0,45.7,7.680525164113785,0.1813953488372093,0.1116279069767441,0.2325581395348837,6.136363636363637,7.183098591549297,3.0,3.4,0.0,0.0,1.0,1.0,0.0,0.0,0.0,70.0,6.0,1.0,0.0,0.0,0.0,0.0,0.0,0.0,27.0,9.0,18.0,0.1466622352306718,0.2063843639046891,0.1168011708936631,0.0,0.4725917357496305,0.0,0.0,0.0,0.0,147.0,v1,2.3.0,7.680525164113785,6.136363636363637,7.183098591549297,6.764404609475033,-0.11927837420795151,0.1813953488372093,0.35714285714285715,0.17574750830564784,recent-form-k-v1-report-only
823025,2026-07-27,656849,David Peterson,,2026-08-14T16:33:37.814766+00:00,3,22,1.0.0,1f1ee585385b15707fa732a2c481d9c69a7273cde66a895206425dafbb3cb0fb,10.0,28.0,43.8,5.753424657534247,0.1379310344827586,0.1034482758620689,0.2463054187192118,5.625000000000001,6.101694915254238,3.0,3.2,0.0,0.0,1.0,1.0,0.0,0.0,0.0,70.0,6.0,1.0,0.0,0.0,0.0,0.0,0.0,0.0,26.0,9.0,17.0,0.1441328338316152,0.1573497933136013,0.1371356199882108,0.0,0.5666666666666668,0.0,0.0,0.0,0.0,138.0,v1,2.3.0,5.753424657534247,5.625000000000001,6.101694915254238,5.911016949152543,0.02739104116222757,0.1379310344827586,0.13636363636363635,-0.0015673981191222375,recent-form-k-v1-report-only
823025,2026-07-27,669461,Matthew Liberatore,,2026-08-14T16:33:37.888100+00:00,5,19,1.0.0,38be133232d6bbec35a08fd4b1bf386aec9b41d1bf3efbbb4e48dea7364cf31e,10.0,52.0,45.7,10.24070021881838,0.2464454976303317,0.0853080568720379,0.2464454976303317,8.944099378881987,9.618320610687022,5.333333333333333,5.6,0.0,0.0,1.0,1.0,0.0,0.0,0.0,70.0,6.0,1.0,0.0,0.0,0.0,0.0,0.0,0.0,26.0,6.0,20.0,0.1600261632852588,0.182943469785575,0.1531509713351639,0.0,0.5941176470588235,0.0,0.0,0.0,0.0,112.0,v1,2.3.0,10.24070021881838,8.944099378881987,9.618320610687022,9.348632117965007,-0.08711006882264782,0.2464454976303317,0.2631578947368421,0.0167123971065104,recent-form-k-v1-report-only
824001,2026-07-27,837227,Tatsuya Imai,,2026-08-14T16:33:37.935202+00:00,1,7,1.0.0,197d42cc1bf4400e4490cbe3e1280d639c7356ec13160c1fcde243b89465f8a4,10.0,55.0,43.7,11.327231121281464,0.2849740932642487,0.1139896373056994,0.1917098445595854,11.359223300970877,13.721973094170403,4.333333333333333,6.8,0.0,0.0,0.0,1.0,0.0,0.0,0.0,70.0,6.0,1.0,0.0,0.0,0.0,0.0,0.0,0.0,26.0,15.0,11.0,0.1401601435002245,0.201510867300341,0.0565000655909746,0.0,0.441655420602789,0.0,0.0,0.0,0.0,108.0,v1,2.3.0,11.327231121281464,11.359223300970877,13.721973094170403,12.776873176890593,0.12797850066690697,0.2849740932642487,0.14285714285714285,-0.14211695040710587,recent-form-k-v1-report-only
824001,2026-07-27,700712,Walbert Ureña,,2026-08-14T16:33:37.936009+00:00,5,23,1.0.0,4108b3467a2563923b2e2d72908acbfa65c328b809b8c16cfc54aa2dbc169062,10.0,53.0,53.3,8.949343339587243,0.2274678111587982,0.1201716738197424,0.1759656652360515,8.289473684210527,9.25925925925926,4.666666666666667,5.0,0.0,0.0,0.0,1.0,0.0,0.0,0.0,70.0,6.0,1.0,0.0,0.0,0.0,0.0,0.0,0.0,26.0,19.0,7.0,0.1288203811483163,0.1187104267436677,0.156261685960934,0.0,0.4137806637806638,0.0,0.0,0.0,0.0,117.0,v1,2.3.0,8.949343339587243,8.289473684210527,9.25925925925926,8.871345029239766,-0.008715534468596409,0.2274678111587982,0.21739130434782608,-0.010076506810972108,recent-form-k-v1-report-only
824977,2026-07-27,801139,Payton Tolle,,2026-08-14T16:33:37.984705+00:00,7,22,1.0.0,20af7ad3cedde04248b68d4e5da48aa8e104fe841bf09cd61333e66efd81a31d,10.0,57.0,51.6,9.941860465116278,0.2511013215859031,0.0748898678414096,0.2290748898678414,13.75,12.540983606557376,7.333333333333333,6.8,0.0,0.0,1.0,1.0,0.0,0.0,0.0,70.0,7.0,1.0,0.0,0.0,0.0,0.0,0.0,0.0,26.0,10.0,16.0,0.1245033457147846,0.1605980298199978,0.1019441681490263,0.0,0.4491907874260815,0.0,0.0,0.0,0.0,133.0,v1,2.3.0,9.941860465116278,13.75,12.540983606557376,13.024590163934425,0.3100757357875563,0.2511013215859031,0.3181818181818182,0.06708049659591508,recent-form-k-v1-report-only
824977,2026-07-27,678022,Jack Perkins,,2026-08-14T16:33:37.985530+00:00,4,21,1.0.0,89631a661a9964527792db1a64a094063f943e2d1d3d2866afedc298ada22fc5,10.0,45.0,36.50000000000001,11.0958904109589,0.2616279069767442,0.1104651162790697,0.2267441860465116,11.25,11.462264150943396,4.666666666666667,5.4,0.0,0.0,0.0,1.0,0.0,0.0,0.0,70.0,6.0,1.0,0.0,0.0,0.0,0.0,0.0,0.0,26.0,16.0,10.0,0.1341773894262486,0.1705132587073021,0.0760399985765631,0.0,0.4298737727910238,0.0,0.0,0.0,0.0,111.0,v1,2.3.0,11.0958904109589,11.25,11.462264150943396,11.377358490566039,0.025366876310273012,0.2616279069767442,0.19047619047619047,-0.07115171650055374,recent-form-k-v1-report-only
823195,2026-07-27,687075,Brandon Sproat,,2026-08-14T16:33:38.060169+00:00,5,25,1.0.0,ed4b008165d8edcf17325bd719126291f12f550d7ee6ea3e62ebf01b79833950,10.0,50.0,44.6,10.089686098654708,0.2525252525252525,0.101010101010101,0.1969696969696969,8.839285714285715,11.300448430493274,3.6666666666666665,5.6,0.0,0.0,0.0,1.0,0.0,0.0,0.0,70.0,6.0,1.0,0.0,0.0,0.0,0.0,0.0,0.0,26.0,15.0,11.0,0.1423700662364792,0.1073473325256876,0.1901283394784678,0.0,0.4649122807017544,0.0,0.0,0.0,0.0,137.0,v1,2.3.0,10.089686098654708,8.839285714285715,11.300448430493274,10.31598334401025,0.022428571428571464,0.2525252525252525,0.2,-0.052525252525252475,recent-form-k-v1-report-only
823195,2026-07-27,641816,Tyler Mahle,,2026-08-14T16:33:38.061006+00:00,3,20,1.0.0,a802167f9fc42fa5c4be409dd8e7b0418b4d3381934e80859967f6fd77df3811,10.0,48.0,50.70000000000001,8.520710059171597,0.2152466367713004,0.0717488789237668,0.242152466367713,7.267080745341614,7.086614173228346,4.333333333333333,4.0,0.0,0.0,0.0,1.0,0.0,0.0,0.0,70.0,6.0,1.0,0.0,0.0,0.0,0.0,0.0,0.0,26.0,16.0,10.0,0.110690987058046,0.0826007033248081,0.1556354410312266,0.0,0.3304815334268349,0.0,0.0,0.0,0.0,158.0,v1,2.3.0,8.520710059171597,7.267080745341614,7.086614173228346,7.158800802073653,-0.15983518364552252,0.2152466367713004,0.15,-0.06524663677130041,recent-form-k-v1-report-only
824490,2026-07-27,677944,Slade Cecconi,,2026-08-14T16:33:38.146455+00:00,2,18,1.0.0,d97199b34a0322a73fba9f47935bad572782f032419bb91daf274dfed07694e2,10.0,40.0,49.7,7.243460764587525,0.1785714285714285,0.0669642857142857,0.2544642857142857,8.709677419354838,6.270491803278689,4.0,3.4,0.0,0.0,0.0,1.0,0.0,0.0,0.0,70.0,5.0,1.0,0.0,0.0,0.0,0.0,0.0,0.0,27.0,16.0,11.0,0.1173118635051704,0.1115443526434238,0.1257009702131653,0.0,0.3493455861876914,0.0,0.0,0.0,0.0,113.0,v1,2.3.0,7.243460764587525,8.709677419354838,6.270491803278689,7.2461660497091485,0.0003734796404020191,0.1785714285714285,0.1111111111111111,-0.06746031746031739,recent-form-k-v1-report-only
824490,2026-07-27,695505,Chase Burns,,2026-08-14T16:33:38.147302+00:00,4,22,1.0.0,24569ee55525bb70a82c39bde91dcadcff52631b0333043104123392d8c38d36,10.0,69.0,54.2,11.457564575645756,0.3053097345132743,0.0929203539823008,0.1991150442477876,6.75,9.666666666666666,4.0,5.8,0.0,0.0,0.0,1.0,0.0,0.0,0.0,70.0,6.0,1.0,0.0,0.0,0.0,0.0,0.0,0.0,27.0,13.0,14.0,0.1287039099835774,0.123424066972454,0.1336066213510492,0.0,0.4535244922341697,0.0,0.0,0.0,0.0,114.0,v1,2.3.0,11.457564575645756,6.75,9.666666666666666,8.5,-0.2581320450885668,0.3053097345132743,0.18181818181818182,-0.12349155269509249,recent-form-k-v1-report-only
824490,2026-07-28,677944,Slade Cecconi,,2026-08-14T16:33:38.250151+00:00,2,18,1.0.0,776ad9247978351dbb7337276c55f4d7b744f1d0b110eca4edf43c35c3e01ff5,10.0,40.0,49.7,7.243460764587525,0.1785714285714285,0.0669642857142857,0.2544642857142857,8.709677419354838,6.270491803278689,4.0,3.4,0.0,0.0,0.0,1.0,0.0,0.0,0.0,70.0,6.0,1.0,0.0,0.0,0.0,0.0,0.0,0.0,27.0,16.0,11.0,0.1173118635051704,0.1115443526434238,0.1257009702131653,0.0,0.3493455861876914,0.0,0.0,0.0,0.0,113.0,v1,2.3.0,7.243460764587525,8.709677419354838,6.270491803278689,7.2461660497091485,0.0003734796404020191,0.1785714285714285,0.1111111111111111,-0.06746031746031739,recent-form-k-v1-report-only
824490,2026-07-28,695505,Chase Burns,,2026-08-14T16:33:38.250995+00:00,4,22,1.0.0,68731f685e12d48bfda33a00207363bf63c3b7d9f83c1ae84be9db811b156538,10.0,69.0,54.2,11.457564575645756,0.3053097345132743,0.0929203539823008,0.1991150442477876,6.75,9.666666666666666,4.0,5.8,0.0,0.0,0.0,1.0,0.0,0.0,0.0,70.0,7.0,1.0,0.0,0.0,0.0,0.0,0.0,0.0,27.0,13.0,14.0,0.1287039099835774,0.123424066972454,0.1336066213510492,0.0,0.4535244922341697,0.0,0.0,0.0,0.0,114.0,v1,2.3.0,11.457564575645756,6.75,9.666666666666666,8.5,-0.2581320450885668,0.3053097345132743,0.18181818181818182,-0.12349155269509249,recent-form-k-v1-report-only
824489,2026-07-28,668909,Gavin Williams,,2026-08-14T16:33:38.272158+00:00,12,24,1.0.0,a27f06c5f686ca20a37eb875089b92eb66c330cad282a71becfbbfc108817162,10.0,72.0,56.3,11.509769094138544,0.3116883116883117,0.0649350649350649,0.1991341991341991,14.85,13.86986301369863,11.0,9.0,0.0,0.0,0.0,1.0,0.0,0.0,0.0,70.0,5.0,1.0,0.0,0.0,0.0,0.0,0.0,0.0,27.0,16.0,11.0,0.1173118635051704,0.1115443526434238,0.1257009702131653,0.0,0.3493455861876914,0.0,0.0,0.0,0.0,113.0,v1,2.3.0,11.509769094138544,14.85,13.86986301369863,14.261917808219177,0.23911415525114132,0.3116883116883117,0.5,0.18831168831168832,recent-form-k-v1-report-only
824489,2026-07-28,657571,Caleb Ferguson,,2026-08-14T16:33:38.291580+00:00,1,7,1.0.0,89ecb3261e8fd7c60d6581c1de86324bcabbdc28c0096c4305924a25e1748b66,10.0,8.0,6.0,12.0,0.2,0.125,0.3,19.28571428571429,13.846153846153848,1.0,0.8,0.0,0.0,1.0,1.0,0.0,0.0,0.0,70.0,4.0,1.0,0.0,0.0,0.0,0.0,0.0,0.0,27.0,10.0,17.0,0.1287039099835774,0.1007342454116647,0.1451566538494085,0.0,0.4535244922341697,0.0,0.0,0.0,0.0,114.0,v1,2.3.0,12.0,19.28571428571429,13.846153846153848,16.021978021978022,0.3351648351648351,0.2,0.14285714285714285,-0.05714285714285716,recent-form-k-v1-report-only
824243,2026-07-28,665152,Dean Kremer,,2026-08-14T16:33:38.364292+00:00,4,23,1.0.0,6ef38cd30fd35697558c307b29d1c59243c6b654ae5cfb12b81448807fb33452,6.0,34.0,32.0,9.5625,0.2615384615384615,0.0615384615384615,0.2307692307692307,8.4,8.333333333333334,4.666666666666667,5.0,0.0,0.0,0.0,1.0,0.0,0.0,0.0,70.0,6.0,1.0,0.0,0.0,0.0,0.0,0.0,0.0,26.0,18.0,8.0,0.1229788577267739,0.1147842387366422,0.1414167504545702,0.0,0.3727598566308243,0.0,0.0,0.0,0.0,116.0,v1,2.3.0,9.5625,8.4,8.333333333333334,8.36,-0.12575163398692812,0.2615384615384615,0.17391304347826086,-0.08762541806020063,recent-form-k-v1-report-only
824243,2026-07-28,675512,Troy Melton,,2026-08-14T16:33:38.365129+00:00,5,24,1.0.0,902e157ff573f1ee23c57fd43c2b60bf334269b65dba77374e4ba86d312b3ee8,10.0,55.0,58.6,8.447098976109215,0.2330508474576271,0.0805084745762711,0.1610169491525423,13.529411764705884,11.824817518248176,7.666666666666667,7.2,0.0,0.0,0.0,1.0,0.0,0.0,0.0,70.0,5.0,1.0,0.0,0.0,0.0,0.0,0.0,0.0,26.0,17.0,9.0,0.1333098898727368,0.1242766595114783,0.1503726583328919,0.0,0.369047619047619,0.0,0.0,0.0,0.0,110.0,v1,2.3.0,8.447098976109215,13.529411764705884,11.824817518248176,12.506655216831259,0.480585849911741,0.2330508474576271,0.20833333333333334,-0.024717514124293766,recent-form-k-v1-report-only
823350,2026-07-28,694297,Brandon Pfaadt,,2026-08-14T16:33:38.411299+00:00,4,28,1.0.0,f6f2344916e49fe57cf29c840e451643e87b37d547996f925f38784b3d6bb3c5,10.0,18.0,30.8,5.25974025974026,0.1276595744680851,0.0425531914893617,0.2553191489361702,3.333333333333333,4.790874524714829,2.0,2.8,0.0,0.0,0.0,1.0,0.0,0.0,0.0,70.0,5.0,1.0,0.0,0.0,0.0,0.0,0.0,0.0,26.0,13.0,13.0,0.1598293765831025,0.1484179042318577,0.1712408489343473,0.0,0.4806349206349206,0.0,0.0,0.0,0.0,134.0,v1,2.3.0,5.25974025974026,3.333333333333333,4.790874524714829,4.2078580481622305,-0.19998748220125506,0.1276595744680851,0.14285714285714285,0.015197568389057753,recent-form-k-v1-report-only
823350,2026-07-28,696149,Bubba Chandler,,2026-08-14T16:33:38.412112+00:00,3,21,1.0.0,9714d1ae5bb2624fba935c01ae6a3133426d09b1d1980e2ea599228e0224bd75,10.0,43.0,51.8,7.4710424710424705,0.1869565217391304,0.0956521739130434,0.2130434782608695,6.9230769230769225,7.411764705882353,3.6666666666666665,4.2,0.0,0.0,0.0,1.0,0.0,0.0,0.0,70.0,6.0,1.0,0.0,0.0,0.0,0.0,0.0,0.0,27.0,15.0,12.0,0.0935148555869109,0.0837115404412401,0.1057689995189995,0.0,0.3248357963875205,0.0,0.0,0.0,0.0,109.0,v1,2.3.0,7.4710424710424705,6.9230769230769225,7.411764705882353,7.216289592760181,-0.03409870567189299,0.1869565217391304,0.14285714285714285,-0.04409937888198756,recent-form-k-v1-report-only
822949,2026-07-28,615698,Cal Quantrill,,2026-08-14T16:33:38.426130+00:00,7,19,1.0.0,a11fe844fdc5af918e46da7449d5cfb8e03f8f33ac11a3ef8e9969e991a1ef07,10.0,17.0,30.3,5.0495049504950495,0.1214285714285714,0.0642857142857142,0.25,3.4615384615384617,4.909090909090909,1.6666666666666667,2.4,0.0,0.0,0.0,1.0,0.0,0.0,0.0,70.0,6.0,1.0,0.0,0.0,0.0,0.0,0.0,0.0,25.0,14.0,11.0,0.1151187652114319,0.0814341849610057,0.1579900491665197,0.0,0.3300294476765065,0.0,0.0,0.0,0.0,139.0,v1,2.3.0,5.0495049504950495,3.4615384615384617,4.909090909090909,4.33006993006993,-0.14247634718222946,0.1214285714285714,0.3684210526315789,0.24699248120300754,recent-form-k-v1-report-only
822949,2026-07-28,643377,Griffin Jax,,2026-08-14T16:33:38.426931+00:00,10,24,1.0.0,69ceb235cccd51026f5a0cb2cb5716341890aad6d35ef503dd139ce385d16bda,10.0,55.0,51.0,9.705882352941176,0.2669902912621359,0.058252427184466,0.2184466019417475,7.875,9.666666666666666,4.666666666666667,5.8,0.0,0.0,0.0,1.0,0.0,0.0,0.0,70.0,6.0,1.0,0.0,0.0,0.0,0.0,0.0,0.0,26.0,14.0,12.0,0.1337101787049547,0.1535615285615285,0.1105502705389519,0.0,0.3675213675213675,0.0,0.0,0.0,0.0,140.0,v1,2.3.0,9.705882352941176,7.875,9.666666666666666,8.95,-0.07787878787878788,0.2669902912621359,0.4166666666666667,0.14967637540453077,recent-form-k-v1-report-only
823838,2026-07-28,605400,Aaron Nola,,2026-08-14T16:33:38.482119+00:00,4,23,1.0.0,a50d61e89fb6203602717c6092bb6dc1d9ece066b38138a226052b64722cd1af,10.0,56.0,50.50000000000001,9.980198019801978,0.2434782608695652,0.0782608695652174,0.2478260869565217,10.062111801242237,9.926470588235292,6.0,6.0,0.0,0.0,0.0,1.0,0.0,0.0,0.0,70.0,6.0,1.0,0.0,0.0,0.0,0.0,0.0,0.0,26.0,16.0,10.0,0.1458822516514824,0.0931929181929182,0.2301851851851852,0.0,0.433068783068783,0.0,0.0,0.0,0.0,146.0,v1,2.3.0,9.980198019801978,10.062111801242237,9.926470588235292,9.98072707343807,5.3010334568615036e-05,0.2434782608695652,0.17391304347826086,-0.06956521739130433,recent-form-k-v1-report-only
823838,2026-07-28,645261,Sandy Alcantara,,2026-08-14T16:33:38.482971+00:00,5,27,1.0.0,f92bb22753a65067c1a68aad1684ee542ff4b1390ee19e9e768ed71aa57aafa8,10.0,58.0,67.4,7.74480712166172,0.2109090909090909,0.0618181818181818,0.2181818181818181,8.1,7.861445783132529,6.0,5.8,0.0,0.0,0.0,1.0,0.0,0.0,0.0,70.0,6.0,1.0,0.0,0.0,0.0,0.0,0.0,0.0,26.0,12.0,14.0,0.1462413632274748,0.1327399685287175,0.157813987254981,0.0,0.4327777777777777,0.0,0.0,0.0,0.0,143.0,v1,2.3.0,7.74480712166172,8.1,7.861445783132529,7.956867469879517,0.02738097216452018,0.2109090909090909,0.18518518518518517,-0.025723905723905732,recent-form-k-v1-report-only
822703,2026-07-28,669456,Shane Bieber,,2026-08-14T16:33:38.596666+00:00,0,9,1.0.0,065bdd04b7a133742211cb7146e6cf414dded896ed8d55535fb134282d493640,6.0,22.0,29.5,6.711864406779662,0.1666666666666666,0.0909090909090909,0.2424242424242424,6.802325581395349,6.844106463878328,4.333333333333333,4.0,0.0,0.0,0.0,1.0,0.0,0.0,0.0,70.0,5.0,1.0,0.0,0.0,0.0,0.0,0.0,0.0,26.0,14.0,12.0,0.1198742953515623,0.0881824240731946,0.1568481451763248,0.0,0.3910754999674288,0.0,0.0,0.0,0.0,120.0,v1,2.3.0,6.711864406779662,6.802325581395349,6.844106463878328,6.827394110885137,0.01721275894500751,0.1666666666666666,0.0,-0.1666666666666666,recent-form-k-v1-report-only
822703,2026-07-28,676917,Cade Cavalli,,2026-08-14T16:33:38.597528+00:00,3,25,1.0.0,408aa0a3086475f843bba33f004ffc44abba450d54d9dad96a3619e1074fb44b,10.0,59.0,50.3,10.55666003976143,0.2809523809523809,0.0619047619047619,0.219047619047619,11.0,12.619926199261991,7.333333333333333,7.6,0.0,0.0,0.0,1.0,0.0,0.0,0.0,70.0,6.0,1.0,0.0,0.0,0.0,0.0,0.0,0.0,26.0,16.0,10.0,0.1061805876881992,0.0978838103838103,0.1194554313752215,0.0,0.3884684684684685,0.0,0.0,0.0,0.0,141.0,v1,2.3.0,10.55666003976143,11.0,12.619926199261991,11.971955719557194,0.13406661524242347,0.2809523809523809,0.12,-0.1609523809523809,recent-form-k-v1-report-only
823676,2026-07-28,607625,Seth Lugo,,2026-08-14T16:33:38.648055+00:00,2,24,1.0.0,7552e3dfb717278c43e82234371be67e111072847fb1d27a300c164bae6f7cf0,10.0,40.0,52.2,6.896551724137931,0.1769911504424778,0.0663716814159292,0.247787610619469,7.411764705882353,8.302583025830257,4.666666666666667,5.0,0.0,0.0,0.0,1.0,0.0,0.0,0.0,70.0,6.0,1.0,0.0,0.0,0.0,0.0,0.0,0.0,26.0,16.0,10.0,0.11489426473398,0.1034278805779088,0.1332404793836941,0.0,0.3080872913992298,0.0,0.0,0.0,0.0,142.0,v1,2.3.0,6.896551724137931,7.411764705882353,8.302583025830257,7.946255697851096,0.1522070761884089,0.1769911504424778,0.08333333333333333,-0.09365781710914446,recent-form-k-v1-report-only
823676,2026-07-28,671737,Taj Bradley,,2026-08-14T16:33:38.724616+00:00,10,23,1.0.0,b1830a65c1942b8098851f4527493e6c8069795259b748d528c9ecff6edc2084,10.0,64.0,57.50000000000001,10.017391304347823,0.2612244897959184,0.1020408163265306,0.1918367346938775,8.052631578947368,11.03225806451613,5.666666666666667,7.6,0.0,0.0,0.0,1.0,0.0,0.0,0.0,70.0,5.0,1.0,0.0,0.0,0.0,0.0,0.0,0.0,26.0,16.0,10.0,0.1094087991892836,0.085688025210084,0.147362037556003,0.0,0.3054483054483054,0.0,0.0,0.0,0.0,118.0,v1,2.3.0,10.017391304347823,8.052631578947368,11.03225806451613,9.840407470288625,-0.01766765704584017,0.2612244897959184,0.43478260869565216,0.17355811889973377,recent-form-k-v1-report-only
824569,2026-07-28,543037,Gerrit Cole,,2026-08-14T16:33:38.773844+00:00,7,24,1.0.0,8117c7787fbf29c71ab0cb90a5315a677cb7e7a528997683e15d7ab5e2c5a5f7,10.0,64.0,54.60000000000001,10.549450549450547,0.2746781115879828,0.03862660944206,0.2317596566523605,11.780104712041885,11.404109589041097,8.333333333333334,7.4,0.0,0.0,0.0,1.0,0.0,0.0,0.0,70.0,6.0,1.0,0.0,0.0,0.0,0.0,0.0,0.0,26.0,11.0,15.0,0.1330929628723746,0.1397787397787397,0.1281900598077068,0.0,0.3820487153820487,0.0,0.0,0.0,0.0,145.0,v1,2.3.0,10.549450549450547,11.780104712041885,11.404109589041097,11.554507638241411,0.09527103654163405,0.2746781115879828,0.2916666666666667,0.01698855507868391,recent-form-k-v1-report-only
824569,2026-07-28,641743,Anthony Kay,,2026-08-14T16:33:38.774690+00:00,7,23,1.0.0,7967905714d1061b6ffd2ae25f60c29df7af6e4294fbfdb14dc4e0041094b2b3,10.0,41.0,45.3,8.145695364238412,0.1971153846153846,0.0817307692307692,0.2163461538461538,8.297872340425533,7.183098591549296,4.333333333333333,3.4,0.0,0.0,1.0,1.0,0.0,0.0,0.0,70.0,6.0,1.0,0.0,0.0,0.0,0.0,0.0,0.0,27.0,9.0,18.0,0.1449556608946125,0.1947182277451098,0.1200743774693639,0.0,0.4257869501771941,0.0,0.0,0.0,0.0,147.0,v1,2.3.0,8.145695364238412,8.297872340425533,7.183098591549296,7.629008091099791,-0.06343071401945677,0.1971153846153846,0.30434782608695654,0.10723244147157193,recent-form-k-v1-report-only
823026,2026-07-28,607067,Colin Rea,,2026-08-14T16:33:38.850261+00:00,2,24,1.0.0,525b0a183f5176528133a613080ab19fd81f56b2a8787e72a3aefdd545beb42e,10.0,37.0,49.80000000000001,6.686746987951806,0.1622807017543859,0.0921052631578947,0.2412280701754386,7.267080745341614,7.586206896551723,4.333333333333333,4.4,0.0,0.0,0.0,1.0,0.0,0.0,0.0,70.0,6.0,1.0,0.0,0.0,0.0,0.0,0.0,0.0,26.0,16.0,10.0,0.1397160365429804,0.1384694404931024,0.1417105902227853,0.0,0.5412698412698412,0.0,0.0,0.0,0.0,138.0,v1,2.3.0,6.686746987951806,7.267080745341614,7.586206896551723,7.4585564360676795,0.11542375530381532,0.1622807017543859,0.08333333333333333,-0.07894736842105256,recent-form-k-v1-report-only
823026,2026-07-28,700241,Michael McGreevy,,2026-08-14T16:33:38.851128+00:00,2,15,1.0.0,719eec888bf6d7ba81bbdba7410d847852e4d2cd3eb1301b9a6bb096e164fc2f,10.0,37.0,57.3,5.81151832460733,0.1561181434599156,0.0632911392405063,0.2447257383966244,6.885245901639346,6.237623762376238,4.666666666666667,4.2,0.0,0.0,0.0,1.0,0.0,0.0,0.0,70.0,5.0,1.0,0.0,0.0,0.0,0.0,0.0,0.0,26.0,18.0,8.0,0.1590247393171161,0.1356711273990686,0.2115703661327231,0.0,0.5982456140350877,0.0,0.0,0.0,0.0,112.0,v1,2.3.0,5.81151832460733,6.885245901639346,6.237623762376238,6.496672618081481,0.11789591896717377,0.1561181434599156,0.13333333333333333,-0.02278481012658226,recent-form-k-v1-report-only
824003,2026-07-28,663567,Peter Lambert,,2026-08-14T16:33:38.899280+00:00,6,24,1.0.0,8fbe44005fe8799c2b3670338d2798e229043e66ae04027fd0ed7c76854260e8,10.0,54.0,55.8,8.709677419354838,0.2278481012658227,0.0843881856540084,0.1814345991561181,10.0,9.507042253521128,6.666666666666667,6.0,0.0,0.0,0.0,1.0,0.0,0.0,0.0,70.0,6.0,1.0,0.0,0.0,0.0,0.0,0.0,0.0,26.0,15.0,11.0,0.1435166385571244,0.2047361994730416,0.0600354191263282,0.0,0.4434343434343434,0.0,0.0,0.0,0.0,108.0,v1,2.3.0,8.709677419354838,10.0,9.507042253521128,9.704225352112676,0.114188836724048,0.2278481012658227,0.25,0.022151898734177305,recent-form-k-v1-report-only
824003,2026-07-28,672282,Reid Detmers,,2026-08-14T16:33:38.900063+00:00,9,20,1.0.0,63e62482967ac0b09324bff07a93018005932f80eef1fff0da158a606797ff48,10.0,61.0,56.3,9.75133214920071,0.2675438596491228,0.0789473684210526,0.1842105263157894,11.324503311258278,11.383399209486166,6.333333333333333,6.4,0.0,0.0,1.0,1.0,0.0,0.0,0.0,70.0,6.0,1.0,0.0,0.0,0.0,0.0,0.0,0.0,26.0,7.0,19.0,0.1297190936992192,0.1602985638699924,0.1184529731099869,0.0,0.4232954545454546,0.0,0.0,0.0,0.0,117.0,v1,2.3.0,9.75133214920071,11.324503311258278,11.383399209486166,11.35984085019501,0.16495271378138265,0.2675438596491228,0.45,0.1824561403508772,recent-form-k-v1-report-only
824976,2026-07-28,687562,Jake Bennett,,2026-08-14T16:33:38.921837+00:00,4,27,1.0.0,9b058d228511a2f869660236c5b92e79c06b379e53e989760d49e4556ef6fc92,10.0,42.0,57.7,6.551126516464471,0.1834061135371179,0.0393013100436681,0.2052401746724891,5.43956043956044,5.714285714285714,3.6666666666666665,4.0,0.0,0.0,1.0,1.0,0.0,0.0,0.0,70.0,6.0,1.0,0.0,0.0,0.0,0.0,0.0,0.0,26.0,10.0,16.0,0.1291709474191326,0.157907230423316,0.111210770541518,0.0,0.4403393541324575,0.0,0.0,0.0,0.0,133.0,v1,2.3.0,6.551126516464471,5.43956043956044,5.714285714285714,5.604395604395604,-0.14451421594278735,0.1834061135371179,0.14814814814814814,-0.03525796538896975,recent-form-k-v1-report-only
824976,2026-07-28,695611,Gage Jump,,2026-08-14T16:33:38.922602+00:00,7,22,1.0.0,338256e0c70cfcdefb0ff8b3706737a88e0331d352151d62ac32ede0a116ad24,10.0,56.0,49.9,10.100200400801604,0.2545454545454545,0.0909090909090909,0.2318181818181818,14.285714285714285,11.818181818181818,6.666666666666667,5.2,0.0,0.0,1.0,1.0,0.0,0.0,0.0,70.0,6.0,1.0,0.0,0.0,0.0,0.0,0.0,0.0,25.0,9.0,16.0,0.127612800850409,0.0595923112052144,0.165874326275831,0.0,0.4138888888888889,0.0,0.0,0.0,0.0,111.0,v1,2.3.0,10.100200400801604,14.285714285714285,11.818181818181818,12.805194805194805,0.2678159142444856,0.2545454545454545,0.3181818181818182,0.06363636363636366,recent-form-k-v1-report-only
823275,2026-07-28,547179,Michael Lorenzen,,2026-08-14T16:33:38.937479+00:00,2,20,1.0.0,f5a3f0948925b7068f600574290c4d4b64508ffd4ee2fdf1db33c0c929d85ce5,10.0,37.0,44.9,7.416481069042317,0.167420814479638,0.0950226244343891,0.2579185520361991,6.971830985915493,4.97872340425532,3.6666666666666665,2.6,0.0,0.0,0.0,1.0,0.0,0.0,0.0,70.0,7.0,1.0,0.0,0.0,0.0,0.0,0.0,0.0,26.0,17.0,9.0,0.1219025987396159,0.1187938461649101,0.1277746869362826,0.0,0.3728070175438596,0.0,0.0,0.0,0.0,135.0,v1,2.3.0,7.416481069042317,6.971830985915493,4.97872340425532,5.77596643691939,-0.22119851946642466,0.167420814479638,0.1,-0.06742081447963799,recent-form-k-v1-report-only
823275,2026-07-28,650633,Michael King,,2026-08-14T16:33:38.938331+00:00,6,24,1.0.0,415441744a2cdaab12627a73cea71ebaabed23cd0501b306af5c1b12c6d56f41,10.0,40.0,56.400000000000006,6.382978723404254,0.1646090534979424,0.0864197530864197,0.1975308641975308,7.9411764705882355,8.302583025830257,5.0,5.0,0.0,0.0,0.0,1.0,0.0,0.0,0.0,70.0,6.0,1.0,0.0,0.0,0.0,0.0,0.0,0.0,26.0,15.0,11.0,0.1171603762701034,0.0904761904761904,0.1535479023527119,0.0,0.3712522045855379,0.0,0.0,0.0,0.0,115.0,v1,2.3.0,6.382978723404254,7.9411764705882355,8.302583025830257,8.158020403733449,0.2780898632515738,0.1646090534979424,0.25,0.08539094650205761,recent-form-k-v1-report-only
823193,2026-07-28,701656,Logan Henderson,,2026-08-14T16:33:39.021960+00:00,7,21,1.0.0,e0c4c0fca463ac3504c0e90a4bacf15ac87d62d04bc32ad2e3dc994129f68bb4,8.0,47.0,38.1,11.10236220472441,0.3175675675675675,0.0472972972972973,0.1959459459459459,10.132450331125828,11.115537848605577,5.666666666666667,6.2,0.0,0.0,0.0,1.0,0.0,0.0,0.0,70.0,6.0,1.0,0.0,0.0,0.0,0.0,0.0,0.0,25.0,14.0,11.0,0.1204490758868165,0.0838435374149659,0.1670379430328082,0.0,0.4067460317460318,0.0,0.0,0.0,0.0,137.0,v1,2.3.0,11.10236220472441,10.132450331125828,11.115537848605577,10.722302841613677,-0.03423229724472554,0.3175675675675675,0.3333333333333333,0.015765765765765827,recent-form-k-v1-report-only
823193,2026-07-28,694738,Landen Roupp,,2026-08-14T16:33:39.022831+00:00,1,18,1.0.0,b21abc88c39c594d4d9431614445763a54e1cfe7728d0bbc64f54920dc65803c,10.0,52.0,53.60000000000001,8.731343283582088,0.223175965665236,0.1030042918454935,0.2103004291845493,6.0,7.397260273972603,4.666666666666667,4.8,0.0,0.0,0.0,1.0,0.0,0.0,0.0,70.0,6.0,1.0,0.0,0.0,0.0,0.0,0.0,0.0,26.0,16.0,10.0,0.1108903661370216,0.0790322486993682,0.1618633540372671,0.0,0.3300207039337474,0.0,0.0,0.0,0.0,158.0,v1,2.3.0,8.731343283582088,6.0,7.397260273972603,6.838356164383562,-0.2168036529680364,0.223175965665236,0.05555555555555555,-0.16762041010968046,recent-form-k-v1-report-only
823923,2026-07-28,622491,Luis Castillo,,2026-08-14T16:33:39.101552+00:00,2,26,1.0.0,1c0a1c90b44e9d9c5b3d2d5d39b4939ba3d724a3d96548bff9e3e2e2483ea00e,10.0,41.0,49.50000000000001,7.454545454545453,0.1906976744186046,0.0651162790697674,0.2,5.5,6.107142857142857,3.6666666666666665,3.8,0.0,0.0,0.0,1.0,0.0,0.0,0.0,70.0,7.0,1.0,0.0,0.0,0.0,0.0,0.0,0.0,26.0,15.0,11.0,0.1207629477366319,0.0914430219693377,0.1607446646920331,0.0,0.4238095238095238,0.0,0.0,0.0,0.0,119.0,v1,2.3.0,7.454545454545453,5.5,6.107142857142857,5.864285714285714,-0.21332752613240413,0.1906976744186046,0.07692307692307693,-0.11377459749552768,recent-form-k-v1-report-only
823923,2026-07-28,680736,Justin Wrobleski,,2026-08-14T16:33:39.159988+00:00,7,25,1.0.0,c730014e4d55cac0327e5faac2d196c59ab4170514faf5e6e3d6656fcfe5ecef,10.0,58.0,61.3,8.515497553017944,0.2348178137651821,0.0404858299595141,0.2186234817813765,12.08955223880597,9.516616314199396,9.0,7.0,0.0,0.0,1.0,1.0,0.0,0.0,0.0,70.0,7.0,1.0,0.0,0.0,0.0,0.0,0.0,0.0,26.0,8.0,18.0,0.121308258118394,0.1582544116044587,0.1048877454579208,0.0,0.4082125603864734,0.0,0.0,0.0,0.0,136.0,v1,2.3.0,8.515497553017944,12.08955223880597,9.516616314199396,10.545790684042025,0.23842331212983936,0.2348178137651821,0.28,0.04518218623481793,recent-form-k-v1-report-only
823598,2026-07-28,519242,Chris Sale,,2026-08-14T16:33:39.260613+00:00,9,20,1.0.0,28dc586d8663ec31fa0226ed1257dde2b33cbae95d003d433b63bd5a7b42c8ef,10.0,70.0,54.60000000000001,11.538461538461537,0.2978723404255319,0.051063829787234,0.2340425531914893,12.375,11.666666666666666,7.333333333333333,7.0,0.0,0.0,1.0,1.0,0.0,0.0,0.0,70.0,5.0,1.0,0.0,0.0,0.0,0.0,0.0,0.0,27.0,8.0,19.0,0.1320917115772063,0.1575254231504231,0.1213827803884835,0.0,0.3670510686639718,0.0,0.0,0.0,0.0,121.0,v1,2.3.0,11.538461538461537,12.375,11.666666666666666,11.95,0.035666666666666735,0.2978723404255319,0.45,0.1521276595744681,recent-form-k-v1-report-only
823598,2026-07-28,681035,Christian Scott,,2026-08-14T16:33:39.311068+00:00,7,24,1.0.0,31fd2734a51017c0de0c2c8df24610698ec3efc11a36251019b65e7bd8b0ac6f,10.0,58.0,45.1,11.574279379157428,0.2885572139303483,0.099502487562189,0.1890547263681592,12.08955223880597,12.976744186046512,6.0,6.2,0.0,0.0,0.0,1.0,0.0,0.0,0.0,70.0,6.0,1.0,0.0,0.0,0.0,0.0,0.0,0.0,27.0,14.0,13.0,0.1320277464969824,0.1402986255927432,0.123120645932317,0.0,0.4010571657630481,0.0,0.0,0.0,0.0,144.0,v1,2.3.0,11.574279379157428,12.08955223880597,12.976744186046512,12.621867407150296,0.09051000011969035,0.2885572139303483,0.2916666666666667,0.0031094527363184077,recent-form-k-v1-report-only
823837,2026-07-29,666200,Jesús Luzardo,,2026-08-14T16:33:39.449986+00:00,5,28,1.0.0,e77d704166baaeb80fcd441af000492b90ad81a5c863598c382a8be160260142,10.0,80.0,59.50000000000001,12.100840336134452,0.321285140562249,0.0843373493975903,0.1767068273092369,12.789473684210526,12.6,9.0,8.4,0.0,0.0,1.0,1.0,0.0,0.0,0.0,70.0,5.0,1.0,0.0,0.0,0.0,0.0,0.0,0.0,26.0,9.0,17.0,0.1428063893570273,0.203542066728258,0.110652207219317,0.0,0.4279740570063151,0.0,0.0,0.0,0.0,146.0,v1,2.3.0,12.100840336134452,12.789473684210526,12.6,12.67578947368421,0.04751315789473698,0.321285140562249,0.17857142857142858,-0.14271371199082042,recent-form-k-v1-report-only
823837,2026-07-29,687473,Ryan Gusto,,2026-08-14T16:33:39.450815+00:00,3,24,1.0.0,8889eb2c38498c78e85534b2c017851c42fa0955f4a248097bdb5845c9ae5dd3,10.0,27.0,29.6,8.20945945945946,0.1970802919708029,0.0802919708029197,0.2116788321167883,10.000000000000002,8.114754098360656,2.6666666666666665,2.2,0.0,0.0,0.0,1.0,0.0,0.0,0.0,70.0,5.0,1.0,0.0,0.0,0.0,0.0,0.0,0.0,26.0,12.0,14.0,0.1429951436351013,0.1329876375263865,0.1515730060139997,0.0,0.4232539682539682,0.0,0.0,0.0,0.0,143.0,v1,2.3.0,8.20945945945946,10.000000000000002,8.114754098360656,8.868852459016395,0.08032112257977486,0.1970802919708029,0.125,-0.0720802919708029,recent-form-k-v1-report-only
823351,2026-07-29,593958,Eduardo Rodriguez,,2026-08-14T16:33:39.595952+00:00,2,28,1.0.0,ad726d5de3c783e39b570b4137a4847c1f292c17292e7c28b8d2a4caa697cc66,10.0,37.0,54.7,6.087751371115173,0.1587982832618025,0.0815450643776824,0.2274678111587982,7.605633802816902,5.294117647058823,4.0,3.2,0.0,0.0,1.0,1.0,0.0,0.0,0.0,70.0,5.0,1.0,0.0,0.0,0.0,0.0,0.0,0.0,26.0,8.0,18.0,0.1452242733467358,0.087938596491228,0.170684574171406,0.0,0.4515151515151515,0.0,0.0,0.0,0.0,134.0,v1,2.3.0,6.087751371115173,7.605633802816902,5.294117647058823,6.218724109362055,0.021514140486800226,0.1587982832618025,0.07142857142857142,-0.08736971183323108,recent-form-k-v1-report-only
823351,2026-07-29,683003,Jared Jones,,2026-08-14T16:33:39.596799+00:00,5,24,1.0.0,2ace768d995e21ee8eb5c8ab09e26ed9b50982ed4f0a762aeab9646b40c02af1,10.0,53.0,45.3,10.52980132450331,0.2880434782608695,0.0706521739130434,0.1847826086956521,11.647058823529411,11.428571428571429,7.333333333333333,6.4,0.0,0.0,0.0,1.0,0.0,0.0,0.0,70.0,5.0,1.0,0.0,0.0,0.0,0.0,0.0,0.0,26.0,14.0,12.0,0.0971018704592814,0.0851899897087484,0.1109990646682365,0.0,0.3110786407403244,0.0,0.0,0.0,0.0,109.0,v1,2.3.0,10.52980132450331,11.647058823529411,11.428571428571429,11.515966386554622,0.09365466941493583,0.2880434782608695,0.20833333333333334,-0.07971014492753617,recent-form-k-v1-report-only
822702,2026-07-29,702056,Trey Yesavage,,2026-08-14T16:33:39.685870+00:00,4,26,1.0.0,34748f74f4cb48bedeef4f95457885de43988161a310d6d4a4c24ed8f0b1033f,10.0,52.0,50.9,9.194499017681729,0.2311111111111111,0.1422222222222222,0.1511111111111111,15.267857142857144,11.153846153846157,6.333333333333333,5.8,0.0,0.0,0.0,1.0,0.0,0.0,0.0,70.0,5.0,1.0,0.0,0.0,0.0,0.0,0.0,0.0,26.0,15.0,11.0,0.1178074389226132,0.079619089387852,0.1698824610154695,0.0,0.3705882352941176,0.0,0.0,0.0,0.0,120.0,v1,2.3.0,9.194499017681729,15.267857142857144,11.153846153846157,12.799450549450551,0.39207699351930136,0.2311111111111111,0.15384615384615385,-0.07726495726495725,recent-form-k-v1-report-only
822702,2026-07-29,641793,Zack Littell,,2026-08-14T16:33:39.686712+00:00,2,20,1.0.0,4e78da70cf9aaf2d1d11ad1aea773b3624035d812777a679a0b9e18c77fab64f,10.0,36.0,47.2,6.864406779661016,0.1809045226130653,0.0703517587939698,0.236180904522613,8.4,6.923076923076923,4.666666666666667,4.0,0.0,0.0,0.0,1.0,0.0,0.0,0.0,70.0,5.0,1.0,0.0,0.0,0.0,0.0,0.0,0.0,26.0,16.0,10.0,0.1070987578825107,0.0999256330742314,0.1185757575757575,0.0,0.3771428571428571,0.0,0.0,0.0,0.0,141.0,v1,2.3.0,6.864406779661016,8.4,6.923076923076923,7.5138461538461545,0.09460968660968683,0.1809045226130653,0.1,-0.0809045226130653,recent-form-k-v1-report-only
824242,2026-07-29,669432,Trevor Rogers,,2026-08-14T16:33:39.728323+00:00,6,28,1.0.0,5fd2a795b436530f59b11a29448c84c39b1d48f3adbef78d5306d6b6f5ecb6a7,10.0,48.0,59.60000000000001,7.248322147651006,0.200836820083682,0.0627615062761506,0.200836820083682,8.481675392670157,8.642384105960264,6.0,5.8,0.0,0.0,1.0,1.0,0.0,0.0,0.0,70.0,5.0,1.0,0.0,0.0,0.0,0.0,0.0,0.0,26.0,7.0,19.0,0.1182278883654288,0.1510959303822454,0.1061186097276543,0.0,0.3609702501690331,0.0,0.0,0.0,0.0,116.0,v1,2.3.0,7.248322147651006,8.481675392670157,8.642384105960264,8.578100620644221,0.18346017821850835,0.200836820083682,0.21428571428571427,0.013448894202032269,recent-form-k-v1-report-only
824242,2026-07-29,669373,Tarik Skubal,,2026-08-14T16:33:39.729133+00:00,6,25,1.0.0,535a5c79ddde5f9b2e3e9b89dd7d54c9920b3d010ceaae17ab95dd31d513be5b,10.0,77.0,58.50000000000001,11.846153846153843,0.3333333333333333,0.0303030303030303,0.2034632034632034,12.25130890052356,13.156146179401992,8.666666666666666,8.8,0.0,0.0,1.0,1.0,0.0,0.0,0.0,70.0,5.0,1.0,0.0,0.0,0.0,0.0,0.0,0.0,26.0,7.0,19.0,0.1304326675910684,0.1542942176870748,0.1216415701872765,0.0,0.4051587301587302,0.0,0.0,0.0,0.0,110.0,v1,2.3.0,11.846153846153843,12.25130890052356,13.156146179401992,12.794211267850619,0.08003082131206551,0.3333333333333333,0.24,-0.09333333333333332,recent-form-k-v1-report-only
823596,2026-07-29,640455,Sean Manaea,,2026-08-14T16:33:39.841828+00:00,4,24,1.0.0,c3ed9c60a7e1e6023c3d472f7ecfebb46af5a379cd4245d9c2c3ac7287218627,10.0,46.0,50.5,8.198019801980198,0.2119815668202765,0.0599078341013824,0.2211981566820276,8.372093023255815,7.883211678832117,5.333333333333333,4.8,0.0,0.0,1.0,1.0,0.0,0.0,0.0,70.0,5.0,1.0,0.0,0.0,0.0,0.0,0.0,0.0,27.0,12.0,15.0,0.1320277464969824,0.1111584775377878,0.1487231616643381,0.0,0.4010571657630481,0.0,0.0,0.0,0.0,144.0,v1,2.3.0,8.198019801980198,8.372093023255815,7.883211678832117,8.078764216601595,-0.014546876960433441,0.2119815668202765,0.16666666666666666,-0.04531490015360984,recent-form-k-v1-report-only
823598,2026-07-29,519242,Chris Sale,,2026-08-14T16:33:39.842297+00:00,9,20,1.0.0,923b5c877d5f1e6ecf257477841d132b439e4458f980ca63692dc5538cec99ca,10.0,70.0,54.60000000000001,11.538461538461537,0.2978723404255319,0.051063829787234,0.2340425531914893,12.375,11.666666666666666,7.333333333333333,7.0,0.0,0.0,1.0,1.0,0.0,0.0,0.0,70.0,6.0,1.0,0.0,0.0,0.0,0.0,0.0,0.0,27.0,8.0,19.0,0.1320917115772063,0.1575254231504231,0.1213827803884835,0.0,0.3670510686639718,0.0,0.0,0.0,0.0,121.0,v1,2.3.0,11.538461538461537,12.375,11.666666666666666,11.95,0.035666666666666735,0.2978723404255319,0.45,0.1521276595744681,recent-form-k-v1-report-only
823598,2026-07-29,681035,Christian Scott,,2026-08-14T16:33:39.842893+00:00,7,24,1.0.0,40030d195b03e58a1c52c81509fc2991e755074b4ee4457f6051dfe7cd98357a,10.0,58.0,45.1,11.574279379157428,0.2885572139303483,0.099502487562189,0.1890547263681592,12.08955223880597,12.976744186046512,6.0,6.2,0.0,0.0,0.0,1.0,0.0,0.0,0.0,70.0,7.0,1.0,0.0,0.0,0.0,0.0,0.0,0.0,27.0,14.0,13.0,0.1320277464969824,0.1402986255927432,0.123120645932317,0.0,0.4010571657630481,0.0,0.0,0.0,0.0,144.0,v1,2.3.0,11.574279379157428,12.08955223880597,12.976744186046512,12.621867407150296,0.09051000011969035,0.2885572139303483,0.2916666666666667,0.0031094527363184077,recent-form-k-v1-report-only
823192,2026-07-29,657277,Logan Webb,,2026-08-14T16:33:39.956934+00:00,4,23,1.0.0,7c0f553912d42df921854c1e64af7ccb078ecfbc44a886ef22cf8e8319ed427e,10.0,47.0,64.3,6.578538102643857,0.1843137254901961,0.0549019607843137,0.1803921568627451,5.15625,5.856164383561644,3.6666666666666665,3.8,0.0,0.0,0.0,1.0,0.0,0.0,0.0,70.0,5.0,1.0,0.0,0.0,0.0,0.0,0.0,0.0,26.0,15.0,11.0,0.1047974220520521,0.0767069990645702,0.1431025443077093,0.0,0.3149019607843137,0.0,0.0,0.0,0.0,158.0,v1,2.3.0,6.578538102643857,5.15625,5.856164383561644,5.576198630136986,-0.15236507820849132,0.1843137254901961,0.17391304347826086,-0.010400682011935225,recent-form-k-v1-report-only
823273,2026-07-29,606996,Kyle Hart,,2026-08-14T16:33:40.046131+00:00,3,11,1.0.0,2162b496c36108aa25ae5a19cea45da2e4e9649267a3c8283917b8b12065b2aa,10.0,15.0,13.3,10.150375939849624,0.2419354838709677,0.0806451612903225,0.2419354838709677,11.25,8.823529411764707,1.6666666666666667,1.0,0.0,0.0,1.0,1.0,0.0,0.0,0.0,70.0,5.0,1.0,0.0,0.0,0.0,0.0,0.0,0.0,26.0,9.0,17.0,0.1237944874270295,0.1450114334982756,0.1125619865657816,0.0,0.3985743985743986,0.0,0.0,0.0,0.0,115.0,v1,2.3.0,10.150375939849624,11.25,8.823529411764707,9.794117647058822,-0.03509803921568644,0.2419354838709677,0.2727272727272727,0.030791788856305013,recent-form-k-v1-report-only
822947,2026-07-29,669022,MacKenzie Gore,,2026-08-14T16:33:40.095549+00:00,9,25,1.0.0,fa309b8d2ba72d4403a0b66162efe4475fea8b117f8dbdc14aa21a55d1834d7f,10.0,62.0,53.400000000000006,10.44943820224719,0.2572614107883817,0.0705394190871369,0.2531120331950207,10.140845070422536,11.15702479338843,5.333333333333333,6.0,0.0,0.0,1.0,1.0,0.0,0.0,0.0,70.0,5.0,1.0,0.0,0.0,0.0,0.0,0.0,0.0,26.0,10.0,16.0,0.1228649102990533,0.1625394975394975,0.0980682932737757,0.0,0.3737179487179487,0.0,0.0,0.0,0.0,139.0,v1,2.3.0,10.44943820224719,10.140845070422536,11.15702479338843,10.750552904202074,0.028816353197832933,0.2572614107883817,0.36,0.10273858921161827,recent-form-k-v1-report-only
822947,2026-07-29,668984,Casey Legumina,,2026-08-14T16:33:40.096349+00:00,0,6,1.0.0,9c9446d448a11f9bb37fb997d6e5bdff0c3caa3ffacf1438ed4ddda9aae69b6d,10.0,8.0,11.3,6.371681415929205,0.1538461538461538,0.1153846153846153,0.173076923076923,6.75,6.428571428571429,1.0,1.0,0.0,0.0,0.0,1.0,0.0,0.0,0.0,70.0,6.0,1.0,0.0,0.0,0.0,0.0,0.0,0.0,25.0,13.0,12.0,0.1413082114537223,0.1600803043110735,0.120971777524925,0.0,0.3504273504273504,0.0,0.0,0.0,0.0,140.0,v1,2.3.0,6.371681415929205,6.75,6.428571428571429,6.557142857142857,0.029107142857142554,0.1538461538461538,0.0,-0.1538461538461538,recent-form-k-v1-report-only
824487,2026-07-29,676282,Joey Cantillo,,2026-08-14T16:33:40.141088+00:00,8,17,1.0.0,1a996e840f22543fb2c5a72caa79bc5d2011c8669fe6774795eb351bfc8e3a47,10.0,64.0,51.2,11.25,0.2782608695652174,0.0956521739130434,0.2478260869565217,13.636363636363637,12.025862068965518,6.666666666666667,6.2,0.0,0.0,1.0,1.0,0.0,0.0,0.0,70.0,5.0,1.0,0.0,0.0,0.0,0.0,0.0,0.0,26.0,8.0,18.0,0.1373411536092151,0.0987919691470054,0.1544741244813083,0.0,0.3567329021049529,0.0,0.0,0.0,0.0,113.0,v1,2.3.0,11.25,13.636363636363637,12.025862068965518,12.670062695924766,0.12622779519331262,0.2782608695652174,0.47058823529411764,0.19232736572890025,recent-form-k-v1-report-only
824487,2026-07-29,663903,Brady Singer,,2026-08-14T16:33:40.141911+00:00,3,25,1.0.0,bc9b70aa88722637ea8edc5fcb80d6052619f2e6cf90092f75c0851a661f0bd3,10.0,54.0,56.4,8.617021276595745,0.226890756302521,0.0840336134453781,0.1890756302521008,7.536945812807883,8.877551020408164,5.666666666666667,5.8,0.0,0.0,0.0,1.0,0.0,0.0,0.0,70.0,7.0,1.0,0.0,0.0,0.0,0.0,0.0,0.0,26.0,12.0,14.0,0.1272351235194098,0.1235065710872162,0.1304310256041472,0.0,0.4384707287933094,0.0,0.0,0.0,0.0,114.0,v1,2.3.0,8.617021276595745,7.536945812807883,8.877551020408164,8.341308937368051,-0.0319962467745718,0.226890756302521,0.12,-0.10689075630252101,recent-form-k-v1-report-only
823677,2026-07-29,657746,Joe Ryan,,2026-08-14T16:33:40.188887+00:00,4,26,1.0.0,c5d063e083c10443fbd315f55b74da39667abd52122b899a8b07bba44b7d9cb9,10.0,70.0,57.2,11.013986013986012,0.2834008097165992,0.0445344129554655,0.242914979757085,9.529411764705882,10.666666666666666,6.0,6.4,0.0,0.0,0.0,1.0,0.0,0.0,0.0,70.0,9.0,1.0,0.0,0.0,0.0,0.0,0.0,0.0,26.0,16.0,10.0,0.1262956708506628,0.0884760400889433,0.186807080069414,0.0,0.3874643874643875,0.0,0.0,0.0,0.0,118.0,v1,2.3.0,11.013986013986012,9.529411764705882,10.666666666666666,10.211764705882352,-0.07283660130718939,0.2834008097165992,0.15384615384615385,-0.12955465587044535,recent-form-k-v1-report-only
824567,2026-07-29,693645,Cam Schlittler,,2026-08-14T16:33:40.234393+00:00,8,23,1.0.0,c67a6aded0824f4922039291c7463a29a173702ed0934e89454b69314e46d6e5,10.0,76.0,56.7,12.063492063492063,0.3166666666666666,0.05,0.2,13.448275862068966,11.93877551020408,8.666666666666666,7.8,0.0,0.0,0.0,1.0,0.0,0.0,0.0,70.0,5.0,1.0,0.0,0.0,0.0,0.0,0.0,0.0,26.0,11.0,15.0,0.1329345363622011,0.1323293914757329,0.1333783092789445,0.0,0.3810985797827903,0.0,0.0,0.0,0.0,145.0,v1,2.3.0,12.063492063492063,13.448275862068966,11.93877551020408,12.542575650950035,0.03971350790770023,0.3166666666666666,0.34782608695652173,0.031159420289855133,recent-form-k-v1-report-only
824567,2026-07-29,663436,Davis Martin,,2026-08-14T16:33:40.235209+00:00,6,25,1.0.0,aead062d3af10ebbf122eef81626f406628d68e574f98de5e54e642412d58597,10.0,34.0,47.7,6.415094339622641,0.1531531531531531,0.0945945945945946,0.2567567567567567,6.338028169014085,5.223214285714287,3.333333333333333,2.6,0.0,0.0,0.0,1.0,0.0,0.0,0.0,70.0,5.0,1.0,0.0,0.0,0.0,0.0,0.0,0.0,26.0,16.0,10.0,0.1486976568113772,0.1203851805873864,0.1939976187697625,0.0,0.4556173631911758,0.0,0.0,0.0,0.0,147.0,v1,2.3.0,6.415094339622641,6.338028169014085,5.223214285714287,5.669139839034207,-0.11628114273878531,0.1531531531531531,0.24,0.0868468468468469,recent-form-k-v1-report-only
823022,2026-07-29,571510,Matthew Boyd,,2026-08-14T16:33:40.257743+00:00,5,28,1.0.0,0d6a8e6edb2fa5b62b34cf942500e20349143e913425a9e8795bc38d59bfc928,10.0,48.0,53.70000000000001,8.044692737430166,0.2096069868995633,0.0698689956331877,0.2183406113537118,5.183246073298429,5.980066445182724,3.6666666666666665,4.0,0.0,0.0,1.0,1.0,0.0,0.0,0.0,70.0,5.0,1.0,0.0,0.0,0.0,0.0,0.0,0.0,26.0,9.0,17.0,0.138108877928869,0.140863510271405,0.1366505431592911,0.0,0.5544788975021534,0.0,0.0,0.0,0.0,138.0,v1,2.3.0,8.044692737430166,5.183246073298429,5.980066445182724,5.661338296429006,-0.2962641978744498,0.2096069868995633,0.17857142857142858,-0.031035558328134732,recent-form-k-v1-report-only
823022,2026-07-29,669160,Dustin May,,2026-08-14T16:33:40.258637+00:00,3,18,1.0.0,cc82884005b39d665e0e2573708f914518744cc6e088b9479dbd0581a0144aad,10.0,61.0,48.6,11.296296296296296,0.2890995260663507,0.0758293838862559,0.2085308056872037,10.8,12.061855670103094,6.0,5.2,0.0,0.0,0.0,1.0,0.0,0.0,0.0,70.0,5.0,1.0,0.0,0.0,0.0,0.0,0.0,0.0,26.0,18.0,8.0,0.1522998336093321,0.1258241023798771,0.2118702288756058,0.0,0.5424005945745076,0.0,0.0,0.0,0.0,112.0,v1,2.3.0,11.296296296296296,10.8,12.061855670103094,11.557113402061857,0.02308872739563994,0.2890995260663507,0.16666666666666666,-0.12243285939968404,recent-form-k-v1-report-only
824002,2026-07-29,680570,Grayson Rodriguez,,2026-08-14T16:33:40.399085+00:00,6,22,1.0.0,091a715bfc66b70377962f4d9c1c5727abdfcbd2e8e60a0e3c32f35d529d99b3,9.0,30.0,36.9,7.317073170731708,0.1612903225806451,0.1021505376344086,0.2741935483870967,4.122137404580153,5.763546798029558,2.0,2.6,0.0,0.0,0.0,1.0,0.0,0.0,0.0,70.0,5.0,1.0,0.0,0.0,0.0,0.0,0.0,0.0,26.0,19.0,7.0,0.1347676355210493,0.120410363546614,0.1737373737373737,0.0,0.4230382365024721,0.0,0.0,0.0,0.0,117.0,v1,2.3.0,7.317073170731708,4.122137404580153,5.763546798029558,5.106983040649796,-0.3020456511111945,0.1612903225806451,0.2727272727272727,0.1114369501466276,recent-form-k-v1-report-only
824973,2026-07-29,682052,Jacob Lopez,,2026-08-14T16:33:40.476378+00:00,8,24,1.0.0,4a0d183b9c0b22207f4eb76cd33b3274112e6a114ffc3a9fc9e2f290258d5aae,10.0,35.0,37.9,8.311345646437996,0.1933701657458563,0.1049723756906077,0.2265193370165746,9.611650485436892,10.588235294117649,3.6666666666666665,3.6,0.0,0.0,1.0,1.0,0.0,0.0,0.0,70.0,5.0,1.0,0.0,0.0,0.0,0.0,0.0,0.0,26.0,9.0,17.0,0.1310362572194825,0.0597136819359041,0.1687952676637298,0.0,0.4042207792207792,0.0,0.0,0.0,0.0,111.0,v1,2.3.0,8.311345646437996,9.611650485436892,10.588235294117649,10.197601370645346,0.22694949824590016,0.1933701657458563,0.3333333333333333,0.139963167587477,recent-form-k-v1-report-only
823924,2026-07-29,676106,Emerson Hancock,,2026-08-14T16:33:40.564779+00:00,5,24,1.0.0,0add1e4607b75cbbf51737620625ebbd98b08f2cd94f53316031f1abd17e72e2,10.0,41.0,50.5,7.306930693069307,0.1980676328502415,0.0772946859903381,0.1739130434782608,6.338028169014085,8.081632653061224,3.333333333333333,4.4,0.0,0.0,0.0,1.0,0.0,0.0,0.0,70.0,7.0,1.0,0.0,0.0,0.0,0.0,0.0,0.0,26.0,16.0,10.0,0.1165825193042039,0.0849016596368971,0.1672718947718948,0.0,0.4078144078144077,0.0,0.0,0.0,0.0,119.0,v1,2.3.0,7.306930693069307,6.338028169014085,8.081632653061224,7.384190859442368,0.010573545804443363,0.1980676328502415,0.20833333333333334,0.010265700483091833,recent-form-k-v1-report-only
823924,2026-07-29,641778,Eric Lauer,,2026-08-14T16:33:40.565630+00:00,4,20,1.0.0,0b7cfc941d4e9e26d5c238dd55db50fff0ee75bdd8cf146c18ab0e8adb2f78cc,10.0,32.0,53.60000000000001,5.3731343283582085,0.1428571428571428,0.0669642857142857,0.2098214285714285,5.263157894736842,4.948453608247423,3.333333333333333,3.2,0.0,0.0,1.0,1.0,0.0,0.0,0.0,70.0,7.0,1.0,0.0,0.0,0.0,0.0,0.0,0.0,26.0,8.0,18.0,0.1246360184470449,0.1618084733893557,0.1081149273615733,0.0,0.4345117845117845,0.0,0.0,0.0,0.0,136.0,v1,2.3.0,5.3731343283582085,5.263157894736842,4.948453608247423,5.07433532284319,-0.05560981491529515,0.1428571428571428,0.2,0.05714285714285722,recent-form-k-v1-report-only
822946,2026-07-30,668390,Cole Winn,,2026-08-14T16:33:40.726580+00:00,0,3,1.0.0,35ca13fe7cec577f68a069d70b60ce515e6194bf60315003cfc83c9dd2f9268c,10.0,8.0,7.7,9.35064935064935,0.2105263157894736,0.0263157894736842,0.2368421052631578,20.76923076923077,13.846153846153843,1.0,0.8,0.0,0.0,0.0,1.0,0.0,0.0,0.0,70.0,4.0,1.0,0.0,0.0,0.0,0.0,0.0,0.0,26.0,15.0,11.0,0.1254004099033658,0.0810645375363278,0.1858584176765995,0.0,0.3876068376068375,0.0,0.0,0.0,0.0,139.0,v1,2.3.0,9.35064935064935,20.76923076923077,13.846153846153843,16.615384615384613,0.7769230769230768,0.2105263157894736,0.0,-0.2105263157894736,recent-form-k-v1-report-only
822946,2026-07-30,663556,Shane McClanahan,,2026-08-14T16:33:40.727361+00:00,3,12,1.0.0,641463e57ddb69e1135657508341cada0c411dcc78555b0c530afa8702ccd947,10.0,41.0,50.4,7.321428571428572,0.1906976744186046,0.0744186046511627,0.213953488372093,6.149068322981366,6.085409252669039,3.6666666666666665,3.8,0.0,0.0,1.0,1.0,0.0,0.0,0.0,70.0,6.0,1.0,0.0,0.0,0.0,0.0,0.0,0.0,25.0,12.0,13.0,0.1357356823552358,0.1192989322192909,0.150908067096108,0.0,0.3173843700159489,0.0,0.0,0.0,0.0,140.0,v1,2.3.0,7.321428571428572,6.149068322981366,6.085409252669039,6.11087288079397,-0.16534419189155536,0.1906976744186046,0.25,0.05930232558139539,recent-form-k-v1-report-only
823674,2026-07-30,702070,Noah Cameron,,2026-08-14T16:33:40.778463+00:00,7,26,1.0.0,f83b3d98525edf6e521ef6519b1006aea2f4bbbf1e82f31f3741ba0fee28fdfa,10.0,52.0,54.3,8.61878453038674,0.2139917695473251,0.0823045267489712,0.2386831275720164,8.526315789473685,8.272058823529411,6.0,5.0,0.0,0.0,1.0,1.0,0.0,0.0,0.0,70.0,6.0,1.0,0.0,0.0,0.0,0.0,0.0,0.0,26.0,8.0,18.0,0.1114831021317022,0.1125666767310789,0.1110015134208682,0.0,0.3151861134317275,0.0,0.0,0.0,0.0,142.0,v1,2.3.0,8.61878453038674,8.526315789473685,8.272058823529411,8.37376160990712,-0.0284289414146226,0.2139917695473251,0.2692307692307692,0.05523899968344412,recent-form-k-v1-report-only
823674,2026-07-30,641927,Bailey Ober,,2026-08-14T16:33:40.779222+00:00,3,24,1.0.0,ffe994e325ab8b6bea54b19c49f74def1000c58bf733fdc03c30dee7971421ff,10.0,36.0,54.3,5.9668508287292825,0.1558441558441558,0.0562770562770562,0.2424242424242424,8.936170212765958,7.725321888412017,4.666666666666667,4.0,0.0,0.0,0.0,1.0,0.0,0.0,0.0,70.0,8.0,1.0,0.0,0.0,0.0,0.0,0.0,0.0,26.0,16.0,10.0,0.1209899307620347,0.0836933364151106,0.1806644817171132,0.0,0.4033138401559454,0.0,0.0,0.0,0.0,118.0,v1,2.3.0,5.9668508287292825,8.936170212765958,7.725321888412017,8.209661218153594,0.3758784078572224,0.1558441558441558,0.125,-0.030844155844155813,recent-form-k-v1-report-only
824568,2026-07-30,677960,Ryan Weathers,,2026-08-14T16:33:40.830953+00:00,4,26,1.0.0,d1a9eb3f72aa47ef895e31bfeaf8e8fb409e7835eea21baa2e165612057274cc,10.0,57.0,48.1,10.665280665280664,0.252212389380531,0.0619469026548672,0.2610619469026549,11.172413793103448,12.33502538071066,6.0,5.4,0.0,0.0,1.0,1.0,0.0,0.0,0.0,70.0,5.0,1.0,0.0,0.0,0.0,0.0,0.0,0.0,26.0,12.0,14.0,0.1402921335048931,0.1269576561855973,0.151721685492861,0.0,0.3969077773425599,0.0,0.0,0.0,0.0,145.0,v1,2.3.0,10.665280665280664,11.172413793103448,12.33502538071066,11.869980745667775,0.11295530968152057,0.252212389380531,0.15384615384615385,-0.09836623553437712,recent-form-k-v1-report-only
824568,2026-07-30,680732,Sean Burke,,2026-08-14T16:33:40.831732+00:00,10,23,1.0.0,e3b5cbdda66def94a6d7f92c4832a622573c1b991215819428b9c2cf34e5d3c2,10.0,76.0,56.7,12.063492063492063,0.3261802575107296,0.0815450643776824,0.1888412017167382,11.25,12.772277227722771,8.0,8.6,0.0,0.0,0.0,1.0,0.0,0.0,0.0,70.0,5.0,1.0,0.0,0.0,0.0,0.0,0.0,0.0,26.0,16.0,10.0,0.1474402555004561,0.1157244200722461,0.1981855921855921,0.0,0.4739519739519739,0.0,0.0,0.0,0.0,147.0,v1,2.3.0,12.063492063492063,11.25,12.772277227722771,12.163366336633661,0.008279051589369368,0.3261802575107296,0.43478260869565216,0.10860235118492256,recent-form-k-v1-report-only
823023,2026-07-30,665871,Javier Assad,,2026-08-14T16:33:40.853684+00:00,6,20,1.0.0,1c3bca16bd5b7be8a145a45512a021d77d568bc92a90ac8cb3f8c70ed38f82a2,10.0,29.0,39.7,6.574307304785895,0.1790123456790123,0.0555555555555555,0.2098765432098765,9.0,7.012987012987014,3.0,2.4,0.0,0.0,0.0,1.0,0.0,0.0,0.0,70.0,5.0,1.0,0.0,0.0,0.0,0.0,0.0,0.0,26.0,16.0,10.0,0.1341931941028177,0.1431552172582619,0.1198539570541069,0.0,0.5055555555555556,0.0,0.0,0.0,0.0,138.0,v1,2.3.0,6.574307304785895,9.0,7.012987012987014,7.8077922077922075,0.18762203313927417,0.1790123456790123,0.3,0.12098765432098768,recent-form-k-v1-report-only
823023,2026-07-30,669467,Andre Pallante,,2026-08-14T16:33:40.854464+00:00,3,27,1.0.0,0f310e03e21f77e3a17e5119d8bc62ba12911b0e60413cca72da9f403a460c96,10.0,40.0,55.7,6.4631956912028725,0.1694915254237288,0.0508474576271186,0.2330508474576271,6.842105263157894,6.0,4.333333333333333,3.8,0.0,0.0,0.0,1.0,0.0,0.0,0.0,70.0,5.0,1.0,0.0,0.0,0.0,0.0,0.0,0.0,26.0,18.0,8.0,0.1412703672018939,0.1192319247441299,0.1908568627318627,0.0,0.5011261261261262,0.0,0.0,0.0,0.0,112.0,v1,2.3.0,6.4631956912028725,6.842105263157894,6.0,6.336842105263157,-0.019549707602339317,0.1694915254237288,0.1111111111111111,-0.0583804143126177,recent-form-k-v1-report-only
824488,2026-07-30,670990,Yohan Ramírez,,2026-08-14T16:33:40.999169+00:00,4,8,1.0.0,d4cb2711549de975194de16ff62ca96048100320d435e5caa71fe9c4f9737d18,10.0,14.0,10.6,11.88679245283019,0.25,0.1428571428571428,0.2321428571428571,8.4375,8.181818181818182,1.0,0.8,0.0,0.0,0.0,1.0,0.0,0.0,0.0,70.0,3.0,1.0,0.0,0.0,0.0,0.0,0.0,0.0,26.0,15.0,11.0,0.1570333676366632,0.1696945406902193,0.1397681316545413,0.0,0.4713861018208845,0.0,0.0,0.0,0.0,113.0,v1,2.3.0,11.88679245283019,8.4375,8.181818181818182,8.28409090909091,-0.30308441558441557,0.25,0.5,0.25,recent-form-k-v1-report-only
824488,2026-07-30,695076,Rhett Lowder,,2026-08-14T16:33:41.000015+00:00,5,23,1.0.0,3d650a7857a797568d3c2e0feeba731200d8d93f709ac3a775cf7f91eecff002,10.0,38.0,36.8,9.293478260869565,0.2032085561497326,0.1016042780748663,0.2566844919786096,6.923076923076923,5.74468085106383,2.333333333333333,1.8,0.0,0.0,0.0,1.0,0.0,0.0,0.0,70.0,6.0,1.0,0.0,0.0,0.0,0.0,0.0,0.0,26.0,14.0,12.0,0.1386500735392201,0.1437354951755873,0.1327170816301251,0.0,0.435386119257087,0.0,0.0,0.0,0.0,134.0,v1,2.3.0,9.293478260869565,6.923076923076923,5.74468085106383,6.216039279869067,-0.3311396330433284,0.2032085561497326,0.21739130434782608,0.014182748198093481,recent-form-k-v1-report-only
823595,2026-07-30,691587,Eury Pérez,,2026-08-14T16:33:41.049635+00:00,6,24,1.0.0,71f8a467a60221765a25b36a87dd19d7736a43b968867f8c01ccb16533280421,10.0,61.0,56.400000000000006,9.734042553191488,0.2811059907834101,0.0783410138248847,0.1566820276497695,8.052631578947368,9.54983922829582,5.666666666666667,6.6,0.0,0.0,0.0,1.0,0.0,0.0,0.0,70.0,5.0,1.0,0.0,0.0,0.0,0.0,0.0,0.0,24.0,15.0,9.0,0.1599349435021464,0.1398971861471861,0.1933312057604136,0.0,0.3858585858585859,0.0,0.0,0.0,0.0,121.0,v1,2.3.0,9.734042553191488,8.052631578947368,9.54983922829582,8.95095616855644,-0.0804482187493929,0.2811059907834101,0.25,-0.031105990783410087,recent-form-k-v1-report-only
823595,2026-07-30,690997,Nolan McLean,,2026-08-14T16:33:41.050425+00:00,6,26,1.0.0,4c6852bb996f018d29d79234df92110c360b3bc314c624171fc45e3d2f992cfc,10.0,67.0,58.0,10.39655172413793,0.2757201646090535,0.0987654320987654,0.1728395061728395,12.0,10.8,8.0,7.2,0.0,0.0,0.0,1.0,0.0,0.0,0.0,70.0,5.0,1.0,0.0,0.0,0.0,0.0,0.0,0.0,26.0,16.0,10.0,0.1348631635627308,0.0855248917748917,0.2138043984232732,0.0,0.4085630743525481,0.0,0.0,0.0,0.0,146.0,v1,2.3.0,10.39655172413793,12.0,10.8,11.280000000000001,0.08497512437810961,0.2757201646090535,0.23076923076923078,-0.04495093383982274,recent-form-k-v1-report-only
824894,2026-07-30,663623,Jake Irvin,,2026-08-14T16:33:41.168168+00:00,1,20,1.0.0,b39ece892f9e96d15d0fc1540853718a2b2aeb3a98b3bfd57c1ff8f0ee305a34,10.0,51.0,46.2,9.935064935064934,0.2451923076923076,0.1009615384615384,0.2163461538461538,12.75,9.818181818181818,5.666666666666667,4.8,0.0,0.0,0.0,1.0,0.0,0.0,0.0,70.0,68.0,1.0,0.0,0.0,0.0,0.0,0.0,0.0,25.0,12.0,13.0,0.139596818843373,0.1453971888754497,0.1342426311214561,0.0,0.4507429507429508,0.0,0.0,0.0,0.0,144.0,v1,2.3.0,9.935064935064934,12.75,9.818181818181818,10.990909090909092,0.10627450980392172,0.2451923076923076,0.05,-0.1951923076923076,recent-form-k-v1-report-only
824894,2026-07-30,656550,Grant Holmes,,2026-08-14T16:33:41.202078+00:00,4,21,1.0.0,4db1ab4b5214df28c499b30068174f975c885833aba433f75accbdd43c607ef9,10.0,35.0,43.6,7.224770642201834,0.1758793969849246,0.0954773869346733,0.2261306532663316,7.2,6.75,4.0,3.6,0.0,0.0,0.0,1.0,0.0,0.0,0.0,70.0,6.0,1.0,0.0,0.0,0.0,0.0,0.0,0.0,26.0,16.0,10.0,0.1139942764456494,0.0733730158730158,0.1789882933618631,0.0,0.3468944099378881,0.0,0.0,0.0,0.0,120.0,v1,2.3.0,7.224770642201834,7.2,6.75,6.93,-0.04079999999999995,0.1758793969849246,0.19047619047619047,0.014596793491265858,recent-form-k-v1-report-only
824974,2026-07-30,543243,Sonny Gray,,2026-08-14T16:33:41.244918+00:00,5,30,1.0.0,ee0450a3af5bff51f4eb0c60ff8d6bc411093ef9b1fe862f828c0e1307accae0,10.0,59.0,62.2,8.536977491961414,0.2369477911646586,0.0682730923694779,0.216867469879518,5.823529411764706,8.073089700996677,3.6666666666666665,5.4,0.0,0.0,0.0,1.0,0.0,0.0,0.0,70.0,5.0,1.0,0.0,0.0,0.0,0.0,0.0,0.0,26.0,15.0,11.0,0.1296995478328726,0.0993337024732373,0.1711075187778299,0.0,0.4182539682539682,0.0,0.0,0.0,0.0,133.0,v1,2.3.0,8.536977491961414,5.823529411764706,8.073089700996677,7.173265585303888,-0.15974177136364998,0.2369477911646586,0.16666666666666666,-0.07028112449799195,recent-form-k-v1-report-only
824974,2026-07-30,686930,Mason Barnett,,2026-08-14T16:33:41.265369+00:00,6,21,1.0.0,5976b1f4bed269496eeca56057a002f4facbcd629b979ec1d66f421d6cb8840d,10.0,10.0,14.3,6.293706293706294,0.1428571428571428,0.1285714285714285,0.2571428571428571,3.5294117647058827,3.956043956043956,0.6666666666666666,0.8,0.0,0.0,0.0,1.0,0.0,0.0,0.0,70.0,5.0,1.0,0.0,0.0,0.0,0.0,0.0,0.0,26.0,15.0,11.0,0.131149357722794,0.1653956978011483,0.0844498030704927,0.0,0.4086337513061651,0.0,0.0,0.0,0.0,111.0,v1,2.3.0,6.293706293706294,3.5294117647058827,3.956043956043956,3.785391079508727,-0.39854341736694676,0.1428571428571428,0.2857142857142857,0.1428571428571429,recent-form-k-v1-report-only
823271,2026-07-30,592662,Robbie Ray,,2026-08-14T16:33:41.326691+00:00,6,22,1.0.0,73ec99c0d5d06be403f2046c72d62835f030fc7dc144929f110a91709d109c79,10.0,48.0,57.3,7.539267015706805,0.2,0.1125,0.1875,9.0,6.517241379310345,5.0,4.2,0.0,0.0,1.0,1.0,0.0,0.0,0.0,70.0,5.0,1.0,0.0,0.0,0.0,0.0,0.0,0.0,26.0,8.0,18.0,0.1155780397974387,0.0993238304093567,0.1228021328588085,0.0,0.360461338531514,0.0,0.0,0.0,0.0,135.0,v1,2.3.0,7.539267015706805,9.0,6.517241379310345,7.5103448275862075,-0.0038362068965515084,0.2,0.2727272727272727,0.0727272727272727,recent-form-k-v1-report-only
823271,2026-07-30,676664,JP Sears,,2026-08-14T16:33:41.327414+00:00,2,20,1.0.0,8ac9ea4d2a904a2af826c8fcfa07c5eadd76494e2c3f2f5155a3c32202818d92,6.0,23.0,26.6,7.781954887218045,0.1982758620689655,0.0775862068965517,0.2068965517241379,6.639344262295082,7.570093457943925,3.0,3.6,0.0,0.0,1.0,1.0,0.0,0.0,0.0,70.0,5.0,1.0,0.0,0.0,0.0,0.0,0.0,0.0,26.0,11.0,15.0,0.1572887178744176,0.1654071503209434,0.1513352007469654,0.0,0.6246031746031746,0.0,0.0,0.0,0.0,137.0,v1,2.3.0,7.781954887218045,6.639344262295082,7.570093457943925,7.197793779684389,-0.07506611333524271,0.1982758620689655,0.1,-0.09827586206896549,recent-form-k-v1-report-only
823921,2026-07-30,693433,Bryan Woo,,2026-08-14T16:33:41.382728+00:00,8,22,1.0.0,e1beefe6774197b2992d315a07ef22026577f727b718a3dcd00a8ae04d15dce7,10.0,59.0,55.400000000000006,9.584837545126351,0.2438016528925619,0.0495867768595041,0.2520661157024793,9.5625,8.96551724137931,5.666666666666667,5.2,0.0,0.0,0.0,1.0,0.0,0.0,0.0,70.0,5.0,1.0,0.0,0.0,0.0,0.0,0.0,0.0,26.0,16.0,10.0,0.1089292648626607,0.0792187926334268,0.156466020429435,0.0,0.3791208791208791,0.0,0.0,0.0,0.0,119.0,v1,2.3.0,9.584837545126351,9.5625,8.96551724137931,9.204310344827586,-0.03970095460744183,0.2438016528925619,0.36363636363636365,0.11983471074380175,recent-form-k-v1-report-only
823921,2026-07-30,808963,Roki Sasaki,,2026-08-14T16:33:41.383462+00:00,7,24,1.0.0,85bf0f4ba512383b44e7cfb2d0f929e1a823118a95a33569b99b7c35c2dffa84,10.0,55.0,51.6,9.593023255813954,0.2522935779816513,0.091743119266055,0.1926605504587156,9.395604395604396,8.571428571428571,6.333333333333333,4.8,0.0,0.0,0.0,1.0,0.0,0.0,0.0,70.0,6.0,1.0,0.0,0.0,0.0,0.0,0.0,0.0,25.0,17.0,8.0,0.1214863061333649,0.0874878604982411,0.1937330031080031,0.0,0.4353276353276353,0.0,0.0,0.0,0.0,136.0,v1,2.3.0,9.593023255813954,9.395604395604396,8.571428571428571,8.901098901098901,-0.07212787212787208,0.2522935779816513,0.2916666666666667,0.03937308868501538,recent-form-k-v1-report-only
824651,2026-07-31,701542,Will Warren,,2026-08-14T16:33:41.603640+00:00,7,23,1.0.0,0b7b24b0973685c2a5d4bb7c7ed4623f16f88a057bafb8e2c8121739f2d1da68,10.0,37.0,41.8,7.966507177033494,0.1796116504854369,0.0970873786407767,0.2718446601941747,8.78048780487805,9.364161849710984,2.6666666666666665,3.6,0.0,0.0,0.0,1.0,0.0,0.0,0.0,70.0,5.0,1.0,0.0,0.0,0.0,0.0,0.0,0.0,26.0,17.0,9.0,0.1333040731652198,0.123048577395037,0.1526755651755651,0.0,0.4967479674796748,0.0,0.0,0.0,0.0,112.0,v1,2.3.0,7.966507177033494,8.78048780487805,9.364161849710984,9.130692231777811,0.14613494080574307,0.1796116504854369,0.30434782608695654,0.12473617560151964,recent-form-k-v1-report-only
824651,2026-07-31,684007,Shota Imanaga,,2026-08-14T16:33:41.604428+00:00,6,23,1.0.0,5f51125395e599317a9daad9b6cae24bbafb5a898b8c5581e567e24729fc40fe,10.0,46.0,54.7,7.568555758683729,0.2035398230088495,0.0530973451327433,0.2300884955752212,6.5,7.95053003533569,4.333333333333333,5.0,0.0,0.0,1.0,1.0,0.0,0.0,0.0,70.0,6.0,1.0,0.0,0.0,0.0,0.0,0.0,0.0,25.0,9.0,16.0,0.1570822000317891,0.2076712105466919,0.1286258816171563,0.0,0.4360668529285911,0.0,0.0,0.0,0.0,147.0,v1,2.3.0,7.568555758683729,6.5,7.95053003533569,7.370318021201413,-0.026192280773629673,0.2035398230088495,0.2608695652173913,0.057329742208541784,recent-form-k-v1-report-only
824486,2026-07-31,694973,Paul Skenes,,2026-08-14T16:33:41.654693+00:00,7,22,1.0.0,e804f663e3d654487c76d1ea68d7854f600ce4155e86f43b44e5bcdc321c5de9,10.0,74.0,54.400000000000006,12.242647058823527,0.3148936170212766,0.0680851063829787,0.2382978723404255,13.6046511627907,11.580882352941178,8.666666666666666,7.0,0.0,0.0,0.0,1.0,0.0,0.0,0.0,70.0,6.0,1.0,0.0,0.0,0.0,0.0,0.0,0.0,26.0,15.0,11.0,0.1626176628092688,0.1734916327148924,0.1477895220288729,0.0,0.445906432748538,0.0,0.0,0.0,0.0,113.0,v1,2.3.0,12.242647058823527,13.6046511627907,11.580882352941178,12.390389876880988,0.012067881835324146,0.3148936170212766,0.3181818181818182,0.0032882011605415706,recent-form-k-v1-report-only
824809,2026-07-31,691725,Andrew Painter,,2026-08-14T16:33:41.730693+00:00,6,23,1.0.0,db3bc5b2d205d795348a63d7dcc6153ab7f6eee3e7d85bf259ba89cf34e6a0db,10.0,33.0,44.8,6.629464285714285,0.1506849315068493,0.091324200913242,0.2876712328767123,8.035714285714286,7.058823529411765,3.333333333333333,3.2,0.0,0.0,0.0,1.0,0.0,0.0,0.0,70.0,44.0,1.0,0.0,0.0,0.0,0.0,0.0,0.0,25.0,16.0,9.0,0.1280760085506008,0.1196505084968977,0.1430546753127398,0.0,0.3671822005155338,0.0,0.0,0.0,0.0,110.0,v1,2.3.0,6.629464285714285,8.035714285714286,7.058823529411765,7.449579831932773,0.12370766488413576,0.1506849315068493,0.2608695652173913,0.11018463371054199,recent-form-k-v1-report-only
824809,2026-07-31,687064,Brandon Young,,2026-08-14T16:33:41.768129+00:00,5,24,1.0.0,8b89310072acfec5311679be991ffc65872fe93f4e6d73b3057edceb396f4b7f,10.0,54.0,60.400000000000006,8.046357615894038,0.2134387351778656,0.0711462450592885,0.225296442687747,8.059701492537313,9.269102990033222,6.0,6.2,0.0,0.0,0.0,1.0,0.0,0.0,0.0,70.0,6.0,1.0,0.0,0.0,0.0,0.0,0.0,0.0,26.0,12.0,14.0,0.1479993948754234,0.1434710768857628,0.1518808102951325,0.0,0.4290740740740741,0.0,0.0,0.0,0.0,143.0,v1,2.3.0,8.046357615894038,8.059701492537313,9.269102990033222,8.785342391034858,0.09184090621091667,0.2134387351778656,0.20833333333333334,-0.005105401844532259,recent-form-k-v1-report-only
822782,2026-07-31,681517,Kyle Leahy,,2026-08-14T16:33:41.849245+00:00,3,24,1.0.0,f2fb416613cfa30d69a0506c30afc5cbbfc1bc66c55ab24cc726db469649793b,10.0,46.0,50.2,8.247011952191235,0.2266009852216748,0.0591133004926108,0.2167487684729064,9.0,9.36,5.0,5.2,0.0,0.0,0.0,1.0,0.0,0.0,0.0,70.0,5.0,1.0,0.0,0.0,0.0,0.0,0.0,0.0,26.0,17.0,9.0,0.1100939293500022,0.0977139540026536,0.1334783272283272,0.0,0.3666666666666666,0.0,0.0,0.0,0.0,141.0,v1,2.3.0,8.247011952191235,9.0,9.36,9.216,0.117495652173913,0.2266009852216748,0.125,-0.1016009852216748,recent-form-k-v1-report-only
822782,2026-07-31,656302,Dylan Cease,,2026-08-14T16:33:41.850079+00:00,7,24,1.0.0,d3caff91e555a84d75a5c2b904ff1c3c16058ba0cecd7f1abefd23b33bcfbf72,10.0,92.0,59.60000000000001,13.892617449664428,0.3833333333333333,0.1125,0.1416666666666666,11.73913043478261,12.894736842105262,10.0,9.8,0.0,0.0,0.0,1.0,0.0,0.0,0.0,70.0,6.0,1.0,0.0,0.0,0.0,0.0,0.0,0.0,26.0,16.0,10.0,0.1370923409114335,0.145501224466296,0.1236381272236535,0.0,0.5083333333333333,0.0,0.0,0.0,0.0,138.0,v1,2.3.0,13.892617449664428,11.73913043478261,12.894736842105262,12.4324942791762,-0.1051006533346599,0.3833333333333333,0.2916666666666667,-0.09166666666666662,recent-form-k-v1-report-only
824407,2026-07-31,676440,Tanner Bibee,,2026-08-14T16:33:41.894604+00:00,3,27,1.0.0,98c230d62dd91e17fbaaedc0c7d6766e5039322de3c861401281fb5e2f1ca16b,10.0,42.0,61.3,6.166394779771615,0.1721311475409836,0.0655737704918032,0.2008196721311475,6.428571428571429,4.931506849315069,4.333333333333333,3.2,0.0,0.0,0.0,1.0,0.0,0.0,0.0,70.0,6.0,1.0,0.0,0.0,0.0,0.0,0.0,0.0,26.0,14.0,12.0,0.0956465488574415,0.0897750724188312,0.102496604702487,0.0,0.2889144905273937,0.0,0.0,0.0,0.0,109.0,v1,2.3.0,6.166394779771615,6.428571428571429,4.931506849315069,5.5303326810176126,-0.10314975305190566,0.1721311475409836,0.1111111111111111,-0.0610200364298725,recent-form-k-v1-report-only
822945,2026-07-31,607200,Erick Fedde,,2026-08-14T16:33:42.006704+00:00,6,19,1.0.0,995c66b0142fae5d8fc34557d7c0ae8b04f623ef81095a4f79a25ee9f405957c,10.0,34.0,42.6,7.183098591549296,0.1818181818181818,0.0695187165775401,0.2352941176470588,8.181818181818182,7.297297297297297,3.6666666666666665,3.6,0.0,0.0,0.0,1.0,0.0,0.0,0.0,70.0,5.0,1.0,0.0,0.0,0.0,0.0,0.0,0.0,26.0,16.0,10.0,0.1204493124907103,0.0707295090008338,0.2000009980745126,0.0,0.3856745184685866,0.0,0.0,0.0,0.0,139.0,v1,2.3.0,7.183098591549296,8.181818181818182,7.297297297297297,7.6511056511056506,0.06515392397745323,0.1818181818181818,0.3157894736842105,0.1339712918660287,recent-form-k-v1-report-only
822945,2026-07-31,607259,Nick Martinez,,2026-08-14T16:33:42.007523+00:00,2,24,1.0.0,f779806f494454ca2a505652d932426b047ca0b18cef1978e492f4464af291c9,10.0,31.0,56.50000000000001,4.938053097345132,0.1341991341991342,0.0346320346320346,0.238095238095238,3.157894736842105,3.941605839416058,2.0,2.4,0.0,0.0,0.0,1.0,0.0,0.0,0.0,70.0,6.0,1.0,0.0,0.0,0.0,0.0,0.0,0.0,26.0,11.0,15.0,0.1385371527332667,0.1355996944232238,0.1406912888272982,0.0,0.4145273092641513,0.0,0.0,0.0,0.0,145.0,v1,2.3.0,4.938053097345132,3.157894736842105,3.941605839416058,3.628121398386477,-0.2652729067783657,0.1341991341991342,0.08333333333333333,-0.05086580086580088,recent-form-k-v1-report-only
823593,2026-07-31,676083,Janson Junk,,2026-08-14T16:33:42.056006+00:00,4,21,1.0.0,7719cd331842563a3d35dc7319b09bbafcbb6309ba0ac08cee58b4e4f736bc88,10.0,42.0,50.5,7.485148514851486,0.1883408071748878,0.0627802690582959,0.2556053811659193,9.545454545454549,7.758620689655173,4.666666666666667,4.0,0.0,0.0,0.0,1.0,0.0,0.0,0.0,70.0,5.0,1.0,0.0,0.0,0.0,0.0,0.0,0.0,26.0,17.0,9.0,0.1508411293428933,0.1225723105206605,0.2042377871182218,0.0,0.3924951737451738,0.0,0.0,0.0,0.0,121.0,v1,2.3.0,7.485148514851486,9.545454545454549,7.758620689655173,8.473354231974923,0.13202219236702017,0.1883408071748878,0.19047619047619047,0.002135383301302668,recent-form-k-v1-report-only
823593,2026-07-31,673540,Kodai Senga,,2026-08-14T16:33:42.075708+00:00,4,16,1.0.0,71ab0f9bf62336b63a71753c9d72b05036fe54b9f293404106273e931b70a82e,10.0,33.0,26.9,11.040892193308547,0.2244897959183673,0.1700680272108843,0.2448979591836734,12.352941176470589,10.97560975609756,2.333333333333333,3.0,0.0,0.0,0.0,1.0,0.0,0.0,0.0,70.0,13.0,1.0,0.0,0.0,0.0,0.0,0.0,0.0,26.0,16.0,10.0,0.133088258967686,0.0906686607569857,0.2009596161048066,0.0,0.41788114475572,0.0,0.0,0.0,0.0,146.0,v1,2.3.0,11.040892193308547,12.352941176470589,10.97560975609756,11.526542324246773,0.04398649334086957,0.2244897959183673,0.25,0.02551020408163271,recent-form-k-v1-report-only
824892,2026-07-31,656492,Foster Griffin,,2026-08-14T16:33:42.118914+00:00,3,25,1.0.0,eb983e055568ece450908c2f10644b19deb1eacaee6294bb41f857b9176c30d0,10.0,53.0,61.3,7.781402936378466,0.2208333333333333,0.0375,0.2041666666666666,5.792079207920792,6.70807453416149,4.333333333333333,4.8,0.0,0.0,1.0,1.0,0.0,0.0,0.0,70.0,6.0,1.0,0.0,0.0,0.0,0.0,0.0,0.0,25.0,12.0,13.0,0.1334091807421605,0.1154053997041801,0.1500280555464501,0.0,0.4426954426954427,0.0,0.0,0.0,0.0,144.0,v1,2.3.0,7.781402936378466,5.792079207920792,6.70807453416149,6.341676403665211,-0.1850214600740514,0.2208333333333333,0.12,-0.1008333333333333,recent-form-k-v1-report-only
824892,2026-07-31,693821,Bryce Elder,,2026-08-14T16:33:42.119757+00:00,3,25,1.0.0,eac811b1a2d11564fe547d87c67251f7dc4903081dca2017144310c479efeffd,10.0,42.0,50.3,7.514910536779324,0.1826086956521739,0.0739130434782608,0.2739130434782608,9.0,9.0,5.0,5.0,0.0,0.0,0.0,1.0,0.0,0.0,0.0,70.0,6.0,1.0,0.0,0.0,0.0,0.0,0.0,0.0,26.0,16.0,10.0,0.1043188953626497,0.0715584150326797,0.1567356638906016,0.0,0.3259590792838875,0.0,0.0,0.0,0.0,120.0,v1,2.3.0,7.514910536779324,9.0,9.0,9.0,0.19761904761904758,0.1826086956521739,0.12,-0.06260869565217392,recent-form-k-v1-report-only
824164,2026-07-31,543135,Nathan Eovaldi,,2026-08-14T16:33:42.162538+00:00,5,26,1.0.0,7670040ec4cbc4752e2418d80be2388db3837c757cb81217b47faae0f6c6bd14,10.0,69.0,60.2,10.3156146179402,0.2749003984063745,0.0597609561752988,0.2310756972111553,10.588235294117649,11.79310344827586,6.666666666666667,7.6,0.0,0.0,0.0,1.0,0.0,0.0,0.0,70.0,6.0,1.0,0.0,0.0,0.0,0.0,0.0,0.0,26.0,19.0,7.0,0.1339634990390113,0.1169973665743834,0.18001443001443,0.0,0.4486166007905138,0.0,0.0,0.0,0.0,117.0,v1,2.3.0,10.3156146179402,10.588235294117649,11.79310344827586,11.311156186612575,0.09650821647999508,0.2749003984063745,0.19230769230769232,-0.08259270609868216,recent-form-k-v1-report-only
824164,2026-07-31,686613,Hunter Brown,,2026-08-14T16:33:42.260076+00:00,5,23,1.0.0,148f3c00225db1118ec5d2d059877bf4aaa164e9845384ecf231e405658eaefd,9.0,50.0,45.6,9.86842105263158,0.25,0.14,0.16,7.848837209302326,7.279411764705882,5.0,4.4,0.0,0.0,0.0,1.0,0.0,0.0,0.0,70.0,6.0,1.0,0.0,0.0,0.0,0.0,0.0,0.0,26.0,15.0,11.0,0.144933624912587,0.1499771069406413,0.1380561494197857,0.0,0.3762594893029676,0.0,0.0,0.0,0.0,140.0,v1,2.3.0,9.86842105263158,7.848837209302326,7.279411764705882,7.5071819425444595,-0.23927222982216156,0.25,0.21739130434782608,-0.03260869565217392,recent-form-k-v1-report-only
824325,2026-07-31,608379,Michael Wacha,,2026-08-14T16:33:42.345246+00:00,7,25,1.0.0,e48a4ed637d4298786bd7aa1ff2e9f30b5a222b34f7f6cd126c933cc40703a73,10.0,44.0,60.6,6.534653465346534,0.1679389312977099,0.0610687022900763,0.2557251908396946,6.802325581395349,7.99342105263158,4.333333333333333,5.4,0.0,0.0,0.0,1.0,0.0,0.0,0.0,70.0,6.0,1.0,0.0,0.0,0.0,0.0,0.0,0.0,26.0,15.0,11.0,0.1295219124327942,0.097252245017736,0.173526004362419,0.0,0.3812260536398467,0.0,0.0,0.0,0.0,115.0,v1,2.3.0,6.534653465346534,6.802325581395349,7.99342105263158,7.516982864137088,0.1503261655724939,0.1679389312977099,0.28,0.11206106870229013,recent-form-k-v1-report-only
824325,2026-07-31,608372,Tomoyuki Sugano,,2026-08-14T16:33:42.346059+00:00,2,24,1.0.0,9afaa7ce50e3f9fdf24c233c380cb79c9414bd4c9b1894a3f06bfa8c2b0cfd22,10.0,32.0,52.60000000000001,5.47528517110266,0.1379310344827586,0.0517241379310344,0.2672413793103448,5.555555555555555,5.625,3.333333333333333,3.4,0.0,0.0,0.0,1.0,0.0,0.0,0.0,70.0,7.0,1.0,0.0,0.0,0.0,0.0,0.0,0.0,26.0,16.0,10.0,0.1176746320307767,0.0903022327841937,0.1614704708253095,0.0,0.3865971234392287,0.0,0.0,0.0,0.0,118.0,v1,2.3.0,5.47528517110266,5.555555555555555,5.625,5.597222222222222,0.02227044753086438,0.1379310344827586,0.08333333333333333,-0.05459770114942526,recent-form-k-v1-report-only
823999,2026-07-31,675660,Shane Drohan,,2026-08-14T16:33:42.460126+00:00,7,22,1.0.0,88fa8e3282aef57cad2fd8579dbbd128c1dbd726ad9de4258cced53446f952ea,10.0,54.0,53.5,9.08411214953271,0.2358078602620087,0.0655021834061135,0.2314410480349345,10.441988950276242,9.215017064846416,7.0,6.0,0.0,0.0,1.0,1.0,0.0,0.0,0.0,70.0,7.0,1.0,0.0,0.0,0.0,0.0,0.0,0.0,26.0,9.0,17.0,0.1346016461527852,0.066390399723733,0.1707134824975774,0.0,0.4276536151536151,0.0,0.0,0.0,0.0,108.0,v1,2.3.0,9.08411214953271,10.441988950276242,9.215017064846416,9.705805819018346,0.06843747184666982,0.2358078602620087,0.3181818181818182,0.08237395791980948,recent-form-k-v1-report-only
823999,2026-07-31,696270,Ryan Johnson,,2026-08-14T16:33:42.525738+00:00,3,22,1.0.0,1620b56a158940a14aed4a2b383739721fd4a5e5c890af9c01bd62647f1ca0af,10.0,32.0,38.1,7.559055118110236,0.1904761904761904,0.0773809523809523,0.238095238095238,6.870229007633588,7.737556561085972,3.333333333333333,3.8,0.0,0.0,0.0,1.0,0.0,0.0,0.0,70.0,6.0,1.0,0.0,0.0,0.0,0.0,0.0,0.0,24.0,14.0,10.0,0.1087512076117691,0.0872930564241539,0.1387926192744304,0.0,0.2753186274509804,0.0,0.0,0.0,0.0,158.0,v1,2.3.0,7.559055118110236,6.870229007633588,7.737556561085972,7.3906255397050185,-0.022281829643190254,0.1904761904761904,0.13636363636363635,-0.05411255411255406,recent-form-k-v1-report-only
824975,2026-07-31,605488,Jeffrey Springs,,2026-08-14T16:33:42.726400+00:00,2,20,1.0.0,8c885dbd6ca945a4f0277941fd81574f74160472cdb75b0d6b0eac6e81b3f5b9,10.0,36.0,40.8,7.9411764705882355,0.1756097560975609,0.0975609756097561,0.2878048780487804,5.294117647058824,6.176470588235294,2.0,2.8,0.0,0.0,1.0,1.0,0.0,0.0,0.0,70.0,5.0,1.0,0.0,0.0,0.0,0.0,0.0,0.0,26.0,9.0,17.0,0.1067104363384801,0.1093026727742808,0.1053380758724681,0.0,0.3657353938660654,0.0,0.0,0.0,0.0,116.0,v1,2.3.0,7.9411764705882355,5.294117647058824,6.176470588235294,5.8235294117647065,-0.2666666666666666,0.1756097560975609,0.1,-0.0756097560975609,recent-form-k-v1-report-only
823272,2026-07-31,699134,Bradgley Rodriguez,,2026-08-14T16:33:42.790430+00:00,2,3,1.0.0,67208c601fe27587191fc5753dece6a268ae5a34fac8c7a5b118635b8b8c79a7,10.0,12.0,7.799999999999999,13.846153846153848,0.3076923076923077,0.0512820512820512,0.2051282051282051,19.28571428571429,24.23076923076923,1.0,1.4,0.0,0.0,0.0,1.0,0.0,0.0,0.0,70.0,2.0,1.0,0.0,0.0,0.0,0.0,0.0,0.0,26.0,15.0,11.0,0.144984617041151,0.1438990440269212,0.146464943878737,0.0,0.5816441441441441,0.0,0.0,0.0,0.0,137.0,v1,2.3.0,13.846153846153848,19.28571428571429,24.23076923076923,22.252747252747252,0.6071428571428568,0.3076923076923077,0.6666666666666666,0.3589743589743589,recent-form-k-v1-report-only
823922,2026-07-31,624133,Ranger Suarez,,2026-08-14T16:33:42.888195+00:00,2,18,1.0.0,df44394471715fbedfef9a4295c76864151f55e5742be8a4eb92748d2c4bb9f8,10.0,63.0,49.6,11.431451612903226,0.2837837837837837,0.0675675675675675,0.2387387387387387,14.016393442622952,12.172131147540984,6.333333333333333,6.6,0.0,0.0,1.0,1.0,0.0,0.0,0.0,70.0,5.0,1.0,0.0,0.0,0.0,0.0,0.0,0.0,26.0,8.0,18.0,0.1160659257585645,0.1735364955863521,0.0905234502795478,0.0,0.406084656084656,0.0,0.0,0.0,0.0,119.0,v1,2.3.0,11.431451612903226,14.016393442622952,12.172131147540984,12.90983606557377,0.12932604735883424,0.2837837837837837,0.1111111111111111,-0.1726726726726726,recent-form-k-v1-report-only
823922,2026-07-31,683618,Edgardo Henriquez,,2026-08-14T16:33:42.923923+00:00,1,4,1.0.0,eb22a8c86374d8eb9d266c9fd40d7395aec14ece71b493f78d16af4c44bd92ed,10.0,9.0,7.0,11.571428571428571,0.2142857142857142,0.1904761904761904,0.119047619047619,27.69230769230769,26.47058823529412,1.3333333333333333,1.0,0.0,0.0,0.0,1.0,0.0,0.0,0.0,70.0,1.0,1.0,0.0,0.0,0.0,0.0,0.0,0.0,26.0,15.0,11.0,0.1390782877671086,0.1730695794750299,0.092726526347216,0.0,0.4189367816091954,0.0,0.0,0.0,0.0,111.0,v1,2.3.0,11.571428571428571,27.69230769230769,26.47058823529412,26.959276018099548,1.3298139768728006,0.2142857142857142,0.25,0.03571428571428581,recent-form-k-v1-report-only
823111,2026-07-31,805673,Zebby Matthews,,2026-08-14T16:33:43.020339+00:00,10,22,1.0.0,31842dd2279c4da29a0cffeadb9ed6847891282242acf3a953e232a7e69c3148,10.0,42.0,56.3,6.714031971580816,0.1707317073170731,0.089430894308943,0.2520325203252032,4.8,6.870229007633588,2.6666666666666665,4.0,0.0,0.0,0.0,1.0,0.0,0.0,0.0,70.0,7.0,1.0,0.0,0.0,0.0,0.0,0.0,0.0,25.0,17.0,8.0,0.1199079599451116,0.088263195251904,0.1871530849181777,0.0,0.4078144078144077,0.0,0.0,0.0,0.0,136.0,v1,2.3.0,6.714031971580816,4.8,6.870229007633588,6.042137404580153,-0.10007318550829991,0.1707317073170731,0.45454545454545453,0.28381374722838143,recent-form-k-v1-report-only
823111,2026-07-31,682243,Bryce Miller,,2026-08-14T16:33:43.021200+00:00,3,20,1.0.0,d1b30dd3ac3eb87b520c25175fc9002ad7ea85994e30a231791ccd5cb9c734e2,10.0,61.0,56.5,9.716814159292037,0.2772727272727273,0.0409090909090909,0.1954545454545454,5.294117647058823,9.163636363636364,3.0,5.6,0.0,0.0,0.0,1.0,0.0,0.0,0.0,70.0,7.0,1.0,0.0,0.0,0.0,0.0,0.0,0.0,26.0,15.0,11.0,0.119185787774252,0.1007558385167493,0.1443175367617558,0.0,0.3654130320796987,0.0,0.0,0.0,0.0,142.0,v1,2.3.0,9.716814159292037,5.294117647058823,9.163636363636364,7.615828877005347,-0.21622161830455,0.2772727272727273,0.15,-0.1272727272727273,recent-form-k-v1-report-only
