slate_date,event_id,commence_time,home_team,away_team,player_id,pitcher,market,side,point,price,bookmaker_id,book,provider,book_last_updated_at,deeplink,fetched_at_utc
2026-08-19,emmRPKQL9zKxWyVHGwRF,2026-08-19T22:05:00+00:00,Philadelphia Phillies,Miami Marlins,AARON_NOLA_1_MLB,Aaron Nola,pitcher_strikeouts,Over,5.5,-125.0,espnbet,ESPN BET,SPORTSGAMEODDS,2026-08-19T20:56:20.247Z,,2026-08-19T21:00:05.530875+00:00
2026-08-19,emmRPKQL9zKxWyVHGwRF,2026-08-19T22:05:00+00:00,Philadelphia Phillies,Miami Marlins,AARON_NOLA_1_MLB,Aaron Nola,pitcher_strikeouts,Over,5.5,-136.0,fanduel,FanDuel,SPORTSGAMEODDS,2026-08-19T20:54:54.460Z,https://sportsbook.fanduel.com/addToBetslip?marketId=42.600901719&selectionId=17888111,2026-08-19T21:00:05.530875+00:00
2026-08-19,emmRPKQL9zKxWyVHGwRF,2026-08-19T22:05:00+00:00,Philadelphia Phillies,Miami Marlins,AARON_NOLA_1_MLB,Aaron Nola,pitcher_strikeouts,Over,5.5,-123.0,draftkings,DraftKings,SPORTSGAMEODDS,2026-08-19T20:54:35.327Z,,2026-08-19T21:00:05.530875+00:00
2026-08-19,emmRPKQL9zKxWyVHGwRF,2026-08-19T22:05:00+00:00,Philadelphia Phillies,Miami Marlins,AARON_NOLA_1_MLB,Aaron Nola,pitcher_strikeouts,Over,5.5,-140.0,betmgm,BetMGM,SPORTSGAMEODDS,2026-08-19T20:56:07.219Z,https://sports.nj.betmgm.com/en/sports?options=2:7828155-203288217-775885027,2026-08-19T21:00:05.530875+00:00
2026-08-19,emmRPKQL9zKxWyVHGwRF,2026-08-19T22:05:00+00:00,Philadelphia Phillies,Miami Marlins,AARON_NOLA_1_MLB,Aaron Nola,pitcher_strikeouts,Over,5.5,-136.0,caesars,Caesars,SPORTSGAMEODDS,2026-08-19T20:56:18.219Z,https://sportsbook.caesars.com/us/nj/bet/betslip?selectionIds=5001375c-c4d0-344a-9e1f-5095723c77e4,2026-08-19T21:00:05.530875+00:00
2026-08-19,emmRPKQL9zKxWyVHGwRF,2026-08-19T22:05:00+00:00,Philadelphia Phillies,Miami Marlins,AARON_NOLA_1_MLB,Aaron Nola,pitcher_strikeouts,Under,5.5,-110.0,espnbet,ESPN BET,SPORTSGAMEODDS,2026-08-19T20:56:20.247Z,,2026-08-19T21:00:05.530875+00:00
2026-08-19,emmRPKQL9zKxWyVHGwRF,2026-08-19T22:05:00+00:00,Philadelphia Phillies,Miami Marlins,AARON_NOLA_1_MLB,Aaron Nola,pitcher_strikeouts,Under,5.5,106.0,fanduel,FanDuel,SPORTSGAMEODDS,2026-08-19T20:54:54.460Z,https://sportsbook.fanduel.com/addToBetslip?marketId=42.600901719&selectionId=17888112,2026-08-19T21:00:05.530875+00:00
2026-08-19,emmRPKQL9zKxWyVHGwRF,2026-08-19T22:05:00+00:00,Philadelphia Phillies,Miami Marlins,AARON_NOLA_1_MLB,Aaron Nola,pitcher_strikeouts,Under,5.5,-103.0,draftkings,DraftKings,SPORTSGAMEODDS,2026-08-19T20:54:35.327Z,,2026-08-19T21:00:05.530875+00:00
2026-08-19,emmRPKQL9zKxWyVHGwRF,2026-08-19T22:05:00+00:00,Philadelphia Phillies,Miami Marlins,AARON_NOLA_1_MLB,Aaron Nola,pitcher_strikeouts,Under,5.5,-105.0,betmgm,BetMGM,SPORTSGAMEODDS,2026-08-19T20:56:07.219Z,https://sports.nj.betmgm.com/en/sports?options=2:7828155-203288217-775885028,2026-08-19T21:00:05.530875+00:00
2026-08-19,emmRPKQL9zKxWyVHGwRF,2026-08-19T22:05:00+00:00,Philadelphia Phillies,Miami Marlins,AARON_NOLA_1_MLB,Aaron Nola,pitcher_strikeouts,Under,5.5,-108.0,caesars,Caesars,SPORTSGAMEODDS,2026-08-19T20:55:57.706Z,,2026-08-19T21:00:05.530875+00:00
2026-08-19,emmRPKQL9zKxWyVHGwRF,2026-08-19T22:05:00+00:00,Philadelphia Phillies,Miami Marlins,SANDY_ALCANTARA_1_MLB,Sandy Alcantara,pitcher_strikeouts,Over,4.5,110.0,espnbet,ESPN BET,SPORTSGAMEODDS,2026-08-19T20:56:20.247Z,,2026-08-19T21:00:05.530875+00:00
2026-08-19,emmRPKQL9zKxWyVHGwRF,2026-08-19T22:05:00+00:00,Philadelphia Phillies,Miami Marlins,SANDY_ALCANTARA_1_MLB,Sandy Alcantara,pitcher_strikeouts,Over,4.5,114.0,fanduel,FanDuel,SPORTSGAMEODDS,2026-08-19T20:54:54.460Z,https://sportsbook.fanduel.com/addToBetslip?marketId=42.600901718&selectionId=24190689,2026-08-19T21:00:05.530875+00:00
2026-08-19,emmRPKQL9zKxWyVHGwRF,2026-08-19T22:05:00+00:00,Philadelphia Phillies,Miami Marlins,SANDY_ALCANTARA_1_MLB,Sandy Alcantara,pitcher_strikeouts,Over,4.5,120.0,draftkings,DraftKings,SPORTSGAMEODDS,2026-08-19T20:54:35.327Z,,2026-08-19T21:00:05.530875+00:00
2026-08-19,emmRPKQL9zKxWyVHGwRF,2026-08-19T22:05:00+00:00,Philadelphia Phillies,Miami Marlins,SANDY_ALCANTARA_1_MLB,Sandy Alcantara,pitcher_strikeouts,Over,4.5,100.0,betmgm,BetMGM,SPORTSGAMEODDS,2026-08-19T20:56:07.219Z,https://sports.nj.betmgm.com/en/sports?options=2:7828155-203288184-775884961,2026-08-19T21:00:05.530875+00:00
2026-08-19,emmRPKQL9zKxWyVHGwRF,2026-08-19T22:05:00+00:00,Philadelphia Phillies,Miami Marlins,SANDY_ALCANTARA_1_MLB,Sandy Alcantara,pitcher_strikeouts,Over,4.5,115.0,caesars,Caesars,SPORTSGAMEODDS,2026-08-19T20:56:18.219Z,https://sportsbook.caesars.com/us/nj/bet/betslip?selectionIds=4f7eda6a-84ec-32e2-a927-6a54fe2b9f27,2026-08-19T21:00:05.530875+00:00
2026-08-19,emmRPKQL9zKxWyVHGwRF,2026-08-19T22:05:00+00:00,Philadelphia Phillies,Miami Marlins,SANDY_ALCANTARA_1_MLB,Sandy Alcantara,pitcher_strikeouts,Under,4.5,-155.0,espnbet,ESPN BET,SPORTSGAMEODDS,2026-08-19T20:56:20.247Z,,2026-08-19T21:00:05.530875+00:00
2026-08-19,emmRPKQL9zKxWyVHGwRF,2026-08-19T22:05:00+00:00,Philadelphia Phillies,Miami Marlins,SANDY_ALCANTARA_1_MLB,Sandy Alcantara,pitcher_strikeouts,Under,4.5,-146.0,fanduel,FanDuel,SPORTSGAMEODDS,2026-08-19T20:54:54.460Z,https://sportsbook.fanduel.com/addToBetslip?marketId=42.600901718&selectionId=24190690,2026-08-19T21:00:05.530875+00:00
2026-08-19,emmRPKQL9zKxWyVHGwRF,2026-08-19T22:05:00+00:00,Philadelphia Phillies,Miami Marlins,SANDY_ALCANTARA_1_MLB,Sandy Alcantara,pitcher_strikeouts,Under,4.5,-153.0,draftkings,DraftKings,SPORTSGAMEODDS,2026-08-19T20:54:35.327Z,,2026-08-19T21:00:05.530875+00:00
2026-08-19,emmRPKQL9zKxWyVHGwRF,2026-08-19T22:05:00+00:00,Philadelphia Phillies,Miami Marlins,SANDY_ALCANTARA_1_MLB,Sandy Alcantara,pitcher_strikeouts,Under,4.5,-145.0,betmgm,BetMGM,SPORTSGAMEODDS,2026-08-19T20:56:07.219Z,https://sports.nj.betmgm.com/en/sports?options=2:7828155-203288184-775884962,2026-08-19T21:00:05.530875+00:00
2026-08-19,emmRPKQL9zKxWyVHGwRF,2026-08-19T22:05:00+00:00,Philadelphia Phillies,Miami Marlins,SANDY_ALCANTARA_1_MLB,Sandy Alcantara,pitcher_strikeouts,Under,4.5,-150.0,caesars,Caesars,SPORTSGAMEODDS,2026-08-19T20:55:57.706Z,,2026-08-19T21:00:05.530875+00:00
2026-08-19,emmRPKQL9zKxWyVHGwRF,2026-08-19T22:05:00+00:00,Philadelphia Phillies,Miami Marlins,AARON_NOLA_1_MLB,Aaron Nola,pitcher_hits_allowed,Over,5.5,100.0,espnbet,ESPN BET,SPORTSGAMEODDS,2026-08-19T20:56:20.247Z,,2026-08-19T21:00:05.530875+00:00
2026-08-19,emmRPKQL9zKxWyVHGwRF,2026-08-19T22:05:00+00:00,Philadelphia Phillies,Miami Marlins,AARON_NOLA_1_MLB,Aaron Nola,pitcher_hits_allowed,Over,5.5,-101.0,draftkings,DraftKings,SPORTSGAMEODDS,2026-08-19T20:54:35.327Z,,2026-08-19T21:00:05.530875+00:00
2026-08-19,emmRPKQL9zKxWyVHGwRF,2026-08-19T22:05:00+00:00,Philadelphia Phillies,Miami Marlins,AARON_NOLA_1_MLB,Aaron Nola,pitcher_hits_allowed,Over,5.5,-105.0,betmgm,BetMGM,SPORTSGAMEODDS,2026-08-19T20:56:07.219Z,https://sports.nj.betmgm.com/en/sports?options=2:7828155-203288521-775885635,2026-08-19T21:00:05.530875+00:00
2026-08-19,emmRPKQL9zKxWyVHGwRF,2026-08-19T22:05:00+00:00,Philadelphia Phillies,Miami Marlins,AARON_NOLA_1_MLB,Aaron Nola,pitcher_hits_allowed,Over,5.5,100.0,caesars,Caesars,SPORTSGAMEODDS,2026-08-19T20:55:57.706Z,,2026-08-19T21:00:05.530875+00:00
2026-08-19,emmRPKQL9zKxWyVHGwRF,2026-08-19T22:05:00+00:00,Philadelphia Phillies,Miami Marlins,AARON_NOLA_1_MLB,Aaron Nola,pitcher_hits_allowed,Under,5.5,-140.0,espnbet,ESPN BET,SPORTSGAMEODDS,2026-08-19T20:56:20.247Z,,2026-08-19T21:00:05.530875+00:00
2026-08-19,emmRPKQL9zKxWyVHGwRF,2026-08-19T22:05:00+00:00,Philadelphia Phillies,Miami Marlins,AARON_NOLA_1_MLB,Aaron Nola,pitcher_hits_allowed,Under,5.5,-131.0,draftkings,DraftKings,SPORTSGAMEODDS,2026-08-19T20:54:35.327Z,,2026-08-19T21:00:05.530875+00:00
2026-08-19,emmRPKQL9zKxWyVHGwRF,2026-08-19T22:05:00+00:00,Philadelphia Phillies,Miami Marlins,AARON_NOLA_1_MLB,Aaron Nola,pitcher_hits_allowed,Under,5.5,-140.0,betmgm,BetMGM,SPORTSGAMEODDS,2026-08-19T20:56:07.219Z,https://sports.nj.betmgm.com/en/sports?options=2:7828155-203288521-775885636,2026-08-19T21:00:05.530875+00:00
2026-08-19,emmRPKQL9zKxWyVHGwRF,2026-08-19T22:05:00+00:00,Philadelphia Phillies,Miami Marlins,AARON_NOLA_1_MLB,Aaron Nola,pitcher_hits_allowed,Under,5.5,-141.0,caesars,Caesars,SPORTSGAMEODDS,2026-08-19T20:55:57.706Z,,2026-08-19T21:00:05.530875+00:00
2026-08-19,emmRPKQL9zKxWyVHGwRF,2026-08-19T22:05:00+00:00,Philadelphia Phillies,Miami Marlins,SANDY_ALCANTARA_1_MLB,Sandy Alcantara,pitcher_hits_allowed,Over,6.5,105.0,espnbet,ESPN BET,SPORTSGAMEODDS,2026-08-19T20:56:20.247Z,,2026-08-19T21:00:05.530875+00:00
2026-08-19,emmRPKQL9zKxWyVHGwRF,2026-08-19T22:05:00+00:00,Philadelphia Phillies,Miami Marlins,SANDY_ALCANTARA_1_MLB,Sandy Alcantara,pitcher_hits_allowed,Over,6.5,102.0,draftkings,DraftKings,SPORTSGAMEODDS,2026-08-19T20:54:35.327Z,,2026-08-19T21:00:05.530875+00:00
2026-08-19,emmRPKQL9zKxWyVHGwRF,2026-08-19T22:05:00+00:00,Philadelphia Phillies,Miami Marlins,SANDY_ALCANTARA_1_MLB,Sandy Alcantara,pitcher_hits_allowed,Over,6.5,105.0,betmgm,BetMGM,SPORTSGAMEODDS,2026-08-19T20:56:07.219Z,https://sports.nj.betmgm.com/en/sports?options=2:7828155-203288202-775884997,2026-08-19T21:00:05.530875+00:00
2026-08-19,emmRPKQL9zKxWyVHGwRF,2026-08-19T22:05:00+00:00,Philadelphia Phillies,Miami Marlins,SANDY_ALCANTARA_1_MLB,Sandy Alcantara,pitcher_hits_allowed,Over,6.5,100.0,caesars,Caesars,SPORTSGAMEODDS,2026-08-19T20:55:57.706Z,,2026-08-19T21:00:05.530875+00:00
2026-08-19,emmRPKQL9zKxWyVHGwRF,2026-08-19T22:05:00+00:00,Philadelphia Phillies,Miami Marlins,SANDY_ALCANTARA_1_MLB,Sandy Alcantara,pitcher_hits_allowed,Under,6.5,-150.0,espnbet,ESPN BET,SPORTSGAMEODDS,2026-08-19T20:56:20.247Z,,2026-08-19T21:00:05.530875+00:00
2026-08-19,emmRPKQL9zKxWyVHGwRF,2026-08-19T22:05:00+00:00,Philadelphia Phillies,Miami Marlins,SANDY_ALCANTARA_1_MLB,Sandy Alcantara,pitcher_hits_allowed,Under,6.5,-135.0,draftkings,DraftKings,SPORTSGAMEODDS,2026-08-19T20:54:35.327Z,,2026-08-19T21:00:05.530875+00:00
2026-08-19,emmRPKQL9zKxWyVHGwRF,2026-08-19T22:05:00+00:00,Philadelphia Phillies,Miami Marlins,SANDY_ALCANTARA_1_MLB,Sandy Alcantara,pitcher_hits_allowed,Under,6.5,-155.0,betmgm,BetMGM,SPORTSGAMEODDS,2026-08-19T20:56:07.219Z,https://sports.nj.betmgm.com/en/sports?options=2:7828155-203288202-775884998,2026-08-19T21:00:05.530875+00:00
2026-08-19,emmRPKQL9zKxWyVHGwRF,2026-08-19T22:05:00+00:00,Philadelphia Phillies,Miami Marlins,SANDY_ALCANTARA_1_MLB,Sandy Alcantara,pitcher_hits_allowed,Under,6.5,-138.0,caesars,Caesars,SPORTSGAMEODDS,2026-08-19T20:55:57.706Z,,2026-08-19T21:00:05.530875+00:00
2026-08-19,emmRPKQL9zKxWyVHGwRF,2026-08-19T22:05:00+00:00,Philadelphia Phillies,Miami Marlins,AARON_NOLA_1_MLB,Aaron Nola,pitcher_outs,Over,16.5,-135.0,espnbet,ESPN BET,SPORTSGAMEODDS,2026-08-19T20:56:20.247Z,,2026-08-19T21:00:05.530875+00:00
2026-08-19,emmRPKQL9zKxWyVHGwRF,2026-08-19T22:05:00+00:00,Philadelphia Phillies,Miami Marlins,AARON_NOLA_1_MLB,Aaron Nola,pitcher_outs,Over,16.5,-132.0,fanduel,FanDuel,SPORTSGAMEODDS,2026-08-19T20:56:13.219Z,https://sportsbook.fanduel.com/addToBetslip?marketId=42.600952450&selectionId=98527856,2026-08-19T21:00:05.530875+00:00
2026-08-19,emmRPKQL9zKxWyVHGwRF,2026-08-19T22:05:00+00:00,Philadelphia Phillies,Miami Marlins,AARON_NOLA_1_MLB,Aaron Nola,pitcher_outs,Over,16.5,-129.0,caesars,Caesars,SPORTSGAMEODDS,2026-08-19T20:55:57.706Z,https://sportsbook.caesars.com/us/nj/bet/betslip?selectionIds=9a91c240-2cee-33b2-a91d-559d968fa159,2026-08-19T21:00:05.530875+00:00
2026-08-19,emmRPKQL9zKxWyVHGwRF,2026-08-19T22:05:00+00:00,Philadelphia Phillies,Miami Marlins,AARON_NOLA_1_MLB,Aaron Nola,pitcher_outs,Under,16.5,-105.0,espnbet,ESPN BET,SPORTSGAMEODDS,2026-08-19T20:56:20.247Z,,2026-08-19T21:00:05.530875+00:00
2026-08-19,emmRPKQL9zKxWyVHGwRF,2026-08-19T22:05:00+00:00,Philadelphia Phillies,Miami Marlins,AARON_NOLA_1_MLB,Aaron Nola,pitcher_outs,Under,16.5,100.0,fanduel,FanDuel,SPORTSGAMEODDS,2026-08-19T20:56:13.219Z,https://sportsbook.fanduel.com/addToBetslip?marketId=42.600952450&selectionId=98527855,2026-08-19T21:00:05.530875+00:00
2026-08-19,emmRPKQL9zKxWyVHGwRF,2026-08-19T22:05:00+00:00,Philadelphia Phillies,Miami Marlins,AARON_NOLA_1_MLB,Aaron Nola,pitcher_outs,Under,16.5,-104.0,caesars,Caesars,SPORTSGAMEODDS,2026-08-19T20:55:57.706Z,https://sportsbook.caesars.com/us/nj/bet/betslip?selectionIds=ba110eca-9b23-3fa1-989f-f910f1e7c559,2026-08-19T21:00:05.530875+00:00
2026-08-19,emmRPKQL9zKxWyVHGwRF,2026-08-19T22:05:00+00:00,Philadelphia Phillies,Miami Marlins,SANDY_ALCANTARA_1_MLB,Sandy Alcantara,pitcher_outs,Over,18.5,115.0,espnbet,ESPN BET,SPORTSGAMEODDS,2026-08-19T20:56:20.247Z,,2026-08-19T21:00:05.530875+00:00
2026-08-19,emmRPKQL9zKxWyVHGwRF,2026-08-19T22:05:00+00:00,Philadelphia Phillies,Miami Marlins,SANDY_ALCANTARA_1_MLB,Sandy Alcantara,pitcher_outs,Over,18.5,122.0,fanduel,FanDuel,SPORTSGAMEODDS,2026-08-19T20:56:13.219Z,https://sportsbook.fanduel.com/addToBetslip?marketId=42.600952437&selectionId=98192460,2026-08-19T21:00:05.530875+00:00
2026-08-19,emmRPKQL9zKxWyVHGwRF,2026-08-19T22:05:00+00:00,Philadelphia Phillies,Miami Marlins,SANDY_ALCANTARA_1_MLB,Sandy Alcantara,pitcher_outs,Over,18.5,118.0,draftkings,DraftKings,SPORTSGAMEODDS,2026-08-19T20:54:35.327Z,,2026-08-19T21:00:05.530875+00:00
2026-08-19,emmRPKQL9zKxWyVHGwRF,2026-08-19T22:05:00+00:00,Philadelphia Phillies,Miami Marlins,SANDY_ALCANTARA_1_MLB,Sandy Alcantara,pitcher_outs,Over,18.5,115.0,betmgm,BetMGM,SPORTSGAMEODDS,2026-08-19T20:56:07.219Z,https://sports.nj.betmgm.com/en/sports?options=19864127-1552022734-2278680224,2026-08-19T21:00:05.530875+00:00
2026-08-19,emmRPKQL9zKxWyVHGwRF,2026-08-19T22:05:00+00:00,Philadelphia Phillies,Miami Marlins,SANDY_ALCANTARA_1_MLB,Sandy Alcantara,pitcher_outs,Over,18.5,114.0,caesars,Caesars,SPORTSGAMEODDS,2026-08-19T20:56:18.219Z,https://sportsbook.caesars.com/us/nj/bet/betslip?selectionIds=6ae16ae7-20e3-3f3d-ae71-08682bef2d63,2026-08-19T21:00:05.530875+00:00
2026-08-19,emmRPKQL9zKxWyVHGwRF,2026-08-19T22:05:00+00:00,Philadelphia Phillies,Miami Marlins,SANDY_ALCANTARA_1_MLB,Sandy Alcantara,pitcher_outs,Under,18.5,-165.0,espnbet,ESPN BET,SPORTSGAMEODDS,2026-08-19T20:56:20.247Z,,2026-08-19T21:00:05.530875+00:00
2026-08-19,emmRPKQL9zKxWyVHGwRF,2026-08-19T22:05:00+00:00,Philadelphia Phillies,Miami Marlins,SANDY_ALCANTARA_1_MLB,Sandy Alcantara,pitcher_outs,Under,18.5,-162.0,fanduel,FanDuel,SPORTSGAMEODDS,2026-08-19T20:56:13.219Z,https://sportsbook.fanduel.com/addToBetslip?marketId=42.600952437&selectionId=98192459,2026-08-19T21:00:05.530875+00:00
2026-08-19,emmRPKQL9zKxWyVHGwRF,2026-08-19T22:05:00+00:00,Philadelphia Phillies,Miami Marlins,SANDY_ALCANTARA_1_MLB,Sandy Alcantara,pitcher_outs,Under,18.5,-156.0,draftkings,DraftKings,SPORTSGAMEODDS,2026-08-19T20:54:35.327Z,,2026-08-19T21:00:05.530875+00:00
2026-08-19,emmRPKQL9zKxWyVHGwRF,2026-08-19T22:05:00+00:00,Philadelphia Phillies,Miami Marlins,SANDY_ALCANTARA_1_MLB,Sandy Alcantara,pitcher_outs,Under,18.5,-160.0,betmgm,BetMGM,SPORTSGAMEODDS,2026-08-19T20:56:07.219Z,https://sports.nj.betmgm.com/en/sports?options=19864127-1552022734-2278680225,2026-08-19T21:00:05.530875+00:00
2026-08-19,emmRPKQL9zKxWyVHGwRF,2026-08-19T22:05:00+00:00,Philadelphia Phillies,Miami Marlins,SANDY_ALCANTARA_1_MLB,Sandy Alcantara,pitcher_outs,Under,18.5,-152.0,caesars,Caesars,SPORTSGAMEODDS,2026-08-19T20:56:18.219Z,https://sportsbook.caesars.com/us/nj/bet/betslip?selectionIds=fac70341-40b1-3d80-8634-bf3c49b8e620,2026-08-19T21:00:05.530875+00:00
2026-08-19,5OujRh0A9sQS8L66Jq0H,2026-08-19T22:35:00+00:00,Baltimore Orioles,New York Yankees,WILL_WARREN_1_MLB,Will Warren,pitcher_hits_allowed,Over,4.5,-140.0,espnbet,ESPN BET,SPORTSGAMEODDS,2026-08-19T20:56:24.442Z,,2026-08-19T21:00:05.530875+00:00
2026-08-19,5OujRh0A9sQS8L66Jq0H,2026-08-19T22:35:00+00:00,Baltimore Orioles,New York Yankees,WILL_WARREN_1_MLB,Will Warren,pitcher_hits_allowed,Over,4.5,-140.0,draftkings,DraftKings,SPORTSGAMEODDS,2026-08-19T20:54:35.327Z,,2026-08-19T21:00:05.530875+00:00
2026-08-19,5OujRh0A9sQS8L66Jq0H,2026-08-19T22:35:00+00:00,Baltimore Orioles,New York Yankees,WILL_WARREN_1_MLB,Will Warren,pitcher_hits_allowed,Over,4.5,-145.0,betmgm,BetMGM,SPORTSGAMEODDS,2026-08-19T20:56:10.914Z,https://sports.nj.betmgm.com/en/sports?options=2:7827809-203290164-775892096,2026-08-19T21:00:05.530875+00:00
2026-08-19,5OujRh0A9sQS8L66Jq0H,2026-08-19T22:35:00+00:00,Baltimore Orioles,New York Yankees,WILL_WARREN_1_MLB,Will Warren,pitcher_hits_allowed,Over,4.5,-141.0,caesars,Caesars,SPORTSGAMEODDS,2026-08-19T20:55:57.706Z,,2026-08-19T21:00:05.530875+00:00
2026-08-19,5OujRh0A9sQS8L66Jq0H,2026-08-19T22:35:00+00:00,Baltimore Orioles,New York Yankees,WILL_WARREN_1_MLB,Will Warren,pitcher_hits_allowed,Under,4.5,100.0,espnbet,ESPN BET,SPORTSGAMEODDS,2026-08-19T20:56:24.442Z,,2026-08-19T21:00:05.530875+00:00
2026-08-19,5OujRh0A9sQS8L66Jq0H,2026-08-19T22:35:00+00:00,Baltimore Orioles,New York Yankees,WILL_WARREN_1_MLB,Will Warren,pitcher_hits_allowed,Under,4.5,105.0,draftkings,DraftKings,SPORTSGAMEODDS,2026-08-19T20:54:35.327Z,,2026-08-19T21:00:05.530875+00:00
2026-08-19,5OujRh0A9sQS8L66Jq0H,2026-08-19T22:35:00+00:00,Baltimore Orioles,New York Yankees,WILL_WARREN_1_MLB,Will Warren,pitcher_hits_allowed,Under,4.5,100.0,betmgm,BetMGM,SPORTSGAMEODDS,2026-08-19T20:56:10.914Z,https://sports.nj.betmgm.com/en/sports?options=2:7827809-203290164-775892097,2026-08-19T21:00:05.530875+00:00
2026-08-19,5OujRh0A9sQS8L66Jq0H,2026-08-19T22:35:00+00:00,Baltimore Orioles,New York Yankees,WILL_WARREN_1_MLB,Will Warren,pitcher_hits_allowed,Under,4.5,106.0,caesars,Caesars,SPORTSGAMEODDS,2026-08-19T20:55:57.706Z,,2026-08-19T21:00:05.530875+00:00
2026-08-19,5OujRh0A9sQS8L66Jq0H,2026-08-19T22:35:00+00:00,Baltimore Orioles,New York Yankees,CHRIS_BASSITT_1_MLB,Chris Bassitt,pitcher_outs,Over,15.5,-105.0,espnbet,ESPN BET,SPORTSGAMEODDS,2026-08-19T20:56:24.442Z,,2026-08-19T21:00:05.530875+00:00
2026-08-19,5OujRh0A9sQS8L66Jq0H,2026-08-19T22:35:00+00:00,Baltimore Orioles,New York Yankees,CHRIS_BASSITT_1_MLB,Chris Bassitt,pitcher_outs,Over,15.5,100.0,fanduel,FanDuel,SPORTSGAMEODDS,2026-08-19T20:56:23.414Z,https://sportsbook.fanduel.com/addToBetslip?marketId=42.600952019&selectionId=98000063,2026-08-19T21:00:05.530875+00:00
2026-08-19,5OujRh0A9sQS8L66Jq0H,2026-08-19T22:35:00+00:00,Baltimore Orioles,New York Yankees,CHRIS_BASSITT_1_MLB,Chris Bassitt,pitcher_outs,Over,15.5,-102.0,draftkings,DraftKings,SPORTSGAMEODDS,2026-08-19T20:54:35.327Z,,2026-08-19T21:00:05.530875+00:00
2026-08-19,5OujRh0A9sQS8L66Jq0H,2026-08-19T22:35:00+00:00,Baltimore Orioles,New York Yankees,CHRIS_BASSITT_1_MLB,Chris Bassitt,pitcher_outs,Over,15.5,100.0,betmgm,BetMGM,SPORTSGAMEODDS,2026-08-19T20:56:10.914Z,https://sports.nj.betmgm.com/en/sports?options=19864128-1552023194-2278681179,2026-08-19T21:00:05.530875+00:00
2026-08-19,5OujRh0A9sQS8L66Jq0H,2026-08-19T22:35:00+00:00,Baltimore Orioles,New York Yankees,CHRIS_BASSITT_1_MLB,Chris Bassitt,pitcher_outs,Over,15.5,-104.0,caesars,Caesars,SPORTSGAMEODDS,2026-08-19T20:56:06.414Z,https://sportsbook.caesars.com/us/nj/bet/betslip?selectionIds=415e4733-5e8a-316d-86c1-cb25792cb316,2026-08-19T21:00:05.530875+00:00
2026-08-19,5OujRh0A9sQS8L66Jq0H,2026-08-19T22:35:00+00:00,Baltimore Orioles,New York Yankees,CHRIS_BASSITT_1_MLB,Chris Bassitt,pitcher_outs,Under,15.5,-135.0,espnbet,ESPN BET,SPORTSGAMEODDS,2026-08-19T20:56:24.442Z,,2026-08-19T21:00:05.530875+00:00
2026-08-19,5OujRh0A9sQS8L66Jq0H,2026-08-19T22:35:00+00:00,Baltimore Orioles,New York Yankees,CHRIS_BASSITT_1_MLB,Chris Bassitt,pitcher_outs,Under,15.5,-130.0,fanduel,FanDuel,SPORTSGAMEODDS,2026-08-19T20:56:23.414Z,https://sportsbook.fanduel.com/addToBetslip?marketId=42.600952019&selectionId=98000062,2026-08-19T21:00:05.530875+00:00
2026-08-19,5OujRh0A9sQS8L66Jq0H,2026-08-19T22:35:00+00:00,Baltimore Orioles,New York Yankees,CHRIS_BASSITT_1_MLB,Chris Bassitt,pitcher_outs,Under,15.5,-130.0,draftkings,DraftKings,SPORTSGAMEODDS,2026-08-19T20:54:35.327Z,,2026-08-19T21:00:05.530875+00:00
2026-08-19,5OujRh0A9sQS8L66Jq0H,2026-08-19T22:35:00+00:00,Baltimore Orioles,New York Yankees,CHRIS_BASSITT_1_MLB,Chris Bassitt,pitcher_outs,Under,15.5,-140.0,betmgm,BetMGM,SPORTSGAMEODDS,2026-08-19T20:56:10.914Z,https://sports.nj.betmgm.com/en/sports?options=19864128-1552023194-2278681180,2026-08-19T21:00:05.530875+00:00
2026-08-19,5OujRh0A9sQS8L66Jq0H,2026-08-19T22:35:00+00:00,Baltimore Orioles,New York Yankees,CHRIS_BASSITT_1_MLB,Chris Bassitt,pitcher_outs,Under,15.5,-129.0,caesars,Caesars,SPORTSGAMEODDS,2026-08-19T20:56:06.414Z,https://sportsbook.caesars.com/us/nj/bet/betslip?selectionIds=16ab2d66-87c5-3f1b-9b8b-e4f903a1ecef,2026-08-19T21:00:05.530875+00:00
2026-08-19,5OujRh0A9sQS8L66Jq0H,2026-08-19T22:35:00+00:00,Baltimore Orioles,New York Yankees,WILL_WARREN_1_MLB,Will Warren,pitcher_outs,Over,15.5,110.0,espnbet,ESPN BET,SPORTSGAMEODDS,2026-08-19T20:56:24.442Z,,2026-08-19T21:00:05.530875+00:00
2026-08-19,5OujRh0A9sQS8L66Jq0H,2026-08-19T22:35:00+00:00,Baltimore Orioles,New York Yankees,WILL_WARREN_1_MLB,Will Warren,pitcher_outs,Over,15.5,112.0,fanduel,FanDuel,SPORTSGAMEODDS,2026-08-19T20:56:23.414Z,https://sportsbook.fanduel.com/addToBetslip?marketId=42.600952021&selectionId=97779022,2026-08-19T21:00:05.530875+00:00
2026-08-19,5OujRh0A9sQS8L66Jq0H,2026-08-19T22:35:00+00:00,Baltimore Orioles,New York Yankees,WILL_WARREN_1_MLB,Will Warren,pitcher_outs,Over,15.5,111.0,draftkings,DraftKings,SPORTSGAMEODDS,2026-08-19T20:54:35.327Z,,2026-08-19T21:00:05.530875+00:00
2026-08-19,5OujRh0A9sQS8L66Jq0H,2026-08-19T22:35:00+00:00,Baltimore Orioles,New York Yankees,WILL_WARREN_1_MLB,Will Warren,pitcher_outs,Over,15.5,125.0,betmgm,BetMGM,SPORTSGAMEODDS,2026-08-19T20:56:10.914Z,https://sports.nj.betmgm.com/en/sports?options=19864128-1552023006-2278680790,2026-08-19T21:00:05.530875+00:00
2026-08-19,5OujRh0A9sQS8L66Jq0H,2026-08-19T22:35:00+00:00,Baltimore Orioles,New York Yankees,WILL_WARREN_1_MLB,Will Warren,pitcher_outs,Over,15.5,112.0,caesars,Caesars,SPORTSGAMEODDS,2026-08-19T20:56:06.414Z,https://sportsbook.caesars.com/us/nj/bet/betslip?selectionIds=6398ca94-0fe2-3980-9ecc-2450676056f9,2026-08-19T21:00:05.530875+00:00
2026-08-19,5OujRh0A9sQS8L66Jq0H,2026-08-19T22:35:00+00:00,Baltimore Orioles,New York Yankees,WILL_WARREN_1_MLB,Will Warren,pitcher_outs,Under,15.5,-160.0,espnbet,ESPN BET,SPORTSGAMEODDS,2026-08-19T20:56:24.442Z,,2026-08-19T21:00:05.530875+00:00
2026-08-19,5OujRh0A9sQS8L66Jq0H,2026-08-19T22:35:00+00:00,Baltimore Orioles,New York Yankees,WILL_WARREN_1_MLB,Will Warren,pitcher_outs,Under,15.5,-152.0,fanduel,FanDuel,SPORTSGAMEODDS,2026-08-19T20:56:23.414Z,https://sportsbook.fanduel.com/addToBetslip?marketId=42.600952021&selectionId=97779023,2026-08-19T21:00:05.530875+00:00
2026-08-19,5OujRh0A9sQS8L66Jq0H,2026-08-19T22:35:00+00:00,Baltimore Orioles,New York Yankees,WILL_WARREN_1_MLB,Will Warren,pitcher_outs,Under,15.5,-148.0,draftkings,DraftKings,SPORTSGAMEODDS,2026-08-19T20:54:35.327Z,,2026-08-19T21:00:05.530875+00:00
2026-08-19,5OujRh0A9sQS8L66Jq0H,2026-08-19T22:35:00+00:00,Baltimore Orioles,New York Yankees,WILL_WARREN_1_MLB,Will Warren,pitcher_outs,Under,15.5,-165.0,betmgm,BetMGM,SPORTSGAMEODDS,2026-08-19T20:56:10.914Z,https://sports.nj.betmgm.com/en/sports?options=19864128-1552023006-2278680791,2026-08-19T21:00:05.530875+00:00
2026-08-19,5OujRh0A9sQS8L66Jq0H,2026-08-19T22:35:00+00:00,Baltimore Orioles,New York Yankees,WILL_WARREN_1_MLB,Will Warren,pitcher_outs,Under,15.5,-150.0,caesars,Caesars,SPORTSGAMEODDS,2026-08-19T20:56:06.414Z,https://sportsbook.caesars.com/us/nj/bet/betslip?selectionIds=9584c4f4-2caa-35c5-b708-9b8bbb4445b5,2026-08-19T21:00:05.530875+00:00
2026-08-19,5OujRh0A9sQS8L66Jq0H,2026-08-19T22:35:00+00:00,Baltimore Orioles,New York Yankees,CHRIS_BASSITT_1_MLB,Chris Bassitt,pitcher_strikeouts,Over,4.5,-115.0,espnbet,ESPN BET,SPORTSGAMEODDS,2026-08-19T20:56:24.442Z,,2026-08-19T21:00:05.530875+00:00
2026-08-19,5OujRh0A9sQS8L66Jq0H,2026-08-19T22:35:00+00:00,Baltimore Orioles,New York Yankees,CHRIS_BASSITT_1_MLB,Chris Bassitt,pitcher_strikeouts,Over,4.5,-111.0,fanduel,FanDuel,SPORTSGAMEODDS,2026-08-19T20:54:54.460Z,https://sportsbook.fanduel.com/addToBetslip?marketId=717.181830865&selectionId=39017241,2026-08-19T21:00:05.530875+00:00
2026-08-19,5OujRh0A9sQS8L66Jq0H,2026-08-19T22:35:00+00:00,Baltimore Orioles,New York Yankees,CHRIS_BASSITT_1_MLB,Chris Bassitt,pitcher_strikeouts,Over,4.5,-120.0,draftkings,DraftKings,SPORTSGAMEODDS,2026-08-19T20:54:35.327Z,,2026-08-19T21:00:05.530875+00:00
2026-08-19,5OujRh0A9sQS8L66Jq0H,2026-08-19T22:35:00+00:00,Baltimore Orioles,New York Yankees,CHRIS_BASSITT_1_MLB,Chris Bassitt,pitcher_strikeouts,Over,4.5,-130.0,betmgm,BetMGM,SPORTSGAMEODDS,2026-08-19T20:56:10.914Z,https://sports.nj.betmgm.com/en/sports?options=2:7827809-203289783-775891292,2026-08-19T21:00:05.530875+00:00
2026-08-19,5OujRh0A9sQS8L66Jq0H,2026-08-19T22:35:00+00:00,Baltimore Orioles,New York Yankees,CHRIS_BASSITT_1_MLB,Chris Bassitt,pitcher_strikeouts,Over,4.5,-122.0,caesars,Caesars,SPORTSGAMEODDS,2026-08-19T20:56:06.414Z,https://sportsbook.caesars.com/us/nj/bet/betslip?selectionIds=898564d8-3840-3013-b553-9ff002c019c8,2026-08-19T21:00:05.530875+00:00
2026-08-19,5OujRh0A9sQS8L66Jq0H,2026-08-19T22:35:00+00:00,Baltimore Orioles,New York Yankees,CHRIS_BASSITT_1_MLB,Chris Bassitt,pitcher_strikeouts,Under,4.5,-115.0,espnbet,ESPN BET,SPORTSGAMEODDS,2026-08-19T20:56:24.442Z,,2026-08-19T21:00:05.530875+00:00
2026-08-19,5OujRh0A9sQS8L66Jq0H,2026-08-19T22:35:00+00:00,Baltimore Orioles,New York Yankees,CHRIS_BASSITT_1_MLB,Chris Bassitt,pitcher_strikeouts,Under,4.5,-115.0,fanduel,FanDuel,SPORTSGAMEODDS,2026-08-19T20:54:54.460Z,https://sportsbook.fanduel.com/addToBetslip?marketId=717.181788373&selectionId=24092852,2026-08-19T21:00:05.530875+00:00
2026-08-19,5OujRh0A9sQS8L66Jq0H,2026-08-19T22:35:00+00:00,Baltimore Orioles,New York Yankees,CHRIS_BASSITT_1_MLB,Chris Bassitt,pitcher_strikeouts,Under,4.5,-107.0,draftkings,DraftKings,SPORTSGAMEODDS,2026-08-19T20:54:35.327Z,,2026-08-19T21:00:05.530875+00:00
2026-08-19,5OujRh0A9sQS8L66Jq0H,2026-08-19T22:35:00+00:00,Baltimore Orioles,New York Yankees,CHRIS_BASSITT_1_MLB,Chris Bassitt,pitcher_strikeouts,Under,4.5,-110.0,betmgm,BetMGM,SPORTSGAMEODDS,2026-08-19T20:56:10.914Z,https://sports.nj.betmgm.com/en/sports?options=2:7827809-203289783-775891293,2026-08-19T21:00:05.530875+00:00
2026-08-19,5OujRh0A9sQS8L66Jq0H,2026-08-19T22:35:00+00:00,Baltimore Orioles,New York Yankees,CHRIS_BASSITT_1_MLB,Chris Bassitt,pitcher_strikeouts,Under,4.5,-112.0,caesars,Caesars,SPORTSGAMEODDS,2026-08-19T20:55:57.706Z,,2026-08-19T21:00:05.530875+00:00
2026-08-19,5OujRh0A9sQS8L66Jq0H,2026-08-19T22:35:00+00:00,Baltimore Orioles,New York Yankees,WILL_WARREN_1_MLB,Will Warren,pitcher_strikeouts,Over,5.5,110.0,espnbet,ESPN BET,SPORTSGAMEODDS,2026-08-19T20:56:24.442Z,,2026-08-19T21:00:05.530875+00:00
2026-08-19,5OujRh0A9sQS8L66Jq0H,2026-08-19T22:35:00+00:00,Baltimore Orioles,New York Yankees,WILL_WARREN_1_MLB,Will Warren,pitcher_strikeouts,Over,5.5,120.0,fanduel,FanDuel,SPORTSGAMEODDS,2026-08-19T20:54:54.460Z,https://sportsbook.fanduel.com/addToBetslip?marketId=717.181815219&selectionId=72160736,2026-08-19T21:00:05.530875+00:00
2026-08-19,5OujRh0A9sQS8L66Jq0H,2026-08-19T22:35:00+00:00,Baltimore Orioles,New York Yankees,WILL_WARREN_1_MLB,Will Warren,pitcher_strikeouts,Over,5.5,115.0,draftkings,DraftKings,SPORTSGAMEODDS,2026-08-19T20:54:35.327Z,,2026-08-19T21:00:05.530875+00:00
2026-08-19,5OujRh0A9sQS8L66Jq0H,2026-08-19T22:35:00+00:00,Baltimore Orioles,New York Yankees,WILL_WARREN_1_MLB,Will Warren,pitcher_strikeouts,Over,5.5,110.0,betmgm,BetMGM,SPORTSGAMEODDS,2026-08-19T20:56:10.914Z,https://sports.nj.betmgm.com/en/sports?options=2:7827809-203289818-775891367,2026-08-19T21:00:05.530875+00:00
2026-08-19,5OujRh0A9sQS8L66Jq0H,2026-08-19T22:35:00+00:00,Baltimore Orioles,New York Yankees,WILL_WARREN_1_MLB,Will Warren,pitcher_strikeouts,Over,5.5,112.0,caesars,Caesars,SPORTSGAMEODDS,2026-08-19T20:56:06.414Z,https://sportsbook.caesars.com/us/nj/bet/betslip?selectionIds=500c575a-061e-32a5-9d27-0ac8ee6e6df7,2026-08-19T21:00:05.530875+00:00
2026-08-19,5OujRh0A9sQS8L66Jq0H,2026-08-19T22:35:00+00:00,Baltimore Orioles,New York Yankees,WILL_WARREN_1_MLB,Will Warren,pitcher_strikeouts,Under,5.5,-155.0,espnbet,ESPN BET,SPORTSGAMEODDS,2026-08-19T20:56:24.442Z,,2026-08-19T21:00:05.530875+00:00
2026-08-19,5OujRh0A9sQS8L66Jq0H,2026-08-19T22:35:00+00:00,Baltimore Orioles,New York Yankees,WILL_WARREN_1_MLB,Will Warren,pitcher_strikeouts,Under,5.5,-154.0,fanduel,FanDuel,SPORTSGAMEODDS,2026-08-19T20:54:54.460Z,https://sportsbook.fanduel.com/addToBetslip?marketId=717.181815219&selectionId=72160737,2026-08-19T21:00:05.530875+00:00
2026-08-19,5OujRh0A9sQS8L66Jq0H,2026-08-19T22:35:00+00:00,Baltimore Orioles,New York Yankees,WILL_WARREN_1_MLB,Will Warren,pitcher_strikeouts,Under,5.5,-147.0,draftkings,DraftKings,SPORTSGAMEODDS,2026-08-19T20:54:35.327Z,,2026-08-19T21:00:05.530875+00:00
2026-08-19,5OujRh0A9sQS8L66Jq0H,2026-08-19T22:35:00+00:00,Baltimore Orioles,New York Yankees,WILL_WARREN_1_MLB,Will Warren,pitcher_strikeouts,Under,5.5,-160.0,betmgm,BetMGM,SPORTSGAMEODDS,2026-08-19T20:56:10.914Z,https://sports.nj.betmgm.com/en/sports?options=2:7827809-203289818-775891368,2026-08-19T21:00:05.530875+00:00
2026-08-19,5OujRh0A9sQS8L66Jq0H,2026-08-19T22:35:00+00:00,Baltimore Orioles,New York Yankees,WILL_WARREN_1_MLB,Will Warren,pitcher_strikeouts,Under,5.5,-152.0,caesars,Caesars,SPORTSGAMEODDS,2026-08-19T20:55:57.706Z,,2026-08-19T21:00:05.530875+00:00
2026-08-19,5OujRh0A9sQS8L66Jq0H,2026-08-19T22:35:00+00:00,Baltimore Orioles,New York Yankees,CHRIS_BASSITT_1_MLB,Chris Bassitt,pitcher_hits_allowed,Over,4.5,-170.0,espnbet,ESPN BET,SPORTSGAMEODDS,2026-08-19T20:56:24.442Z,,2026-08-19T21:00:05.530875+00:00
2026-08-19,5OujRh0A9sQS8L66Jq0H,2026-08-19T22:35:00+00:00,Baltimore Orioles,New York Yankees,CHRIS_BASSITT_1_MLB,Chris Bassitt,pitcher_hits_allowed,Over,4.5,-156.0,draftkings,DraftKings,SPORTSGAMEODDS,2026-08-19T20:54:35.327Z,,2026-08-19T21:00:05.530875+00:00
2026-08-19,5OujRh0A9sQS8L66Jq0H,2026-08-19T22:35:00+00:00,Baltimore Orioles,New York Yankees,CHRIS_BASSITT_1_MLB,Chris Bassitt,pitcher_hits_allowed,Over,4.5,-165.0,betmgm,BetMGM,SPORTSGAMEODDS,2026-08-19T20:55:57.706Z,https://sports.nj.betmgm.com/en/sports?options=2:7827809-203290150-775892068,2026-08-19T21:00:05.530875+00:00
2026-08-19,5OujRh0A9sQS8L66Jq0H,2026-08-19T22:35:00+00:00,Baltimore Orioles,New York Yankees,CHRIS_BASSITT_1_MLB,Chris Bassitt,pitcher_hits_allowed,Over,4.5,-162.0,caesars,Caesars,SPORTSGAMEODDS,2026-08-19T20:55:57.706Z,,2026-08-19T21:00:05.530875+00:00
2026-08-19,5OujRh0A9sQS8L66Jq0H,2026-08-19T22:35:00+00:00,Baltimore Orioles,New York Yankees,CHRIS_BASSITT_1_MLB,Chris Bassitt,pitcher_hits_allowed,Under,4.5,120.0,espnbet,ESPN BET,SPORTSGAMEODDS,2026-08-19T20:56:24.442Z,,2026-08-19T21:00:05.530875+00:00
2026-08-19,5OujRh0A9sQS8L66Jq0H,2026-08-19T22:35:00+00:00,Baltimore Orioles,New York Yankees,CHRIS_BASSITT_1_MLB,Chris Bassitt,pitcher_hits_allowed,Under,4.5,117.0,draftkings,DraftKings,SPORTSGAMEODDS,2026-08-19T20:54:35.327Z,,2026-08-19T21:00:05.530875+00:00
2026-08-19,5OujRh0A9sQS8L66Jq0H,2026-08-19T22:35:00+00:00,Baltimore Orioles,New York Yankees,CHRIS_BASSITT_1_MLB,Chris Bassitt,pitcher_hits_allowed,Under,4.5,115.0,betmgm,BetMGM,SPORTSGAMEODDS,2026-08-19T20:55:57.706Z,https://sports.nj.betmgm.com/en/sports?options=2:7827809-203290150-775892069,2026-08-19T21:00:05.530875+00:00
2026-08-19,5OujRh0A9sQS8L66Jq0H,2026-08-19T22:35:00+00:00,Baltimore Orioles,New York Yankees,CHRIS_BASSITT_1_MLB,Chris Bassitt,pitcher_hits_allowed,Under,4.5,120.0,caesars,Caesars,SPORTSGAMEODDS,2026-08-19T20:55:57.706Z,,2026-08-19T21:00:05.530875+00:00
2026-08-19,IEOdwNjxqef90XVm6gOL,2026-08-19T22:40:00+00:00,Cincinnati Reds,St. Louis Cardinals,MATT_LIBERATORE_1_MLB,Matthew Liberatore,pitcher_hits_allowed,Over,4.5,-140.0,espnbet,ESPN BET,SPORTSGAMEODDS,2026-08-19T20:55:59.636Z,,2026-08-19T21:00:05.530875+00:00
2026-08-19,IEOdwNjxqef90XVm6gOL,2026-08-19T22:40:00+00:00,Cincinnati Reds,St. Louis Cardinals,MATT_LIBERATORE_1_MLB,Matthew Liberatore,pitcher_hits_allowed,Over,4.5,-135.0,draftkings,DraftKings,SPORTSGAMEODDS,2026-08-19T20:54:35.327Z,,2026-08-19T21:00:05.530875+00:00
2026-08-19,IEOdwNjxqef90XVm6gOL,2026-08-19T22:40:00+00:00,Cincinnati Reds,St. Louis Cardinals,MATT_LIBERATORE_1_MLB,Matthew Liberatore,pitcher_hits_allowed,Over,4.5,-155.0,betmgm,BetMGM,SPORTSGAMEODDS,2026-08-19T20:56:03.108Z,https://sports.nj.betmgm.com/en/sports?options=2:7827986-203285514-775874366,2026-08-19T21:00:05.530875+00:00
2026-08-19,IEOdwNjxqef90XVm6gOL,2026-08-19T22:40:00+00:00,Cincinnati Reds,St. Louis Cardinals,MATT_LIBERATORE_1_MLB,Matthew Liberatore,pitcher_hits_allowed,Over,4.5,-139.0,caesars,Caesars,SPORTSGAMEODDS,2026-08-19T20:55:57.706Z,,2026-08-19T21:00:05.530875+00:00
2026-08-19,IEOdwNjxqef90XVm6gOL,2026-08-19T22:40:00+00:00,Cincinnati Reds,St. Louis Cardinals,MATT_LIBERATORE_1_MLB,Matthew Liberatore,pitcher_hits_allowed,Under,4.5,100.0,espnbet,ESPN BET,SPORTSGAMEODDS,2026-08-19T20:55:59.636Z,,2026-08-19T21:00:05.530875+00:00
2026-08-19,IEOdwNjxqef90XVm6gOL,2026-08-19T22:40:00+00:00,Cincinnati Reds,St. Louis Cardinals,MATT_LIBERATORE_1_MLB,Matthew Liberatore,pitcher_hits_allowed,Under,4.5,102.0,draftkings,DraftKings,SPORTSGAMEODDS,2026-08-19T20:54:35.327Z,,2026-08-19T21:00:05.530875+00:00
2026-08-19,IEOdwNjxqef90XVm6gOL,2026-08-19T22:40:00+00:00,Cincinnati Reds,St. Louis Cardinals,MATT_LIBERATORE_1_MLB,Matthew Liberatore,pitcher_hits_allowed,Under,4.5,105.0,betmgm,BetMGM,SPORTSGAMEODDS,2026-08-19T20:56:03.108Z,https://sports.nj.betmgm.com/en/sports?options=2:7827986-203285514-775874367,2026-08-19T21:00:05.530875+00:00
2026-08-19,IEOdwNjxqef90XVm6gOL,2026-08-19T22:40:00+00:00,Cincinnati Reds,St. Louis Cardinals,MATT_LIBERATORE_1_MLB,Matthew Liberatore,pitcher_hits_allowed,Under,4.5,100.0,caesars,Caesars,SPORTSGAMEODDS,2026-08-19T20:55:57.706Z,,2026-08-19T21:00:05.530875+00:00
2026-08-19,IEOdwNjxqef90XVm6gOL,2026-08-19T22:40:00+00:00,Cincinnati Reds,St. Louis Cardinals,CHASE_BURNS_1_MLB,Chase Burns,pitcher_outs,Over,17.5,-120.0,espnbet,ESPN BET,SPORTSGAMEODDS,2026-08-19T20:55:59.636Z,,2026-08-19T21:00:05.530875+00:00
2026-08-19,IEOdwNjxqef90XVm6gOL,2026-08-19T22:40:00+00:00,Cincinnati Reds,St. Louis Cardinals,CHASE_BURNS_1_MLB,Chase Burns,pitcher_outs,Over,17.5,-108.0,fanduel,FanDuel,SPORTSGAMEODDS,2026-08-19T20:56:27.608Z,https://sportsbook.fanduel.com/addToBetslip?marketId=42.600951538&selectionId=97936124,2026-08-19T21:00:05.530875+00:00
2026-08-19,IEOdwNjxqef90XVm6gOL,2026-08-19T22:40:00+00:00,Cincinnati Reds,St. Louis Cardinals,CHASE_BURNS_1_MLB,Chase Burns,pitcher_outs,Over,17.5,-117.0,draftkings,DraftKings,SPORTSGAMEODDS,2026-08-19T20:54:35.327Z,,2026-08-19T21:00:05.530875+00:00
2026-08-19,IEOdwNjxqef90XVm6gOL,2026-08-19T22:40:00+00:00,Cincinnati Reds,St. Louis Cardinals,CHASE_BURNS_1_MLB,Chase Burns,pitcher_outs,Over,17.5,-130.0,betmgm,BetMGM,SPORTSGAMEODDS,2026-08-19T20:56:03.108Z,https://sports.nj.betmgm.com/en/sports?options=19864523-1552023853-2278682615,2026-08-19T21:00:05.530875+00:00
2026-08-19,IEOdwNjxqef90XVm6gOL,2026-08-19T22:40:00+00:00,Cincinnati Reds,St. Louis Cardinals,CHASE_BURNS_1_MLB,Chase Burns,pitcher_outs,Over,17.5,-115.0,caesars,Caesars,SPORTSGAMEODDS,2026-08-19T20:56:18.108Z,https://sportsbook.caesars.com/us/nj/bet/betslip?selectionIds=51f08d0b-1d72-3a60-9920-8153372da2ac,2026-08-19T21:00:05.530875+00:00
2026-08-19,IEOdwNjxqef90XVm6gOL,2026-08-19T22:40:00+00:00,Cincinnati Reds,St. Louis Cardinals,CHASE_BURNS_1_MLB,Chase Burns,pitcher_outs,Under,17.5,-120.0,espnbet,ESPN BET,SPORTSGAMEODDS,2026-08-19T20:55:59.636Z,,2026-08-19T21:00:05.530875+00:00
2026-08-19,IEOdwNjxqef90XVm6gOL,2026-08-19T22:40:00+00:00,Cincinnati Reds,St. Louis Cardinals,CHASE_BURNS_1_MLB,Chase Burns,pitcher_outs,Under,17.5,-125.0,fanduel,FanDuel,SPORTSGAMEODDS,2026-08-19T20:56:27.608Z,https://sportsbook.fanduel.com/addToBetslip?marketId=42.600951538&selectionId=97936123,2026-08-19T21:00:05.530875+00:00
2026-08-19,IEOdwNjxqef90XVm6gOL,2026-08-19T22:40:00+00:00,Cincinnati Reds,St. Louis Cardinals,CHASE_BURNS_1_MLB,Chase Burns,pitcher_outs,Under,17.5,-114.0,draftkings,DraftKings,SPORTSGAMEODDS,2026-08-19T20:54:35.327Z,,2026-08-19T21:00:05.530875+00:00
2026-08-19,IEOdwNjxqef90XVm6gOL,2026-08-19T22:40:00+00:00,Cincinnati Reds,St. Louis Cardinals,CHASE_BURNS_1_MLB,Chase Burns,pitcher_outs,Under,17.5,-105.0,betmgm,BetMGM,SPORTSGAMEODDS,2026-08-19T20:56:03.108Z,https://sports.nj.betmgm.com/en/sports?options=19864523-1552023853-2278682616,2026-08-19T21:00:05.530875+00:00
2026-08-19,IEOdwNjxqef90XVm6gOL,2026-08-19T22:40:00+00:00,Cincinnati Reds,St. Louis Cardinals,CHASE_BURNS_1_MLB,Chase Burns,pitcher_outs,Under,17.5,-115.0,caesars,Caesars,SPORTSGAMEODDS,2026-08-19T20:56:18.108Z,https://sportsbook.caesars.com/us/nj/bet/betslip?selectionIds=b4429dfc-91d9-3b8e-a507-8f00f9f39546,2026-08-19T21:00:05.530875+00:00
2026-08-19,IEOdwNjxqef90XVm6gOL,2026-08-19T22:40:00+00:00,Cincinnati Reds,St. Louis Cardinals,MATT_LIBERATORE_1_MLB,Matthew Liberatore,pitcher_outs,Over,15.5,105.0,espnbet,ESPN BET,SPORTSGAMEODDS,2026-08-19T20:55:59.636Z,,2026-08-19T21:00:05.530875+00:00
2026-08-19,IEOdwNjxqef90XVm6gOL,2026-08-19T22:40:00+00:00,Cincinnati Reds,St. Louis Cardinals,MATT_LIBERATORE_1_MLB,Matthew Liberatore,pitcher_outs,Over,15.5,108.0,fanduel,FanDuel,SPORTSGAMEODDS,2026-08-19T20:56:27.608Z,https://sportsbook.fanduel.com/addToBetslip?marketId=42.600951803&selectionId=97816254,2026-08-19T21:00:05.530875+00:00
2026-08-19,IEOdwNjxqef90XVm6gOL,2026-08-19T22:40:00+00:00,Cincinnati Reds,St. Louis Cardinals,MATT_LIBERATORE_1_MLB,Matthew Liberatore,pitcher_outs,Over,15.5,114.0,draftkings,DraftKings,SPORTSGAMEODDS,2026-08-19T20:54:35.327Z,,2026-08-19T21:00:05.530875+00:00
2026-08-19,IEOdwNjxqef90XVm6gOL,2026-08-19T22:40:00+00:00,Cincinnati Reds,St. Louis Cardinals,MATT_LIBERATORE_1_MLB,Matthew Liberatore,pitcher_outs,Over,15.5,115.0,betmgm,BetMGM,SPORTSGAMEODDS,2026-08-19T20:56:03.108Z,https://sports.nj.betmgm.com/en/sports?options=19864523-1552023451-2278681726,2026-08-19T21:00:05.530875+00:00
2026-08-19,IEOdwNjxqef90XVm6gOL,2026-08-19T22:40:00+00:00,Cincinnati Reds,St. Louis Cardinals,MATT_LIBERATORE_1_MLB,Matthew Liberatore,pitcher_outs,Over,15.5,111.0,caesars,Caesars,SPORTSGAMEODDS,2026-08-19T20:56:18.108Z,https://sportsbook.caesars.com/us/nj/bet/betslip?selectionIds=93901c94-7290-363a-b3dc-cde95bfe39e7,2026-08-19T21:00:05.530875+00:00
2026-08-19,IEOdwNjxqef90XVm6gOL,2026-08-19T22:40:00+00:00,Cincinnati Reds,St. Louis Cardinals,MATT_LIBERATORE_1_MLB,Matthew Liberatore,pitcher_outs,Under,15.5,-150.0,espnbet,ESPN BET,SPORTSGAMEODDS,2026-08-19T20:55:59.636Z,,2026-08-19T21:00:05.530875+00:00
2026-08-19,IEOdwNjxqef90XVm6gOL,2026-08-19T22:40:00+00:00,Cincinnati Reds,St. Louis Cardinals,MATT_LIBERATORE_1_MLB,Matthew Liberatore,pitcher_outs,Under,15.5,-144.0,fanduel,FanDuel,SPORTSGAMEODDS,2026-08-19T20:56:27.608Z,https://sportsbook.fanduel.com/addToBetslip?marketId=42.600951803&selectionId=97816255,2026-08-19T21:00:05.530875+00:00
2026-08-19,IEOdwNjxqef90XVm6gOL,2026-08-19T22:40:00+00:00,Cincinnati Reds,St. Louis Cardinals,MATT_LIBERATORE_1_MLB,Matthew Liberatore,pitcher_outs,Under,15.5,-151.0,draftkings,DraftKings,SPORTSGAMEODDS,2026-08-19T20:54:35.327Z,,2026-08-19T21:00:05.530875+00:00
2026-08-19,IEOdwNjxqef90XVm6gOL,2026-08-19T22:40:00+00:00,Cincinnati Reds,St. Louis Cardinals,MATT_LIBERATORE_1_MLB,Matthew Liberatore,pitcher_outs,Under,15.5,-155.0,betmgm,BetMGM,SPORTSGAMEODDS,2026-08-19T20:56:03.108Z,https://sports.nj.betmgm.com/en/sports?options=19864523-1552023451-2278681727,2026-08-19T21:00:05.530875+00:00
2026-08-19,IEOdwNjxqef90XVm6gOL,2026-08-19T22:40:00+00:00,Cincinnati Reds,St. Louis Cardinals,MATT_LIBERATORE_1_MLB,Matthew Liberatore,pitcher_outs,Under,15.5,-155.0,caesars,Caesars,SPORTSGAMEODDS,2026-08-19T20:56:18.108Z,https://sportsbook.caesars.com/us/nj/bet/betslip?selectionIds=4632715c-b03e-3a46-afaf-b4bab52cf820,2026-08-19T21:00:05.530875+00:00
2026-08-19,IEOdwNjxqef90XVm6gOL,2026-08-19T22:40:00+00:00,Cincinnati Reds,St. Louis Cardinals,CHASE_BURNS_1_MLB,Chase Burns,pitcher_hits_allowed,Over,4.5,-120.0,espnbet,ESPN BET,SPORTSGAMEODDS,2026-08-19T20:55:59.636Z,,2026-08-19T21:00:05.530875+00:00
2026-08-19,IEOdwNjxqef90XVm6gOL,2026-08-19T22:40:00+00:00,Cincinnati Reds,St. Louis Cardinals,CHASE_BURNS_1_MLB,Chase Burns,pitcher_hits_allowed,Over,4.5,-109.0,draftkings,DraftKings,SPORTSGAMEODDS,2026-08-19T20:54:35.327Z,,2026-08-19T21:00:05.530875+00:00
2026-08-19,IEOdwNjxqef90XVm6gOL,2026-08-19T22:40:00+00:00,Cincinnati Reds,St. Louis Cardinals,CHASE_BURNS_1_MLB,Chase Burns,pitcher_hits_allowed,Over,4.5,-120.0,betmgm,BetMGM,SPORTSGAMEODDS,2026-08-19T20:56:03.108Z,https://sports.nj.betmgm.com/en/sports?options=2:7827986-203285488-775874314,2026-08-19T21:00:05.530875+00:00
2026-08-19,IEOdwNjxqef90XVm6gOL,2026-08-19T22:40:00+00:00,Cincinnati Reds,St. Louis Cardinals,CHASE_BURNS_1_MLB,Chase Burns,pitcher_hits_allowed,Over,4.5,-125.0,caesars,Caesars,SPORTSGAMEODDS,2026-08-19T20:55:57.706Z,,2026-08-19T21:00:05.530875+00:00
2026-08-19,IEOdwNjxqef90XVm6gOL,2026-08-19T22:40:00+00:00,Cincinnati Reds,St. Louis Cardinals,CHASE_BURNS_1_MLB,Chase Burns,pitcher_hits_allowed,Under,4.5,-120.0,espnbet,ESPN BET,SPORTSGAMEODDS,2026-08-19T20:55:59.636Z,,2026-08-19T21:00:05.530875+00:00
2026-08-19,IEOdwNjxqef90XVm6gOL,2026-08-19T22:40:00+00:00,Cincinnati Reds,St. Louis Cardinals,CHASE_BURNS_1_MLB,Chase Burns,pitcher_hits_allowed,Under,4.5,-122.0,draftkings,DraftKings,SPORTSGAMEODDS,2026-08-19T20:54:35.327Z,,2026-08-19T21:00:05.530875+00:00
2026-08-19,IEOdwNjxqef90XVm6gOL,2026-08-19T22:40:00+00:00,Cincinnati Reds,St. Louis Cardinals,CHASE_BURNS_1_MLB,Chase Burns,pitcher_hits_allowed,Under,4.5,-120.0,betmgm,BetMGM,SPORTSGAMEODDS,2026-08-19T20:56:03.108Z,https://sports.nj.betmgm.com/en/sports?options=2:7827986-203285488-775874315,2026-08-19T21:00:05.530875+00:00
2026-08-19,IEOdwNjxqef90XVm6gOL,2026-08-19T22:40:00+00:00,Cincinnati Reds,St. Louis Cardinals,CHASE_BURNS_1_MLB,Chase Burns,pitcher_hits_allowed,Under,4.5,-113.0,caesars,Caesars,SPORTSGAMEODDS,2026-08-19T20:55:57.706Z,,2026-08-19T21:00:05.530875+00:00
2026-08-19,IEOdwNjxqef90XVm6gOL,2026-08-19T22:40:00+00:00,Cincinnati Reds,St. Louis Cardinals,CHASE_BURNS_1_MLB,Chase Burns,pitcher_strikeouts,Over,6.5,105.0,espnbet,ESPN BET,SPORTSGAMEODDS,2026-08-19T20:55:59.636Z,,2026-08-19T21:00:05.530875+00:00
2026-08-19,IEOdwNjxqef90XVm6gOL,2026-08-19T22:40:00+00:00,Cincinnati Reds,St. Louis Cardinals,CHASE_BURNS_1_MLB,Chase Burns,pitcher_strikeouts,Over,6.5,112.0,fanduel,FanDuel,SPORTSGAMEODDS,2026-08-19T20:54:54.460Z,https://sportsbook.fanduel.com/addToBetslip?marketId=717.181788554&selectionId=85205986,2026-08-19T21:00:05.530875+00:00
2026-08-19,IEOdwNjxqef90XVm6gOL,2026-08-19T22:40:00+00:00,Cincinnati Reds,St. Louis Cardinals,CHASE_BURNS_1_MLB,Chase Burns,pitcher_strikeouts,Over,6.5,-103.0,draftkings,DraftKings,SPORTSGAMEODDS,2026-08-19T20:54:35.327Z,,2026-08-19T21:00:05.530875+00:00
2026-08-19,IEOdwNjxqef90XVm6gOL,2026-08-19T22:40:00+00:00,Cincinnati Reds,St. Louis Cardinals,CHASE_BURNS_1_MLB,Chase Burns,pitcher_strikeouts,Over,6.5,105.0,betmgm,BetMGM,SPORTSGAMEODDS,2026-08-19T20:56:03.108Z,https://sports.nj.betmgm.com/en/sports?options=2:7827986-203285483-775874304,2026-08-19T21:00:05.530875+00:00
2026-08-19,IEOdwNjxqef90XVm6gOL,2026-08-19T22:40:00+00:00,Cincinnati Reds,St. Louis Cardinals,CHASE_BURNS_1_MLB,Chase Burns,pitcher_strikeouts,Over,6.5,102.0,caesars,Caesars,SPORTSGAMEODDS,2026-08-19T20:56:18.108Z,https://sportsbook.caesars.com/us/nj/bet/betslip?selectionIds=2f69b1bb-52f2-302d-9a3e-2e42d4ef9c48,2026-08-19T21:00:05.530875+00:00
2026-08-19,IEOdwNjxqef90XVm6gOL,2026-08-19T22:40:00+00:00,Cincinnati Reds,St. Louis Cardinals,CHASE_BURNS_1_MLB,Chase Burns,pitcher_strikeouts,Under,6.5,-140.0,espnbet,ESPN BET,SPORTSGAMEODDS,2026-08-19T20:55:59.636Z,,2026-08-19T21:00:05.530875+00:00
2026-08-19,IEOdwNjxqef90XVm6gOL,2026-08-19T22:40:00+00:00,Cincinnati Reds,St. Louis Cardinals,CHASE_BURNS_1_MLB,Chase Burns,pitcher_strikeouts,Under,6.5,-142.0,fanduel,FanDuel,SPORTSGAMEODDS,2026-08-19T20:54:54.460Z,https://sportsbook.fanduel.com/addToBetslip?marketId=717.181788554&selectionId=85205985,2026-08-19T21:00:05.530875+00:00
2026-08-19,IEOdwNjxqef90XVm6gOL,2026-08-19T22:40:00+00:00,Cincinnati Reds,St. Louis Cardinals,CHASE_BURNS_1_MLB,Chase Burns,pitcher_strikeouts,Under,6.5,-124.0,draftkings,DraftKings,SPORTSGAMEODDS,2026-08-19T20:54:35.327Z,,2026-08-19T21:00:05.530875+00:00
2026-08-19,IEOdwNjxqef90XVm6gOL,2026-08-19T22:40:00+00:00,Cincinnati Reds,St. Louis Cardinals,CHASE_BURNS_1_MLB,Chase Burns,pitcher_strikeouts,Under,6.5,-155.0,betmgm,BetMGM,SPORTSGAMEODDS,2026-08-19T20:56:03.108Z,https://sports.nj.betmgm.com/en/sports?options=2:7827986-203285483-775874305,2026-08-19T21:00:05.530875+00:00
2026-08-19,IEOdwNjxqef90XVm6gOL,2026-08-19T22:40:00+00:00,Cincinnati Reds,St. Louis Cardinals,CHASE_BURNS_1_MLB,Chase Burns,pitcher_strikeouts,Under,6.5,-139.0,caesars,Caesars,SPORTSGAMEODDS,2026-08-19T20:55:57.706Z,,2026-08-19T21:00:05.530875+00:00
2026-08-19,IEOdwNjxqef90XVm6gOL,2026-08-19T22:40:00+00:00,Cincinnati Reds,St. Louis Cardinals,MATT_LIBERATORE_1_MLB,Matthew Liberatore,pitcher_strikeouts,Over,5.5,-125.0,espnbet,ESPN BET,SPORTSGAMEODDS,2026-08-19T20:55:59.636Z,,2026-08-19T21:00:05.530875+00:00
2026-08-19,IEOdwNjxqef90XVm6gOL,2026-08-19T22:40:00+00:00,Cincinnati Reds,St. Louis Cardinals,MATT_LIBERATORE_1_MLB,Matthew Liberatore,pitcher_strikeouts,Over,5.5,-122.0,fanduel,FanDuel,SPORTSGAMEODDS,2026-08-19T20:54:54.460Z,https://sportsbook.fanduel.com/addToBetslip?marketId=42.600821849&selectionId=45429168,2026-08-19T21:00:05.530875+00:00
2026-08-19,IEOdwNjxqef90XVm6gOL,2026-08-19T22:40:00+00:00,Cincinnati Reds,St. Louis Cardinals,MATT_LIBERATORE_1_MLB,Matthew Liberatore,pitcher_strikeouts,Over,5.5,-130.0,draftkings,DraftKings,SPORTSGAMEODDS,2026-08-19T20:54:35.327Z,,2026-08-19T21:00:05.530875+00:00
2026-08-19,IEOdwNjxqef90XVm6gOL,2026-08-19T22:40:00+00:00,Cincinnati Reds,St. Louis Cardinals,MATT_LIBERATORE_1_MLB,Matthew Liberatore,pitcher_strikeouts,Over,5.5,-130.0,betmgm,BetMGM,SPORTSGAMEODDS,2026-08-19T20:56:03.108Z,https://sports.nj.betmgm.com/en/sports?options=2:7827986-203285473-775874284,2026-08-19T21:00:05.530875+00:00
2026-08-19,IEOdwNjxqef90XVm6gOL,2026-08-19T22:40:00+00:00,Cincinnati Reds,St. Louis Cardinals,MATT_LIBERATORE_1_MLB,Matthew Liberatore,pitcher_strikeouts,Over,5.5,-129.0,caesars,Caesars,SPORTSGAMEODDS,2026-08-19T20:56:18.108Z,https://sportsbook.caesars.com/us/nj/bet/betslip?selectionIds=aac9a8e8-65ea-3342-b1fd-7ff98c515a57,2026-08-19T21:00:05.530875+00:00
2026-08-19,IEOdwNjxqef90XVm6gOL,2026-08-19T22:40:00+00:00,Cincinnati Reds,St. Louis Cardinals,MATT_LIBERATORE_1_MLB,Matthew Liberatore,pitcher_strikeouts,Under,5.5,-110.0,espnbet,ESPN BET,SPORTSGAMEODDS,2026-08-19T20:55:59.636Z,,2026-08-19T21:00:05.530875+00:00
2026-08-19,IEOdwNjxqef90XVm6gOL,2026-08-19T22:40:00+00:00,Cincinnati Reds,St. Louis Cardinals,MATT_LIBERATORE_1_MLB,Matthew Liberatore,pitcher_strikeouts,Under,5.5,-104.0,fanduel,FanDuel,SPORTSGAMEODDS,2026-08-19T20:54:54.460Z,https://sportsbook.fanduel.com/addToBetslip?marketId=42.600821849&selectionId=45429166,2026-08-19T21:00:05.530875+00:00
2026-08-19,IEOdwNjxqef90XVm6gOL,2026-08-19T22:40:00+00:00,Cincinnati Reds,St. Louis Cardinals,MATT_LIBERATORE_1_MLB,Matthew Liberatore,pitcher_strikeouts,Under,5.5,102.0,draftkings,DraftKings,SPORTSGAMEODDS,2026-08-19T20:54:35.327Z,,2026-08-19T21:00:05.530875+00:00
2026-08-19,IEOdwNjxqef90XVm6gOL,2026-08-19T22:40:00+00:00,Cincinnati Reds,St. Louis Cardinals,MATT_LIBERATORE_1_MLB,Matthew Liberatore,pitcher_strikeouts,Under,5.5,-110.0,betmgm,BetMGM,SPORTSGAMEODDS,2026-08-19T20:56:03.108Z,https://sports.nj.betmgm.com/en/sports?options=2:7827986-203285473-775874285,2026-08-19T21:00:05.530875+00:00
2026-08-19,IEOdwNjxqef90XVm6gOL,2026-08-19T22:40:00+00:00,Cincinnati Reds,St. Louis Cardinals,MATT_LIBERATORE_1_MLB,Matthew Liberatore,pitcher_strikeouts,Under,5.5,-108.0,caesars,Caesars,SPORTSGAMEODDS,2026-08-19T20:55:57.706Z,,2026-08-19T21:00:05.530875+00:00
2026-08-19,jHfHf0Qu74420CWVEEq9,2026-08-19T22:40:00+00:00,Tampa Bay Rays,Toronto Blue Jays,DREW_RASMUSSEN_1_MLB,Drew Rasmussen,pitcher_hits_allowed,Over,4.5,-115.0,espnbet,ESPN BET,SPORTSGAMEODDS,2026-08-19T20:56:13.722Z,,2026-08-19T21:00:05.530875+00:00
2026-08-19,jHfHf0Qu74420CWVEEq9,2026-08-19T22:40:00+00:00,Tampa Bay Rays,Toronto Blue Jays,DREW_RASMUSSEN_1_MLB,Drew Rasmussen,pitcher_hits_allowed,Over,4.5,-109.0,draftkings,DraftKings,SPORTSGAMEODDS,2026-08-19T20:54:35.327Z,,2026-08-19T21:00:05.530875+00:00
2026-08-19,jHfHf0Qu74420CWVEEq9,2026-08-19T22:40:00+00:00,Tampa Bay Rays,Toronto Blue Jays,DREW_RASMUSSEN_1_MLB,Drew Rasmussen,pitcher_hits_allowed,Over,4.5,-110.0,betmgm,BetMGM,SPORTSGAMEODDS,2026-08-19T20:55:59.693Z,https://sports.nj.betmgm.com/en/sports?options=2:7827878-203282614-775860656,2026-08-19T21:00:05.530875+00:00
2026-08-19,jHfHf0Qu74420CWVEEq9,2026-08-19T22:40:00+00:00,Tampa Bay Rays,Toronto Blue Jays,DREW_RASMUSSEN_1_MLB,Drew Rasmussen,pitcher_hits_allowed,Over,4.5,-122.0,caesars,Caesars,SPORTSGAMEODDS,2026-08-19T20:55:57.706Z,,2026-08-19T21:00:05.530875+00:00
2026-08-19,jHfHf0Qu74420CWVEEq9,2026-08-19T22:40:00+00:00,Tampa Bay Rays,Toronto Blue Jays,DREW_RASMUSSEN_1_MLB,Drew Rasmussen,pitcher_hits_allowed,Under,4.5,-125.0,espnbet,ESPN BET,SPORTSGAMEODDS,2026-08-19T20:56:13.722Z,,2026-08-19T21:00:05.530875+00:00
2026-08-19,jHfHf0Qu74420CWVEEq9,2026-08-19T22:40:00+00:00,Tampa Bay Rays,Toronto Blue Jays,DREW_RASMUSSEN_1_MLB,Drew Rasmussen,pitcher_hits_allowed,Under,4.5,-122.0,draftkings,DraftKings,SPORTSGAMEODDS,2026-08-19T20:54:35.327Z,,2026-08-19T21:00:05.530875+00:00
2026-08-19,jHfHf0Qu74420CWVEEq9,2026-08-19T22:40:00+00:00,Tampa Bay Rays,Toronto Blue Jays,DREW_RASMUSSEN_1_MLB,Drew Rasmussen,pitcher_hits_allowed,Under,4.5,-135.0,betmgm,BetMGM,SPORTSGAMEODDS,2026-08-19T20:55:59.693Z,https://sports.nj.betmgm.com/en/sports?options=2:7827878-203282614-775860657,2026-08-19T21:00:05.530875+00:00
2026-08-19,jHfHf0Qu74420CWVEEq9,2026-08-19T22:40:00+00:00,Tampa Bay Rays,Toronto Blue Jays,DREW_RASMUSSEN_1_MLB,Drew Rasmussen,pitcher_hits_allowed,Under,4.5,-115.0,caesars,Caesars,SPORTSGAMEODDS,2026-08-19T20:55:57.706Z,,2026-08-19T21:00:05.530875+00:00
2026-08-19,jHfHf0Qu74420CWVEEq9,2026-08-19T22:40:00+00:00,Tampa Bay Rays,Toronto Blue Jays,MAXWELL_SCHERZER_1_MLB,Max Scherzer,pitcher_hits_allowed,Over,5.5,124.0,draftkings,DraftKings,SPORTSGAMEODDS,2026-08-19T20:54:35.327Z,,2026-08-19T21:00:05.530875+00:00
2026-08-19,jHfHf0Qu74420CWVEEq9,2026-08-19T22:40:00+00:00,Tampa Bay Rays,Toronto Blue Jays,MAXWELL_SCHERZER_1_MLB,Max Scherzer,pitcher_hits_allowed,Over,4.5,-165.0,betmgm,BetMGM,SPORTSGAMEODDS,2026-08-19T20:55:59.693Z,https://sports.nj.betmgm.com/en/sports?options=2:7827878-203298878-775928071,2026-08-19T21:00:05.530875+00:00
2026-08-19,jHfHf0Qu74420CWVEEq9,2026-08-19T22:40:00+00:00,Tampa Bay Rays,Toronto Blue Jays,MAXWELL_SCHERZER_1_MLB,Max Scherzer,pitcher_hits_allowed,Over,4.5,-164.0,caesars,Caesars,SPORTSGAMEODDS,2026-08-19T20:55:57.706Z,,2026-08-19T21:00:05.530875+00:00
2026-08-19,jHfHf0Qu74420CWVEEq9,2026-08-19T22:40:00+00:00,Tampa Bay Rays,Toronto Blue Jays,MAXWELL_SCHERZER_1_MLB,Max Scherzer,pitcher_hits_allowed,Under,5.5,-166.0,draftkings,DraftKings,SPORTSGAMEODDS,2026-08-19T20:54:35.327Z,,2026-08-19T21:00:05.530875+00:00
2026-08-19,jHfHf0Qu74420CWVEEq9,2026-08-19T22:40:00+00:00,Tampa Bay Rays,Toronto Blue Jays,MAXWELL_SCHERZER_1_MLB,Max Scherzer,pitcher_hits_allowed,Under,4.5,115.0,betmgm,BetMGM,SPORTSGAMEODDS,2026-08-19T20:55:59.693Z,https://sports.nj.betmgm.com/en/sports?options=2:7827878-203298878-775928072,2026-08-19T21:00:05.530875+00:00
2026-08-19,jHfHf0Qu74420CWVEEq9,2026-08-19T22:40:00+00:00,Tampa Bay Rays,Toronto Blue Jays,MAXWELL_SCHERZER_1_MLB,Max Scherzer,pitcher_hits_allowed,Under,4.5,123.0,caesars,Caesars,SPORTSGAMEODDS,2026-08-19T20:55:57.706Z,,2026-08-19T21:00:05.530875+00:00
2026-08-19,jHfHf0Qu74420CWVEEq9,2026-08-19T22:40:00+00:00,Tampa Bay Rays,Toronto Blue Jays,DREW_RASMUSSEN_1_MLB,Drew Rasmussen,pitcher_outs,Over,17.5,-170.0,espnbet,ESPN BET,SPORTSGAMEODDS,2026-08-19T20:56:13.722Z,,2026-08-19T21:00:05.530875+00:00
2026-08-19,jHfHf0Qu74420CWVEEq9,2026-08-19T22:40:00+00:00,Tampa Bay Rays,Toronto Blue Jays,DREW_RASMUSSEN_1_MLB,Drew Rasmussen,pitcher_outs,Over,17.5,-192.0,fanduel,FanDuel,SPORTSGAMEODDS,2026-08-19T20:56:19.693Z,https://sportsbook.fanduel.com/addToBetslip?marketId=42.600951441&selectionId=98188703,2026-08-19T21:00:05.530875+00:00
2026-08-19,jHfHf0Qu74420CWVEEq9,2026-08-19T22:40:00+00:00,Tampa Bay Rays,Toronto Blue Jays,DREW_RASMUSSEN_1_MLB,Drew Rasmussen,pitcher_outs,Over,17.5,-171.0,draftkings,DraftKings,SPORTSGAMEODDS,2026-08-19T20:54:35.327Z,,2026-08-19T21:00:05.530875+00:00
2026-08-19,jHfHf0Qu74420CWVEEq9,2026-08-19T22:40:00+00:00,Tampa Bay Rays,Toronto Blue Jays,DREW_RASMUSSEN_1_MLB,Drew Rasmussen,pitcher_outs,Over,17.5,-165.0,betmgm,BetMGM,SPORTSGAMEODDS,2026-08-19T20:55:59.693Z,https://sports.nj.betmgm.com/en/sports?options=19864524-1552023089-2278680954,2026-08-19T21:00:05.530875+00:00
2026-08-19,jHfHf0Qu74420CWVEEq9,2026-08-19T22:40:00+00:00,Tampa Bay Rays,Toronto Blue Jays,DREW_RASMUSSEN_1_MLB,Drew Rasmussen,pitcher_outs,Over,17.5,-170.0,caesars,Caesars,SPORTSGAMEODDS,2026-08-19T20:56:07.193Z,https://sportsbook.caesars.com/us/nj/bet/betslip?selectionIds=7880d1e4-851a-3cd6-be67-8903c54aefb6,2026-08-19T21:00:05.530875+00:00
2026-08-19,jHfHf0Qu74420CWVEEq9,2026-08-19T22:40:00+00:00,Tampa Bay Rays,Toronto Blue Jays,DREW_RASMUSSEN_1_MLB,Drew Rasmussen,pitcher_outs,Under,17.5,120.0,espnbet,ESPN BET,SPORTSGAMEODDS,2026-08-19T20:56:13.722Z,,2026-08-19T21:00:05.530875+00:00
2026-08-19,jHfHf0Qu74420CWVEEq9,2026-08-19T22:40:00+00:00,Tampa Bay Rays,Toronto Blue Jays,DREW_RASMUSSEN_1_MLB,Drew Rasmussen,pitcher_outs,Under,17.5,140.0,fanduel,FanDuel,SPORTSGAMEODDS,2026-08-19T20:56:19.693Z,https://sportsbook.fanduel.com/addToBetslip?marketId=42.600951441&selectionId=98188702,2026-08-19T21:00:05.530875+00:00
2026-08-19,jHfHf0Qu74420CWVEEq9,2026-08-19T22:40:00+00:00,Tampa Bay Rays,Toronto Blue Jays,DREW_RASMUSSEN_1_MLB,Drew Rasmussen,pitcher_outs,Under,17.5,128.0,draftkings,DraftKings,SPORTSGAMEODDS,2026-08-19T20:54:35.327Z,,2026-08-19T21:00:05.530875+00:00
2026-08-19,jHfHf0Qu74420CWVEEq9,2026-08-19T22:40:00+00:00,Tampa Bay Rays,Toronto Blue Jays,DREW_RASMUSSEN_1_MLB,Drew Rasmussen,pitcher_outs,Under,17.5,125.0,betmgm,BetMGM,SPORTSGAMEODDS,2026-08-19T20:55:59.693Z,https://sports.nj.betmgm.com/en/sports?options=19864524-1552023089-2278680955,2026-08-19T21:00:05.530875+00:00
2026-08-19,jHfHf0Qu74420CWVEEq9,2026-08-19T22:40:00+00:00,Tampa Bay Rays,Toronto Blue Jays,DREW_RASMUSSEN_1_MLB,Drew Rasmussen,pitcher_outs,Under,17.5,127.0,caesars,Caesars,SPORTSGAMEODDS,2026-08-19T20:56:07.193Z,https://sportsbook.caesars.com/us/nj/bet/betslip?selectionIds=1db3b757-658b-3051-b43a-131de44ef709,2026-08-19T21:00:05.530875+00:00
2026-08-19,jHfHf0Qu74420CWVEEq9,2026-08-19T22:40:00+00:00,Tampa Bay Rays,Toronto Blue Jays,MAXWELL_SCHERZER_1_MLB,Max Scherzer,pitcher_outs,Over,15.5,115.0,espnbet,ESPN BET,SPORTSGAMEODDS,2026-08-19T20:56:13.722Z,,2026-08-19T21:00:05.530875+00:00
2026-08-19,jHfHf0Qu74420CWVEEq9,2026-08-19T22:40:00+00:00,Tampa Bay Rays,Toronto Blue Jays,MAXWELL_SCHERZER_1_MLB,Max Scherzer,pitcher_outs,Over,15.5,128.0,fanduel,FanDuel,SPORTSGAMEODDS,2026-08-19T20:56:19.693Z,https://sportsbook.fanduel.com/addToBetslip?marketId=42.600951448&selectionId=101649546,2026-08-19T21:00:05.530875+00:00
2026-08-19,jHfHf0Qu74420CWVEEq9,2026-08-19T22:40:00+00:00,Tampa Bay Rays,Toronto Blue Jays,MAXWELL_SCHERZER_1_MLB,Max Scherzer,pitcher_outs,Over,15.5,109.0,draftkings,DraftKings,SPORTSGAMEODDS,2026-08-19T20:54:35.327Z,,2026-08-19T21:00:05.530875+00:00
2026-08-19,jHfHf0Qu74420CWVEEq9,2026-08-19T22:40:00+00:00,Tampa Bay Rays,Toronto Blue Jays,MAXWELL_SCHERZER_1_MLB,Max Scherzer,pitcher_outs,Over,15.5,115.0,betmgm,BetMGM,SPORTSGAMEODDS,2026-08-19T20:55:59.693Z,https://sports.nj.betmgm.com/en/sports?options=19864524-1552023720-2278682325,2026-08-19T21:00:05.530875+00:00
2026-08-19,jHfHf0Qu74420CWVEEq9,2026-08-19T22:40:00+00:00,Tampa Bay Rays,Toronto Blue Jays,MAXWELL_SCHERZER_1_MLB,Max Scherzer,pitcher_outs,Over,15.5,120.0,caesars,Caesars,SPORTSGAMEODDS,2026-08-19T20:56:07.193Z,https://sportsbook.caesars.com/us/nj/bet/betslip?selectionIds=12283164-1ad2-3541-a249-1352dbf12789,2026-08-19T21:00:05.530875+00:00
2026-08-19,jHfHf0Qu74420CWVEEq9,2026-08-19T22:40:00+00:00,Tampa Bay Rays,Toronto Blue Jays,MAXWELL_SCHERZER_1_MLB,Max Scherzer,pitcher_outs,Under,15.5,-165.0,espnbet,ESPN BET,SPORTSGAMEODDS,2026-08-19T20:56:13.722Z,,2026-08-19T21:00:05.530875+00:00
2026-08-19,jHfHf0Qu74420CWVEEq9,2026-08-19T22:40:00+00:00,Tampa Bay Rays,Toronto Blue Jays,MAXWELL_SCHERZER_1_MLB,Max Scherzer,pitcher_outs,Under,15.5,-174.0,fanduel,FanDuel,SPORTSGAMEODDS,2026-08-19T20:56:19.693Z,https://sportsbook.fanduel.com/addToBetslip?marketId=42.600951448&selectionId=101649545,2026-08-19T21:00:05.530875+00:00
2026-08-19,jHfHf0Qu74420CWVEEq9,2026-08-19T22:40:00+00:00,Tampa Bay Rays,Toronto Blue Jays,MAXWELL_SCHERZER_1_MLB,Max Scherzer,pitcher_outs,Under,15.5,-145.0,draftkings,DraftKings,SPORTSGAMEODDS,2026-08-19T20:54:35.327Z,,2026-08-19T21:00:05.530875+00:00
2026-08-19,jHfHf0Qu74420CWVEEq9,2026-08-19T22:40:00+00:00,Tampa Bay Rays,Toronto Blue Jays,MAXWELL_SCHERZER_1_MLB,Max Scherzer,pitcher_outs,Under,15.5,-160.0,betmgm,BetMGM,SPORTSGAMEODDS,2026-08-19T20:55:59.693Z,https://sports.nj.betmgm.com/en/sports?options=19864524-1552023720-2278682326,2026-08-19T21:00:05.530875+00:00
2026-08-19,jHfHf0Qu74420CWVEEq9,2026-08-19T22:40:00+00:00,Tampa Bay Rays,Toronto Blue Jays,MAXWELL_SCHERZER_1_MLB,Max Scherzer,pitcher_outs,Under,15.5,-170.0,caesars,Caesars,SPORTSGAMEODDS,2026-08-19T20:56:07.193Z,https://sportsbook.caesars.com/us/nj/bet/betslip?selectionIds=80fb27ee-3ed3-364e-aff8-ce226c1d7280,2026-08-19T21:00:05.530875+00:00
2026-08-19,jHfHf0Qu74420CWVEEq9,2026-08-19T22:40:00+00:00,Tampa Bay Rays,Toronto Blue Jays,DREW_RASMUSSEN_1_MLB,Drew Rasmussen,pitcher_strikeouts,Over,5.5,105.0,espnbet,ESPN BET,SPORTSGAMEODDS,2026-08-19T20:56:13.722Z,,2026-08-19T21:00:05.530875+00:00
2026-08-19,jHfHf0Qu74420CWVEEq9,2026-08-19T22:40:00+00:00,Tampa Bay Rays,Toronto Blue Jays,DREW_RASMUSSEN_1_MLB,Drew Rasmussen,pitcher_strikeouts,Over,5.5,112.0,fanduel,FanDuel,SPORTSGAMEODDS,2026-08-19T20:54:54.460Z,https://sportsbook.fanduel.com/addToBetslip?marketId=717.181788661&selectionId=40042056,2026-08-19T21:00:05.530875+00:00
2026-08-19,jHfHf0Qu74420CWVEEq9,2026-08-19T22:40:00+00:00,Tampa Bay Rays,Toronto Blue Jays,DREW_RASMUSSEN_1_MLB,Drew Rasmussen,pitcher_strikeouts,Over,5.5,120.0,draftkings,DraftKings,SPORTSGAMEODDS,2026-08-19T20:54:35.327Z,,2026-08-19T21:00:05.530875+00:00
2026-08-19,jHfHf0Qu74420CWVEEq9,2026-08-19T22:40:00+00:00,Tampa Bay Rays,Toronto Blue Jays,DREW_RASMUSSEN_1_MLB,Drew Rasmussen,pitcher_strikeouts,Over,5.5,115.0,betmgm,BetMGM,SPORTSGAMEODDS,2026-08-19T20:55:59.693Z,https://sports.nj.betmgm.com/en/sports?options=2:7827878-203282626-775860680,2026-08-19T21:00:05.530875+00:00
2026-08-19,jHfHf0Qu74420CWVEEq9,2026-08-19T22:40:00+00:00,Tampa Bay Rays,Toronto Blue Jays,DREW_RASMUSSEN_1_MLB,Drew Rasmussen,pitcher_strikeouts,Over,4.5,-200.0,caesars,Caesars,SPORTSGAMEODDS,2026-08-19T20:56:07.193Z,https://sportsbook.caesars.com/us/nj/bet/betslip?selectionIds=07bccbbb-934f-3318-be4a-5806f1cfb966,2026-08-19T21:00:05.530875+00:00
2026-08-19,jHfHf0Qu74420CWVEEq9,2026-08-19T22:40:00+00:00,Tampa Bay Rays,Toronto Blue Jays,DREW_RASMUSSEN_1_MLB,Drew Rasmussen,pitcher_strikeouts,Under,5.5,-150.0,espnbet,ESPN BET,SPORTSGAMEODDS,2026-08-19T20:56:13.722Z,,2026-08-19T21:00:05.530875+00:00
2026-08-19,jHfHf0Qu74420CWVEEq9,2026-08-19T22:40:00+00:00,Tampa Bay Rays,Toronto Blue Jays,DREW_RASMUSSEN_1_MLB,Drew Rasmussen,pitcher_strikeouts,Under,5.5,-142.0,fanduel,FanDuel,SPORTSGAMEODDS,2026-08-19T20:54:54.460Z,https://sportsbook.fanduel.com/addToBetslip?marketId=717.181788661&selectionId=40042055,2026-08-19T21:00:05.530875+00:00
2026-08-19,jHfHf0Qu74420CWVEEq9,2026-08-19T22:40:00+00:00,Tampa Bay Rays,Toronto Blue Jays,DREW_RASMUSSEN_1_MLB,Drew Rasmussen,pitcher_strikeouts,Under,5.5,-154.0,draftkings,DraftKings,SPORTSGAMEODDS,2026-08-19T20:54:35.327Z,,2026-08-19T21:00:05.530875+00:00
2026-08-19,jHfHf0Qu74420CWVEEq9,2026-08-19T22:40:00+00:00,Tampa Bay Rays,Toronto Blue Jays,DREW_RASMUSSEN_1_MLB,Drew Rasmussen,pitcher_strikeouts,Under,5.5,-165.0,betmgm,BetMGM,SPORTSGAMEODDS,2026-08-19T20:55:59.693Z,https://sports.nj.betmgm.com/en/sports?options=2:7827878-203282626-775860681,2026-08-19T21:00:05.530875+00:00
2026-08-19,jHfHf0Qu74420CWVEEq9,2026-08-19T22:40:00+00:00,Tampa Bay Rays,Toronto Blue Jays,DREW_RASMUSSEN_1_MLB,Drew Rasmussen,pitcher_strikeouts,Under,4.5,121.0,caesars,Caesars,SPORTSGAMEODDS,2026-08-19T20:55:57.706Z,,2026-08-19T21:00:05.530875+00:00
2026-08-19,jHfHf0Qu74420CWVEEq9,2026-08-19T22:40:00+00:00,Tampa Bay Rays,Toronto Blue Jays,MAXWELL_SCHERZER_1_MLB,Max Scherzer,pitcher_strikeouts,Over,3.5,-115.0,espnbet,ESPN BET,SPORTSGAMEODDS,2026-08-19T20:56:13.722Z,,2026-08-19T21:00:05.530875+00:00
2026-08-19,jHfHf0Qu74420CWVEEq9,2026-08-19T22:40:00+00:00,Tampa Bay Rays,Toronto Blue Jays,MAXWELL_SCHERZER_1_MLB,Max Scherzer,pitcher_strikeouts,Over,3.5,-113.0,fanduel,FanDuel,SPORTSGAMEODDS,2026-08-19T20:54:54.460Z,https://sportsbook.fanduel.com/addToBetslip?marketId=717.181832891&selectionId=39698878,2026-08-19T21:00:05.530875+00:00
2026-08-19,jHfHf0Qu74420CWVEEq9,2026-08-19T22:40:00+00:00,Tampa Bay Rays,Toronto Blue Jays,MAXWELL_SCHERZER_1_MLB,Max Scherzer,pitcher_strikeouts,Over,3.5,-110.0,draftkings,DraftKings,SPORTSGAMEODDS,2026-08-19T20:54:35.327Z,,2026-08-19T21:00:05.530875+00:00
2026-08-19,jHfHf0Qu74420CWVEEq9,2026-08-19T22:40:00+00:00,Tampa Bay Rays,Toronto Blue Jays,MAXWELL_SCHERZER_1_MLB,Max Scherzer,pitcher_strikeouts,Over,3.5,-120.0,betmgm,BetMGM,SPORTSGAMEODDS,2026-08-19T20:55:59.693Z,https://sports.nj.betmgm.com/en/sports?options=2:7827878-203282828-775861084,2026-08-19T21:00:05.530875+00:00
2026-08-19,jHfHf0Qu74420CWVEEq9,2026-08-19T22:40:00+00:00,Tampa Bay Rays,Toronto Blue Jays,MAXWELL_SCHERZER_1_MLB,Max Scherzer,pitcher_strikeouts,Over,3.5,-124.0,caesars,Caesars,SPORTSGAMEODDS,2026-08-19T20:56:07.193Z,https://sportsbook.caesars.com/us/nj/bet/betslip?selectionIds=05e2ee7a-a4db-3b4d-83fc-ae6ff4d77422,2026-08-19T21:00:05.530875+00:00
2026-08-19,jHfHf0Qu74420CWVEEq9,2026-08-19T22:40:00+00:00,Tampa Bay Rays,Toronto Blue Jays,MAXWELL_SCHERZER_1_MLB,Max Scherzer,pitcher_strikeouts,Under,3.5,-115.0,espnbet,ESPN BET,SPORTSGAMEODDS,2026-08-19T20:56:13.722Z,,2026-08-19T21:00:05.530875+00:00
2026-08-19,jHfHf0Qu74420CWVEEq9,2026-08-19T22:40:00+00:00,Tampa Bay Rays,Toronto Blue Jays,MAXWELL_SCHERZER_1_MLB,Max Scherzer,pitcher_strikeouts,Under,3.5,-113.0,fanduel,FanDuel,SPORTSGAMEODDS,2026-08-19T20:54:54.460Z,https://sportsbook.fanduel.com/addToBetslip?marketId=42.600821981&selectionId=15387473,2026-08-19T21:00:05.530875+00:00
2026-08-19,jHfHf0Qu74420CWVEEq9,2026-08-19T22:40:00+00:00,Tampa Bay Rays,Toronto Blue Jays,MAXWELL_SCHERZER_1_MLB,Max Scherzer,pitcher_strikeouts,Under,3.5,-116.0,draftkings,DraftKings,SPORTSGAMEODDS,2026-08-19T20:54:35.327Z,,2026-08-19T21:00:05.530875+00:00
2026-08-19,jHfHf0Qu74420CWVEEq9,2026-08-19T22:40:00+00:00,Tampa Bay Rays,Toronto Blue Jays,MAXWELL_SCHERZER_1_MLB,Max Scherzer,pitcher_strikeouts,Under,3.5,-120.0,betmgm,BetMGM,SPORTSGAMEODDS,2026-08-19T20:55:59.693Z,https://sports.nj.betmgm.com/en/sports?options=2:7827878-203282828-775861085,2026-08-19T21:00:05.530875+00:00
2026-08-19,jHfHf0Qu74420CWVEEq9,2026-08-19T22:40:00+00:00,Tampa Bay Rays,Toronto Blue Jays,MAXWELL_SCHERZER_1_MLB,Max Scherzer,pitcher_strikeouts,Under,3.5,-120.0,caesars,Caesars,SPORTSGAMEODDS,2026-08-19T20:55:57.706Z,,2026-08-19T21:00:05.530875+00:00
2026-08-19,oTJJGrLdVg9pfbEhBMFa,2026-08-19T22:40:00+00:00,Cleveland Guardians,San Francisco Giants,PARKER_MESSICK_1_MLB,Parker Messick,pitcher_hits_allowed,Over,4.5,-140.0,espnbet,ESPN BET,SPORTSGAMEODDS,2026-08-19T20:56:06.808Z,,2026-08-19T21:00:05.530875+00:00
2026-08-19,oTJJGrLdVg9pfbEhBMFa,2026-08-19T22:40:00+00:00,Cleveland Guardians,San Francisco Giants,PARKER_MESSICK_1_MLB,Parker Messick,pitcher_hits_allowed,Over,4.5,-129.0,draftkings,DraftKings,SPORTSGAMEODDS,2026-08-19T20:54:35.327Z,,2026-08-19T21:00:05.530875+00:00
2026-08-19,oTJJGrLdVg9pfbEhBMFa,2026-08-19T22:40:00+00:00,Cleveland Guardians,San Francisco Giants,PARKER_MESSICK_1_MLB,Parker Messick,pitcher_hits_allowed,Over,4.5,-140.0,betmgm,BetMGM,SPORTSGAMEODDS,2026-08-19T20:56:00.279Z,https://sports.nj.betmgm.com/en/sports?options=2:7826891-203295599-775914716,2026-08-19T21:00:05.530875+00:00
2026-08-19,oTJJGrLdVg9pfbEhBMFa,2026-08-19T22:40:00+00:00,Cleveland Guardians,San Francisco Giants,PARKER_MESSICK_1_MLB,Parker Messick,pitcher_hits_allowed,Over,4.5,-137.0,caesars,Caesars,SPORTSGAMEODDS,2026-08-19T20:55:57.706Z,,2026-08-19T21:00:05.530875+00:00
2026-08-19,oTJJGrLdVg9pfbEhBMFa,2026-08-19T22:40:00+00:00,Cleveland Guardians,San Francisco Giants,PARKER_MESSICK_1_MLB,Parker Messick,pitcher_hits_allowed,Under,4.5,100.0,espnbet,ESPN BET,SPORTSGAMEODDS,2026-08-19T20:56:06.808Z,,2026-08-19T21:00:05.530875+00:00
2026-08-19,oTJJGrLdVg9pfbEhBMFa,2026-08-19T22:40:00+00:00,Cleveland Guardians,San Francisco Giants,PARKER_MESSICK_1_MLB,Parker Messick,pitcher_hits_allowed,Under,4.5,-103.0,draftkings,DraftKings,SPORTSGAMEODDS,2026-08-19T20:54:35.327Z,,2026-08-19T21:00:05.530875+00:00
2026-08-19,oTJJGrLdVg9pfbEhBMFa,2026-08-19T22:40:00+00:00,Cleveland Guardians,San Francisco Giants,PARKER_MESSICK_1_MLB,Parker Messick,pitcher_hits_allowed,Under,4.5,-105.0,betmgm,BetMGM,SPORTSGAMEODDS,2026-08-19T20:56:00.279Z,https://sports.nj.betmgm.com/en/sports?options=2:7826891-203295599-775914717,2026-08-19T21:00:05.530875+00:00
2026-08-19,oTJJGrLdVg9pfbEhBMFa,2026-08-19T22:40:00+00:00,Cleveland Guardians,San Francisco Giants,PARKER_MESSICK_1_MLB,Parker Messick,pitcher_hits_allowed,Under,4.5,103.0,caesars,Caesars,SPORTSGAMEODDS,2026-08-19T20:55:57.706Z,,2026-08-19T21:00:05.530875+00:00
2026-08-19,oTJJGrLdVg9pfbEhBMFa,2026-08-19T22:40:00+00:00,Cleveland Guardians,San Francisco Giants,PARKER_MESSICK_1_MLB,Parker Messick,pitcher_outs,Over,17.5,-190.0,espnbet,ESPN BET,SPORTSGAMEODDS,2026-08-19T20:56:06.808Z,,2026-08-19T21:00:05.530875+00:00
2026-08-19,oTJJGrLdVg9pfbEhBMFa,2026-08-19T22:40:00+00:00,Cleveland Guardians,San Francisco Giants,PARKER_MESSICK_1_MLB,Parker Messick,pitcher_outs,Over,17.5,-175.0,betmgm,BetMGM,SPORTSGAMEODDS,2026-08-19T20:56:00.279Z,https://sports.nj.betmgm.com/en/sports?options=19864129-1552023320-2278681431,2026-08-19T21:00:05.530875+00:00
2026-08-19,oTJJGrLdVg9pfbEhBMFa,2026-08-19T22:40:00+00:00,Cleveland Guardians,San Francisco Giants,PARKER_MESSICK_1_MLB,Parker Messick,pitcher_outs,Over,17.5,-182.0,caesars,Caesars,SPORTSGAMEODDS,2026-08-19T20:56:06.779Z,https://sportsbook.caesars.com/us/nj/bet/betslip?selectionIds=30a3ee3c-d29b-3f0c-9d11-1d589ecfd8de,2026-08-19T21:00:05.530875+00:00
2026-08-19,oTJJGrLdVg9pfbEhBMFa,2026-08-19T22:40:00+00:00,Cleveland Guardians,San Francisco Giants,PARKER_MESSICK_1_MLB,Parker Messick,pitcher_outs,Under,17.5,135.0,espnbet,ESPN BET,SPORTSGAMEODDS,2026-08-19T20:56:06.808Z,,2026-08-19T21:00:05.530875+00:00
2026-08-19,oTJJGrLdVg9pfbEhBMFa,2026-08-19T22:40:00+00:00,Cleveland Guardians,San Francisco Giants,PARKER_MESSICK_1_MLB,Parker Messick,pitcher_outs,Under,17.5,130.0,betmgm,BetMGM,SPORTSGAMEODDS,2026-08-19T20:56:00.279Z,https://sports.nj.betmgm.com/en/sports?options=19864129-1552023320-2278681432,2026-08-19T21:00:05.530875+00:00
2026-08-19,oTJJGrLdVg9pfbEhBMFa,2026-08-19T22:40:00+00:00,Cleveland Guardians,San Francisco Giants,PARKER_MESSICK_1_MLB,Parker Messick,pitcher_outs,Under,17.5,136.0,caesars,Caesars,SPORTSGAMEODDS,2026-08-19T20:56:06.779Z,https://sportsbook.caesars.com/us/nj/bet/betslip?selectionIds=da4e9ca0-a35f-342f-8900-f4e112ada564,2026-08-19T21:00:05.530875+00:00
2026-08-19,oTJJGrLdVg9pfbEhBMFa,2026-08-19T22:40:00+00:00,Cleveland Guardians,San Francisco Giants,PARKER_MESSICK_1_MLB,Parker Messick,pitcher_strikeouts,Over,6.5,100.0,espnbet,ESPN BET,SPORTSGAMEODDS,2026-08-19T20:56:06.808Z,,2026-08-19T21:00:05.530875+00:00
2026-08-19,oTJJGrLdVg9pfbEhBMFa,2026-08-19T22:40:00+00:00,Cleveland Guardians,San Francisco Giants,PARKER_MESSICK_1_MLB,Parker Messick,pitcher_strikeouts,Over,6.5,114.0,fanduel,FanDuel,SPORTSGAMEODDS,2026-08-19T20:54:54.460Z,https://sportsbook.fanduel.com/addToBetslip?marketId=717.181788460&selectionId=87454165,2026-08-19T21:00:05.530875+00:00
2026-08-19,oTJJGrLdVg9pfbEhBMFa,2026-08-19T22:40:00+00:00,Cleveland Guardians,San Francisco Giants,PARKER_MESSICK_1_MLB,Parker Messick,pitcher_strikeouts,Over,6.5,-113.0,draftkings,DraftKings,SPORTSGAMEODDS,2026-08-19T20:54:35.327Z,,2026-08-19T21:00:05.530875+00:00
2026-08-19,oTJJGrLdVg9pfbEhBMFa,2026-08-19T22:40:00+00:00,Cleveland Guardians,San Francisco Giants,PARKER_MESSICK_1_MLB,Parker Messick,pitcher_strikeouts,Over,6.5,-105.0,betmgm,BetMGM,SPORTSGAMEODDS,2026-08-19T20:56:00.279Z,https://sports.nj.betmgm.com/en/sports?options=2:7826891-203295569-775914656,2026-08-19T21:00:05.530875+00:00
2026-08-19,oTJJGrLdVg9pfbEhBMFa,2026-08-19T22:40:00+00:00,Cleveland Guardians,San Francisco Giants,PARKER_MESSICK_1_MLB,Parker Messick,pitcher_strikeouts,Over,6.5,101.0,caesars,Caesars,SPORTSGAMEODDS,2026-08-19T20:56:06.779Z,https://sportsbook.caesars.com/us/nj/bet/betslip?selectionIds=61670bf4-9204-3c02-bb93-ac6a7f959c86,2026-08-19T21:00:05.530875+00:00
2026-08-19,oTJJGrLdVg9pfbEhBMFa,2026-08-19T22:40:00+00:00,Cleveland Guardians,San Francisco Giants,PARKER_MESSICK_1_MLB,Parker Messick,pitcher_strikeouts,Under,6.5,-135.0,espnbet,ESPN BET,SPORTSGAMEODDS,2026-08-19T20:56:06.808Z,,2026-08-19T21:00:05.530875+00:00
2026-08-19,oTJJGrLdVg9pfbEhBMFa,2026-08-19T22:40:00+00:00,Cleveland Guardians,San Francisco Giants,PARKER_MESSICK_1_MLB,Parker Messick,pitcher_strikeouts,Under,6.5,-146.0,fanduel,FanDuel,SPORTSGAMEODDS,2026-08-19T20:54:54.460Z,https://sportsbook.fanduel.com/addToBetslip?marketId=717.181788460&selectionId=87454162,2026-08-19T21:00:05.530875+00:00
2026-08-19,oTJJGrLdVg9pfbEhBMFa,2026-08-19T22:40:00+00:00,Cleveland Guardians,San Francisco Giants,PARKER_MESSICK_1_MLB,Parker Messick,pitcher_strikeouts,Under,6.5,-116.0,draftkings,DraftKings,SPORTSGAMEODDS,2026-08-19T20:54:35.327Z,,2026-08-19T21:00:05.530875+00:00
2026-08-19,oTJJGrLdVg9pfbEhBMFa,2026-08-19T22:40:00+00:00,Cleveland Guardians,San Francisco Giants,PARKER_MESSICK_1_MLB,Parker Messick,pitcher_strikeouts,Under,6.5,-140.0,betmgm,BetMGM,SPORTSGAMEODDS,2026-08-19T20:56:00.279Z,https://sports.nj.betmgm.com/en/sports?options=2:7826891-203295569-775914657,2026-08-19T21:00:05.530875+00:00
2026-08-19,oTJJGrLdVg9pfbEhBMFa,2026-08-19T22:40:00+00:00,Cleveland Guardians,San Francisco Giants,PARKER_MESSICK_1_MLB,Parker Messick,pitcher_strikeouts,Under,6.5,-145.0,caesars,Caesars,SPORTSGAMEODDS,2026-08-19T20:55:57.706Z,,2026-08-19T21:00:05.530875+00:00
2026-08-19,Ut82n9p2Wy4BMY13Ng5K,2026-08-19T23:40:00+00:00,Kansas City Royals,Athletics,SETH_LUGO_1_MLB,Seth Lugo,pitcher_hits_allowed,Over,5.5,-125.0,espnbet,ESPN BET,SPORTSGAMEODDS,2026-08-19T20:56:32.498Z,,2026-08-19T21:00:05.530875+00:00
2026-08-19,Ut82n9p2Wy4BMY13Ng5K,2026-08-19T23:40:00+00:00,Kansas City Royals,Athletics,SETH_LUGO_1_MLB,Seth Lugo,pitcher_hits_allowed,Over,5.5,-111.0,draftkings,DraftKings,SPORTSGAMEODDS,2026-08-19T20:54:35.327Z,,2026-08-19T21:00:05.530875+00:00
2026-08-19,Ut82n9p2Wy4BMY13Ng5K,2026-08-19T23:40:00+00:00,Kansas City Royals,Athletics,SETH_LUGO_1_MLB,Seth Lugo,pitcher_hits_allowed,Over,5.5,-145.0,betmgm,BetMGM,SPORTSGAMEODDS,2026-08-19T20:56:22.470Z,https://sports.nj.betmgm.com/en/sports?options=2:7827577-203312391-776009937,2026-08-19T21:00:05.530875+00:00
2026-08-19,Ut82n9p2Wy4BMY13Ng5K,2026-08-19T23:40:00+00:00,Kansas City Royals,Athletics,SETH_LUGO_1_MLB,Seth Lugo,pitcher_hits_allowed,Over,5.5,-130.0,caesars,Caesars,SPORTSGAMEODDS,2026-08-19T20:55:57.706Z,,2026-08-19T21:00:05.530875+00:00
2026-08-19,Ut82n9p2Wy4BMY13Ng5K,2026-08-19T23:40:00+00:00,Kansas City Royals,Athletics,SETH_LUGO_1_MLB,Seth Lugo,pitcher_hits_allowed,Under,5.5,-115.0,espnbet,ESPN BET,SPORTSGAMEODDS,2026-08-19T20:56:32.498Z,,2026-08-19T21:00:05.530875+00:00
2026-08-19,Ut82n9p2Wy4BMY13Ng5K,2026-08-19T23:40:00+00:00,Kansas City Royals,Athletics,SETH_LUGO_1_MLB,Seth Lugo,pitcher_hits_allowed,Under,5.5,-119.0,draftkings,DraftKings,SPORTSGAMEODDS,2026-08-19T20:54:35.327Z,,2026-08-19T21:00:05.530875+00:00
2026-08-19,Ut82n9p2Wy4BMY13Ng5K,2026-08-19T23:40:00+00:00,Kansas City Royals,Athletics,SETH_LUGO_1_MLB,Seth Lugo,pitcher_hits_allowed,Under,5.5,100.0,betmgm,BetMGM,SPORTSGAMEODDS,2026-08-19T20:56:22.470Z,https://sports.nj.betmgm.com/en/sports?options=2:7827577-203312391-776009938,2026-08-19T21:00:05.530875+00:00
2026-08-19,Ut82n9p2Wy4BMY13Ng5K,2026-08-19T23:40:00+00:00,Kansas City Royals,Athletics,SETH_LUGO_1_MLB,Seth Lugo,pitcher_hits_allowed,Under,5.5,-111.0,caesars,Caesars,SPORTSGAMEODDS,2026-08-19T20:55:57.706Z,,2026-08-19T21:00:05.530875+00:00
2026-08-19,Ut82n9p2Wy4BMY13Ng5K,2026-08-19T23:40:00+00:00,Kansas City Royals,Athletics,SETH_LUGO_1_MLB,Seth Lugo,pitcher_strikeouts,Over,4.5,125.0,espnbet,ESPN BET,SPORTSGAMEODDS,2026-08-19T20:56:32.498Z,,2026-08-19T21:00:05.530875+00:00
2026-08-19,Ut82n9p2Wy4BMY13Ng5K,2026-08-19T23:40:00+00:00,Kansas City Royals,Athletics,SETH_LUGO_1_MLB,Seth Lugo,pitcher_strikeouts,Over,4.5,124.0,fanduel,FanDuel,SPORTSGAMEODDS,2026-08-19T20:54:54.460Z,https://sportsbook.fanduel.com/addToBetslip?marketId=42.600992423&selectionId=54308147,2026-08-19T21:00:05.530875+00:00
2026-08-19,Ut82n9p2Wy4BMY13Ng5K,2026-08-19T23:40:00+00:00,Kansas City Royals,Athletics,SETH_LUGO_1_MLB,Seth Lugo,pitcher_strikeouts,Over,4.5,138.0,draftkings,DraftKings,SPORTSGAMEODDS,2026-08-19T20:54:35.327Z,,2026-08-19T21:00:05.530875+00:00
2026-08-19,Ut82n9p2Wy4BMY13Ng5K,2026-08-19T23:40:00+00:00,Kansas City Royals,Athletics,SETH_LUGO_1_MLB,Seth Lugo,pitcher_strikeouts,Over,4.5,-110.0,betmgm,BetMGM,SPORTSGAMEODDS,2026-08-19T20:56:22.470Z,https://sports.nj.betmgm.com/en/sports?options=2:7827577-203292474-775904563,2026-08-19T21:00:05.530875+00:00
2026-08-19,Ut82n9p2Wy4BMY13Ng5K,2026-08-19T23:40:00+00:00,Kansas City Royals,Athletics,SETH_LUGO_1_MLB,Seth Lugo,pitcher_strikeouts,Over,4.5,118.0,caesars,Caesars,SPORTSGAMEODDS,2026-08-19T20:56:11.470Z,https://sportsbook.caesars.com/us/nj/bet/betslip?selectionIds=83abf55f-1864-3135-91a3-ae64c327ac7e,2026-08-19T21:00:05.530875+00:00
2026-08-19,Ut82n9p2Wy4BMY13Ng5K,2026-08-19T23:40:00+00:00,Kansas City Royals,Athletics,SETH_LUGO_1_MLB,Seth Lugo,pitcher_strikeouts,Under,4.5,-175.0,espnbet,ESPN BET,SPORTSGAMEODDS,2026-08-19T20:56:32.498Z,,2026-08-19T21:00:05.530875+00:00
2026-08-19,Ut82n9p2Wy4BMY13Ng5K,2026-08-19T23:40:00+00:00,Kansas City Royals,Athletics,SETH_LUGO_1_MLB,Seth Lugo,pitcher_strikeouts,Under,4.5,-158.0,fanduel,FanDuel,SPORTSGAMEODDS,2026-08-19T20:54:54.460Z,https://sportsbook.fanduel.com/addToBetslip?marketId=42.600992423&selectionId=54308148,2026-08-19T21:00:05.530875+00:00
2026-08-19,Ut82n9p2Wy4BMY13Ng5K,2026-08-19T23:40:00+00:00,Kansas City Royals,Athletics,SETH_LUGO_1_MLB,Seth Lugo,pitcher_strikeouts,Under,4.5,-130.0,betmgm,BetMGM,SPORTSGAMEODDS,2026-08-19T20:56:22.470Z,https://sports.nj.betmgm.com/en/sports?options=2:7827577-203292474-775904564,2026-08-19T21:00:05.530875+00:00
2026-08-19,Ut82n9p2Wy4BMY13Ng5K,2026-08-19T23:40:00+00:00,Kansas City Royals,Athletics,SETH_LUGO_1_MLB,Seth Lugo,pitcher_strikeouts,Under,4.5,-165.0,caesars,Caesars,SPORTSGAMEODDS,2026-08-19T20:55:57.706Z,,2026-08-19T21:00:05.530875+00:00
2026-08-19,Ut82n9p2Wy4BMY13Ng5K,2026-08-19T23:40:00+00:00,Kansas City Royals,Athletics,SETH_LUGO_1_MLB,Seth Lugo,pitcher_outs,Over,17.5,-165.0,espnbet,ESPN BET,SPORTSGAMEODDS,2026-08-19T20:56:32.498Z,,2026-08-19T21:00:05.530875+00:00
2026-08-19,Ut82n9p2Wy4BMY13Ng5K,2026-08-19T23:40:00+00:00,Kansas City Royals,Athletics,SETH_LUGO_1_MLB,Seth Lugo,pitcher_outs,Over,17.5,-147.0,draftkings,DraftKings,SPORTSGAMEODDS,2026-08-19T20:54:35.327Z,,2026-08-19T21:00:05.530875+00:00
2026-08-19,Ut82n9p2Wy4BMY13Ng5K,2026-08-19T23:40:00+00:00,Kansas City Royals,Athletics,SETH_LUGO_1_MLB,Seth Lugo,pitcher_outs,Over,17.5,-175.0,betmgm,BetMGM,SPORTSGAMEODDS,2026-08-19T20:56:22.470Z,https://sports.nj.betmgm.com/en/sports?options=19864525-1552073786-2278816292,2026-08-19T21:00:05.530875+00:00
2026-08-19,Ut82n9p2Wy4BMY13Ng5K,2026-08-19T23:40:00+00:00,Kansas City Royals,Athletics,SETH_LUGO_1_MLB,Seth Lugo,pitcher_outs,Over,17.5,-157.0,caesars,Caesars,SPORTSGAMEODDS,2026-08-19T20:56:11.470Z,https://sportsbook.caesars.com/us/nj/bet/betslip?selectionIds=a063dfe5-16f2-3c6f-b1e3-bf23beb01295,2026-08-19T21:00:05.530875+00:00
2026-08-19,Ut82n9p2Wy4BMY13Ng5K,2026-08-19T23:40:00+00:00,Kansas City Royals,Athletics,SETH_LUGO_1_MLB,Seth Lugo,pitcher_outs,Under,17.5,115.0,espnbet,ESPN BET,SPORTSGAMEODDS,2026-08-19T20:56:32.498Z,,2026-08-19T21:00:05.530875+00:00
2026-08-19,Ut82n9p2Wy4BMY13Ng5K,2026-08-19T23:40:00+00:00,Kansas City Royals,Athletics,SETH_LUGO_1_MLB,Seth Lugo,pitcher_outs,Under,17.5,111.0,draftkings,DraftKings,SPORTSGAMEODDS,2026-08-19T20:54:35.327Z,,2026-08-19T21:00:05.530875+00:00
2026-08-19,Ut82n9p2Wy4BMY13Ng5K,2026-08-19T23:40:00+00:00,Kansas City Royals,Athletics,SETH_LUGO_1_MLB,Seth Lugo,pitcher_outs,Under,17.5,125.0,betmgm,BetMGM,SPORTSGAMEODDS,2026-08-19T20:56:22.470Z,https://sports.nj.betmgm.com/en/sports?options=19864525-1552073786-2278816293,2026-08-19T21:00:05.530875+00:00
2026-08-19,Ut82n9p2Wy4BMY13Ng5K,2026-08-19T23:40:00+00:00,Kansas City Royals,Athletics,SETH_LUGO_1_MLB,Seth Lugo,pitcher_outs,Under,17.5,117.0,caesars,Caesars,SPORTSGAMEODDS,2026-08-19T20:56:11.470Z,https://sportsbook.caesars.com/us/nj/bet/betslip?selectionIds=c1dba8cd-1f16-3487-b8bd-9928b07a4b29,2026-08-19T21:00:05.530875+00:00
2026-08-19,Ut82n9p2Wy4BMY13Ng5K,2026-08-19T23:40:00+00:00,Kansas City Royals,Athletics,JEFFREY_SPRINGS_1_MLB,Jeffrey Springs,pitcher_outs,Over,12.5,-118.0,betmgm,BetMGM,SPORTSGAMEODDS,2026-08-19T20:56:22.470Z,https://sports.nj.betmgm.com/en/sports?options=19864525-1552148802-2279027501,2026-08-19T21:00:05.530875+00:00
2026-08-19,Ut82n9p2Wy4BMY13Ng5K,2026-08-19T23:40:00+00:00,Kansas City Royals,Athletics,JEFFREY_SPRINGS_1_MLB,Jeffrey Springs,pitcher_outs,Under,12.5,-115.0,betmgm,BetMGM,SPORTSGAMEODDS,2026-08-19T20:56:22.470Z,https://sports.nj.betmgm.com/en/sports?options=19864525-1552148802-2279027502,2026-08-19T21:00:05.530875+00:00
2026-08-19,Ut82n9p2Wy4BMY13Ng5K,2026-08-19T23:40:00+00:00,Kansas City Royals,Athletics,JEFFREY_SPRINGS_1_MLB,Jeffrey Springs,pitcher_strikeouts,Over,3.5,110.0,fanduel,FanDuel,SPORTSGAMEODDS,2026-08-19T20:54:54.460Z,https://sportsbook.fanduel.com/addToBetslip?marketId=717.181991229&selectionId=44591185,2026-08-19T21:00:05.530875+00:00
2026-08-19,Ut82n9p2Wy4BMY13Ng5K,2026-08-19T23:40:00+00:00,Kansas City Royals,Athletics,JEFFREY_SPRINGS_1_MLB,Jeffrey Springs,pitcher_strikeouts,Under,3.5,-140.0,fanduel,FanDuel,SPORTSGAMEODDS,2026-08-19T20:54:54.460Z,https://sportsbook.fanduel.com/addToBetslip?marketId=717.181991229&selectionId=44591186,2026-08-19T21:00:05.530875+00:00
2026-08-19,krTgusjOXEbQBTK3u6bJ,2026-08-19T23:40:00+00:00,Milwaukee Brewers,Seattle Mariners,LOGAN_GILBERT_1_MLB,Logan Gilbert,pitcher_hits_allowed,Over,4.5,-130.0,espnbet,ESPN BET,SPORTSGAMEODDS,2026-08-19T20:56:31.913Z,,2026-08-19T21:00:05.530875+00:00
2026-08-19,krTgusjOXEbQBTK3u6bJ,2026-08-19T23:40:00+00:00,Milwaukee Brewers,Seattle Mariners,LOGAN_GILBERT_1_MLB,Logan Gilbert,pitcher_hits_allowed,Over,4.5,-116.0,draftkings,DraftKings,SPORTSGAMEODDS,2026-08-19T20:54:35.327Z,,2026-08-19T21:00:05.530875+00:00
2026-08-19,krTgusjOXEbQBTK3u6bJ,2026-08-19T23:40:00+00:00,Milwaukee Brewers,Seattle Mariners,LOGAN_GILBERT_1_MLB,Logan Gilbert,pitcher_hits_allowed,Over,4.5,-140.0,betmgm,BetMGM,SPORTSGAMEODDS,2026-08-19T20:56:25.885Z,https://sports.nj.betmgm.com/en/sports?options=2:7828140-203291628-775902108,2026-08-19T21:00:05.530875+00:00
2026-08-19,krTgusjOXEbQBTK3u6bJ,2026-08-19T23:40:00+00:00,Milwaukee Brewers,Seattle Mariners,LOGAN_GILBERT_1_MLB,Logan Gilbert,pitcher_hits_allowed,Over,4.5,-132.0,caesars,Caesars,SPORTSGAMEODDS,2026-08-19T20:55:57.706Z,,2026-08-19T21:00:05.530875+00:00
2026-08-19,krTgusjOXEbQBTK3u6bJ,2026-08-19T23:40:00+00:00,Milwaukee Brewers,Seattle Mariners,LOGAN_GILBERT_1_MLB,Logan Gilbert,pitcher_hits_allowed,Under,4.5,-110.0,espnbet,ESPN BET,SPORTSGAMEODDS,2026-08-19T20:56:31.913Z,,2026-08-19T21:00:05.530875+00:00
2026-08-19,krTgusjOXEbQBTK3u6bJ,2026-08-19T23:40:00+00:00,Milwaukee Brewers,Seattle Mariners,LOGAN_GILBERT_1_MLB,Logan Gilbert,pitcher_hits_allowed,Under,4.5,-115.0,draftkings,DraftKings,SPORTSGAMEODDS,2026-08-19T20:54:35.327Z,,2026-08-19T21:00:05.530875+00:00
2026-08-19,krTgusjOXEbQBTK3u6bJ,2026-08-19T23:40:00+00:00,Milwaukee Brewers,Seattle Mariners,LOGAN_GILBERT_1_MLB,Logan Gilbert,pitcher_hits_allowed,Under,4.5,-105.0,betmgm,BetMGM,SPORTSGAMEODDS,2026-08-19T20:56:25.885Z,https://sports.nj.betmgm.com/en/sports?options=2:7828140-203291628-775902109,2026-08-19T21:00:05.530875+00:00
2026-08-19,krTgusjOXEbQBTK3u6bJ,2026-08-19T23:40:00+00:00,Milwaukee Brewers,Seattle Mariners,LOGAN_GILBERT_1_MLB,Logan Gilbert,pitcher_hits_allowed,Under,4.5,-108.0,caesars,Caesars,SPORTSGAMEODDS,2026-08-19T20:55:57.706Z,,2026-08-19T21:00:05.530875+00:00
2026-08-19,krTgusjOXEbQBTK3u6bJ,2026-08-19T23:40:00+00:00,Milwaukee Brewers,Seattle Mariners,LOGAN_GILBERT_1_MLB,Logan Gilbert,pitcher_outs,Over,17.5,-165.0,espnbet,ESPN BET,SPORTSGAMEODDS,2026-08-19T20:56:31.913Z,,2026-08-19T21:00:05.530875+00:00
2026-08-19,krTgusjOXEbQBTK3u6bJ,2026-08-19T23:40:00+00:00,Milwaukee Brewers,Seattle Mariners,LOGAN_GILBERT_1_MLB,Logan Gilbert,pitcher_outs,Over,17.5,-158.0,fanduel,FanDuel,SPORTSGAMEODDS,2026-08-19T20:56:23.385Z,https://sportsbook.fanduel.com/addToBetslip?marketId=42.600999469&selectionId=97922119,2026-08-19T21:00:05.530875+00:00
2026-08-19,krTgusjOXEbQBTK3u6bJ,2026-08-19T23:40:00+00:00,Milwaukee Brewers,Seattle Mariners,LOGAN_GILBERT_1_MLB,Logan Gilbert,pitcher_outs,Over,17.5,-151.0,draftkings,DraftKings,SPORTSGAMEODDS,2026-08-19T20:54:35.327Z,,2026-08-19T21:00:05.530875+00:00
2026-08-19,krTgusjOXEbQBTK3u6bJ,2026-08-19T23:40:00+00:00,Milwaukee Brewers,Seattle Mariners,LOGAN_GILBERT_1_MLB,Logan Gilbert,pitcher_outs,Over,17.5,-155.0,betmgm,BetMGM,SPORTSGAMEODDS,2026-08-19T20:56:25.885Z,https://sports.nj.betmgm.com/en/sports?options=19864526-1552026074-2278687606,2026-08-19T21:00:05.530875+00:00
2026-08-19,krTgusjOXEbQBTK3u6bJ,2026-08-19T23:40:00+00:00,Milwaukee Brewers,Seattle Mariners,LOGAN_GILBERT_1_MLB,Logan Gilbert,pitcher_outs,Over,17.5,-155.0,caesars,Caesars,SPORTSGAMEODDS,2026-08-19T20:56:18.385Z,https://sportsbook.caesars.com/us/nj/bet/betslip?selectionIds=2dbc90f9-4fab-3cde-ba09-d07b9d423d3b,2026-08-19T21:00:05.530875+00:00
2026-08-19,krTgusjOXEbQBTK3u6bJ,2026-08-19T23:40:00+00:00,Milwaukee Brewers,Seattle Mariners,LOGAN_GILBERT_1_MLB,Logan Gilbert,pitcher_outs,Under,17.5,115.0,espnbet,ESPN BET,SPORTSGAMEODDS,2026-08-19T20:56:31.913Z,,2026-08-19T21:00:05.530875+00:00
2026-08-19,krTgusjOXEbQBTK3u6bJ,2026-08-19T23:40:00+00:00,Milwaukee Brewers,Seattle Mariners,LOGAN_GILBERT_1_MLB,Logan Gilbert,pitcher_outs,Under,17.5,118.0,fanduel,FanDuel,SPORTSGAMEODDS,2026-08-19T20:56:23.385Z,https://sportsbook.fanduel.com/addToBetslip?marketId=42.600999469&selectionId=97922120,2026-08-19T21:00:05.530875+00:00
2026-08-19,krTgusjOXEbQBTK3u6bJ,2026-08-19T23:40:00+00:00,Milwaukee Brewers,Seattle Mariners,LOGAN_GILBERT_1_MLB,Logan Gilbert,pitcher_outs,Under,17.5,114.0,draftkings,DraftKings,SPORTSGAMEODDS,2026-08-19T20:54:35.327Z,,2026-08-19T21:00:05.530875+00:00
2026-08-19,krTgusjOXEbQBTK3u6bJ,2026-08-19T23:40:00+00:00,Milwaukee Brewers,Seattle Mariners,LOGAN_GILBERT_1_MLB,Logan Gilbert,pitcher_outs,Under,17.5,110.0,betmgm,BetMGM,SPORTSGAMEODDS,2026-08-19T20:56:25.885Z,https://sports.nj.betmgm.com/en/sports?options=19864526-1552026074-2278687607,2026-08-19T21:00:05.530875+00:00
2026-08-19,krTgusjOXEbQBTK3u6bJ,2026-08-19T23:40:00+00:00,Milwaukee Brewers,Seattle Mariners,LOGAN_GILBERT_1_MLB,Logan Gilbert,pitcher_outs,Under,17.5,115.0,caesars,Caesars,SPORTSGAMEODDS,2026-08-19T20:56:18.385Z,https://sportsbook.caesars.com/us/nj/bet/betslip?selectionIds=3118e1f6-01d6-3ba4-95ca-787bbe22fd8b,2026-08-19T21:00:05.530875+00:00
2026-08-19,krTgusjOXEbQBTK3u6bJ,2026-08-19T23:40:00+00:00,Milwaukee Brewers,Seattle Mariners,LOGAN_GILBERT_1_MLB,Logan Gilbert,pitcher_strikeouts,Over,6.5,-105.0,espnbet,ESPN BET,SPORTSGAMEODDS,2026-08-19T20:56:31.913Z,,2026-08-19T21:00:05.530875+00:00
2026-08-19,krTgusjOXEbQBTK3u6bJ,2026-08-19T23:40:00+00:00,Milwaukee Brewers,Seattle Mariners,LOGAN_GILBERT_1_MLB,Logan Gilbert,pitcher_strikeouts,Over,6.5,112.0,fanduel,FanDuel,SPORTSGAMEODDS,2026-08-19T20:54:54.460Z,https://sportsbook.fanduel.com/addToBetslip?marketId=717.181788791&selectionId=39457469,2026-08-19T21:00:05.530875+00:00
2026-08-19,krTgusjOXEbQBTK3u6bJ,2026-08-19T23:40:00+00:00,Milwaukee Brewers,Seattle Mariners,LOGAN_GILBERT_1_MLB,Logan Gilbert,pitcher_strikeouts,Over,6.5,103.0,draftkings,DraftKings,SPORTSGAMEODDS,2026-08-19T20:54:35.327Z,,2026-08-19T21:00:05.530875+00:00
2026-08-19,krTgusjOXEbQBTK3u6bJ,2026-08-19T23:40:00+00:00,Milwaukee Brewers,Seattle Mariners,LOGAN_GILBERT_1_MLB,Logan Gilbert,pitcher_strikeouts,Over,6.5,-110.0,betmgm,BetMGM,SPORTSGAMEODDS,2026-08-19T20:56:25.885Z,https://sports.nj.betmgm.com/en/sports?options=2:7828140-203291660-775902172,2026-08-19T21:00:05.530875+00:00
2026-08-19,krTgusjOXEbQBTK3u6bJ,2026-08-19T23:40:00+00:00,Milwaukee Brewers,Seattle Mariners,LOGAN_GILBERT_1_MLB,Logan Gilbert,pitcher_strikeouts,Over,6.5,-108.0,caesars,Caesars,SPORTSGAMEODDS,2026-08-19T20:56:18.385Z,https://sportsbook.caesars.com/us/nj/bet/betslip?selectionIds=b372bb56-5009-32a8-b0de-581ec3c936d5,2026-08-19T21:00:05.530875+00:00
2026-08-19,krTgusjOXEbQBTK3u6bJ,2026-08-19T23:40:00+00:00,Milwaukee Brewers,Seattle Mariners,LOGAN_GILBERT_1_MLB,Logan Gilbert,pitcher_strikeouts,Under,6.5,-130.0,espnbet,ESPN BET,SPORTSGAMEODDS,2026-08-19T20:56:31.913Z,,2026-08-19T21:00:05.530875+00:00
2026-08-19,krTgusjOXEbQBTK3u6bJ,2026-08-19T23:40:00+00:00,Milwaukee Brewers,Seattle Mariners,LOGAN_GILBERT_1_MLB,Logan Gilbert,pitcher_strikeouts,Under,6.5,-142.0,fanduel,FanDuel,SPORTSGAMEODDS,2026-08-19T20:54:54.460Z,https://sportsbook.fanduel.com/addToBetslip?marketId=717.181788791&selectionId=39457470,2026-08-19T21:00:05.530875+00:00
2026-08-19,krTgusjOXEbQBTK3u6bJ,2026-08-19T23:40:00+00:00,Milwaukee Brewers,Seattle Mariners,LOGAN_GILBERT_1_MLB,Logan Gilbert,pitcher_strikeouts,Under,6.5,-132.0,draftkings,DraftKings,SPORTSGAMEODDS,2026-08-19T20:54:35.327Z,,2026-08-19T21:00:05.530875+00:00
2026-08-19,krTgusjOXEbQBTK3u6bJ,2026-08-19T23:40:00+00:00,Milwaukee Brewers,Seattle Mariners,LOGAN_GILBERT_1_MLB,Logan Gilbert,pitcher_strikeouts,Under,6.5,-135.0,betmgm,BetMGM,SPORTSGAMEODDS,2026-08-19T20:56:25.885Z,https://sports.nj.betmgm.com/en/sports?options=2:7828140-203291660-775902173,2026-08-19T21:00:05.530875+00:00
2026-08-19,krTgusjOXEbQBTK3u6bJ,2026-08-19T23:40:00+00:00,Milwaukee Brewers,Seattle Mariners,LOGAN_GILBERT_1_MLB,Logan Gilbert,pitcher_strikeouts,Under,6.5,-108.0,caesars,Caesars,SPORTSGAMEODDS,2026-08-19T20:55:57.706Z,,2026-08-19T21:00:05.530875+00:00
2026-08-19,zRcTOgC9A3O8i2gTYexq,2026-08-20T00:05:00+00:00,Texas Rangers,Washington Nationals,CADE_CAVALLI_1_MLB,Cade Cavalli,pitcher_hits_allowed,Over,4.5,-140.0,espnbet,ESPN BET,SPORTSGAMEODDS,2026-08-19T20:56:18.116Z,,2026-08-19T21:00:05.530875+00:00
2026-08-19,zRcTOgC9A3O8i2gTYexq,2026-08-20T00:05:00+00:00,Texas Rangers,Washington Nationals,CADE_CAVALLI_1_MLB,Cade Cavalli,pitcher_hits_allowed,Over,4.5,-120.0,draftkings,DraftKings,SPORTSGAMEODDS,2026-08-19T20:54:35.327Z,,2026-08-19T21:00:05.530875+00:00
2026-08-19,zRcTOgC9A3O8i2gTYexq,2026-08-20T00:05:00+00:00,Texas Rangers,Washington Nationals,CADE_CAVALLI_1_MLB,Cade Cavalli,pitcher_hits_allowed,Over,4.5,-160.0,betmgm,BetMGM,SPORTSGAMEODDS,2026-08-19T20:56:22.587Z,https://sports.nj.betmgm.com/en/sports?options=2:7827915-203293394-775906580,2026-08-19T21:00:05.530875+00:00
2026-08-19,zRcTOgC9A3O8i2gTYexq,2026-08-20T00:05:00+00:00,Texas Rangers,Washington Nationals,CADE_CAVALLI_1_MLB,Cade Cavalli,pitcher_hits_allowed,Over,4.5,-127.0,caesars,Caesars,SPORTSGAMEODDS,2026-08-19T20:55:57.706Z,,2026-08-19T21:00:05.530875+00:00
2026-08-19,zRcTOgC9A3O8i2gTYexq,2026-08-20T00:05:00+00:00,Texas Rangers,Washington Nationals,CADE_CAVALLI_1_MLB,Cade Cavalli,pitcher_hits_allowed,Under,4.5,100.0,espnbet,ESPN BET,SPORTSGAMEODDS,2026-08-19T20:56:18.116Z,,2026-08-19T21:00:05.530875+00:00
2026-08-19,zRcTOgC9A3O8i2gTYexq,2026-08-20T00:05:00+00:00,Texas Rangers,Washington Nationals,CADE_CAVALLI_1_MLB,Cade Cavalli,pitcher_hits_allowed,Under,4.5,-111.0,draftkings,DraftKings,SPORTSGAMEODDS,2026-08-19T20:54:35.327Z,,2026-08-19T21:00:05.530875+00:00
2026-08-19,zRcTOgC9A3O8i2gTYexq,2026-08-20T00:05:00+00:00,Texas Rangers,Washington Nationals,CADE_CAVALLI_1_MLB,Cade Cavalli,pitcher_hits_allowed,Under,4.5,110.0,betmgm,BetMGM,SPORTSGAMEODDS,2026-08-19T20:56:22.587Z,https://sports.nj.betmgm.com/en/sports?options=2:7827915-203293394-775906581,2026-08-19T21:00:05.530875+00:00
2026-08-19,zRcTOgC9A3O8i2gTYexq,2026-08-20T00:05:00+00:00,Texas Rangers,Washington Nationals,CADE_CAVALLI_1_MLB,Cade Cavalli,pitcher_hits_allowed,Under,4.5,-107.0,caesars,Caesars,SPORTSGAMEODDS,2026-08-19T20:55:57.706Z,,2026-08-19T21:00:05.530875+00:00
2026-08-19,zRcTOgC9A3O8i2gTYexq,2026-08-20T00:05:00+00:00,Texas Rangers,Washington Nationals,CADE_CAVALLI_1_MLB,Cade Cavalli,pitcher_outs,Over,17.5,-140.0,espnbet,ESPN BET,SPORTSGAMEODDS,2026-08-19T20:56:18.116Z,,2026-08-19T21:00:05.530875+00:00
2026-08-19,zRcTOgC9A3O8i2gTYexq,2026-08-20T00:05:00+00:00,Texas Rangers,Washington Nationals,CADE_CAVALLI_1_MLB,Cade Cavalli,pitcher_outs,Over,17.5,-132.0,fanduel,FanDuel,SPORTSGAMEODDS,2026-08-19T20:56:28.587Z,https://sportsbook.fanduel.com/addToBetslip?marketId=42.600950792&selectionId=101306960,2026-08-19T21:00:05.530875+00:00
2026-08-19,zRcTOgC9A3O8i2gTYexq,2026-08-20T00:05:00+00:00,Texas Rangers,Washington Nationals,CADE_CAVALLI_1_MLB,Cade Cavalli,pitcher_outs,Over,17.5,-139.0,draftkings,DraftKings,SPORTSGAMEODDS,2026-08-19T20:54:35.327Z,,2026-08-19T21:00:05.530875+00:00
2026-08-19,zRcTOgC9A3O8i2gTYexq,2026-08-20T00:05:00+00:00,Texas Rangers,Washington Nationals,CADE_CAVALLI_1_MLB,Cade Cavalli,pitcher_outs,Over,17.5,-160.0,betmgm,BetMGM,SPORTSGAMEODDS,2026-08-19T20:56:22.587Z,https://sports.nj.betmgm.com/en/sports?options=19864527-1552023790-2278682477,2026-08-19T21:00:05.530875+00:00
2026-08-19,zRcTOgC9A3O8i2gTYexq,2026-08-20T00:05:00+00:00,Texas Rangers,Washington Nationals,CADE_CAVALLI_1_MLB,Cade Cavalli,pitcher_outs,Over,17.5,-139.0,caesars,Caesars,SPORTSGAMEODDS,2026-08-19T20:56:32.587Z,https://sportsbook.caesars.com/us/nj/bet/betslip?selectionIds=75c20e3c-f94a-353f-abbd-703d5a66d444,2026-08-19T21:00:05.530875+00:00
2026-08-19,zRcTOgC9A3O8i2gTYexq,2026-08-20T00:05:00+00:00,Texas Rangers,Washington Nationals,CADE_CAVALLI_1_MLB,Cade Cavalli,pitcher_outs,Under,17.5,100.0,espnbet,ESPN BET,SPORTSGAMEODDS,2026-08-19T20:56:18.116Z,,2026-08-19T21:00:05.530875+00:00
2026-08-19,zRcTOgC9A3O8i2gTYexq,2026-08-20T00:05:00+00:00,Texas Rangers,Washington Nationals,CADE_CAVALLI_1_MLB,Cade Cavalli,pitcher_outs,Under,17.5,-102.0,fanduel,FanDuel,SPORTSGAMEODDS,2026-08-19T20:56:28.587Z,https://sportsbook.fanduel.com/addToBetslip?marketId=42.600950792&selectionId=101306959,2026-08-19T21:00:05.530875+00:00
2026-08-19,zRcTOgC9A3O8i2gTYexq,2026-08-20T00:05:00+00:00,Texas Rangers,Washington Nationals,CADE_CAVALLI_1_MLB,Cade Cavalli,pitcher_outs,Under,17.5,105.0,draftkings,DraftKings,SPORTSGAMEODDS,2026-08-19T20:54:35.327Z,,2026-08-19T21:00:05.530875+00:00
2026-08-19,zRcTOgC9A3O8i2gTYexq,2026-08-20T00:05:00+00:00,Texas Rangers,Washington Nationals,CADE_CAVALLI_1_MLB,Cade Cavalli,pitcher_outs,Under,17.5,115.0,betmgm,BetMGM,SPORTSGAMEODDS,2026-08-19T20:56:22.587Z,https://sports.nj.betmgm.com/en/sports?options=19864527-1552023790-2278682478,2026-08-19T21:00:05.530875+00:00
2026-08-19,zRcTOgC9A3O8i2gTYexq,2026-08-20T00:05:00+00:00,Texas Rangers,Washington Nationals,CADE_CAVALLI_1_MLB,Cade Cavalli,pitcher_outs,Under,17.5,104.0,caesars,Caesars,SPORTSGAMEODDS,2026-08-19T20:56:32.587Z,https://sportsbook.caesars.com/us/nj/bet/betslip?selectionIds=b1519377-b9d3-3d3a-9ec9-ae79ebea0e2c,2026-08-19T21:00:05.530875+00:00
2026-08-19,zRcTOgC9A3O8i2gTYexq,2026-08-20T00:05:00+00:00,Texas Rangers,Washington Nationals,KUMAR_ROCKER_1_MLB,Kumar Rocker,pitcher_outs,Over,15.5,-115.0,espnbet,ESPN BET,SPORTSGAMEODDS,2026-08-19T20:56:18.116Z,,2026-08-19T21:00:05.530875+00:00
2026-08-19,zRcTOgC9A3O8i2gTYexq,2026-08-20T00:05:00+00:00,Texas Rangers,Washington Nationals,KUMAR_ROCKER_1_MLB,Kumar Rocker,pitcher_outs,Over,15.5,-114.0,fanduel,FanDuel,SPORTSGAMEODDS,2026-08-19T20:56:28.587Z,https://sportsbook.fanduel.com/addToBetslip?marketId=42.600950856&selectionId=97862661,2026-08-19T21:00:05.530875+00:00
2026-08-19,zRcTOgC9A3O8i2gTYexq,2026-08-20T00:05:00+00:00,Texas Rangers,Washington Nationals,KUMAR_ROCKER_1_MLB,Kumar Rocker,pitcher_outs,Over,15.5,-107.0,draftkings,DraftKings,SPORTSGAMEODDS,2026-08-19T20:54:35.327Z,,2026-08-19T21:00:05.530875+00:00
2026-08-19,zRcTOgC9A3O8i2gTYexq,2026-08-20T00:05:00+00:00,Texas Rangers,Washington Nationals,KUMAR_ROCKER_1_MLB,Kumar Rocker,pitcher_outs,Over,15.5,-110.0,betmgm,BetMGM,SPORTSGAMEODDS,2026-08-19T20:56:22.587Z,https://sports.nj.betmgm.com/en/sports?options=19864527-1552023610-2278682105,2026-08-19T21:00:05.530875+00:00
2026-08-19,zRcTOgC9A3O8i2gTYexq,2026-08-20T00:05:00+00:00,Texas Rangers,Washington Nationals,KUMAR_ROCKER_1_MLB,Kumar Rocker,pitcher_outs,Over,15.5,-117.0,caesars,Caesars,SPORTSGAMEODDS,2026-08-19T20:56:32.587Z,https://sportsbook.caesars.com/us/nj/bet/betslip?selectionIds=6ab59e8a-1715-3cde-ade9-aaaf79fb8bff,2026-08-19T21:00:05.530875+00:00
2026-08-19,zRcTOgC9A3O8i2gTYexq,2026-08-20T00:05:00+00:00,Texas Rangers,Washington Nationals,KUMAR_ROCKER_1_MLB,Kumar Rocker,pitcher_outs,Under,15.5,-125.0,espnbet,ESPN BET,SPORTSGAMEODDS,2026-08-19T20:56:18.116Z,,2026-08-19T21:00:05.530875+00:00
2026-08-19,zRcTOgC9A3O8i2gTYexq,2026-08-20T00:05:00+00:00,Texas Rangers,Washington Nationals,KUMAR_ROCKER_1_MLB,Kumar Rocker,pitcher_outs,Under,15.5,-114.0,fanduel,FanDuel,SPORTSGAMEODDS,2026-08-19T20:56:28.587Z,https://sportsbook.fanduel.com/addToBetslip?marketId=42.600950856&selectionId=97862664,2026-08-19T21:00:05.530875+00:00
2026-08-19,zRcTOgC9A3O8i2gTYexq,2026-08-20T00:05:00+00:00,Texas Rangers,Washington Nationals,KUMAR_ROCKER_1_MLB,Kumar Rocker,pitcher_outs,Under,15.5,-123.0,draftkings,DraftKings,SPORTSGAMEODDS,2026-08-19T20:54:35.327Z,,2026-08-19T21:00:05.530875+00:00
2026-08-19,zRcTOgC9A3O8i2gTYexq,2026-08-20T00:05:00+00:00,Texas Rangers,Washington Nationals,KUMAR_ROCKER_1_MLB,Kumar Rocker,pitcher_outs,Under,15.5,-120.0,betmgm,BetMGM,SPORTSGAMEODDS,2026-08-19T20:56:22.587Z,https://sports.nj.betmgm.com/en/sports?options=19864527-1552023610-2278682106,2026-08-19T21:00:05.530875+00:00
2026-08-19,zRcTOgC9A3O8i2gTYexq,2026-08-20T00:05:00+00:00,Texas Rangers,Washington Nationals,KUMAR_ROCKER_1_MLB,Kumar Rocker,pitcher_outs,Under,15.5,-114.0,caesars,Caesars,SPORTSGAMEODDS,2026-08-19T20:56:32.587Z,https://sportsbook.caesars.com/us/nj/bet/betslip?selectionIds=0cf59fca-de94-38e5-b17c-30b0edee9fa9,2026-08-19T21:00:05.530875+00:00
2026-08-19,zRcTOgC9A3O8i2gTYexq,2026-08-20T00:05:00+00:00,Texas Rangers,Washington Nationals,KUMAR_ROCKER_1_MLB,Kumar Rocker,pitcher_hits_allowed,Over,4.5,-115.0,espnbet,ESPN BET,SPORTSGAMEODDS,2026-08-19T20:56:18.116Z,,2026-08-19T21:00:05.530875+00:00
2026-08-19,zRcTOgC9A3O8i2gTYexq,2026-08-20T00:05:00+00:00,Texas Rangers,Washington Nationals,KUMAR_ROCKER_1_MLB,Kumar Rocker,pitcher_hits_allowed,Over,4.5,-113.0,draftkings,DraftKings,SPORTSGAMEODDS,2026-08-19T20:54:35.327Z,,2026-08-19T21:00:05.530875+00:00
2026-08-19,zRcTOgC9A3O8i2gTYexq,2026-08-20T00:05:00+00:00,Texas Rangers,Washington Nationals,KUMAR_ROCKER_1_MLB,Kumar Rocker,pitcher_hits_allowed,Over,4.5,-125.0,betmgm,BetMGM,SPORTSGAMEODDS,2026-08-19T20:56:22.587Z,https://sports.nj.betmgm.com/en/sports?options=2:7827915-203293127-775906046,2026-08-19T21:00:05.530875+00:00
2026-08-19,zRcTOgC9A3O8i2gTYexq,2026-08-20T00:05:00+00:00,Texas Rangers,Washington Nationals,KUMAR_ROCKER_1_MLB,Kumar Rocker,pitcher_hits_allowed,Over,4.5,-118.0,caesars,Caesars,SPORTSGAMEODDS,2026-08-19T20:55:57.706Z,,2026-08-19T21:00:05.530875+00:00
2026-08-19,zRcTOgC9A3O8i2gTYexq,2026-08-20T00:05:00+00:00,Texas Rangers,Washington Nationals,KUMAR_ROCKER_1_MLB,Kumar Rocker,pitcher_hits_allowed,Under,4.5,-125.0,espnbet,ESPN BET,SPORTSGAMEODDS,2026-08-19T20:56:18.116Z,,2026-08-19T21:00:05.530875+00:00
2026-08-19,zRcTOgC9A3O8i2gTYexq,2026-08-20T00:05:00+00:00,Texas Rangers,Washington Nationals,KUMAR_ROCKER_1_MLB,Kumar Rocker,pitcher_hits_allowed,Under,4.5,-118.0,draftkings,DraftKings,SPORTSGAMEODDS,2026-08-19T20:54:35.327Z,,2026-08-19T21:00:05.530875+00:00
2026-08-19,zRcTOgC9A3O8i2gTYexq,2026-08-20T00:05:00+00:00,Texas Rangers,Washington Nationals,KUMAR_ROCKER_1_MLB,Kumar Rocker,pitcher_hits_allowed,Under,4.5,-118.0,betmgm,BetMGM,SPORTSGAMEODDS,2026-08-19T20:56:22.587Z,https://sports.nj.betmgm.com/en/sports?options=2:7827915-203293127-775906047,2026-08-19T21:00:05.530875+00:00
2026-08-19,zRcTOgC9A3O8i2gTYexq,2026-08-20T00:05:00+00:00,Texas Rangers,Washington Nationals,KUMAR_ROCKER_1_MLB,Kumar Rocker,pitcher_hits_allowed,Under,4.5,-120.0,caesars,Caesars,SPORTSGAMEODDS,2026-08-19T20:55:57.706Z,,2026-08-19T21:00:05.530875+00:00
2026-08-19,zRcTOgC9A3O8i2gTYexq,2026-08-20T00:05:00+00:00,Texas Rangers,Washington Nationals,CADE_CAVALLI_1_MLB,Cade Cavalli,pitcher_strikeouts,Over,5.5,-155.0,espnbet,ESPN BET,SPORTSGAMEODDS,2026-08-19T20:56:18.116Z,,2026-08-19T21:00:05.530875+00:00
2026-08-19,zRcTOgC9A3O8i2gTYexq,2026-08-20T00:05:00+00:00,Texas Rangers,Washington Nationals,CADE_CAVALLI_1_MLB,Cade Cavalli,pitcher_strikeouts,Over,5.5,-140.0,fanduel,FanDuel,SPORTSGAMEODDS,2026-08-19T20:54:54.460Z,https://sportsbook.fanduel.com/addToBetslip?marketId=717.181791038&selectionId=47904423,2026-08-19T21:00:05.530875+00:00
2026-08-19,zRcTOgC9A3O8i2gTYexq,2026-08-20T00:05:00+00:00,Texas Rangers,Washington Nationals,CADE_CAVALLI_1_MLB,Cade Cavalli,pitcher_strikeouts,Over,5.5,-173.0,draftkings,DraftKings,SPORTSGAMEODDS,2026-08-19T20:54:35.327Z,,2026-08-19T21:00:05.530875+00:00
2026-08-19,zRcTOgC9A3O8i2gTYexq,2026-08-20T00:05:00+00:00,Texas Rangers,Washington Nationals,CADE_CAVALLI_1_MLB,Cade Cavalli,pitcher_strikeouts,Over,5.5,-165.0,betmgm,BetMGM,SPORTSGAMEODDS,2026-08-19T20:56:22.587Z,https://sports.nj.betmgm.com/en/sports?options=2:7827915-203293371-775906534,2026-08-19T21:00:05.530875+00:00
2026-08-19,zRcTOgC9A3O8i2gTYexq,2026-08-20T00:05:00+00:00,Texas Rangers,Washington Nationals,CADE_CAVALLI_1_MLB,Cade Cavalli,pitcher_strikeouts,Over,5.5,-157.0,caesars,Caesars,SPORTSGAMEODDS,2026-08-19T20:56:32.587Z,https://sportsbook.caesars.com/us/nj/bet/betslip?selectionIds=737e7f2d-c494-37b7-bf90-4bfc5bff1a75,2026-08-19T21:00:05.530875+00:00
2026-08-19,zRcTOgC9A3O8i2gTYexq,2026-08-20T00:05:00+00:00,Texas Rangers,Washington Nationals,CADE_CAVALLI_1_MLB,Cade Cavalli,pitcher_strikeouts,Under,5.5,110.0,espnbet,ESPN BET,SPORTSGAMEODDS,2026-08-19T20:56:18.116Z,,2026-08-19T21:00:05.530875+00:00
2026-08-19,zRcTOgC9A3O8i2gTYexq,2026-08-20T00:05:00+00:00,Texas Rangers,Washington Nationals,CADE_CAVALLI_1_MLB,Cade Cavalli,pitcher_strikeouts,Under,5.5,110.0,fanduel,FanDuel,SPORTSGAMEODDS,2026-08-19T20:54:54.460Z,https://sportsbook.fanduel.com/addToBetslip?marketId=717.181791038&selectionId=47904424,2026-08-19T21:00:05.530875+00:00
2026-08-19,zRcTOgC9A3O8i2gTYexq,2026-08-20T00:05:00+00:00,Texas Rangers,Washington Nationals,CADE_CAVALLI_1_MLB,Cade Cavalli,pitcher_strikeouts,Under,5.5,115.0,betmgm,BetMGM,SPORTSGAMEODDS,2026-08-19T20:56:22.587Z,https://sports.nj.betmgm.com/en/sports?options=2:7827915-203293371-775906535,2026-08-19T21:00:05.530875+00:00
2026-08-19,zRcTOgC9A3O8i2gTYexq,2026-08-20T00:05:00+00:00,Texas Rangers,Washington Nationals,CADE_CAVALLI_1_MLB,Cade Cavalli,pitcher_strikeouts,Under,5.5,113.0,caesars,Caesars,SPORTSGAMEODDS,2026-08-19T20:55:57.706Z,,2026-08-19T21:00:05.530875+00:00
2026-08-19,zRcTOgC9A3O8i2gTYexq,2026-08-20T00:05:00+00:00,Texas Rangers,Washington Nationals,KUMAR_ROCKER_1_MLB,Kumar Rocker,pitcher_strikeouts,Over,4.5,-120.0,espnbet,ESPN BET,SPORTSGAMEODDS,2026-08-19T20:56:18.116Z,,2026-08-19T21:00:05.530875+00:00
2026-08-19,zRcTOgC9A3O8i2gTYexq,2026-08-20T00:05:00+00:00,Texas Rangers,Washington Nationals,KUMAR_ROCKER_1_MLB,Kumar Rocker,pitcher_strikeouts,Over,4.5,-120.0,fanduel,FanDuel,SPORTSGAMEODDS,2026-08-19T20:54:54.460Z,https://sportsbook.fanduel.com/addToBetslip?marketId=717.181860043&selectionId=73748956,2026-08-19T21:00:05.530875+00:00
2026-08-19,zRcTOgC9A3O8i2gTYexq,2026-08-20T00:05:00+00:00,Texas Rangers,Washington Nationals,KUMAR_ROCKER_1_MLB,Kumar Rocker,pitcher_strikeouts,Over,4.5,-125.0,draftkings,DraftKings,SPORTSGAMEODDS,2026-08-19T20:54:35.327Z,,2026-08-19T21:00:05.530875+00:00
2026-08-19,zRcTOgC9A3O8i2gTYexq,2026-08-20T00:05:00+00:00,Texas Rangers,Washington Nationals,KUMAR_ROCKER_1_MLB,Kumar Rocker,pitcher_strikeouts,Over,4.5,-135.0,betmgm,BetMGM,SPORTSGAMEODDS,2026-08-19T20:56:22.587Z,https://sports.nj.betmgm.com/en/sports?options=2:7827915-203293091-775905974,2026-08-19T21:00:05.530875+00:00
2026-08-19,zRcTOgC9A3O8i2gTYexq,2026-08-20T00:05:00+00:00,Texas Rangers,Washington Nationals,KUMAR_ROCKER_1_MLB,Kumar Rocker,pitcher_strikeouts,Over,4.5,-125.0,caesars,Caesars,SPORTSGAMEODDS,2026-08-19T20:56:32.587Z,https://sportsbook.caesars.com/us/nj/bet/betslip?selectionIds=368d6fba-682d-3c32-9145-99e87ba49c63,2026-08-19T21:00:05.530875+00:00
2026-08-19,zRcTOgC9A3O8i2gTYexq,2026-08-20T00:05:00+00:00,Texas Rangers,Washington Nationals,KUMAR_ROCKER_1_MLB,Kumar Rocker,pitcher_strikeouts,Under,4.5,-115.0,espnbet,ESPN BET,SPORTSGAMEODDS,2026-08-19T20:56:18.116Z,,2026-08-19T21:00:05.530875+00:00
2026-08-19,zRcTOgC9A3O8i2gTYexq,2026-08-20T00:05:00+00:00,Texas Rangers,Washington Nationals,KUMAR_ROCKER_1_MLB,Kumar Rocker,pitcher_strikeouts,Under,4.5,-106.0,fanduel,FanDuel,SPORTSGAMEODDS,2026-08-19T20:54:54.460Z,https://sportsbook.fanduel.com/addToBetslip?marketId=717.181860043&selectionId=73748955,2026-08-19T21:00:05.530875+00:00
2026-08-19,zRcTOgC9A3O8i2gTYexq,2026-08-20T00:05:00+00:00,Texas Rangers,Washington Nationals,KUMAR_ROCKER_1_MLB,Kumar Rocker,pitcher_strikeouts,Under,4.5,-102.0,draftkings,DraftKings,SPORTSGAMEODDS,2026-08-19T20:54:35.327Z,,2026-08-19T21:00:05.530875+00:00
2026-08-19,zRcTOgC9A3O8i2gTYexq,2026-08-20T00:05:00+00:00,Texas Rangers,Washington Nationals,KUMAR_ROCKER_1_MLB,Kumar Rocker,pitcher_strikeouts,Under,4.5,-110.0,betmgm,BetMGM,SPORTSGAMEODDS,2026-08-19T20:56:22.587Z,https://sports.nj.betmgm.com/en/sports?options=2:7827915-203293091-775905975,2026-08-19T21:00:05.530875+00:00
2026-08-19,zRcTOgC9A3O8i2gTYexq,2026-08-20T00:05:00+00:00,Texas Rangers,Washington Nationals,KUMAR_ROCKER_1_MLB,Kumar Rocker,pitcher_strikeouts,Under,4.5,-112.0,caesars,Caesars,SPORTSGAMEODDS,2026-08-19T20:55:57.706Z,,2026-08-19T21:00:05.530875+00:00
2026-08-19,4KRY6i3pAX7kqftOQUL7,2026-08-20T00:10:00+00:00,Houston Astros,Los Angeles Angels,WALBERT_URENA_1_MLB,Walbert Ureña,pitcher_hits_allowed,Over,4.5,-150.0,espnbet,ESPN BET,SPORTSGAMEODDS,2026-08-19T20:56:18.762Z,,2026-08-19T21:00:05.530875+00:00
2026-08-19,4KRY6i3pAX7kqftOQUL7,2026-08-20T00:10:00+00:00,Houston Astros,Los Angeles Angels,WALBERT_URENA_1_MLB,Walbert Ureña,pitcher_hits_allowed,Over,4.5,-136.0,draftkings,DraftKings,SPORTSGAMEODDS,2026-08-19T20:54:35.327Z,,2026-08-19T21:00:05.530875+00:00
2026-08-19,4KRY6i3pAX7kqftOQUL7,2026-08-20T00:10:00+00:00,Houston Astros,Los Angeles Angels,WALBERT_URENA_1_MLB,Walbert Ureña,pitcher_hits_allowed,Over,4.5,-130.0,betmgm,BetMGM,SPORTSGAMEODDS,2026-08-19T20:56:11.682Z,https://sports.nj.betmgm.com/en/sports?options=2:7826894-203294159-775910081,2026-08-19T21:00:05.530875+00:00
2026-08-19,4KRY6i3pAX7kqftOQUL7,2026-08-20T00:10:00+00:00,Houston Astros,Los Angeles Angels,WALBERT_URENA_1_MLB,Walbert Ureña,pitcher_hits_allowed,Over,4.5,-125.0,caesars,Caesars,SPORTSGAMEODDS,2026-08-19T20:55:57.706Z,,2026-08-19T21:00:05.530875+00:00
2026-08-19,4KRY6i3pAX7kqftOQUL7,2026-08-20T00:10:00+00:00,Houston Astros,Los Angeles Angels,WALBERT_URENA_1_MLB,Walbert Ureña,pitcher_hits_allowed,Under,4.5,105.0,espnbet,ESPN BET,SPORTSGAMEODDS,2026-08-19T20:56:18.762Z,,2026-08-19T21:00:05.530875+00:00
2026-08-19,4KRY6i3pAX7kqftOQUL7,2026-08-20T00:10:00+00:00,Houston Astros,Los Angeles Angels,WALBERT_URENA_1_MLB,Walbert Ureña,pitcher_hits_allowed,Under,4.5,102.0,draftkings,DraftKings,SPORTSGAMEODDS,2026-08-19T20:54:35.327Z,,2026-08-19T21:00:05.530875+00:00
2026-08-19,4KRY6i3pAX7kqftOQUL7,2026-08-20T00:10:00+00:00,Houston Astros,Los Angeles Angels,WALBERT_URENA_1_MLB,Walbert Ureña,pitcher_hits_allowed,Under,4.5,-110.0,betmgm,BetMGM,SPORTSGAMEODDS,2026-08-19T20:56:11.682Z,https://sports.nj.betmgm.com/en/sports?options=2:7826894-203294159-775910082,2026-08-19T21:00:05.530875+00:00
2026-08-19,4KRY6i3pAX7kqftOQUL7,2026-08-20T00:10:00+00:00,Houston Astros,Los Angeles Angels,WALBERT_URENA_1_MLB,Walbert Ureña,pitcher_hits_allowed,Under,4.5,-108.0,caesars,Caesars,SPORTSGAMEODDS,2026-08-19T20:55:57.706Z,,2026-08-19T21:00:05.530875+00:00
2026-08-19,4KRY6i3pAX7kqftOQUL7,2026-08-20T00:10:00+00:00,Houston Astros,Los Angeles Angels,WALBERT_URENA_1_MLB,Walbert Ureña,pitcher_outs,Over,16.5,-105.0,espnbet,ESPN BET,SPORTSGAMEODDS,2026-08-19T20:56:18.762Z,,2026-08-19T21:00:05.530875+00:00
2026-08-19,4KRY6i3pAX7kqftOQUL7,2026-08-20T00:10:00+00:00,Houston Astros,Los Angeles Angels,WALBERT_URENA_1_MLB,Walbert Ureña,pitcher_outs,Over,16.5,-106.0,fanduel,FanDuel,SPORTSGAMEODDS,2026-08-19T20:56:26.682Z,https://sportsbook.fanduel.com/addToBetslip?marketId=42.600999472&selectionId=100069694,2026-08-19T21:00:05.530875+00:00
2026-08-19,4KRY6i3pAX7kqftOQUL7,2026-08-20T00:10:00+00:00,Houston Astros,Los Angeles Angels,WALBERT_URENA_1_MLB,Walbert Ureña,pitcher_outs,Over,16.5,-103.0,draftkings,DraftKings,SPORTSGAMEODDS,2026-08-19T20:54:35.327Z,,2026-08-19T21:00:05.530875+00:00
2026-08-19,4KRY6i3pAX7kqftOQUL7,2026-08-20T00:10:00+00:00,Houston Astros,Los Angeles Angels,WALBERT_URENA_1_MLB,Walbert Ureña,pitcher_outs,Over,16.5,-107.0,caesars,Caesars,SPORTSGAMEODDS,2026-08-19T20:56:11.682Z,https://sportsbook.caesars.com/us/nj/bet/betslip?selectionIds=5dc458d0-c944-3ea4-8f5b-3132bc458cab,2026-08-19T21:00:05.530875+00:00
2026-08-19,4KRY6i3pAX7kqftOQUL7,2026-08-20T00:10:00+00:00,Houston Astros,Los Angeles Angels,WALBERT_URENA_1_MLB,Walbert Ureña,pitcher_outs,Under,16.5,-135.0,espnbet,ESPN BET,SPORTSGAMEODDS,2026-08-19T20:56:18.762Z,,2026-08-19T21:00:05.530875+00:00
2026-08-19,4KRY6i3pAX7kqftOQUL7,2026-08-20T00:10:00+00:00,Houston Astros,Los Angeles Angels,WALBERT_URENA_1_MLB,Walbert Ureña,pitcher_outs,Under,16.5,-128.0,fanduel,FanDuel,SPORTSGAMEODDS,2026-08-19T20:56:26.682Z,https://sportsbook.fanduel.com/addToBetslip?marketId=42.600999472&selectionId=100069695,2026-08-19T21:00:05.530875+00:00
2026-08-19,4KRY6i3pAX7kqftOQUL7,2026-08-20T00:10:00+00:00,Houston Astros,Los Angeles Angels,WALBERT_URENA_1_MLB,Walbert Ureña,pitcher_outs,Under,16.5,-129.0,draftkings,DraftKings,SPORTSGAMEODDS,2026-08-19T20:54:35.327Z,,2026-08-19T21:00:05.530875+00:00
2026-08-19,4KRY6i3pAX7kqftOQUL7,2026-08-20T00:10:00+00:00,Houston Astros,Los Angeles Angels,WALBERT_URENA_1_MLB,Walbert Ureña,pitcher_outs,Under,16.5,-125.0,caesars,Caesars,SPORTSGAMEODDS,2026-08-19T20:56:11.682Z,https://sportsbook.caesars.com/us/nj/bet/betslip?selectionIds=685ab27b-92b1-3547-8b0a-1013d425340b,2026-08-19T21:00:05.530875+00:00
2026-08-19,4KRY6i3pAX7kqftOQUL7,2026-08-20T00:10:00+00:00,Houston Astros,Los Angeles Angels,WALBERT_URENA_1_MLB,Walbert Ureña,pitcher_strikeouts,Over,4.5,-130.0,espnbet,ESPN BET,SPORTSGAMEODDS,2026-08-19T20:56:18.762Z,,2026-08-19T21:00:05.530875+00:00
2026-08-19,4KRY6i3pAX7kqftOQUL7,2026-08-20T00:10:00+00:00,Houston Astros,Los Angeles Angels,WALBERT_URENA_1_MLB,Walbert Ureña,pitcher_strikeouts,Over,4.5,-128.0,fanduel,FanDuel,SPORTSGAMEODDS,2026-08-19T20:54:54.460Z,https://sportsbook.fanduel.com/addToBetslip?marketId=42.600822880&selectionId=97622497,2026-08-19T21:00:05.530875+00:00
2026-08-19,4KRY6i3pAX7kqftOQUL7,2026-08-20T00:10:00+00:00,Houston Astros,Los Angeles Angels,WALBERT_URENA_1_MLB,Walbert Ureña,pitcher_strikeouts,Over,4.5,-141.0,draftkings,DraftKings,SPORTSGAMEODDS,2026-08-19T20:54:35.327Z,,2026-08-19T21:00:05.530875+00:00
2026-08-19,4KRY6i3pAX7kqftOQUL7,2026-08-20T00:10:00+00:00,Houston Astros,Los Angeles Angels,WALBERT_URENA_1_MLB,Walbert Ureña,pitcher_strikeouts,Over,4.5,-155.0,betmgm,BetMGM,SPORTSGAMEODDS,2026-08-19T20:56:11.682Z,https://sports.nj.betmgm.com/en/sports?options=2:7826894-203294741-775911688,2026-08-19T21:00:05.530875+00:00
2026-08-19,4KRY6i3pAX7kqftOQUL7,2026-08-20T00:10:00+00:00,Houston Astros,Los Angeles Angels,WALBERT_URENA_1_MLB,Walbert Ureña,pitcher_strikeouts,Over,4.5,-139.0,caesars,Caesars,SPORTSGAMEODDS,2026-08-19T20:56:11.682Z,https://sportsbook.caesars.com/us/nj/bet/betslip?selectionIds=35ccddb1-38c1-36fc-b607-33de61cd9d3e,2026-08-19T21:00:05.530875+00:00
2026-08-19,4KRY6i3pAX7kqftOQUL7,2026-08-20T00:10:00+00:00,Houston Astros,Los Angeles Angels,WALBERT_URENA_1_MLB,Walbert Ureña,pitcher_strikeouts,Under,4.5,-105.0,espnbet,ESPN BET,SPORTSGAMEODDS,2026-08-19T20:56:18.762Z,,2026-08-19T21:00:05.530875+00:00
2026-08-19,4KRY6i3pAX7kqftOQUL7,2026-08-20T00:10:00+00:00,Houston Astros,Los Angeles Angels,WALBERT_URENA_1_MLB,Walbert Ureña,pitcher_strikeouts,Under,4.5,100.0,fanduel,FanDuel,SPORTSGAMEODDS,2026-08-19T20:54:54.460Z,https://sportsbook.fanduel.com/addToBetslip?marketId=42.600822880&selectionId=97622493,2026-08-19T21:00:05.530875+00:00
2026-08-19,4KRY6i3pAX7kqftOQUL7,2026-08-20T00:10:00+00:00,Houston Astros,Los Angeles Angels,WALBERT_URENA_1_MLB,Walbert Ureña,pitcher_strikeouts,Under,4.5,107.0,draftkings,DraftKings,SPORTSGAMEODDS,2026-08-19T20:54:35.327Z,,2026-08-19T21:00:05.530875+00:00
2026-08-19,4KRY6i3pAX7kqftOQUL7,2026-08-20T00:10:00+00:00,Houston Astros,Los Angeles Angels,WALBERT_URENA_1_MLB,Walbert Ureña,pitcher_strikeouts,Under,4.5,105.0,betmgm,BetMGM,SPORTSGAMEODDS,2026-08-19T20:56:11.682Z,https://sports.nj.betmgm.com/en/sports?options=2:7826894-203294741-775911689,2026-08-19T21:00:05.530875+00:00
2026-08-19,4KRY6i3pAX7kqftOQUL7,2026-08-20T00:10:00+00:00,Houston Astros,Los Angeles Angels,WALBERT_URENA_1_MLB,Walbert Ureña,pitcher_strikeouts,Under,4.5,-103.0,caesars,Caesars,SPORTSGAMEODDS,2026-08-19T20:55:57.706Z,,2026-08-19T21:00:05.530875+00:00
2026-08-19,fCx074PWzF6w4PC2UPBK,2026-08-20T00:40:00+00:00,Colorado Rockies,Los Angeles Dodgers,KYLE_FREELAND_1_MLB,Kyle Freeland,pitcher_strikeouts,Over,3.5,-155.0,espnbet,ESPN BET,SPORTSGAMEODDS,2026-08-19T20:56:25.347Z,,2026-08-19T21:00:05.530875+00:00
2026-08-19,fCx074PWzF6w4PC2UPBK,2026-08-20T00:40:00+00:00,Colorado Rockies,Los Angeles Dodgers,KYLE_FREELAND_1_MLB,Kyle Freeland,pitcher_strikeouts,Over,3.5,-146.0,fanduel,FanDuel,SPORTSGAMEODDS,2026-08-19T20:54:54.460Z,https://sportsbook.fanduel.com/addToBetslip?marketId=717.181818549&selectionId=39824992,2026-08-19T21:00:05.530875+00:00
2026-08-19,fCx074PWzF6w4PC2UPBK,2026-08-20T00:40:00+00:00,Colorado Rockies,Los Angeles Dodgers,KYLE_FREELAND_1_MLB,Kyle Freeland,pitcher_strikeouts,Over,3.5,-142.0,draftkings,DraftKings,SPORTSGAMEODDS,2026-08-19T20:54:35.327Z,,2026-08-19T21:00:05.530875+00:00
2026-08-19,fCx074PWzF6w4PC2UPBK,2026-08-20T00:40:00+00:00,Colorado Rockies,Los Angeles Dodgers,KYLE_FREELAND_1_MLB,Kyle Freeland,pitcher_strikeouts,Over,3.5,-175.0,betmgm,BetMGM,SPORTSGAMEODDS,2026-08-19T20:56:08.319Z,https://sports.nj.betmgm.com/en/sports?options=2:7827576-203309695-775990473,2026-08-19T21:00:05.530875+00:00
2026-08-19,fCx074PWzF6w4PC2UPBK,2026-08-20T00:40:00+00:00,Colorado Rockies,Los Angeles Dodgers,KYLE_FREELAND_1_MLB,Kyle Freeland,pitcher_strikeouts,Over,3.5,-157.0,caesars,Caesars,SPORTSGAMEODDS,2026-08-19T20:56:11.319Z,https://sportsbook.caesars.com/us/nj/bet/betslip?selectionIds=ed271578-c748-3c04-9615-a042c0171e39,2026-08-19T21:00:05.530875+00:00
2026-08-19,fCx074PWzF6w4PC2UPBK,2026-08-20T00:40:00+00:00,Colorado Rockies,Los Angeles Dodgers,KYLE_FREELAND_1_MLB,Kyle Freeland,pitcher_strikeouts,Under,3.5,110.0,espnbet,ESPN BET,SPORTSGAMEODDS,2026-08-19T20:56:25.347Z,,2026-08-19T21:00:05.530875+00:00
2026-08-19,fCx074PWzF6w4PC2UPBK,2026-08-20T00:40:00+00:00,Colorado Rockies,Los Angeles Dodgers,KYLE_FREELAND_1_MLB,Kyle Freeland,pitcher_strikeouts,Under,3.5,114.0,fanduel,FanDuel,SPORTSGAMEODDS,2026-08-19T20:54:54.460Z,https://sportsbook.fanduel.com/addToBetslip?marketId=717.181789174&selectionId=17971365,2026-08-19T21:00:05.530875+00:00
2026-08-19,fCx074PWzF6w4PC2UPBK,2026-08-20T00:40:00+00:00,Colorado Rockies,Los Angeles Dodgers,KYLE_FREELAND_1_MLB,Kyle Freeland,pitcher_strikeouts,Under,3.5,112.0,draftkings,DraftKings,SPORTSGAMEODDS,2026-08-19T20:54:35.327Z,,2026-08-19T21:00:05.530875+00:00
2026-08-19,fCx074PWzF6w4PC2UPBK,2026-08-20T00:40:00+00:00,Colorado Rockies,Los Angeles Dodgers,KYLE_FREELAND_1_MLB,Kyle Freeland,pitcher_strikeouts,Under,3.5,120.0,betmgm,BetMGM,SPORTSGAMEODDS,2026-08-19T20:56:08.319Z,https://sports.nj.betmgm.com/en/sports?options=2:7827576-203309695-775990474,2026-08-19T21:00:05.530875+00:00
2026-08-19,fCx074PWzF6w4PC2UPBK,2026-08-20T00:40:00+00:00,Colorado Rockies,Los Angeles Dodgers,KYLE_FREELAND_1_MLB,Kyle Freeland,pitcher_strikeouts,Under,3.5,110.0,caesars,Caesars,SPORTSGAMEODDS,2026-08-19T20:55:57.706Z,,2026-08-19T21:00:05.530875+00:00
2026-08-19,fCx074PWzF6w4PC2UPBK,2026-08-20T00:40:00+00:00,Colorado Rockies,Los Angeles Dodgers,ROKI_SASAKI_1_MLB,Roki Sasaki,pitcher_strikeouts,Over,4.5,-160.0,espnbet,ESPN BET,SPORTSGAMEODDS,2026-08-19T20:56:25.347Z,,2026-08-19T21:00:05.530875+00:00
2026-08-19,fCx074PWzF6w4PC2UPBK,2026-08-20T00:40:00+00:00,Colorado Rockies,Los Angeles Dodgers,ROKI_SASAKI_1_MLB,Roki Sasaki,pitcher_strikeouts,Over,4.5,-160.0,fanduel,FanDuel,SPORTSGAMEODDS,2026-08-19T20:54:54.460Z,https://sportsbook.fanduel.com/addToBetslip?marketId=717.181789179&selectionId=81220985,2026-08-19T21:00:05.530875+00:00
2026-08-19,fCx074PWzF6w4PC2UPBK,2026-08-20T00:40:00+00:00,Colorado Rockies,Los Angeles Dodgers,ROKI_SASAKI_1_MLB,Roki Sasaki,pitcher_strikeouts,Over,4.5,-151.0,draftkings,DraftKings,SPORTSGAMEODDS,2026-08-19T20:54:35.327Z,,2026-08-19T21:00:05.530875+00:00
2026-08-19,fCx074PWzF6w4PC2UPBK,2026-08-20T00:40:00+00:00,Colorado Rockies,Los Angeles Dodgers,ROKI_SASAKI_1_MLB,Roki Sasaki,pitcher_strikeouts,Over,5.5,120.0,betmgm,BetMGM,SPORTSGAMEODDS,2026-08-19T20:56:08.319Z,https://sports.nj.betmgm.com/en/sports?options=2:7827576-203309589-775990246,2026-08-19T21:00:05.530875+00:00
2026-08-19,fCx074PWzF6w4PC2UPBK,2026-08-20T00:40:00+00:00,Colorado Rockies,Los Angeles Dodgers,ROKI_SASAKI_1_MLB,Roki Sasaki,pitcher_strikeouts,Over,4.5,-173.0,caesars,Caesars,SPORTSGAMEODDS,2026-08-19T20:56:11.319Z,https://sportsbook.caesars.com/us/nj/bet/betslip?selectionIds=cec547f6-1886-3a38-97ad-9b3618f14e92,2026-08-19T21:00:05.530875+00:00
2026-08-19,fCx074PWzF6w4PC2UPBK,2026-08-20T00:40:00+00:00,Colorado Rockies,Los Angeles Dodgers,ROKI_SASAKI_1_MLB,Roki Sasaki,pitcher_strikeouts,Under,4.5,115.0,espnbet,ESPN BET,SPORTSGAMEODDS,2026-08-19T20:56:25.347Z,,2026-08-19T21:00:05.530875+00:00
2026-08-19,fCx074PWzF6w4PC2UPBK,2026-08-20T00:40:00+00:00,Colorado Rockies,Los Angeles Dodgers,ROKI_SASAKI_1_MLB,Roki Sasaki,pitcher_strikeouts,Under,4.5,124.0,fanduel,FanDuel,SPORTSGAMEODDS,2026-08-19T20:54:54.460Z,https://sportsbook.fanduel.com/addToBetslip?marketId=717.181789179&selectionId=81220986,2026-08-19T21:00:05.530875+00:00
2026-08-19,fCx074PWzF6w4PC2UPBK,2026-08-20T00:40:00+00:00,Colorado Rockies,Los Angeles Dodgers,ROKI_SASAKI_1_MLB,Roki Sasaki,pitcher_strikeouts,Under,4.5,118.0,draftkings,DraftKings,SPORTSGAMEODDS,2026-08-19T20:54:35.327Z,,2026-08-19T21:00:05.530875+00:00
2026-08-19,fCx074PWzF6w4PC2UPBK,2026-08-20T00:40:00+00:00,Colorado Rockies,Los Angeles Dodgers,ROKI_SASAKI_1_MLB,Roki Sasaki,pitcher_strikeouts,Under,5.5,-175.0,betmgm,BetMGM,SPORTSGAMEODDS,2026-08-19T20:56:08.319Z,https://sports.nj.betmgm.com/en/sports?options=2:7827576-203309589-775990247,2026-08-19T21:00:05.530875+00:00
2026-08-19,fCx074PWzF6w4PC2UPBK,2026-08-20T00:40:00+00:00,Colorado Rockies,Los Angeles Dodgers,ROKI_SASAKI_1_MLB,Roki Sasaki,pitcher_strikeouts,Under,4.5,121.0,caesars,Caesars,SPORTSGAMEODDS,2026-08-19T20:55:57.706Z,,2026-08-19T21:00:05.530875+00:00
2026-08-19,fCx074PWzF6w4PC2UPBK,2026-08-20T00:40:00+00:00,Colorado Rockies,Los Angeles Dodgers,KYLE_FREELAND_1_MLB,Kyle Freeland,pitcher_hits_allowed,Over,6.5,-140.0,espnbet,ESPN BET,SPORTSGAMEODDS,2026-08-19T20:56:25.347Z,,2026-08-19T21:00:05.530875+00:00
2026-08-19,fCx074PWzF6w4PC2UPBK,2026-08-20T00:40:00+00:00,Colorado Rockies,Los Angeles Dodgers,KYLE_FREELAND_1_MLB,Kyle Freeland,pitcher_hits_allowed,Over,6.5,-149.0,draftkings,DraftKings,SPORTSGAMEODDS,2026-08-19T20:54:35.327Z,,2026-08-19T21:00:05.530875+00:00
2026-08-19,fCx074PWzF6w4PC2UPBK,2026-08-20T00:40:00+00:00,Colorado Rockies,Los Angeles Dodgers,KYLE_FREELAND_1_MLB,Kyle Freeland,pitcher_hits_allowed,Over,6.5,-120.0,betmgm,BetMGM,SPORTSGAMEODDS,2026-08-19T20:56:08.319Z,https://sports.nj.betmgm.com/en/sports?options=2:7827576-203309694-775990471,2026-08-19T21:00:05.530875+00:00
2026-08-19,fCx074PWzF6w4PC2UPBK,2026-08-20T00:40:00+00:00,Colorado Rockies,Los Angeles Dodgers,KYLE_FREELAND_1_MLB,Kyle Freeland,pitcher_hits_allowed,Over,6.5,-135.0,caesars,Caesars,SPORTSGAMEODDS,2026-08-19T20:55:57.706Z,,2026-08-19T21:00:05.530875+00:00
2026-08-19,fCx074PWzF6w4PC2UPBK,2026-08-20T00:40:00+00:00,Colorado Rockies,Los Angeles Dodgers,KYLE_FREELAND_1_MLB,Kyle Freeland,pitcher_hits_allowed,Under,6.5,100.0,espnbet,ESPN BET,SPORTSGAMEODDS,2026-08-19T20:56:25.347Z,,2026-08-19T21:00:05.530875+00:00
2026-08-19,fCx074PWzF6w4PC2UPBK,2026-08-20T00:40:00+00:00,Colorado Rockies,Los Angeles Dodgers,KYLE_FREELAND_1_MLB,Kyle Freeland,pitcher_hits_allowed,Under,6.5,112.0,draftkings,DraftKings,SPORTSGAMEODDS,2026-08-19T20:54:35.327Z,,2026-08-19T21:00:05.530875+00:00
2026-08-19,fCx074PWzF6w4PC2UPBK,2026-08-20T00:40:00+00:00,Colorado Rockies,Los Angeles Dodgers,KYLE_FREELAND_1_MLB,Kyle Freeland,pitcher_hits_allowed,Under,6.5,-120.0,betmgm,BetMGM,SPORTSGAMEODDS,2026-08-19T20:56:08.319Z,https://sports.nj.betmgm.com/en/sports?options=2:7827576-203309694-775990472,2026-08-19T21:00:05.530875+00:00
2026-08-19,fCx074PWzF6w4PC2UPBK,2026-08-20T00:40:00+00:00,Colorado Rockies,Los Angeles Dodgers,KYLE_FREELAND_1_MLB,Kyle Freeland,pitcher_hits_allowed,Under,6.5,-105.0,caesars,Caesars,SPORTSGAMEODDS,2026-08-19T20:55:57.706Z,,2026-08-19T21:00:05.530875+00:00
2026-08-19,fCx074PWzF6w4PC2UPBK,2026-08-20T00:40:00+00:00,Colorado Rockies,Los Angeles Dodgers,ROKI_SASAKI_1_MLB,Roki Sasaki,pitcher_hits_allowed,Over,5.5,-130.0,espnbet,ESPN BET,SPORTSGAMEODDS,2026-08-19T20:56:25.347Z,,2026-08-19T21:00:05.530875+00:00
2026-08-19,fCx074PWzF6w4PC2UPBK,2026-08-20T00:40:00+00:00,Colorado Rockies,Los Angeles Dodgers,ROKI_SASAKI_1_MLB,Roki Sasaki,pitcher_hits_allowed,Over,5.5,-129.0,draftkings,DraftKings,SPORTSGAMEODDS,2026-08-19T20:54:35.327Z,,2026-08-19T21:00:05.530875+00:00
2026-08-19,fCx074PWzF6w4PC2UPBK,2026-08-20T00:40:00+00:00,Colorado Rockies,Los Angeles Dodgers,ROKI_SASAKI_1_MLB,Roki Sasaki,pitcher_hits_allowed,Over,5.5,-125.0,betmgm,BetMGM,SPORTSGAMEODDS,2026-08-19T20:56:08.319Z,https://sports.nj.betmgm.com/en/sports?options=2:7827576-203309490-775990043,2026-08-19T21:00:05.530875+00:00
2026-08-19,fCx074PWzF6w4PC2UPBK,2026-08-20T00:40:00+00:00,Colorado Rockies,Los Angeles Dodgers,ROKI_SASAKI_1_MLB,Roki Sasaki,pitcher_hits_allowed,Over,5.5,-134.0,caesars,Caesars,SPORTSGAMEODDS,2026-08-19T20:55:57.706Z,,2026-08-19T21:00:05.530875+00:00
2026-08-19,fCx074PWzF6w4PC2UPBK,2026-08-20T00:40:00+00:00,Colorado Rockies,Los Angeles Dodgers,ROKI_SASAKI_1_MLB,Roki Sasaki,pitcher_hits_allowed,Under,5.5,-110.0,espnbet,ESPN BET,SPORTSGAMEODDS,2026-08-19T20:56:25.347Z,,2026-08-19T21:00:05.530875+00:00
2026-08-19,fCx074PWzF6w4PC2UPBK,2026-08-20T00:40:00+00:00,Colorado Rockies,Los Angeles Dodgers,ROKI_SASAKI_1_MLB,Roki Sasaki,pitcher_hits_allowed,Under,5.5,-103.0,draftkings,DraftKings,SPORTSGAMEODDS,2026-08-19T20:54:35.327Z,,2026-08-19T21:00:05.530875+00:00
2026-08-19,fCx074PWzF6w4PC2UPBK,2026-08-20T00:40:00+00:00,Colorado Rockies,Los Angeles Dodgers,ROKI_SASAKI_1_MLB,Roki Sasaki,pitcher_hits_allowed,Under,5.5,-115.0,betmgm,BetMGM,SPORTSGAMEODDS,2026-08-19T20:56:08.319Z,https://sports.nj.betmgm.com/en/sports?options=2:7827576-203309490-775990044,2026-08-19T21:00:05.530875+00:00
2026-08-19,fCx074PWzF6w4PC2UPBK,2026-08-20T00:40:00+00:00,Colorado Rockies,Los Angeles Dodgers,ROKI_SASAKI_1_MLB,Roki Sasaki,pitcher_hits_allowed,Under,5.5,-106.0,caesars,Caesars,SPORTSGAMEODDS,2026-08-19T20:55:57.706Z,,2026-08-19T21:00:05.530875+00:00
2026-08-19,fCx074PWzF6w4PC2UPBK,2026-08-20T00:40:00+00:00,Colorado Rockies,Los Angeles Dodgers,KYLE_FREELAND_1_MLB,Kyle Freeland,pitcher_outs,Over,17.5,110.0,fanduel,FanDuel,SPORTSGAMEODDS,2026-08-19T20:56:23.819Z,https://sportsbook.fanduel.com/addToBetslip?marketId=42.600949411&selectionId=98118844,2026-08-19T21:00:05.530875+00:00
2026-08-19,fCx074PWzF6w4PC2UPBK,2026-08-20T00:40:00+00:00,Colorado Rockies,Los Angeles Dodgers,KYLE_FREELAND_1_MLB,Kyle Freeland,pitcher_outs,Over,16.5,-137.0,draftkings,DraftKings,SPORTSGAMEODDS,2026-08-19T20:54:35.327Z,,2026-08-19T21:00:05.530875+00:00
2026-08-19,fCx074PWzF6w4PC2UPBK,2026-08-20T00:40:00+00:00,Colorado Rockies,Los Angeles Dodgers,KYLE_FREELAND_1_MLB,Kyle Freeland,pitcher_outs,Over,16.5,-125.0,betmgm,BetMGM,SPORTSGAMEODDS,2026-08-19T20:56:08.319Z,https://sports.nj.betmgm.com/en/sports?options=19865018-1552099666-2278888841,2026-08-19T21:00:05.530875+00:00
2026-08-19,fCx074PWzF6w4PC2UPBK,2026-08-20T00:40:00+00:00,Colorado Rockies,Los Angeles Dodgers,KYLE_FREELAND_1_MLB,Kyle Freeland,pitcher_outs,Over,16.5,-122.0,caesars,Caesars,SPORTSGAMEODDS,2026-08-19T20:56:11.319Z,https://sportsbook.caesars.com/us/nj/bet/betslip?selectionIds=01e34cc6-9f53-3376-87e0-3d2c8f6dbb78,2026-08-19T21:00:05.530875+00:00
2026-08-19,fCx074PWzF6w4PC2UPBK,2026-08-20T00:40:00+00:00,Colorado Rockies,Los Angeles Dodgers,KYLE_FREELAND_1_MLB,Kyle Freeland,pitcher_outs,Under,17.5,-148.0,fanduel,FanDuel,SPORTSGAMEODDS,2026-08-19T20:56:23.819Z,https://sportsbook.fanduel.com/addToBetslip?marketId=42.600949411&selectionId=98118843,2026-08-19T21:00:05.530875+00:00
2026-08-19,fCx074PWzF6w4PC2UPBK,2026-08-20T00:40:00+00:00,Colorado Rockies,Los Angeles Dodgers,KYLE_FREELAND_1_MLB,Kyle Freeland,pitcher_outs,Under,16.5,103.0,draftkings,DraftKings,SPORTSGAMEODDS,2026-08-19T20:54:35.327Z,,2026-08-19T21:00:05.530875+00:00
2026-08-19,fCx074PWzF6w4PC2UPBK,2026-08-20T00:40:00+00:00,Colorado Rockies,Los Angeles Dodgers,KYLE_FREELAND_1_MLB,Kyle Freeland,pitcher_outs,Under,16.5,-110.0,betmgm,BetMGM,SPORTSGAMEODDS,2026-08-19T20:56:08.319Z,https://sports.nj.betmgm.com/en/sports?options=19865018-1552099666-2278888842,2026-08-19T21:00:05.530875+00:00
2026-08-19,fCx074PWzF6w4PC2UPBK,2026-08-20T00:40:00+00:00,Colorado Rockies,Los Angeles Dodgers,KYLE_FREELAND_1_MLB,Kyle Freeland,pitcher_outs,Under,16.5,-110.0,caesars,Caesars,SPORTSGAMEODDS,2026-08-19T20:56:11.319Z,https://sportsbook.caesars.com/us/nj/bet/betslip?selectionIds=1c47a832-de94-38bf-951f-0f623068bbe0,2026-08-19T21:00:05.530875+00:00
2026-08-19,fCx074PWzF6w4PC2UPBK,2026-08-20T00:40:00+00:00,Colorado Rockies,Los Angeles Dodgers,ROKI_SASAKI_1_MLB,Roki Sasaki,pitcher_outs,Over,16.5,-115.0,espnbet,ESPN BET,SPORTSGAMEODDS,2026-08-19T20:56:25.347Z,,2026-08-19T21:00:05.530875+00:00
2026-08-19,fCx074PWzF6w4PC2UPBK,2026-08-20T00:40:00+00:00,Colorado Rockies,Los Angeles Dodgers,ROKI_SASAKI_1_MLB,Roki Sasaki,pitcher_outs,Over,16.5,-112.0,fanduel,FanDuel,SPORTSGAMEODDS,2026-08-19T20:56:23.819Z,https://sportsbook.fanduel.com/addToBetslip?marketId=42.600950471&selectionId=99314787,2026-08-19T21:00:05.530875+00:00
2026-08-19,fCx074PWzF6w4PC2UPBK,2026-08-20T00:40:00+00:00,Colorado Rockies,Los Angeles Dodgers,ROKI_SASAKI_1_MLB,Roki Sasaki,pitcher_outs,Over,16.5,-103.0,draftkings,DraftKings,SPORTSGAMEODDS,2026-08-19T20:54:35.327Z,,2026-08-19T21:00:05.530875+00:00
2026-08-19,fCx074PWzF6w4PC2UPBK,2026-08-20T00:40:00+00:00,Colorado Rockies,Los Angeles Dodgers,ROKI_SASAKI_1_MLB,Roki Sasaki,pitcher_outs,Over,16.5,-118.0,betmgm,BetMGM,SPORTSGAMEODDS,2026-08-19T20:56:08.319Z,https://sports.nj.betmgm.com/en/sports?options=19865018-1552035822-2278713677,2026-08-19T21:00:05.530875+00:00
2026-08-19,fCx074PWzF6w4PC2UPBK,2026-08-20T00:40:00+00:00,Colorado Rockies,Los Angeles Dodgers,ROKI_SASAKI_1_MLB,Roki Sasaki,pitcher_outs,Over,16.5,-112.0,caesars,Caesars,SPORTSGAMEODDS,2026-08-19T20:56:11.319Z,https://sportsbook.caesars.com/us/nj/bet/betslip?selectionIds=f078fd6e-09a2-3656-8df1-42dcc6a8499a,2026-08-19T21:00:05.530875+00:00
2026-08-19,fCx074PWzF6w4PC2UPBK,2026-08-20T00:40:00+00:00,Colorado Rockies,Los Angeles Dodgers,ROKI_SASAKI_1_MLB,Roki Sasaki,pitcher_outs,Under,16.5,-125.0,espnbet,ESPN BET,SPORTSGAMEODDS,2026-08-19T20:56:25.347Z,,2026-08-19T21:00:05.530875+00:00
2026-08-19,fCx074PWzF6w4PC2UPBK,2026-08-20T00:40:00+00:00,Colorado Rockies,Los Angeles Dodgers,ROKI_SASAKI_1_MLB,Roki Sasaki,pitcher_outs,Under,16.5,-120.0,fanduel,FanDuel,SPORTSGAMEODDS,2026-08-19T20:56:23.819Z,https://sportsbook.fanduel.com/addToBetslip?marketId=42.600950471&selectionId=99314786,2026-08-19T21:00:05.530875+00:00
2026-08-19,fCx074PWzF6w4PC2UPBK,2026-08-20T00:40:00+00:00,Colorado Rockies,Los Angeles Dodgers,ROKI_SASAKI_1_MLB,Roki Sasaki,pitcher_outs,Under,16.5,-128.0,draftkings,DraftKings,SPORTSGAMEODDS,2026-08-19T20:54:35.327Z,,2026-08-19T21:00:05.530875+00:00
2026-08-19,fCx074PWzF6w4PC2UPBK,2026-08-20T00:40:00+00:00,Colorado Rockies,Los Angeles Dodgers,ROKI_SASAKI_1_MLB,Roki Sasaki,pitcher_outs,Under,16.5,-115.0,betmgm,BetMGM,SPORTSGAMEODDS,2026-08-19T20:56:08.319Z,https://sports.nj.betmgm.com/en/sports?options=19865018-1552035822-2278713678,2026-08-19T21:00:05.530875+00:00
2026-08-19,fCx074PWzF6w4PC2UPBK,2026-08-20T00:40:00+00:00,Colorado Rockies,Los Angeles Dodgers,ROKI_SASAKI_1_MLB,Roki Sasaki,pitcher_outs,Under,16.5,-120.0,caesars,Caesars,SPORTSGAMEODDS,2026-08-19T20:56:11.319Z,https://sportsbook.caesars.com/us/nj/bet/betslip?selectionIds=089642b3-e4ab-377d-8294-89c6f2a946d5,2026-08-19T21:00:05.530875+00:00
