game_date,pitcher_id,starter_role_label,projected_pitches,actual_pitches,projected_bf,actual_bf,projected_outs,actual_outs,runtime_state_version
2024-03-28,607536,ESTABLISHED,77.09700421532679,49.0,22.724412902151663,17.0,15.684898997234562,7.0,starter-role-runtime-state-v1
2024-03-28,622491,ESTABLISHED,95.03567216810931,91.0,24.03663446220201,23.0,17.293820393259473,15.0,starter-role-runtime-state-v1
2024-03-28,657277,ESTABLISHED,100.89459197883914,97.0,26.305949837491347,24.0,20.206682424022002,18.0,starter-role-runtime-state-v1
2024-03-28,663776,ESTABLISHED,89.29906191492502,60.0,21.970487014583288,14.0,14.354907369265813,5.0,starter-role-runtime-state-v1
2024-03-28,664285,ESTABLISHED,92.32851938036335,86.0,25.73477721482621,23.0,18.427825222433757,14.0,starter-role-runtime-state-v1
2024-03-28,666200,ESTABLISHED,92.74676459606813,85.0,23.20945042084233,19.0,16.854929643299016,15.0,starter-role-runtime-state-v1
2024-03-28,669373,ESTABLISHED,78.96383096195565,83.0,20.671009273769627,21.0,16.696748137525333,18.0,starter-role-runtime-state-v1
2024-03-28,669456,ESTABLISHED,89.80383300153629,83.0,24.551733998588325,22.0,17.701819356586306,18.0,starter-role-runtime-state-v1
2024-03-29,518876,ESTABLISHED,94.79630301786858,79.0,24.293109705722273,22.0,17.94102194715478,20.0,starter-role-runtime-state-v1
2024-03-29,527048,ESTABLISHED,90.17007670324274,86.0,23.90171731396972,21.0,15.850163471983098,13.0,starter-role-runtime-state-v1
2024-03-29,554430,ESTABLISHED,92.20176571487629,89.0,23.74400327076764,23.0,17.83682875426692,18.0,starter-role-runtime-state-v1
2024-03-29,605135,ESTABLISHED,98.13319637889195,95.0,25.84746947681551,24.0,19.300450421162047,15.0,starter-role-runtime-state-v1
2024-03-29,607074,ESTABLISHED,77.28741812425665,87.0,19.58096296144753,21.0,12.678907577559091,13.0,starter-role-runtime-state-v1
2024-03-29,615698,ESTABLISHED,93.275443327015,88.0,23.287872591153157,24.0,15.541286832176459,15.0,starter-role-runtime-state-v1
2024-03-29,642547,ESTABLISHED,89.67709115596125,92.0,21.32585188950467,19.0,16.24443628770257,18.0,starter-role-runtime-state-v1
2024-03-29,664299,ESTABLISHED,91.12988580649015,90.0,21.577424453471856,23.0,15.145816415330817,18.0,starter-role-runtime-state-v1
2024-03-29,669923,ESTABLISHED,86.53173209491398,99.0,23.574901527207256,24.0,18.047941420960132,20.0,starter-role-runtime-state-v1
2024-03-29,690986,ESTABLISHED,83.48200093263425,76.0,20.814625765602173,23.0,14.840785303703612,18.0,starter-role-runtime-state-v1
2024-03-30,605400,ESTABLISHED,95.2958269689175,83.0,23.909527512281787,24.0,17.442997707447134,13.0,starter-role-runtime-state-v1
2024-03-30,607625,ESTABLISHED,99.47063674349086,86.0,24.79002676176539,22.0,17.943555921382167,18.0,starter-role-runtime-state-v1
2024-03-30,608331,ESTABLISHED,91.32174669731444,43.0,22.651081288532563,7.0,17.08393989577103,2.0,starter-role-runtime-state-v1
2024-03-30,647336,ESTABLISHED,82.1911164214271,77.0,21.530000598504934,24.0,14.281907254964016,15.0,starter-role-runtime-state-v1
2024-03-30,656302,ESTABLISHED,102.17254402411842,85.0,24.1802493083253,19.0,16.400217766343122,14.0,starter-role-runtime-state-v1
2024-03-30,669302,ESTABLISHED,92.62082631519543,91.0,24.245094960953047,26.0,17.89789475989162,21.0,starter-role-runtime-state-v1
2024-03-30,674003,ESTABLISHED,75.16990496953782,76.0,18.16682999860192,18.0,12.108098907718745,15.0,starter-role-runtime-state-v1
2024-03-30,676440,ESTABLISHED,90.74079433701597,88.0,23.145985756329438,22.0,17.255440487883483,12.0,starter-role-runtime-state-v1
2024-03-30,677960,RAMPING,81.64040061236908,94.0,19.207472614851522,22.0,12.547474574833597,12.0,starter-role-runtime-state-v1
2024-03-30,680570,ESTABLISHED,92.76570852918368,84.0,23.09333547348826,22.0,16.91392817348669,18.0,starter-role-runtime-state-v1
2024-03-30,686613,ESTABLISHED,83.5847586206682,88.0,20.954376442247757,18.0,14.247818081300009,12.0,starter-role-runtime-state-v1
2024-03-31,519242,ESTABLISHED,80.08414706254136,83.0,20.06273303141024,22.0,15.173828889215866,16.0,starter-role-runtime-state-v1
2024-03-31,571927,ESTABLISHED,95.35392244318368,81.0,22.44792765501784,22.0,16.1941923570237,16.0,starter-role-runtime-state-v1
2024-03-31,592332,ESTABLISHED,102.67136204006502,69.0,24.926785716347723,16.0,17.772301743423753,13.0,starter-role-runtime-state-v1
2024-03-31,607259,RESTRICTED,67.91780056141643,90.0,17.6155730139641,23.0,13.60970759070473,15.0,starter-role-runtime-state-v1
2024-03-31,624133,ESTABLISHED,95.15238096619481,83.0,25.37658175764524,18.0,17.251478920183132,15.0,starter-role-runtime-state-v1
2024-03-31,641927,ESTABLISHED,92.1196329680817,53.0,21.45836813938491,14.0,16.19380490273101,4.0,starter-role-runtime-state-v1
2024-03-31,650633,ESTABLISHED,80.12948324430275,88.0,19.507874862638154,21.0,14.25164842326567,12.0,starter-role-runtime-state-v1
2024-03-31,663372,RESTRICTED,71.80596198676582,86.0,19.010247860555296,22.0,12.178747670987878,15.0,starter-role-runtime-state-v1
2024-03-31,663623,ESTABLISHED,90.63695523572488,80.0,22.01991536995307,21.0,15.014336595290171,15.0,starter-role-runtime-state-v1
2024-03-31,663903,ESTABLISHED,82.9640521208131,98.0,24.06214007722545,27.0,16.63125951489757,21.0,starter-role-runtime-state-v1
2024-03-31,669432,ESTABLISHED,81.10041766882955,97.0,19.16435814382173,26.0,13.356889874966694,15.0,starter-role-runtime-state-v1
2024-03-31,672282,ESTABLISHED,96.31341901911519,88.0,23.616551379959382,21.0,16.253985744688336,15.0,starter-role-runtime-state-v1
2024-03-31,682243,ESTABLISHED,79.8197044499732,91.0,20.828491766438678,22.0,14.946885885213806,15.0,starter-role-runtime-state-v1
2024-03-31,694297,ESTABLISHED,83.88935640931984,87.0,21.94983890439252,21.0,15.043207604069547,15.0,starter-role-runtime-state-v1
2024-04-01,608379,ESTABLISHED,92.63060276031206,72.0,23.275087113717113,19.0,16.854923447327522,15.0,starter-role-runtime-state-v1
2024-04-01,640455,ESTABLISHED,87.12733825713772,88.0,21.193111171931122,20.0,14.70942183536378,18.0,starter-role-runtime-state-v1
2024-04-01,650911,ESTABLISHED,83.63606804035896,85.0,22.686007024676645,20.0,16.927750929987212,15.0,starter-role-runtime-state-v1
2024-04-01,665152,ESTABLISHED,90.26783841946417,85.0,22.181086162759698,22.0,15.567672229208238,16.0,starter-role-runtime-state-v1
2024-04-01,669022,ESTABLISHED,90.10194331311358,101.0,21.006919048893103,25.0,14.766053517480302,16.0,starter-role-runtime-state-v1
2024-04-01,671096,ESTABLISHED,80.64229057547414,90.0,19.83097322713416,21.0,13.603110581462989,16.0,starter-role-runtime-state-v1
2024-04-01,676106,RESTRICTED,62.04905858188482,81.0,15.830228437470822,23.0,11.664413970244578,16.0,starter-role-runtime-state-v1
2024-04-02,607536,RESTRICTED,71.19889559919565,76.0,21.763124211197095,23.0,14.565196048502628,10.0,starter-role-runtime-state-v1
2024-04-02,622491,ESTABLISHED,91.87756426204224,99.0,23.61960002095813,27.0,16.955751667031166,17.0,starter-role-runtime-state-v1
2024-04-02,657277,ESTABLISHED,97.93498371378382,96.0,25.744055084254743,20.0,19.862463887981708,11.0,starter-role-runtime-state-v1
2024-04-02,664285,ESTABLISHED,89.1444745183939,85.0,25.119789142804343,27.0,17.839643736781703,23.0,starter-role-runtime-state-v1
2024-04-02,666200,ESTABLISHED,89.53598531880925,93.0,22.45719092337536,20.0,16.57455020078462,16.0,starter-role-runtime-state-v1
2024-04-02,669456,ESTABLISHED,86.43138028389924,83.0,23.93818630054958,23.0,17.65946192978489,18.0,starter-role-runtime-state-v1
2024-04-03,518876,ESTABLISHED,89.02939350868367,91.0,23.57999880357847,26.0,18.048615935901005,21.0,starter-role-runtime-state-v1
2024-04-03,554430,ESTABLISHED,89.72699389871823,93.0,23.423805676439137,25.0,17.787054936588675,18.0,starter-role-runtime-state-v1
2024-04-03,605135,ESTABLISHED,95.23544228237392,91.0,25.333762076299376,24.0,18.716745274143584,13.0,starter-role-runtime-state-v1
2024-04-03,607074,ESTABLISHED,75.80109817535578,95.0,19.46587193811048,24.0,12.649659112164507,16.0,starter-role-runtime-state-v1
2024-04-03,615698,ESTABLISHED,90.16926015829107,90.0,23.090534578363595,19.0,15.402794727270724,12.0,starter-role-runtime-state-v1
2024-04-03,663776,ESTABLISHED,84.06556447803644,93.0,20.85733560263856,23.0,13.160080764375214,17.0,starter-role-runtime-state-v1
2024-04-03,664299,ESTABLISHED,89.96874872933995,97.0,21.622790644755852,20.0,15.429237436569593,15.0,starter-role-runtime-state-v1
2024-04-03,669923,ESTABLISHED,86.96345894888029,72.0,23.513886156439614,23.0,18.232811597201536,11.0,starter-role-runtime-state-v1
2024-04-03,690986,ESTABLISHED,80.71165578645751,87.0,21.016792085688113,23.0,15.346442740635958,15.0,starter-role-runtime-state-v1
2024-04-04,527048,ESTABLISHED,91.11045715925356,85.0,23.712379717851967,28.0,15.546962420803489,20.0,starter-role-runtime-state-v1
2024-04-04,605288,ESTABLISHED,81.6032205180615,67.0,21.255284429639154,20.0,14.98820486053324,15.0,starter-role-runtime-state-v1
2024-04-04,607625,ESTABLISHED,95.37244519639785,86.0,24.17182990984677,27.0,17.865709364212016,20.0,starter-role-runtime-state-v1
2024-04-04,647336,ESTABLISHED,77.56198477491532,91.0,21.548512061827886,22.0,14.307470570763979,18.0,starter-role-runtime-state-v1
2024-04-04,676440,ESTABLISHED,89.2132899369269,91.0,22.877458739479053,23.0,16.602555067357684,16.0,starter-role-runtime-state-v1
2024-04-04,677960,ESTABLISHED,83.0492576754429,85.0,19.569526987069228,23.0,12.478976262823837,15.0,starter-role-runtime-state-v1
2024-04-05,605400,ESTABLISHED,92.67294629607254,95.0,23.780200446761874,22.0,16.912799246502345,17.0,starter-role-runtime-state-v1
2024-04-05,642547,ESTABLISHED,89.5288111128267,88.0,21.016424216924285,24.0,16.44601345466677,17.0,starter-role-runtime-state-v1
2024-04-05,656302,ESTABLISHED,98.7869107904607,102.0,23.43291418706832,24.0,16.0970398076541,18.0,starter-role-runtime-state-v1
2024-04-05,663903,ESTABLISHED,88.62357397899122,72.0,24.89245485133771,21.0,17.24834712039216,19.0,starter-role-runtime-state-v1
2024-04-05,669302,ESTABLISHED,93.37074509667706,94.0,24.54200291347736,23.0,18.268964617245324,17.0,starter-role-runtime-state-v1
2024-04-05,669373,ESTABLISHED,78.869571616359,92.0,20.6421303704606,25.0,16.83887612133909,19.0,starter-role-runtime-state-v1
2024-04-05,674003,ESTABLISHED,74.3278870408258,97.0,18.03492607835172,26.0,12.570628819496232,23.0,starter-role-runtime-state-v1
2024-04-05,680570,ESTABLISHED,90.95247596075228,97.0,22.876261664421538,27.0,17.01310623284541,19.0,starter-role-runtime-state-v1
2024-04-05,686613,ESTABLISHED,85.31404223958543,80.0,20.739740743728937,21.0,14.033455948351902,9.0,starter-role-runtime-state-v1
2024-04-06,571927,ESTABLISHED,91.4264301439661,85.0,22.164700985813525,19.0,16.101593246269577,15.0,starter-role-runtime-state-v1
2024-04-06,592332,ESTABLISHED,95.03297226894486,51.0,23.473104735383046,11.0,17.139972542956972,4.0,starter-role-runtime-state-v1
2024-04-06,607259,RAMPING,76.0246645180811,92.0,19.00456935021956,25.0,14.030486442285554,15.0,starter-role-runtime-state-v1
2024-04-06,608331,ESTABLISHED,80.79077895868963,97.0,19.75798583925519,25.0,14.517852763555076,13.0,starter-role-runtime-state-v1
2024-04-06,608379,ESTABLISHED,88.29980288275137,93.0,22.568654613569464,23.0,16.58968937078061,21.0,starter-role-runtime-state-v1
2024-04-06,624133,ESTABLISHED,91.18141466013017,82.0,24.1217925288917,23.0,16.9241675780277,18.0,starter-role-runtime-state-v1
2024-04-06,650633,ESTABLISHED,78.93461486629555,94.0,19.472530764482563,26.0,13.825990220374432,21.0,starter-role-runtime-state-v1
2024-04-06,663372,ESTABLISHED,77.82391681075411,92.0,19.91640141810084,22.0,12.714197987499798,18.0,starter-role-runtime-state-v1
2024-04-06,663623,ESTABLISHED,89.05993667849317,93.0,21.86808128315713,23.0,15.006383145975931,18.0,starter-role-runtime-state-v1
2024-04-06,669432,ESTABLISHED,85.23597504657256,90.0,20.80378276945636,23.0,13.810417018916803,15.0,starter-role-runtime-state-v1
2024-04-06,672282,ESTABLISHED,93.13152992421574,94.0,23.065261085296463,21.0,16.04260832966185,18.0,starter-role-runtime-state-v1
2024-04-06,682243,ESTABLISHED,81.56174032126232,78.0,21.020426787076474,25.0,14.973763109225867,21.0,starter-role-runtime-state-v1
2024-04-06,694297,ESTABLISHED,86.2359130037044,87.0,22.057823582021648,27.0,15.100641555104545,17.0,starter-role-runtime-state-v1
2024-04-06,808967,RESTRICTED,60.0,80.0,13.459142171836902,21.0,8.96326582871663,15.0,starter-role-runtime-state-v1
2024-04-07,519242,ESTABLISHED,80.9751474118732,96.0,20.351876199655408,20.0,15.293150402459444,16.0,starter-role-runtime-state-v1
2024-04-07,640455,ESTABLISHED,87.95965913992862,92.0,21.079990985874517,21.0,15.237477744857104,15.0,starter-role-runtime-state-v1
2024-04-07,650911,ESTABLISHED,82.33581295590308,87.0,22.153769664734554,22.0,16.62816947739153,13.0,starter-role-runtime-state-v1
2024-04-07,657277,ESTABLISHED,96.67610349411927,85.0,24.926983194348473,29.0,18.775597828632463,21.0,starter-role-runtime-state-v1
2024-04-07,665152,ESTABLISHED,89.9217688963511,91.0,22.19157763610031,26.0,15.628976747168242,21.0,starter-role-runtime-state-v1
2024-04-07,669022,ESTABLISHED,93.99606766875034,92.0,21.73754766486968,21.0,14.996459798146194,17.0,starter-role-runtime-state-v1
2024-04-07,671096,ESTABLISHED,81.28441851485283,95.0,19.9292448454816,24.0,13.880846109651449,15.0,starter-role-runtime-state-v1
2024-04-07,676106,RESTRICTED,67.83825309534183,88.0,17.895492485989386,21.0,12.95405771535615,10.0,starter-role-runtime-state-v1
2024-04-08,605483,ESTABLISHED,98.74769715321744,72.0,23.615237600789378,14.0,17.8589974378913,9.0,starter-role-runtime-state-v1
2024-04-08,607536,RESTRICTED,72.38384123045871,93.0,21.98906754177097,24.0,14.091902820723927,15.0,starter-role-runtime-state-v1
2024-04-08,622491,ESTABLISHED,95.0668074037209,101.0,24.251039187630155,25.0,17.046853822068744,15.0,starter-role-runtime-state-v1
2024-04-08,641927,ESTABLISHED,82.85586391311298,68.0,20.136774896558656,19.0,14.527597987912532,15.0,starter-role-runtime-state-v1
2024-04-08,666200,ESTABLISHED,91.81092804947218,94.0,22.37798399748026,26.0,16.574351403475987,14.0,starter-role-runtime-state-v1
2024-04-09,518876,ESTABLISHED,90.30083874988824,96.0,23.96130635408369,24.0,18.405834476367623,18.0,starter-role-runtime-state-v1
2024-04-09,527048,ESTABLISHED,88.20565313262557,100.0,23.918956726909663,29.0,15.986457920640593,24.0,starter-role-runtime-state-v1
2024-04-09,543243,ESTABLISHED,81.17318001786089,64.0,22.76241742005,18.0,17.24585557270767,15.0,starter-role-runtime-state-v1
2024-04-09,554430,ESTABLISHED,90.9917554054304,107.0,23.699086015744207,28.0,17.844069386154302,21.0,starter-role-runtime-state-v1
2024-04-09,605135,ESTABLISHED,96.49663828476088,115.0,25.386958194333353,27.0,18.126029334726926,20.0,starter-role-runtime-state-v1
2024-04-09,605288,ESTABLISHED,77.30816239204565,95.0,20.810557356730545,25.0,14.908774989291192,15.0,starter-role-runtime-state-v1
2024-04-09,607074,ESTABLISHED,78.26323952964684,89.0,20.045727005662236,24.0,13.071663428433505,18.0,starter-role-runtime-state-v1
2024-04-09,615698,ESTABLISHED,90.51980212195146,98.0,22.60356681337711,25.0,14.991492697209434,18.0,starter-role-runtime-state-v1
2024-04-09,647336,ESTABLISHED,79.15864589313001,79.0,21.541736660663478,18.0,14.947244416969628,11.0,starter-role-runtime-state-v1
2024-04-09,663776,ESTABLISHED,83.82003773846266,101.0,20.967732077874384,24.0,13.558666862961614,15.0,starter-role-runtime-state-v1
2024-04-09,664299,ESTABLISHED,91.96560206213212,93.0,21.56168110078175,25.0,15.418063767915358,16.0,starter-role-runtime-state-v1
2024-04-09,669923,ESTABLISHED,86.48299072113512,87.0,23.603936268318858,20.0,17.464467046756518,12.0,starter-role-runtime-state-v1
2024-04-09,690986,ESTABLISHED,84.47269433373113,93.0,21.658169522096372,22.0,15.382070295226466,18.0,starter-role-runtime-state-v1
2024-04-10,605400,ESTABLISHED,91.79735836596963,93.0,23.451789680531853,23.0,16.895662585231936,18.0,starter-role-runtime-state-v1
2024-04-10,607625,ESTABLISHED,94.01825584613017,90.0,24.431842316275834,27.0,18.084537869378423,18.0,starter-role-runtime-state-v1
2024-04-10,656302,ESTABLISHED,96.55067957741929,100.0,23.22218587725726,23.0,16.230272578134453,18.0,starter-role-runtime-state-v1
2024-04-10,669302,ESTABLISHED,92.23772257563199,89.0,24.223433689823835,28.0,18.08263026607787,23.0,starter-role-runtime-state-v1
2024-04-10,674003,ESTABLISHED,80.15904202380048,94.0,19.486262214803986,27.0,14.20065165039647,20.0,starter-role-runtime-state-v1
2024-04-10,676440,ESTABLISHED,91.07953267002407,84.0,23.081483659898172,20.0,16.589950789140822,13.0,starter-role-runtime-state-v1
2024-04-10,677960,ESTABLISHED,85.05388308254082,94.0,20.21110698464077,20.0,12.866135901858327,15.0,starter-role-runtime-state-v1
2024-04-11,624133,ESTABLISHED,86.34922530718914,97.0,23.54697105164344,22.0,16.928003583397004,18.0,starter-role-runtime-state-v1
2024-04-11,663903,ESTABLISHED,88.23050991962603,87.0,24.64655206353849,22.0,17.530372335356958,15.0,starter-role-runtime-state-v1
2024-04-11,680570,ESTABLISHED,91.027674595048,94.0,23.258925431841536,25.0,17.21686812382857,17.0,starter-role-runtime-state-v1
2024-04-11,683003,ESTABLISHED,84.18877552188744,85.0,24.008057357786875,24.0,17.518008867015215,19.0,starter-role-runtime-state-v1
2024-04-11,686613,ESTABLISHED,84.77005538585686,40.0,20.77884724692626,14.0,13.48185696347414,2.0,starter-role-runtime-state-v1
2024-04-12,571927,ESTABLISHED,88.96770113538929,76.0,21.58614223346319,21.0,15.917023158501358,14.0,starter-role-runtime-state-v1
2024-04-12,592332,ESTABLISHED,84.99233752690145,78.0,21.454033664220244,21.0,15.325232040145751,11.0,starter-role-runtime-state-v1
2024-04-12,608331,ESTABLISHED,83.39438730688991,84.0,20.459611136315317,24.0,14.37165133532761,19.0,starter-role-runtime-state-v1
2024-04-12,608379,ESTABLISHED,88.71505633398404,84.0,22.604932380160157,27.0,17.08884770925802,18.0,starter-role-runtime-state-v1
2024-04-12,642547,ESTABLISHED,89.7015564014367,90.0,21.367781935297813,23.0,16.522189468324044,18.0,starter-role-runtime-state-v1
2024-04-12,650633,ESTABLISHED,79.99753748317303,96.0,20.279463142690833,24.0,14.825177026551849,15.0,starter-role-runtime-state-v1
2024-04-12,650911,RAMPING,83.72703244896039,91.0,22.23246302001331,26.0,16.21464380910905,18.0,starter-role-runtime-state-v1
2024-04-12,663372,ESTABLISHED,79.89049295752153,94.0,20.23005834684717,24.0,13.468028235772909,15.0,starter-role-runtime-state-v1
2024-04-12,663623,ESTABLISHED,88.58723049967466,74.0,21.89682665313795,21.0,15.318600839689147,18.0,starter-role-runtime-state-v1
2024-04-12,669373,ESTABLISHED,80.98011510303475,93.0,21.22914179767576,19.0,17.13040084226549,15.0,starter-role-runtime-state-v1
2024-04-12,669432,ESTABLISHED,84.6179627928982,80.0,21.089718022185636,23.0,14.02074639227147,15.0,starter-role-runtime-state-v1
2024-04-12,671096,ESTABLISHED,83.03796746320985,103.0,20.41768263827569,24.0,14.032158562131599,21.0,starter-role-runtime-state-v1
2024-04-12,672282,ESTABLISHED,92.32712598386045,98.0,22.72390928935769,22.0,16.244504897023212,19.0,starter-role-runtime-state-v1
2024-04-12,682243,ESTABLISHED,82.19003033161484,100.0,21.552637762044434,25.0,15.665371174976709,19.0,starter-role-runtime-state-v1
2024-04-12,694297,ESTABLISHED,87.7848908421274,99.0,22.789775417065147,26.0,15.378679503996706,18.0,starter-role-runtime-state-v1
2024-04-12,808967,RESTRICTED,65.35308195501185,91.0,15.936965165571173,19.0,11.058949014828855,15.0,starter-role-runtime-state-v1
2024-04-13,519242,ESTABLISHED,83.886869212571,102.0,20.436025141510555,29.0,15.416372128572096,21.0,starter-role-runtime-state-v1
2024-04-13,640455,ESTABLISHED,88.60418929456102,89.0,21.07151017515971,24.0,15.199764325898531,11.0,starter-role-runtime-state-v1
2024-04-13,657277,ESTABLISHED,93.87101538109864,96.0,25.151538551849946,27.0,18.96218835099927,21.0,starter-role-runtime-state-v1
2024-04-13,665152,ESTABLISHED,90.14184798120385,85.0,22.604392233394044,24.0,16.210397840573812,12.0,starter-role-runtime-state-v1
2024-04-13,666157,ESTABLISHED,84.64291153390215,91.0,22.718212395228235,21.0,14.15917503782319,17.0,starter-role-runtime-state-v1
2024-04-13,669022,ESTABLISHED,91.42467800300214,90.0,21.40456278178403,19.0,15.156460229429808,15.0,starter-role-runtime-state-v1
2024-04-13,676106,RESTRICTED,73.0734243026284,74.0,18.71872767461783,22.0,12.291707567863721,18.0,starter-role-runtime-state-v1
2024-04-13,684007,ESTABLISHED,65.80555561916492,90.0,17.54359645228753,24.0,14.91215893564008,16.0,starter-role-runtime-state-v1
2024-04-14,554430,ESTABLISHED,95.92733444496865,100.0,24.534882777859707,24.0,18.301671551927274,15.0,starter-role-runtime-state-v1
2024-04-14,605483,ESTABLISHED,94.8689536706072,78.0,22.36007278708826,20.0,16.77044047085463,12.0,starter-role-runtime-state-v1
2024-04-14,607536,ESTABLISHED,78.88439859844027,95.0,22.780797983570857,23.0,14.34364380239863,15.0,starter-role-runtime-state-v1
2024-04-14,622491,ESTABLISHED,97.98410354107835,103.0,24.600049765475568,24.0,16.894418732290113,18.0,starter-role-runtime-state-v1
2024-04-14,641927,ESTABLISHED,78.97009340430161,84.0,19.780625388770403,21.0,14.527817465891522,18.0,starter-role-runtime-state-v1
2024-04-14,647336,ESTABLISHED,81.64380574305413,91.0,21.208780482979478,25.0,14.338264120139979,14.0,starter-role-runtime-state-v1
2024-04-14,664299,ESTABLISHED,91.74778757207075,89.0,21.89004380784141,27.0,15.477520042078218,21.0,starter-role-runtime-state-v1
2024-04-14,666200,ESTABLISHED,91.39265228705189,94.0,22.68795635293295,23.0,16.291283180783594,15.0,starter-role-runtime-state-v1
2024-04-15,518876,ESTABLISHED,91.23440445846833,95.0,24.000983642048933,20.0,18.368411975113865,15.0,starter-role-runtime-state-v1
2024-04-15,527048,ESTABLISHED,88.49330371607553,86.0,24.364241284186228,25.0,16.851029975581966,17.0,starter-role-runtime-state-v1
2024-04-15,543243,ESTABLISHED,77.70014747814369,72.0,22.04777919558761,21.0,16.956747933646525,18.0,starter-role-runtime-state-v1
2024-04-15,547179,ESTABLISHED,91.38039063094031,79.0,24.389247720292936,20.0,17.699639929895397,15.0,starter-role-runtime-state-v1
2024-04-15,605135,ESTABLISHED,99.20774450727322,97.0,25.655296822123393,23.0,18.376382621535072,19.0,starter-role-runtime-state-v1
2024-04-15,605288,ESTABLISHED,79.38835936246355,95.0,21.309424799709287,23.0,14.941782115156137,16.0,starter-role-runtime-state-v1
2024-04-15,605400,ESTABLISHED,91.56727918160497,99.0,23.365512561861543,27.0,17.014174208487667,22.0,starter-role-runtime-state-v1
2024-04-15,607625,ESTABLISHED,88.25783083033063,99.0,24.069768773588862,25.0,17.885723444592152,21.0,starter-role-runtime-state-v1
2024-04-15,615698,ESTABLISHED,90.42945882413318,90.0,22.777598740612333,23.0,15.315312226418863,18.0,starter-role-runtime-state-v1
2024-04-15,663776,ESTABLISHED,89.78175296076053,93.0,21.75312691389866,21.0,13.839210791872969,15.0,starter-role-runtime-state-v1
2024-04-15,665795,ESTABLISHED,79.60332785157242,91.0,19.40665110702274,22.0,13.245785335320999,18.0,starter-role-runtime-state-v1
2024-04-15,669923,ESTABLISHED,87.85527344863729,89.0,23.337030110517347,22.0,16.880839045610642,18.0,starter-role-runtime-state-v1
2024-04-15,690986,ESTABLISHED,85.72994754865553,85.0,21.70199050695463,26.0,15.793236633953931,18.0,starter-role-runtime-state-v1
2024-04-16,607074,ESTABLISHED,86.20872150686093,101.0,21.26916342718836,21.0,13.856464075010422,12.0,starter-role-runtime-state-v1
2024-04-16,624133,ESTABLISHED,87.57068097078823,112.0,23.362350680401946,32.0,17.05743175718156,27.0,starter-role-runtime-state-v1
2024-04-16,656302,ESTABLISHED,97.73111181409716,110.0,23.284164704297353,24.0,16.441482515356554,18.0,starter-role-runtime-state-v1
2024-04-16,663554,ESTABLISHED,84.86167800972775,95.0,20.99744772876108,23.0,14.056658639757135,18.0,starter-role-runtime-state-v1
2024-04-16,669302,ESTABLISHED,92.28630841413433,90.0,24.659287650162376,23.0,18.620543478648134,20.0,starter-role-runtime-state-v1
2024-04-16,676440,ESTABLISHED,90.54062278697987,92.0,22.75506653809872,21.0,16.182565818180038,15.0,starter-role-runtime-state-v1
2024-04-16,677960,ESTABLISHED,83.30110387211059,90.0,19.85824992245483,24.0,13.0655868431338,18.0,starter-role-runtime-state-v1
2024-04-16,680570,ESTABLISHED,90.49352025046785,87.0,23.35019478191044,23.0,17.159151478992918,18.0,starter-role-runtime-state-v1
2024-04-16,683003,ESTABLISHED,83.23215445755153,59.0,23.844291089782317,16.0,18.021334215605652,15.0,starter-role-runtime-state-v1
2024-04-16,686613,RESTRICTED,77.2820254690118,88.0,19.841585440507473,23.0,12.032759208836877,18.0,starter-role-runtime-state-v1
2024-04-17,571927,ESTABLISHED,84.4996888867743,94.0,21.20202935925127,25.0,15.590629147279493,15.0,starter-role-runtime-state-v1
2024-04-17,592332,RESTRICTED,82.42606904624108,101.0,21.21452227516015,21.0,14.800523853103556,15.0,starter-role-runtime-state-v1
2024-04-17,608331,ESTABLISHED,81.43112755883949,96.0,20.649477997398243,24.0,14.873048014478758,15.0,starter-role-runtime-state-v1
2024-04-17,608379,ESTABLISHED,86.31131384246613,92.0,22.842365663336484,24.0,17.127381911271176,18.0,starter-role-runtime-state-v1
2024-04-17,650633,ESTABLISHED,83.32601061010212,109.0,20.92951405957246,26.0,14.895709193304507,23.0,starter-role-runtime-state-v1
2024-04-17,650911,ESTABLISHED,83.4718400003529,97.0,22.534363483450754,24.0,16.39156111623784,18.0,starter-role-runtime-state-v1
2024-04-17,663372,ESTABLISHED,84.10335059485392,94.0,21.01597970769858,27.0,13.756152578845523,16.0,starter-role-runtime-state-v1
2024-04-17,663623,ESTABLISHED,84.83407344573172,73.0,21.56606924959437,22.0,15.565555226745136,18.0,starter-role-runtime-state-v1
2024-04-17,663903,ESTABLISHED,90.05524953556476,93.0,24.58172569917624,20.0,17.306853248768302,15.0,starter-role-runtime-state-v1
2024-04-17,669373,ESTABLISHED,86.59419069527786,86.0,21.387549781160114,27.0,16.99964546545273,19.0,starter-role-runtime-state-v1
2024-04-17,669432,ESTABLISHED,85.16017659205559,93.0,21.603071787255647,21.0,14.25084981598263,17.0,starter-role-runtime-state-v1
2024-04-17,671096,ESTABLISHED,91.10255882929397,104.0,21.464032136978652,25.0,14.99614995416755,18.0,starter-role-runtime-state-v1
2024-04-17,672282,ESTABLISHED,91.26067135993306,90.0,22.455973972753554,22.0,16.501470022447965,16.0,starter-role-runtime-state-v1
2024-04-17,682243,ESTABLISHED,87.20234990803547,91.0,22.29610783953855,20.0,16.140489074267574,18.0,starter-role-runtime-state-v1
2024-04-17,694297,ESTABLISHED,87.89326698617451,94.0,23.026796150130792,27.0,15.649799953677277,21.0,starter-role-runtime-state-v1
2024-04-18,657277,ESTABLISHED,92.79734964239093,102.0,25.198454521696426,23.0,19.149109053342606,21.0,starter-role-runtime-state-v1
2024-04-19,519242,ESTABLISHED,89.48218623585818,89.0,21.77105985274956,27.0,16.182709713700017,21.0,starter-role-runtime-state-v1
2024-04-19,592791,ESTABLISHED,89.37538986355483,73.0,23.09736451473276,18.0,16.70422970164083,15.0,starter-role-runtime-state-v1
2024-04-19,605483,ESTABLISHED,89.97848840739675,85.0,21.791924966566867,24.0,16.13866133766157,14.0,starter-role-runtime-state-v1
2024-04-19,640455,ESTABLISHED,86.82218468425067,85.0,21.26242060317253,21.0,14.583297537706226,15.0,starter-role-runtime-state-v1
2024-04-19,642547,ESTABLISHED,92.56555183321494,100.0,21.847411308442435,24.0,16.77810865505095,18.0,starter-role-runtime-state-v1
2024-04-19,665152,ESTABLISHED,89.28152159058034,91.0,22.719804748522172,22.0,15.745048639286432,17.0,starter-role-runtime-state-v1
2024-04-19,666157,ESTABLISHED,86.36423836777477,80.0,22.465858759576445,25.0,14.70934723896685,19.0,starter-role-runtime-state-v1
2024-04-19,669022,ESTABLISHED,91.11732893433684,92.0,21.10660929268746,20.0,15.138674549329092,12.0,starter-role-runtime-state-v1
2024-04-19,808967,ESTABLISHED,73.1455264266952,99.0,16.906870692712975,27.0,12.20392010307548,18.0,starter-role-runtime-state-v1
2024-04-20,554430,ESTABLISHED,99.66852889630066,106.0,24.856339242538407,26.0,18.057913441589164,22.0,starter-role-runtime-state-v1
2024-04-20,622491,ESTABLISHED,100.27165186758099,96.0,24.735956133505283,24.0,17.07817846247154,21.0,starter-role-runtime-state-v1
2024-04-20,641927,RESTRICTED,78.63987204395852,82.0,19.825042948419785,21.0,14.893149368776736,18.0,starter-role-runtime-state-v1
2024-04-20,647336,ESTABLISHED,87.03435024158912,100.0,22.25052862926578,23.0,14.421527444013833,14.0,starter-role-runtime-state-v1
2024-04-20,663776,ESTABLISHED,93.5294859766021,83.0,22.03645765739484,21.0,14.071338418343785,12.0,starter-role-runtime-state-v1
2024-04-20,666200,ESTABLISHED,93.0475935108469,104.0,22.878684379718585,24.0,16.191804795875342,18.0,starter-role-runtime-state-v1
2024-04-20,681190,RESTRICTED,70.95837369783361,97.0,18.40845567289928,22.0,13.07564202673003,15.0,starter-role-runtime-state-v1
2024-04-20,684007,ESTABLISHED,75.02459278811163,92.0,19.983568268465863,23.0,15.443540018997094,18.0,starter-role-runtime-state-v1
2024-04-20,690986,ESTABLISHED,85.405770852988,74.0,22.284594098260058,20.0,16.114415971993587,12.0,starter-role-runtime-state-v1
2024-04-21,527048,ESTABLISHED,88.07697473401265,91.0,24.41776221968864,23.0,16.859729740722862,12.0,starter-role-runtime-state-v1
2024-04-21,543243,ESTABLISHED,76.117105072529,93.0,21.819941739444708,25.0,17.044423857186377,19.0,starter-role-runtime-state-v1
2024-04-21,547179,ESTABLISHED,91.40089937689923,94.0,24.045222959105345,24.0,17.44226737879181,18.0,starter-role-runtime-state-v1
2024-04-21,605135,ESTABLISHED,99.96839963271785,93.0,25.464605971528357,23.0,18.487681529434376,16.0,starter-role-runtime-state-v1
2024-04-21,605288,RAMPING,83.68588338628042,81.0,21.810482086533597,22.0,15.150969121400614,12.0,starter-role-runtime-state-v1
2024-04-21,605400,ESTABLISHED,95.8527721251959,91.0,24.166785072200284,29.0,17.68821196045284,24.0,starter-role-runtime-state-v1
2024-04-21,607625,ESTABLISHED,91.60888248652374,99.0,24.425754396690962,25.0,18.30156027512001,16.0,starter-role-runtime-state-v1
2024-04-21,615698,ESTABLISHED,90.85363793400809,108.0,22.858222874676088,27.0,15.645351490781692,18.0,starter-role-runtime-state-v1
2024-04-21,663554,ESTABLISHED,87.38999954973544,90.0,21.609747971047476,25.0,15.46534332926906,18.0,starter-role-runtime-state-v1
2024-04-21,663567,ESTABLISHED,86.07583988180728,66.0,22.213938574476046,17.0,15.689553430361604,9.0,starter-role-runtime-state-v1
2024-04-21,665795,ESTABLISHED,82.37353128469985,96.0,19.875507584240296,25.0,13.846127748650467,15.0,starter-role-runtime-state-v1
2024-04-21,667755,ESTABLISHED,80.39811222188176,92.0,18.96535429670734,25.0,13.543149012025452,18.0,starter-role-runtime-state-v1
2024-04-21,669923,ESTABLISHED,86.52334274370627,88.0,23.016367485176094,21.0,16.966689386787934,15.0,starter-role-runtime-state-v1
2024-04-21,676106,RAMPING,76.94464816891812,88.0,19.83382705307466,24.0,13.61372486177872,18.0,starter-role-runtime-state-v1
2024-04-21,676440,ESTABLISHED,89.63416379516337,97.0,22.432756047896255,25.0,16.017580155021236,17.0,starter-role-runtime-state-v1
2024-04-21,686613,RESTRICTED,77.86548304456504,84.0,20.12634747808597,17.0,12.671690586123386,12.0,starter-role-runtime-state-v1
2024-04-22,607074,ESTABLISHED,90.1239170874135,92.0,21.456565158109896,25.0,13.67874050269255,21.0,starter-role-runtime-state-v1
2024-04-22,624133,ESTABLISHED,95.13927523662308,88.0,24.880044557787947,23.0,18.31122164889878,21.0,starter-role-runtime-state-v1
2024-04-22,656302,ESTABLISHED,102.03884385373426,90.0,23.68063872380693,22.0,16.70294989627058,21.0,starter-role-runtime-state-v1
2024-04-22,663903,ESTABLISHED,86.1154034810445,107.0,23.493937164432708,26.0,16.891073234578634,18.0,starter-role-runtime-state-v1
2024-04-22,669373,ESTABLISHED,87.6287734878162,86.0,22.145448949586694,20.0,17.288074904386434,18.0,starter-role-runtime-state-v1
2024-04-22,672282,ESTABLISHED,92.03627570990295,99.0,22.504846231751216,29.0,16.47083193022759,21.0,starter-role-runtime-state-v1
2024-04-22,677960,ESTABLISHED,83.50955822773972,96.0,20.301165653542135,26.0,13.66187705388057,17.0,starter-role-runtime-state-v1
2024-04-22,683003,ESTABLISHED,76.73978696212714,91.0,21.582690407766137,24.0,17.268238100597582,18.0,starter-role-runtime-state-v1
2024-04-22,693821,ESTABLISHED,85.48386886153678,87.0,22.757384627243496,26.0,15.74318729980153,20.0,starter-role-runtime-state-v1
2024-04-22,694297,ESTABLISHED,88.2586474328695,80.0,23.436465033788068,21.0,16.248793180254207,16.0,starter-role-runtime-state-v1
2024-04-23,571927,ESTABLISHED,88.27330399254691,92.0,21.930419501905575,22.0,15.617276893527979,13.0,starter-role-runtime-state-v1
2024-04-23,592332,ESTABLISHED,86.80839606858794,99.0,21.45726106823399,28.0,14.906291278423117,20.0,starter-role-runtime-state-v1
2024-04-23,608331,ESTABLISHED,91.75502578548729,92.0,21.980683001529428,29.0,15.147592248933147,27.0,starter-role-runtime-state-v1
2024-04-23,608379,ESTABLISHED,90.47040879594725,96.0,23.379001426028733,24.0,17.343957375218817,13.0,starter-role-runtime-state-v1
2024-04-23,650633,ESTABLISHED,90.79344890043838,83.0,22.08303039628222,23.0,16.11637760239785,11.0,starter-role-runtime-state-v1
2024-04-23,650911,ESTABLISHED,88.1816788407656,74.0,23.083518135953334,18.0,16.689687020220497,9.0,starter-role-runtime-state-v1
2024-04-23,657277,ESTABLISHED,94.25640659946808,106.0,24.998312580298382,30.0,19.385718153895866,24.0,starter-role-runtime-state-v1
2024-04-23,663372,ESTABLISHED,86.94543975646404,93.0,21.971007512656676,22.0,14.11455349796296,12.0,starter-role-runtime-state-v1
2024-04-23,669302,ESTABLISHED,91.58770404625379,100.0,24.420177506460295,26.0,18.761634909292738,20.0,starter-role-runtime-state-v1
2024-04-23,669432,ESTABLISHED,87.38713643194106,84.0,21.57998579888448,26.0,14.77650238330574,17.0,starter-role-runtime-state-v1
2024-04-23,671096,ESTABLISHED,94.77503229427656,79.0,22.110437557102795,19.0,15.409691102701787,13.0,starter-role-runtime-state-v1
2024-04-23,680570,ESTABLISHED,92.09559132944884,82.0,23.53582557367921,24.0,17.31774317514079,13.0,starter-role-runtime-state-v1
2024-04-24,592791,ESTABLISHED,86.14419773810249,89.0,22.34882167488537,26.0,16.47883724494602,17.0,starter-role-runtime-state-v1
2024-04-24,640455,ESTABLISHED,84.94223537216642,101.0,21.04506263737226,21.0,14.588711078069236,14.0,starter-role-runtime-state-v1
2024-04-24,663623,ESTABLISHED,84.26148472307302,103.0,21.696852323471177,26.0,15.862230133805449,14.0,starter-role-runtime-state-v1
2024-04-24,665152,ESTABLISHED,88.72464323774118,101.0,22.568863194726916,20.0,15.884892193554137,16.0,starter-role-runtime-state-v1
2024-04-24,666157,ESTABLISHED,85.67762987117815,98.0,22.904497119811097,24.0,15.421382405860586,15.0,starter-role-runtime-state-v1
2024-04-24,682243,ESTABLISHED,88.82920522499278,83.0,22.151686922812914,19.0,16.3995526298509,12.0,starter-role-runtime-state-v1
2024-04-25,554430,ESTABLISHED,100.92911742203908,103.0,25.054394627958303,22.0,18.517114811886024,18.0,starter-role-runtime-state-v1
2024-04-25,607259,RAMPING,79.47689561277245,89.0,20.015973399318696,27.0,14.257737121926134,18.0,starter-role-runtime-state-v1
2024-04-25,622491,ESTABLISHED,97.78677453788667,102.0,24.427658459726068,23.0,17.456413786180114,18.0,starter-role-runtime-state-v1
2024-04-25,642547,ESTABLISHED,94.63022369188599,91.0,22.2201558709166,24.0,16.956223078632014,14.0,starter-role-runtime-state-v1
2024-04-25,647336,ESTABLISHED,88.72658450403519,68.0,22.33719599196693,21.0,14.353197988168757,15.0,starter-role-runtime-state-v1
2024-04-25,669022,ESTABLISHED,89.42201755930891,102.0,20.79462665080386,23.0,14.728518319291286,18.0,starter-role-runtime-state-v1
2024-04-25,681190,ESTABLISHED,74.07423233618174,72.0,18.941794251532695,15.0,13.4324819257627,8.0,starter-role-runtime-state-v1
2024-04-25,808967,ESTABLISHED,79.82617752957576,97.0,19.301950263296618,23.0,13.63345861893431,18.0,starter-role-runtime-state-v1
2024-04-26,519242,ESTABLISHED,90.0580306928909,95.0,22.40834322665019,25.0,16.744528785293177,21.0,starter-role-runtime-state-v1
2024-04-26,605135,ESTABLISHED,97.54282219379522,77.0,24.999250991831016,19.0,18.153227471648908,8.0,starter-role-runtime-state-v1
2024-04-26,605400,ESTABLISHED,93.66846736077596,106.0,24.46841878928784,32.0,18.300771645855956,24.0,starter-role-runtime-state-v1
2024-04-26,607625,ESTABLISHED,92.43640358561476,103.0,24.485850053615884,25.0,18.038135027459315,21.0,starter-role-runtime-state-v1
2024-04-26,641927,ESTABLISHED,82.67732007083256,96.0,20.361888142618206,27.0,15.362778809341577,22.0,starter-role-runtime-state-v1
2024-04-26,663776,ESTABLISHED,93.96365149819815,99.0,22.10359545830113,24.0,13.889110624502282,17.0,starter-role-runtime-state-v1
2024-04-26,676106,RAMPING,78.96844461309693,83.0,20.62560301386953,20.0,14.453783536383117,18.0,starter-role-runtime-state-v1
2024-04-26,684007,ESTABLISHED,80.1906481791224,88.0,20.91088543482678,26.0,16.20973230654095,19.0,starter-role-runtime-state-v1
2024-04-26,690986,ESTABLISHED,83.1580110609446,93.0,21.885947963529752,23.0,15.481657313152002,18.0,starter-role-runtime-state-v1
2024-04-27,527048,ESTABLISHED,89.37222600602705,81.0,24.364070740647293,22.0,16.315379278560474,18.0,starter-role-runtime-state-v1
2024-04-27,543243,ESTABLISHED,81.91766124648292,92.0,22.670232246328617,25.0,17.41613544042402,18.0,starter-role-runtime-state-v1
2024-04-27,547179,ESTABLISHED,90.49303840415489,100.0,23.897631505918195,25.0,17.46689117986502,18.0,starter-role-runtime-state-v1
2024-04-27,605288,ESTABLISHED,85.96901238845957,89.0,22.141848946488643,24.0,14.872586921222425,13.0,starter-role-runtime-state-v1
2024-04-27,607074,ESTABLISHED,89.63610816397805,93.0,21.795982326081702,21.0,14.520518422995927,18.0,starter-role-runtime-state-v1
2024-04-27,615698,ESTABLISHED,94.52371658198355,95.0,23.53106712113747,24.0,15.973737294342037,15.0,starter-role-runtime-state-v1
2024-04-27,624133,ESTABLISHED,94.51910222340118,96.0,24.686798188872096,26.0,18.63332646360282,24.0,starter-role-runtime-state-v1
2024-04-27,656302,ESTABLISHED,98.66535735450375,91.0,23.280221297587396,27.0,17.134949468701485,18.0,starter-role-runtime-state-v1
2024-04-27,663554,ESTABLISHED,89.10695698816734,87.0,22.67671600989755,23.0,16.228487590507672,15.0,starter-role-runtime-state-v1
2024-04-27,663903,ESTABLISHED,91.68554456183223,93.0,24.17643227977935,23.0,17.131072187830753,15.0,starter-role-runtime-state-v1
2024-04-27,665795,RAMPING,83.05430074763025,78.0,20.36618167744536,20.0,13.971527454166658,13.0,starter-role-runtime-state-v1
2024-04-27,667755,ESTABLISHED,85.56734371112006,48.0,21.21285023274659,12.0,15.196842715895718,5.0,starter-role-runtime-state-v1
2024-04-27,669923,ESTABLISHED,88.64672004060922,95.0,23.019009552682675,24.0,16.830710518862265,21.0,starter-role-runtime-state-v1
2024-04-27,676440,ESTABLISHED,92.2223202831718,91.0,22.917135190285315,22.0,16.19011718592933,21.0,starter-role-runtime-state-v1
2024-04-28,592332,ESTABLISHED,94.07519607031989,93.0,22.779887166676914,26.0,15.628936707105039,21.0,starter-role-runtime-state-v1
2024-04-28,608379,ESTABLISHED,90.93032465439117,91.0,23.429119858660997,26.0,16.849784136768005,17.0,starter-role-runtime-state-v1
2024-04-28,650633,ESTABLISHED,88.14616140255235,95.0,22.0192376040711,25.0,15.37265301752481,16.0,starter-role-runtime-state-v1
2024-04-28,664285,ESTABLISHED,89.52749348317418,71.0,25.42355501052073,18.0,18.43639155541714,15.0,starter-role-runtime-state-v1
2024-04-28,669302,ESTABLISHED,91.64005287589626,97.0,24.50355702683569,24.0,18.882458825096435,19.0,starter-role-runtime-state-v1
2024-04-28,669373,ESTABLISHED,88.14450742875648,91.0,21.95272405422319,26.0,17.403194355379355,21.0,starter-role-runtime-state-v1
2024-04-28,669713,RESTRICTED,65.52525816018314,63.0,17.781710041724995,19.0,12.568542952921792,12.0,starter-role-runtime-state-v1
2024-04-28,671096,ESTABLISHED,91.6762584546637,85.0,21.61633738868024,21.0,15.093829253145993,16.0,starter-role-runtime-state-v1
2024-04-28,672282,ESTABLISHED,94.60568375203904,87.0,23.373745026436385,24.0,17.01453108758908,15.0,starter-role-runtime-state-v1
2024-04-28,677960,ESTABLISHED,85.7650897390162,87.0,21.067491546874017,24.0,14.098568337862659,12.0,starter-role-runtime-state-v1
2024-04-28,683003,ESTABLISHED,80.45092667436407,83.0,22.21763880350324,20.0,17.471338251423713,15.0,starter-role-runtime-state-v1
2024-04-28,693821,ESTABLISHED,85.39145182411659,85.0,23.06885643438203,23.0,16.199013710122273,16.0,starter-role-runtime-state-v1
2024-04-28,694297,ESTABLISHED,87.57807972161065,96.0,23.179408147909783,23.0,16.23065274373458,18.0,starter-role-runtime-state-v1
2024-04-29,592791,ESTABLISHED,84.9295573110332,78.0,22.5561079126848,27.0,16.486991855506403,22.0,starter-role-runtime-state-v1
2024-04-29,608331,ESTABLISHED,91.07685256948508,100.0,22.68227285894553,20.0,16.483709580030975,18.0,starter-role-runtime-state-v1
2024-04-29,650911,ESTABLISHED,83.73290291293118,75.0,22.130972403020927,22.0,15.637888570831494,15.0,starter-role-runtime-state-v1
2024-04-29,663623,ESTABLISHED,86.52469450875988,84.0,22.20153546641982,22.0,15.686220898386544,18.0,starter-role-runtime-state-v1
2024-04-29,666157,ESTABLISHED,90.81752283399393,99.0,23.457860706501517,24.0,15.456910327401697,21.0,starter-role-runtime-state-v1
2024-04-29,669432,ESTABLISHED,86.93164650122321,89.0,22.279098129639827,22.0,15.146375138543238,15.0,starter-role-runtime-state-v1
2024-04-29,680570,ESTABLISHED,89.94453088678041,101.0,23.464922478917337,25.0,16.7911881155347,17.0,starter-role-runtime-state-v1
2024-04-29,682243,ESTABLISHED,87.14466082293401,97.0,21.664215472475004,23.0,15.849001816558413,21.0,starter-role-runtime-state-v1
2024-04-30,571927,ESTABLISHED,90.23070771395813,73.0,22.106288032609072,18.0,15.35398187756465,10.0,starter-role-runtime-state-v1
2024-04-30,607259,ESTABLISHED,80.50096172561797,78.0,20.933662782066918,25.0,14.798088456090975,15.0,starter-role-runtime-state-v1
2024-04-30,622491,ESTABLISHED,97.3748696071298,103.0,24.16920458218761,25.0,17.48341509387684,21.0,starter-role-runtime-state-v1
2024-04-30,640455,ESTABLISHED,88.48050013016085,92.0,21.190611377386066,21.0,14.550198798235542,15.0,starter-role-runtime-state-v1
2024-04-30,642547,ESTABLISHED,93.11324535750683,66.0,22.291859598047772,18.0,16.602869691180516,16.0,starter-role-runtime-state-v1
2024-04-30,647336,ESTABLISHED,83.36958195902213,67.0,21.884108990534372,18.0,14.3850516663949,13.0,starter-role-runtime-state-v1
2024-04-30,657277,ESTABLISHED,99.95892574938479,91.0,26.04463740288991,22.0,20.039649827046382,11.0,starter-role-runtime-state-v1
2024-04-30,663372,ESTABLISHED,87.98286842972719,89.0,21.99735743490958,28.0,13.838768301684869,24.0,starter-role-runtime-state-v1
2024-04-30,665152,ESTABLISHED,92.27270537562653,93.0,22.500970813535474,26.0,15.974564697901345,21.0,starter-role-runtime-state-v1
2024-04-30,669022,ESTABLISHED,90.98916231964584,91.0,21.06257596335954,23.0,15.095351972879188,15.0,starter-role-runtime-state-v1
2024-04-30,686613,ESTABLISHED,80.14122055837299,97.0,19.934810536142223,22.0,12.658992368546418,16.0,starter-role-runtime-state-v1
2024-05-01,519242,ESTABLISHED,89.23235883181832,100.0,22.541349914675678,22.0,17.172179445906842,15.0,starter-role-runtime-state-v1
2024-05-01,554430,ESTABLISHED,99.67145805471681,106.0,24.52404376513272,22.0,18.411318205049675,15.0,starter-role-runtime-state-v1
2024-05-01,605135,ESTABLISHED,91.8032325374142,92.0,23.932643909240042,24.0,16.843247265186896,18.0,starter-role-runtime-state-v1
2024-05-01,607625,ESTABLISHED,96.76440063454915,101.0,24.908410393788515,25.0,18.47091167344663,21.0,starter-role-runtime-state-v1
2024-05-01,641927,ESTABLISHED,86.75167122838668,82.0,21.3593911264198,23.0,16.168331639053083,18.0,starter-role-runtime-state-v1
2024-05-01,663776,ESTABLISHED,90.89971592025731,102.0,21.92724669663265,21.0,14.13606333914477,15.0,starter-role-runtime-state-v1
2024-05-01,676106,ESTABLISHED,79.90383130610493,77.0,20.52837605163962,21.0,15.105334303482907,11.0,starter-role-runtime-state-v1
2024-05-01,684007,ESTABLISHED,80.97361538578642,87.0,21.98786004207946,24.0,16.865279070701963,21.0,starter-role-runtime-state-v1
2024-05-01,808967,ESTABLISHED,87.9251349016646,94.0,20.576593833171042,24.0,14.692563219345741,18.0,starter-role-runtime-state-v1
2024-05-02,605288,ESTABLISHED,83.93785361689758,82.0,22.07130238629135,23.0,14.594406449824568,15.0,starter-role-runtime-state-v1
2024-05-02,607074,ESTABLISHED,87.15363452609836,80.0,21.37478456214258,23.0,14.8591685128677,12.0,starter-role-runtime-state-v1
2024-05-02,663567,ESTABLISHED,81.4196009241916,67.0,21.24992904216436,18.0,14.612833871593299,10.0,starter-role-runtime-state-v1
2024-05-02,665795,RAMPING,82.73803954900424,91.0,20.35378705566765,18.0,13.86481541970279,12.0,starter-role-runtime-state-v1
2024-05-02,680694,ESTABLISHED,83.28353746275353,84.0,21.472966041361584,21.0,17.18668804663683,14.0,starter-role-runtime-state-v1
2024-05-02,690986,ESTABLISHED,84.70844255359772,95.0,22.065084098568974,22.0,15.837183375055812,15.0,starter-role-runtime-state-v1
2024-05-03,527048,ESTABLISHED,86.93240583241294,88.0,23.910190442984568,24.0,16.474199128233778,16.0,starter-role-runtime-state-v1
2024-05-03,543243,ESTABLISHED,86.85180007383545,94.0,23.40910347885719,25.0,17.638107411216698,21.0,starter-role-runtime-state-v1
2024-05-03,547179,ESTABLISHED,91.76726846966629,86.0,24.048327705778465,24.0,17.537130123956178,18.0,starter-role-runtime-state-v1
2024-05-03,605400,ESTABLISHED,97.3957968034308,89.0,25.530980040096146,19.0,19.000055983917512,12.0,starter-role-runtime-state-v1
2024-05-03,615698,ESTABLISHED,94.714210488231,99.0,23.599863125339546,26.0,15.865028873488043,23.0,starter-role-runtime-state-v1
2024-05-03,656302,ESTABLISHED,98.66239710646416,102.0,23.733668823428694,22.0,17.247682624450594,20.0,starter-role-runtime-state-v1
2024-05-03,663903,ESTABLISHED,93.07514227424426,105.0,24.19053257965478,22.0,16.9321172746153,18.0,starter-role-runtime-state-v1
2024-05-03,667755,ESTABLISHED,74.12605956248652,88.0,18.466742557853774,24.0,11.956414440336605,18.0,starter-role-runtime-state-v1
2024-05-03,669713,RESTRICTED,63.69055583897546,90.0,17.7722834719398,24.0,12.441187737784272,19.0,starter-role-runtime-state-v1
2024-05-03,669923,ESTABLISHED,89.35214419112476,88.0,23.136693183733158,22.0,17.29401391791121,18.0,starter-role-runtime-state-v1
2024-05-03,676440,ESTABLISHED,92.65767765235482,91.0,22.87895305985156,23.0,16.76057121901199,15.0,starter-role-runtime-state-v1
2024-05-03,677960,ESTABLISHED,84.49997342982888,99.0,21.254608412464215,24.0,13.808923356177932,18.0,starter-role-runtime-state-v1
2024-05-04,592332,ESTABLISHED,96.11596184269573,112.0,23.360538086364244,21.0,16.27175052972933,16.0,starter-role-runtime-state-v1
2024-05-04,592791,ESTABLISHED,83.17314951638747,99.0,22.87633041257414,23.0,17.03208133522122,18.0,starter-role-runtime-state-v1
2024-05-04,608379,ESTABLISHED,93.09137610850739,77.0,23.956472527017482,21.0,16.941023631859185,11.0,starter-role-runtime-state-v1
2024-05-04,624133,ESTABLISHED,95.72111411377541,94.0,24.956265525622815,27.0,19.265600191349886,18.0,starter-role-runtime-state-v1
2024-05-04,650633,ESTABLISHED,88.75805552024298,91.0,22.36872002137772,22.0,15.447905263345715,18.0,starter-role-runtime-state-v1
2024-05-04,663554,ESTABLISHED,88.55749850720817,93.0,22.752348901637838,26.0,15.922631887536863,16.0,starter-role-runtime-state-v1
2024-05-04,663623,ESTABLISHED,87.12670486323687,107.0,22.279266141690986,23.0,15.975062238699532,15.0,starter-role-runtime-state-v1
2024-05-04,664285,ESTABLISHED,86.96149410690221,91.0,24.505794335983744,25.0,18.06530733254119,16.0,starter-role-runtime-state-v1
2024-05-04,669302,ESTABLISHED,94.60141058890721,96.0,24.7239902082861,27.0,18.974347934046047,24.0,starter-role-runtime-state-v1
2024-05-04,669432,ESTABLISHED,85.22999806951276,78.0,22.000902278006432,18.0,15.05792741236476,7.0,starter-role-runtime-state-v1
2024-05-04,671096,ESTABLISHED,87.04261576532647,84.0,21.130585296665885,22.0,15.083708144416564,15.0,starter-role-runtime-state-v1
2024-05-04,672282,ESTABLISHED,93.02893769984617,95.0,23.35553336068299,26.0,16.76292708897094,17.0,starter-role-runtime-state-v1
2024-05-04,683003,ESTABLISHED,79.69939366811576,96.0,21.553859144702763,22.0,16.869686086601178,21.0,starter-role-runtime-state-v1
2024-05-04,693821,ESTABLISHED,87.07694830475131,71.0,23.267401179241602,20.0,16.236939219063586,10.0,starter-role-runtime-state-v1
2024-05-04,694297,ESTABLISHED,87.82656537918882,89.0,23.068302682314375,29.0,16.408006308092155,18.0,starter-role-runtime-state-v1
2024-05-05,608331,ESTABLISHED,94.49092123493537,108.0,22.578522189081852,28.0,16.751286250537014,21.0,starter-role-runtime-state-v1
2024-05-05,642547,ESTABLISHED,86.68327613112265,97.0,21.46582212952547,23.0,16.450183550826782,15.0,starter-role-runtime-state-v1
2024-05-05,657277,ESTABLISHED,97.22528865013676,98.0,25.380347876899755,22.0,18.92527066327546,12.0,starter-role-runtime-state-v1
2024-05-05,663372,ESTABLISHED,84.23490847858213,85.0,22.261906974356705,25.0,14.958237041443251,17.0,starter-role-runtime-state-v1
2024-05-05,663738,ESTABLISHED,87.10354726120198,74.0,24.48448679468705,19.0,17.2910813067634,15.0,starter-role-runtime-state-v1
2024-05-05,665152,ESTABLISHED,91.88481834151216,93.0,22.823675930964733,20.0,16.509201738070562,18.0,starter-role-runtime-state-v1
2024-05-05,666157,ESTABLISHED,94.03470242893457,85.0,23.771049894262347,21.0,16.355514238010837,15.0,starter-role-runtime-state-v1
2024-05-05,669022,ESTABLISHED,90.80051794945244,76.0,21.251554662412026,18.0,15.08180755535139,9.0,starter-role-runtime-state-v1
2024-05-05,669373,ESTABLISHED,85.7347081645552,96.0,22.097311905117138,24.0,17.720829824460584,18.0,starter-role-runtime-state-v1
2024-05-05,669461,ESTABLISHED,81.56237677642542,50.0,21.283694855065757,14.0,13.343597421114426,11.0,starter-role-runtime-state-v1
2024-05-05,682243,ESTABLISHED,87.38547422434895,82.0,21.720663817683622,24.0,16.388868082810355,18.0,starter-role-runtime-state-v1
2024-05-05,686613,RAMPING,86.61504805395623,91.0,20.682470713926854,22.0,13.161675898171751,13.0,starter-role-runtime-state-v1
2024-05-06,554430,ESTABLISHED,98.81506159915922,102.0,24.05385704943233,26.0,17.978369732363376,21.0,starter-role-runtime-state-v1
2024-05-06,622491,ESTABLISHED,98.67625341745517,98.0,24.33979111536246,26.0,17.900528849311165,20.0,starter-role-runtime-state-v1
2024-05-06,640455,ESTABLISHED,89.8278565487451,89.0,21.258888305349544,24.0,14.632867696457094,18.0,starter-role-runtime-state-v1
2024-05-07,607625,ESTABLISHED,98.03753951785231,77.0,25.00618784382983,27.0,18.772960800433573,20.0,starter-role-runtime-state-v1
2024-05-07,641927,ESTABLISHED,88.47767052760892,84.0,21.792494175183336,19.0,16.446293510234,15.0,starter-role-runtime-state-v1
2024-05-07,647336,ESTABLISHED,79.58381566673803,102.0,21.170557283314473,21.0,14.159062824822314,15.0,starter-role-runtime-state-v1
2024-05-07,650911,ESTABLISHED,81.77789918202507,89.0,22.002623918229812,27.0,15.534235015441848,21.0,starter-role-runtime-state-v1
2024-05-07,663776,ESTABLISHED,92.08317608953956,103.0,21.817013682859482,25.0,14.236639070581647,21.0,starter-role-runtime-state-v1
2024-05-07,665795,ESTABLISHED,82.98508223304736,58.0,19.97413691778543,12.0,13.617709584345333,6.0,starter-role-runtime-state-v1
2024-05-07,676106,RAMPING,77.81315576222954,76.0,20.416829095227286,18.0,14.362541503991473,12.0,starter-role-runtime-state-v1
2024-05-07,681190,ESTABLISHED,76.47258488633614,83.0,18.42261968854172,17.0,12.391319156155532,13.0,starter-role-runtime-state-v1
2024-05-07,684007,RAMPING,86.40604255135432,102.0,22.92589978676432,28.0,17.910467047638264,21.0,starter-role-runtime-state-v1
2024-05-07,690986,ESTABLISHED,85.00536380872339,86.0,21.928426243565397,27.0,15.68572956659467,21.0,starter-role-runtime-state-v1
2024-05-07,808967,ESTABLISHED,89.50798277120434,97.0,21.27526768477197,29.0,15.338708868588322,24.0,starter-role-runtime-state-v1
2024-05-08,519242,ESTABLISHED,89.66992873078806,103.0,22.381275373140305,25.0,16.885510829232516,18.0,starter-role-runtime-state-v1
2024-05-08,527048,ESTABLISHED,85.78404082513909,73.0,23.76463525882394,22.0,16.377002127925394,15.0,starter-role-runtime-state-v1
2024-05-08,547179,ESTABLISHED,90.63433784242054,107.0,23.985280735005663,27.0,17.574225242318985,18.0,starter-role-runtime-state-v1
2024-05-08,605135,ESTABLISHED,92.35551970266651,102.0,23.997732628614934,24.0,16.98973435236416,19.0,starter-role-runtime-state-v1
2024-05-08,605400,ESTABLISHED,93.27930735214287,96.0,24.367781381267868,26.0,18.064674246610778,17.0,starter-role-runtime-state-v1
2024-05-08,607074,ESTABLISHED,85.21506640460314,100.0,21.433949164943826,27.0,14.488208137109066,19.0,starter-role-runtime-state-v1
2024-05-08,656302,ESTABLISHED,95.57115845030457,113.0,23.175087263220334,24.0,17.462812358501427,21.0,starter-role-runtime-state-v1
2024-05-08,663567,ESTABLISHED,76.96854097176356,67.0,20.51515422056511,19.0,13.872184365879418,9.0,starter-role-runtime-state-v1
2024-05-08,663903,ESTABLISHED,94.91837419924494,89.0,23.991723190949248,22.0,17.075626945466457,16.0,starter-role-runtime-state-v1
2024-05-08,667755,ESTABLISHED,76.57028368508858,82.0,19.683655247101196,22.0,13.366204675810204,14.0,starter-role-runtime-state-v1
2024-05-08,669713,RESTRICTED,68.10204110969067,94.0,18.735386026213,27.0,13.35486069552039,18.0,starter-role-runtime-state-v1
2024-05-08,669923,ESTABLISHED,88.65337336058074,70.0,22.947870995971364,20.0,17.356814569759116,15.0,starter-role-runtime-state-v1
2024-05-08,676440,ESTABLISHED,90.86821078760104,82.0,22.715341240348984,18.0,16.513113430395222,12.0,starter-role-runtime-state-v1
2024-05-08,677960,ESTABLISHED,87.12313880810152,97.0,21.685752631591086,23.0,14.334185714295552,18.0,starter-role-runtime-state-v1
2024-05-08,680694,ESTABLISHED,82.37381340956243,90.0,21.313278121775824,22.0,16.79416420026894,15.0,starter-role-runtime-state-v1
2024-05-09,543243,ESTABLISHED,88.96104215960743,88.0,23.747859202845554,24.0,18.04809160307186,15.0,starter-role-runtime-state-v1
2024-05-09,608379,ESTABLISHED,87.41259300516283,103.0,23.173053403678665,27.0,16.127835637234735,18.0,starter-role-runtime-state-v1
2024-05-09,615698,ESTABLISHED,95.87859661584933,92.0,23.94633695819691,24.0,16.682722936407373,18.0,starter-role-runtime-state-v1
2024-05-09,669302,ESTABLISHED,93.92381556490423,91.0,24.875379918648846,22.0,19.486871663098405,12.0,starter-role-runtime-state-v1
2024-05-09,672282,ESTABLISHED,92.0449689927176,90.0,23.498627022459054,23.0,16.74928864864859,15.0,starter-role-runtime-state-v1
2024-05-10,624133,ESTABLISHED,92.54203585956586,97.0,24.82249678264613,25.0,19.012294063738352,21.0,starter-role-runtime-state-v1
2024-05-10,650633,ESTABLISHED,86.74612751436547,106.0,22.0518576659496,27.0,15.701350766235205,21.0,starter-role-runtime-state-v1
2024-05-10,657277,ESTABLISHED,96.60133393591818,100.0,24.901140320121932,29.0,18.103082066841733,21.0,starter-role-runtime-state-v1
2024-05-10,663554,ESTABLISHED,89.91494756738575,88.0,23.48460739080518,23.0,15.963958131817039,18.0,starter-role-runtime-state-v1
2024-05-10,664285,ESTABLISHED,88.06484499216307,103.0,24.647713873403735,29.0,17.86789318804193,21.0,starter-role-runtime-state-v1
2024-05-10,669432,ESTABLISHED,84.3801651800335,81.0,21.400060269777395,21.0,13.775986321096891,10.0,starter-role-runtime-state-v1
2024-05-10,671096,ESTABLISHED,84.58680383267307,88.0,20.997027075483622,22.0,15.011304020280127,15.0,starter-role-runtime-state-v1
2024-05-10,671737,ESTABLISHED,85.34345995818353,93.0,22.078906804400567,24.0,15.157611161009294,18.0,starter-role-runtime-state-v1
2024-05-10,683003,ESTABLISHED,87.62555241666469,87.0,22.199977825706174,27.0,17.85993451761877,18.0,starter-role-runtime-state-v1
2024-05-10,693433,ESTABLISHED,81.6983224641962,62.0,20.388780067387813,15.0,14.303626044104687,13.0,starter-role-runtime-state-v1
2024-05-10,694297,ESTABLISHED,87.18394133212803,88.0,23.602164445827523,25.0,16.567079039262655,18.0,starter-role-runtime-state-v1
2024-05-11,592332,ESTABLISHED,98.97005847118707,86.0,23.170604395706896,20.0,16.25383573010681,9.0,starter-role-runtime-state-v1
2024-05-11,608331,ESTABLISHED,93.99166392019977,109.0,22.977093291361513,24.0,17.17948371927719,21.0,starter-role-runtime-state-v1
2024-05-11,642547,ESTABLISHED,88.42111103735165,100.0,21.697168551001837,27.0,16.313665014423687,18.0,starter-role-runtime-state-v1
2024-05-11,663372,ESTABLISHED,84.39861171689279,84.0,22.597466398669944,25.0,15.208061371919928,18.0,starter-role-runtime-state-v1
2024-05-11,663623,ESTABLISHED,94.18276670197424,103.0,22.90728340501967,26.0,16.020163520099302,21.0,starter-role-runtime-state-v1
2024-05-11,664299,ESTABLISHED,92.78595711546733,50.0,22.552164239930217,13.0,16.101971370881085,4.0,starter-role-runtime-state-v1
2024-05-11,666157,ESTABLISHED,92.55552982541158,98.0,23.342502189423676,25.0,16.152272595886977,18.0,starter-role-runtime-state-v1
2024-05-11,666200,ESTABLISHED,94.81920769283855,79.0,23.05811736879528,21.0,16.39758613593995,17.0,starter-role-runtime-state-v1
2024-05-11,669373,ESTABLISHED,87.52049948953422,97.0,22.38674939295902,28.0,17.77419844877265,19.0,starter-role-runtime-state-v1
2024-05-11,682243,ESTABLISHED,86.07632072732802,96.0,21.879031022663423,25.0,16.53741677265433,18.0,starter-role-runtime-state-v1
2024-05-12,554430,ESTABLISHED,99.49796098666638,80.0,24.30427215802255,21.0,18.32168638537079,12.0,starter-role-runtime-state-v1
2024-05-12,607625,ESTABLISHED,91.66644496070522,112.0,24.720025000371145,29.0,18.7505891235667,24.0,starter-role-runtime-state-v1
2024-05-12,622491,ESTABLISHED,98.89682761320393,100.0,24.555267165248946,24.0,18.14682441065556,18.0,starter-role-runtime-state-v1
2024-05-12,641927,ESTABLISHED,84.99059340871455,104.0,21.133095538727254,20.0,16.18134797670093,19.0,starter-role-runtime-state-v1
2024-05-12,647336,ESTABLISHED,81.10101732914376,71.0,20.977455815308183,21.0,14.229323960761054,16.0,starter-role-runtime-state-v1
2024-05-12,663776,ESTABLISHED,94.0928618149147,95.0,22.259036958615525,29.0,14.986005744582197,18.0,starter-role-runtime-state-v1
2024-05-12,665152,ESTABLISHED,93.15399478302913,100.0,22.614617271449923,26.0,16.716700531537324,17.0,starter-role-runtime-state-v1
2024-05-12,669022,ESTABLISHED,89.59525554804065,111.0,20.939313393245424,27.0,14.39275864009355,18.0,starter-role-runtime-state-v1
2024-05-12,690986,ESTABLISHED,86.5932142403074,98.0,22.718948840811024,23.0,16.408071135488736,15.0,starter-role-runtime-state-v1
2024-05-12,693821,ESTABLISHED,85.75411703508378,85.0,22.969405496900976,23.0,15.539755918220308,16.0,starter-role-runtime-state-v1
2024-05-13,547179,ESTABLISHED,93.58435126886741,96.0,24.460394745093424,24.0,17.670138497850235,21.0,starter-role-runtime-state-v1
2024-05-13,640455,ESTABLISHED,90.23292520988957,100.0,21.644011955433662,23.0,15.061710591006587,18.0,starter-role-runtime-state-v1
2024-05-13,650911,ESTABLISHED,81.41867870836825,108.0,22.40457393347056,27.0,16.10262730975865,17.0,starter-role-runtime-state-v1
2024-05-13,663903,ESTABLISHED,90.64875057142952,108.0,23.349838254573314,25.0,16.8341293516373,15.0,starter-role-runtime-state-v1
2024-05-13,667755,ESTABLISHED,75.33973202062235,83.0,19.898551837788396,20.0,13.431698394998294,16.0,starter-role-runtime-state-v1
2024-05-13,669461,RAMPING,76.8746209735163,60.0,20.227194359541453,15.0,13.065817109172253,10.0,starter-role-runtime-state-v1
2024-05-13,669923,ESTABLISHED,83.9946480616324,101.0,22.33690433569643,27.0,17.010919121266067,21.0,starter-role-runtime-state-v1
2024-05-13,676440,ESTABLISHED,88.26792445817335,94.0,21.98770213063033,21.0,15.942596944853545,16.0,starter-role-runtime-state-v1
2024-05-13,681190,RAMPING,81.16362819873235,73.0,18.51941962542627,20.0,12.608246584557847,11.0,starter-role-runtime-state-v1
2024-05-13,684007,ESTABLISHED,91.22493963767947,98.0,24.13346687018852,23.0,18.596441869174093,15.0,starter-role-runtime-state-v1
2024-05-13,808967,ESTABLISHED,89.13990385827762,84.0,22.377772278340508,24.0,16.76429964641109,17.0,starter-role-runtime-state-v1
2024-05-14,519242,ESTABLISHED,91.92638999913127,92.0,22.762401692892396,25.0,17.036767746355135,21.0,starter-role-runtime-state-v1
2024-05-14,543243,ESTABLISHED,87.21550115682982,89.0,23.582507680097933,28.0,17.656823116348733,18.0,starter-role-runtime-state-v1
2024-05-14,592791,ESTABLISHED,88.57294360815806,85.0,23.321280410573006,23.0,17.261668992813174,12.0,starter-role-runtime-state-v1
2024-05-14,605400,ESTABLISHED,95.4889954776854,109.0,24.764265685372415,30.0,18.00577158331032,27.0,starter-role-runtime-state-v1
2024-05-14,607074,ESTABLISHED,87.69860422092374,102.0,22.152138461298463,24.0,15.025481017191705,18.0,starter-role-runtime-state-v1
2024-05-14,608379,ESTABLISHED,89.51456647202463,94.0,23.640942584667357,23.0,16.3545775526174,18.0,starter-role-runtime-state-v1
2024-05-14,615698,ESTABLISHED,91.87056853528394,91.0,23.544760349973007,23.0,16.714248974887184,18.0,starter-role-runtime-state-v1
2024-05-14,656302,ESTABLISHED,101.12083378691297,98.0,23.658379487361387,23.0,17.978170130974977,17.0,starter-role-runtime-state-v1
2024-05-14,669302,ESTABLISHED,92.51249615851782,99.0,24.41856777388392,24.0,18.59340675262081,20.0,starter-role-runtime-state-v1
2024-05-14,672282,ESTABLISHED,90.7021835231102,95.0,23.31639627714131,25.0,16.521834493356586,15.0,starter-role-runtime-state-v1
2024-05-14,677960,ESTABLISHED,89.04476950011859,97.0,21.92362463375168,26.0,14.789289633033952,24.0,starter-role-runtime-state-v1
2024-05-15,527048,ESTABLISHED,83.65989067881308,86.0,23.486807010358547,26.0,16.19946544635326,15.0,starter-role-runtime-state-v1
2024-05-15,624133,ESTABLISHED,91.81013954686867,83.0,24.69406849892063,23.0,19.18306886255362,15.0,starter-role-runtime-state-v1
2024-05-15,650633,ESTABLISHED,89.85862145217254,89.0,22.747824874030222,26.0,16.374275938141444,16.0,starter-role-runtime-state-v1
2024-05-15,657277,ESTABLISHED,95.17015780217997,103.0,25.114316679735467,25.0,18.34943180696001,18.0,starter-role-runtime-state-v1
2024-05-15,663554,ESTABLISHED,87.9044560415349,90.0,23.196230003516987,21.0,16.312925734353694,18.0,starter-role-runtime-state-v1
2024-05-15,664285,ESTABLISHED,90.35579729777753,97.0,25.217328451676714,24.0,18.251887657555738,21.0,starter-role-runtime-state-v1
2024-05-15,669432,ESTABLISHED,82.6429645585085,83.0,21.201274688514644,21.0,13.190127760265351,15.0,starter-role-runtime-state-v1
2024-05-15,671096,ESTABLISHED,84.71951975803371,95.0,21.082451657399403,26.0,15.004632027508626,21.0,starter-role-runtime-state-v1
2024-05-15,671737,ESTABLISHED,86.2207036002075,83.0,22.297813976475425,20.0,15.482958456565122,15.0,starter-role-runtime-state-v1
2024-05-15,680694,RESTRICTED,82.54986246351204,85.0,21.31996816037151,18.0,16.576668699762855,12.0,starter-role-runtime-state-v1
2024-05-15,693433,ESTABLISHED,75.27275597994128,79.0,19.27202287149092,20.0,14.053115276111669,16.0,starter-role-runtime-state-v1
2024-05-15,694297,ESTABLISHED,86.7661835529746,93.0,23.69150873306932,25.0,16.705945872784724,21.0,starter-role-runtime-state-v1
2024-05-16,664299,ESTABLISHED,82.61740801523639,80.0,20.918205307626614,21.0,14.453505064612258,18.0,starter-role-runtime-state-v1
2024-05-16,683003,ESTABLISHED,86.94234985959096,91.0,22.950597019264627,25.0,17.89044903289288,18.0,starter-role-runtime-state-v1
2024-05-17,554430,ESTABLISHED,94.26252682520699,104.0,23.615285867337967,27.0,17.50321553799651,22.0,starter-role-runtime-state-v1
2024-05-17,605135,ESTABLISHED,93.73230119984835,103.0,24.047473897186507,24.0,17.2357644649439,17.0,starter-role-runtime-state-v1
2024-05-17,608331,ESTABLISHED,97.8096670944546,88.0,23.320759326471794,24.0,17.68854709563613,13.0,starter-role-runtime-state-v1
2024-05-17,642547,ESTABLISHED,90.15515465587167,97.0,22.303951750327144,23.0,16.530486351918704,15.0,starter-role-runtime-state-v1
2024-05-17,663372,ESTABLISHED,83.59424817750231,85.0,22.78755949545171,21.0,15.516775285976207,12.0,starter-role-runtime-state-v1
2024-05-17,663623,ESTABLISHED,95.04124795001927,93.0,23.236218293120338,23.0,16.55794333602136,15.0,starter-role-runtime-state-v1
2024-05-17,666200,ESTABLISHED,92.2276605337173,89.0,22.73759039314895,23.0,16.443059072448555,18.0,starter-role-runtime-state-v1
2024-05-17,669373,ESTABLISHED,89.93127927966867,74.0,23.161097517926038,19.0,17.97760538155937,18.0,starter-role-runtime-state-v1
2024-05-17,681035,ESTABLISHED,92.39625850729581,84.0,24.99790683949019,21.0,18.942023561150915,12.0,starter-role-runtime-state-v1
2024-05-17,682243,ESTABLISHED,87.81306166439003,86.0,22.29300918930092,24.0,16.720760220173446,16.0,starter-role-runtime-state-v1
2024-05-17,686613,ESTABLISHED,88.993504169785,93.0,21.040089920814808,21.0,13.206039212123766,15.0,starter-role-runtime-state-v1
2024-05-18,592332,ESTABLISHED,94.06977532588614,102.0,22.44422190008844,26.0,15.327126904917325,18.0,starter-role-runtime-state-v1
2024-05-18,607625,ESTABLISHED,95.21964889209038,96.0,25.34931344890221,24.0,19.359975914638703,17.0,starter-role-runtime-state-v1
2024-05-18,621111,ESTABLISHED,77.0,78.0,18.0,21.0,10.942657949603415,18.0,starter-role-runtime-state-v1
2024-05-18,622491,ESTABLISHED,98.86856909840148,89.0,24.472345259316906,25.0,18.116077745935023,18.0,starter-role-runtime-state-v1
2024-05-18,641927,ESTABLISHED,87.42456961397932,91.0,21.030267090340807,20.0,16.509780291717107,12.0,starter-role-runtime-state-v1
2024-05-18,650911,ESTABLISHED,86.26912119862142,92.0,23.164374364765145,26.0,16.285174317013094,21.0,starter-role-runtime-state-v1
2024-05-18,663776,ESTABLISHED,95.5686160666637,99.0,23.08459132214014,23.0,15.34472798921199,18.0,starter-role-runtime-state-v1
2024-05-18,669022,ESTABLISHED,92.30328025655886,93.0,21.636459751664784,23.0,14.806953054293409,19.0,starter-role-runtime-state-v1
2024-05-18,680570,ESTABLISHED,91.38931356894018,82.0,23.661013703654348,22.0,16.821198807339517,18.0,starter-role-runtime-state-v1
2024-05-18,684007,ESTABLISHED,89.03427904658321,88.0,23.500131830676157,26.0,17.804972898736793,21.0,starter-role-runtime-state-v1
2024-05-18,690986,ESTABLISHED,89.9763281207914,79.0,22.97615597133036,22.0,16.286927798761255,15.0,starter-role-runtime-state-v1
2024-05-19,547179,ESTABLISHED,94.7573988224502,103.0,24.511645642529956,24.0,18.077695744078195,19.0,starter-role-runtime-state-v1
2024-05-19,592791,ESTABLISHED,87.45909015854491,92.0,23.196984848477648,21.0,16.64279731207528,14.0,starter-role-runtime-state-v1
2024-05-19,605400,ESTABLISHED,95.1965098375359,101.0,25.116228996880288,26.0,18.883200703667654,21.0,starter-role-runtime-state-v1
2024-05-19,607074,ESTABLISHED,88.48864781743856,99.0,22.271484133862245,24.0,15.338118577251276,18.0,starter-role-runtime-state-v1
2024-05-19,640455,ESTABLISHED,91.06816009851806,95.0,21.772434302947325,21.0,15.409102002924659,15.0,starter-role-runtime-state-v1
2024-05-19,663903,ESTABLISHED,94.70431311812501,89.0,23.78135847517757,26.0,16.714864777735265,18.0,starter-role-runtime-state-v1
2024-05-19,667755,ESTABLISHED,81.20526979342881,93.0,20.418096002062903,30.0,14.071735844344946,23.0,starter-role-runtime-state-v1
2024-05-19,669461,RESTRICTED,70.30791604677405,70.0,18.95996065108609,16.0,12.5063115249311,9.0,starter-role-runtime-state-v1
2024-05-19,669923,ESTABLISHED,87.16894555465558,83.0,22.993372275119683,27.0,17.47949317313794,18.0,starter-role-runtime-state-v1
2024-05-19,676440,ESTABLISHED,89.89516698815902,95.0,21.987427066255407,26.0,15.985922327069193,21.0,starter-role-runtime-state-v1
2024-05-19,693821,ESTABLISHED,85.97775977268233,93.0,23.012213290439348,21.0,15.60758586452922,9.0,starter-role-runtime-state-v1
2024-05-20,519242,ESTABLISHED,91.82677480753148,103.0,22.99175719766197,26.0,17.46664939234693,21.0,starter-role-runtime-state-v1
2024-05-20,543243,ESTABLISHED,86.60598023829023,88.0,23.949893475063856,23.0,17.68496430393269,17.0,starter-role-runtime-state-v1
2024-05-20,608379,ESTABLISHED,91.02490709194456,89.0,23.6831454685207,26.0,16.573867703674807,21.0,starter-role-runtime-state-v1
2024-05-20,656302,ESTABLISHED,101.85915452366622,90.0,23.70109508399144,25.0,17.904361173908164,12.0,starter-role-runtime-state-v1
2024-05-20,664285,ESTABLISHED,94.03293457379758,86.0,25.437110925421102,25.0,18.666845021425097,15.0,starter-role-runtime-state-v1
2024-05-20,665152,ESTABLISHED,93.47499427987007,86.0,22.932297438639516,21.0,16.740501744862993,12.0,starter-role-runtime-state-v1
2024-05-20,669302,ESTABLISHED,94.2284608068027,81.0,24.4933914745806,27.0,18.786851231026098,18.0,starter-role-runtime-state-v1
2024-05-20,671737,ESTABLISHED,85.9988676265209,92.0,22.03552585644657,27.0,15.429679952348,21.0,starter-role-runtime-state-v1
2024-05-20,672282,ESTABLISHED,93.5923806113582,79.0,23.771780643578523,21.0,16.43589925640778,12.0,starter-role-runtime-state-v1
2024-05-20,677960,ESTABLISHED,91.23060406336269,94.0,22.53037525044247,27.0,15.878140785900094,21.0,starter-role-runtime-state-v1
2024-05-20,681190,ESTABLISHED,77.28642965700364,101.0,18.49132255676188,26.0,12.275741092493973,18.0,starter-role-runtime-state-v1
2024-05-20,808967,ESTABLISHED,86.46880536757432,100.0,22.426228027546134,27.0,16.73624878686074,19.0,starter-role-runtime-state-v1
2024-05-21,527048,ESTABLISHED,85.14331267175866,98.0,23.91167845880496,22.0,16.11185846753633,13.0,starter-role-runtime-state-v1
2024-05-21,605288,ESTABLISHED,82.5598152422255,72.0,22.036345084158146,23.0,14.606221463433888,15.0,starter-role-runtime-state-v1
2024-05-21,615698,ESTABLISHED,92.77711863918816,98.0,23.59562279884801,22.0,16.889825998738637,18.0,starter-role-runtime-state-v1
2024-05-21,624133,ESTABLISHED,91.0137452751781,108.0,24.528001428361556,27.0,18.706178076180297,21.0,starter-role-runtime-state-v1
2024-05-21,657277,ESTABLISHED,98.38492379755945,103.0,25.362788764848474,24.0,18.38540404372835,18.0,starter-role-runtime-state-v1
2024-05-21,663554,ESTABLISHED,89.32190920689409,52.0,22.902515592551964,15.0,16.6677577189012,5.0,starter-role-runtime-state-v1
2024-05-21,664299,ESTABLISHED,80.45634571328779,71.0,20.718751225851946,21.0,14.784501703942691,12.0,starter-role-runtime-state-v1
2024-05-21,669432,ESTABLISHED,82.74810285649555,90.0,21.179428934125568,21.0,13.448975825648212,11.0,starter-role-runtime-state-v1
2024-05-21,671096,ESTABLISHED,88.70498957829517,92.0,21.924163832235323,25.0,15.74210341261983,21.0,starter-role-runtime-state-v1
2024-05-21,680694,ESTABLISHED,88.37872355540989,74.0,21.543905411883877,21.0,16.235845550752323,15.0,starter-role-runtime-state-v1
2024-05-21,688107,ESTABLISHED,80.60374149270417,80.0,21.04635736031727,29.0,16.453918771715042,18.0,starter-role-runtime-state-v1
2024-05-21,693433,ESTABLISHED,76.55242337618876,77.0,19.45542874782744,20.0,14.316851876073386,18.0,starter-role-runtime-state-v1
2024-05-21,694297,ESTABLISHED,88.72334010585891,94.0,23.98736453892588,23.0,17.22599581589337,18.0,starter-role-runtime-state-v1
2024-05-22,605135,ESTABLISHED,97.47339038556818,107.0,24.349966870843733,27.0,17.29147911339661,21.0,starter-role-runtime-state-v1
2024-05-22,605483,ESTABLISHED,89.43498724391777,87.0,22.01760075796713,19.0,15.911417383677113,10.0,starter-role-runtime-state-v1
2024-05-22,607259,RAMPING,79.96464426578314,66.0,21.44299393334042,21.0,14.833295271740706,14.0,starter-role-runtime-state-v1
2024-05-22,608331,ESTABLISHED,93.3791791744558,105.0,23.03456764488146,30.0,17.032118572811868,27.0,starter-role-runtime-state-v1
2024-05-22,642547,ESTABLISHED,93.30978651728795,98.0,22.641607257347964,25.0,16.43979070033957,21.0,starter-role-runtime-state-v1
2024-05-22,650633,ESTABLISHED,90.54073568649734,92.0,23.21546659412875,26.0,16.3539636462842,20.0,starter-role-runtime-state-v1
2024-05-22,663623,ESTABLISHED,93.54589476518875,84.0,23.06493606115996,25.0,16.33830584117702,19.0,starter-role-runtime-state-v1
2024-05-22,666200,ESTABLISHED,89.54704575980834,100.0,22.5143136809697,26.0,16.54975745489636,24.0,starter-role-runtime-state-v1
2024-05-22,669373,ESTABLISHED,85.5792052667488,96.0,22.379465082911068,22.0,17.908813383567118,15.0,starter-role-runtime-state-v1
2024-05-22,682243,ESTABLISHED,85.7230421756973,78.0,22.25522447244707,23.0,16.575080710889452,18.0,starter-role-runtime-state-v1
2024-05-22,683003,ESTABLISHED,88.86611093802213,93.0,23.44198435777379,25.0,17.96180757155942,18.0,starter-role-runtime-state-v1
2024-05-22,686613,ESTABLISHED,88.80301452184312,96.0,20.964485324147013,23.0,13.375983299702598,18.0,starter-role-runtime-state-v1
2024-05-23,554430,ESTABLISHED,96.14535551351291,91.0,24.071232974469034,28.0,18.023607067065917,21.0,starter-role-runtime-state-v1
2024-05-23,592332,ESTABLISHED,93.38737721406395,98.0,22.661967719637577,21.0,15.565832551180073,18.0,starter-role-runtime-state-v1
2024-05-23,622491,ESTABLISHED,95.2100134555823,91.0,24.240855682709757,24.0,18.024968475691246,15.0,starter-role-runtime-state-v1
2024-05-23,663372,ESTABLISHED,83.60344701911306,94.0,22.537003278725447,24.0,15.063960860368583,18.0,starter-role-runtime-state-v1
2024-05-23,680570,ESTABLISHED,88.24286330624925,94.0,23.22957421396086,24.0,16.888314762603006,15.0,starter-role-runtime-state-v1
2024-05-23,694973,ESTABLISHED,92.553287961089,93.0,19.45494777841857,23.0,15.2015679477643,18.0,starter-role-runtime-state-v1
2024-05-23,700363,ESTABLISHED,81.54551038457802,87.0,18.87512400294954,18.0,13.560364217538051,13.0,starter-role-runtime-state-v1
2024-05-24,607074,ESTABLISHED,92.30503749977997,93.0,22.760355402803945,23.0,15.716403272124381,18.0,starter-role-runtime-state-v1
2024-05-24,607625,ESTABLISHED,94.74429945797435,104.0,25.12212184048869,28.0,19.057245012195306,21.0,starter-role-runtime-state-v1
2024-05-24,641927,ESTABLISHED,88.70519171673214,99.0,21.009185188110674,24.0,16.028850860639476,15.0,starter-role-runtime-state-v1
2024-05-24,650911,ESTABLISHED,90.60248004462426,83.0,23.922407689811138,24.0,16.934044582912122,16.0,starter-role-runtime-state-v1
2024-05-24,663776,ESTABLISHED,95.39074156216994,83.0,23.02284152305191,22.0,15.632678448383293,11.0,starter-role-runtime-state-v1
2024-05-24,669022,ESTABLISHED,92.3750926816488,98.0,21.784188371487645,26.0,15.260614406206795,21.0,starter-role-runtime-state-v1
2024-05-24,669923,ESTABLISHED,84.9605719222548,82.0,23.182981060613148,25.0,17.469726100954436,18.0,starter-role-runtime-state-v1
2024-05-24,681035,ESTABLISHED,89.20175265809799,94.0,23.468083525623634,21.0,16.27692644862045,18.0,starter-role-runtime-state-v1
2024-05-24,690986,ESTABLISHED,86.81288377933838,98.0,22.647052386249527,24.0,16.062572957825623,15.0,starter-role-runtime-state-v1
2024-05-25,547179,ESTABLISHED,96.61527328740209,90.0,24.55781084310692,24.0,18.211780495520042,18.0,starter-role-runtime-state-v1
2024-05-25,592791,ESTABLISHED,90.7308978698654,105.0,23.258905884188316,26.0,16.42985671619617,17.0,starter-role-runtime-state-v1
2024-05-25,605400,ESTABLISHED,98.67350015070089,103.0,25.537961315767113,24.0,19.2076419435134,18.0,starter-role-runtime-state-v1
2024-05-25,621111,ESTABLISHED,77.3805535085073,91.0,19.074095266591232,21.0,13.488089255821311,17.0,starter-role-runtime-state-v1
2024-05-25,656302,ESTABLISHED,98.73264922354586,107.0,23.63905590562402,28.0,17.206152347669175,20.0,starter-role-runtime-state-v1
2024-05-25,663903,ESTABLISHED,92.23660212540288,90.0,23.805536544130153,22.0,16.802371155838813,15.0,starter-role-runtime-state-v1
2024-05-25,667755,ESTABLISHED,84.36959684850235,91.0,22.132384383114996,23.0,15.631634448454557,18.0,starter-role-runtime-state-v1
2024-05-25,669302,ESTABLISHED,89.78134127309542,78.0,24.390017459888625,21.0,18.588916131963476,18.0,starter-role-runtime-state-v1
2024-05-25,676440,ESTABLISHED,90.79547493344896,91.0,22.451950588193142,25.0,16.53722138370338,18.0,starter-role-runtime-state-v1
2024-05-26,519242,ESTABLISHED,93.65518522576248,97.0,23.390029363585626,26.0,17.87203623123267,21.0,starter-role-runtime-state-v1
2024-05-26,527048,ESTABLISHED,85.99150963330601,50.0,23.605969557741382,13.0,15.733019522670004,9.0,starter-role-runtime-state-v1
2024-05-26,543243,ESTABLISHED,85.05845816397037,74.0,23.633180868920405,18.0,17.53669547885304,15.0,starter-role-runtime-state-v1
2024-05-26,608379,ESTABLISHED,92.56064357260614,94.0,24.134457723353073,22.0,17.11149355639482,18.0,starter-role-runtime-state-v1
2024-05-26,615698,ESTABLISHED,91.35073822774751,98.0,23.17913028324803,22.0,16.94911007621671,18.0,starter-role-runtime-state-v1
2024-05-26,624133,ESTABLISHED,93.69772978456454,100.0,24.904787211854888,25.0,18.986852213792552,18.0,starter-role-runtime-state-v1
2024-05-26,640455,ESTABLISHED,91.631520743839,88.0,21.680237143774605,21.0,15.3564461676317,15.0,starter-role-runtime-state-v1
2024-05-26,657277,ESTABLISHED,98.09083480209333,96.0,25.11046027695082,25.0,18.313380777384978,21.0,starter-role-runtime-state-v1
2024-05-26,663554,ESTABLISHED,78.91193378289438,86.0,21.14400229582106,22.0,14.410448584553968,13.0,starter-role-runtime-state-v1
2024-05-26,671737,ESTABLISHED,88.12825098311133,95.0,22.743675285651143,19.0,16.094510664402815,15.0,starter-role-runtime-state-v1
2024-05-26,672282,ESTABLISHED,90.32476712588087,96.0,23.27526596160605,24.0,15.872918885363742,15.0,starter-role-runtime-state-v1
2024-05-26,677960,ESTABLISHED,90.78513689970492,91.0,22.938899250624146,23.0,16.428664800474635,18.0,starter-role-runtime-state-v1
2024-05-26,680694,ESTABLISHED,85.9996521351652,103.0,21.40568467494703,24.0,16.079460264662764,21.0,starter-role-runtime-state-v1
2024-05-26,693433,ESTABLISHED,75.00384152612459,70.0,19.341386463390194,24.0,14.7017017507008,18.0,starter-role-runtime-state-v1
2024-05-26,808967,ESTABLISHED,88.83066043428862,100.0,23.158912572597828,23.0,17.101046020445764,15.0,starter-role-runtime-state-v1
2024-05-27,605135,ESTABLISHED,100.30853906880519,81.0,24.830844384755167,22.0,17.729809952718966,15.0,starter-role-runtime-state-v1
2024-05-27,605483,ESTABLISHED,89.39431185798485,90.0,21.704824253379325,20.0,15.252402993186672,12.0,starter-role-runtime-state-v1
2024-05-27,650633,ESTABLISHED,90.55792092155188,89.0,23.5189448253446,19.0,16.778298160125726,15.0,starter-role-runtime-state-v1
2024-05-27,664285,ESTABLISHED,93.85330498620085,96.0,25.480650656881863,27.0,18.280954732465204,18.0,starter-role-runtime-state-v1
2024-05-27,666157,ESTABLISHED,92.21965712578354,81.0,23.450002582563776,21.0,16.37363392708062,16.0,starter-role-runtime-state-v1
2024-05-27,669432,ESTABLISHED,85.35613619074738,90.0,21.337722347087514,23.0,13.161003779917788,16.0,starter-role-runtime-state-v1
2024-05-27,682243,ESTABLISHED,84.78307379911885,93.0,22.318697606802957,25.0,16.723009249115645,18.0,starter-role-runtime-state-v1
2024-05-27,688107,ESTABLISHED,80.3732657653363,81.0,23.74456741583596,21.0,17.075063257045066,18.0,starter-role-runtime-state-v1
2024-05-28,554430,ESTABLISHED,93.34642377376541,101.0,24.21722537813819,21.0,18.259849578088172,18.0,starter-role-runtime-state-v1
2024-05-28,592332,ESTABLISHED,92.2812321500015,87.0,22.292484050717462,22.0,15.789020036443532,18.0,starter-role-runtime-state-v1
2024-05-28,608331,ESTABLISHED,95.30050386858787,103.0,23.854694470921395,27.0,18.142585115729265,24.0,starter-role-runtime-state-v1
2024-05-28,622491,ESTABLISHED,93.83881630250583,95.0,24.111836222414425,24.0,17.66612565875851,18.0,starter-role-runtime-state-v1
2024-05-28,642547,ESTABLISHED,95.85274826248447,111.0,23.117579839476228,22.0,16.996873946507943,17.0,starter-role-runtime-state-v1
2024-05-28,663372,ESTABLISHED,84.64546986243654,78.0,22.688255859139485,24.0,15.404032664238986,13.0,starter-role-runtime-state-v1
2024-05-28,663623,ESTABLISHED,89.98812810500772,90.0,22.980178267900097,20.0,16.541272586658753,18.0,starter-role-runtime-state-v1
2024-05-28,666200,ESTABLISHED,91.08829798764245,94.0,22.938657584877703,26.0,17.3694524338183,18.0,starter-role-runtime-state-v1
2024-05-28,671096,ESTABLISHED,91.15130805208112,94.0,22.487929577045314,27.0,16.378156445117746,18.0,starter-role-runtime-state-v1
2024-05-28,680570,ESTABLISHED,90.50826993879988,90.0,23.502257716500374,27.0,16.730112764908895,18.0,starter-role-runtime-state-v1
2024-05-28,686613,ESTABLISHED,87.90305734922944,87.0,20.99805917047678,22.0,13.815431144610084,18.0,starter-role-runtime-state-v1
2024-05-28,694297,ESTABLISHED,90.07360851468911,91.0,23.95606418425536,28.0,17.33344797986732,21.0,starter-role-runtime-state-v1
2024-05-29,607625,ESTABLISHED,97.511486277928,100.0,25.642397391606117,27.0,19.328674139614623,18.0,starter-role-runtime-state-v1
2024-05-29,641927,ESTABLISHED,89.73227395810552,82.0,21.32934665304589,24.0,15.92542179339355,15.0,starter-role-runtime-state-v1
2024-05-29,650911,ESTABLISHED,88.80934088521042,96.0,23.813822213877962,24.0,16.792211799550103,18.0,starter-role-runtime-state-v1
2024-05-29,656849,ESTABLISHED,93.27822974164938,86.0,22.48622583932108,22.0,15.267028901926395,15.0,starter-role-runtime-state-v1
2024-05-29,669022,ESTABLISHED,94.20412756856469,97.0,22.352609051404315,22.0,15.899510995601183,16.0,starter-role-runtime-state-v1
2024-05-29,669373,ESTABLISHED,87.4732727721727,93.0,22.410450358933566,25.0,17.590409878486014,21.0,starter-role-runtime-state-v1
2024-05-29,669923,ESTABLISHED,86.21919262294051,94.0,23.55969662317146,24.0,17.57571354215031,18.0,starter-role-runtime-state-v1
2024-05-29,683003,ESTABLISHED,87.1367406945276,83.0,23.40066906353343,21.0,17.883260129050083,13.0,starter-role-runtime-state-v1
2024-05-29,684007,ESTABLISHED,90.40489234509793,81.0,24.090966652333897,22.0,18.38859483761835,13.0,starter-role-runtime-state-v1
2024-05-29,690986,ESTABLISHED,87.07520945420747,102.0,22.686713685467826,27.0,15.897852034502753,15.0,starter-role-runtime-state-v1
2024-05-29,694973,ESTABLISHED,92.7194469463204,96.0,20.714860488618434,22.0,16.224337035146128,18.0,starter-role-runtime-state-v1
2024-05-30,592791,ESTABLISHED,90.08006049739444,87.0,23.310524758348368,24.0,16.436931657264786,18.0,starter-role-runtime-state-v1
2024-05-30,607074,ESTABLISHED,92.80356997147078,87.0,22.829983934543186,22.0,15.985734908625728,18.0,starter-role-runtime-state-v1
2024-05-30,663738,ESTABLISHED,82.27400289694131,72.0,23.24494206020124,22.0,16.847030428475502,15.0,starter-role-runtime-state-v1
2024-05-30,663776,ESTABLISHED,91.33869703438505,102.0,22.620948105659238,22.0,15.042057836022451,18.0,starter-role-runtime-state-v1
2024-05-30,669302,ESTABLISHED,87.6414803505207,100.0,23.91763183670035,26.0,18.51129496083076,18.0,starter-role-runtime-state-v1
2024-05-30,681035,ESTABLISHED,90.6659227316092,91.0,22.709231262396663,20.0,16.810955026609832,15.0,starter-role-runtime-state-v1
2024-05-31,605400,ESTABLISHED,99.55056045539152,96.0,25.40260843155688,24.0,19.08036849459227,19.0,starter-role-runtime-state-v1
2024-05-31,608379,ESTABLISHED,90.46213248624315,78.0,23.618486974760927,21.0,17.136770215330284,16.0,starter-role-runtime-state-v1
2024-05-31,621111,ESTABLISHED,81.5254216752103,92.0,19.667154592113878,27.0,14.51213013450765,18.0,starter-role-runtime-state-v1
2024-05-31,656302,ESTABLISHED,99.31916429303175,98.0,24.06965126962835,21.0,17.49800694495827,16.0,starter-role-runtime-state-v1
2024-05-31,667755,ESTABLISHED,87.56463406087731,98.0,22.522938229219655,27.0,16.093925684008894,18.0,starter-role-runtime-state-v1
2024-05-31,676440,ESTABLISHED,92.39865701321317,89.0,22.89926789108452,24.0,16.74813771926445,19.0,starter-role-runtime-state-v1
2024-05-31,693433,ESTABLISHED,75.91197935646096,66.0,20.00235604827224,19.0,15.125261939178735,18.0,starter-role-runtime-state-v1
2024-06-01,519242,ESTABLISHED,92.84335324000915,71.0,23.535539259291795,22.0,18.166536146342413,12.0,starter-role-runtime-state-v1
2024-06-01,543243,ESTABLISHED,82.91191172174122,86.0,22.864049256320676,23.0,17.231337118507316,15.0,starter-role-runtime-state-v1
2024-06-01,547179,ESTABLISHED,93.90754283739089,98.0,24.26724201756162,24.0,18.11882109867055,19.0,starter-role-runtime-state-v1
2024-06-01,615698,ESTABLISHED,94.60416720992879,95.0,23.319820155685562,22.0,17.147529450809593,13.0,starter-role-runtime-state-v1
2024-06-01,624133,ESTABLISHED,95.41265101419651,23.0,25.033873046605223,6.0,18.90775678878223,6.0,starter-role-runtime-state-v1
2024-06-01,640455,ESTABLISHED,90.80366281212181,105.0,21.554409012716995,25.0,15.29820001346125,17.0,starter-role-runtime-state-v1
2024-06-01,657277,ESTABLISHED,99.34639142357135,108.0,25.275686851550688,27.0,18.66673701016004,21.0,starter-role-runtime-state-v1
2024-06-01,664285,ESTABLISHED,91.2397762166493,85.0,25.298435804320647,24.0,18.15689010291925,21.0,starter-role-runtime-state-v1
2024-06-01,671737,ESTABLISHED,88.39909034486404,79.0,22.1992236051874,22.0,15.942825047291942,10.0,starter-role-runtime-state-v1
2024-06-01,672282,ESTABLISHED,91.9237677146365,90.0,23.463584142502036,19.0,15.805658592890547,11.0,starter-role-runtime-state-v1
2024-06-01,677960,ESTABLISHED,90.3450446264228,96.0,22.885274695713477,27.0,16.585956487877127,18.0,starter-role-runtime-state-v1
2024-06-01,680694,ESTABLISHED,91.8538294248559,76.0,22.144558491280744,19.0,16.755199133038516,8.0,starter-role-runtime-state-v1
2024-06-01,681190,RAMPING,82.73956290572856,81.0,19.838440309664552,20.0,13.217531051390036,15.0,starter-role-runtime-state-v1
2024-06-01,682243,ESTABLISHED,84.66888334968442,83.0,22.49307406827431,21.0,16.821520163127566,18.0,starter-role-runtime-state-v1
2024-06-01,688107,ESTABLISHED,79.35526529083944,77.0,22.75586889298507,22.0,17.3232604738089,15.0,starter-role-runtime-state-v1
2024-06-01,808967,ESTABLISHED,90.8576421407538,101.0,23.168565436692866,25.0,16.78748941262941,18.0,starter-role-runtime-state-v1
2024-06-02,605135,ESTABLISHED,97.23679244241096,100.0,24.419686589121795,27.0,17.388222147791257,15.0,starter-role-runtime-state-v1
2024-06-02,605483,ESTABLISHED,93.16130103841692,99.0,21.91189553864055,22.0,15.012741262702574,14.0,starter-role-runtime-state-v1
2024-06-02,622491,ESTABLISHED,93.43116207174104,102.0,24.041520740329815,26.0,17.686666780520852,21.0,starter-role-runtime-state-v1
2024-06-02,642547,ESTABLISHED,96.87031271399327,97.0,22.89583364184336,20.0,16.96643103639107,15.0,starter-role-runtime-state-v1
2024-06-02,650633,ESTABLISHED,89.04766006267363,105.0,22.76721723120848,25.0,16.513087170060608,21.0,starter-role-runtime-state-v1
2024-06-02,663554,ESTABLISHED,80.70413661744891,82.0,21.361179370789554,19.0,14.212130587145715,12.0,starter-role-runtime-state-v1
2024-06-02,663623,ESTABLISHED,87.72195489150873,98.0,22.373922043876217,23.0,16.63907148400439,18.0,starter-role-runtime-state-v1
2024-06-02,666157,ESTABLISHED,88.92142368847564,90.0,22.91499105518833,27.0,16.271064196125746,18.0,starter-role-runtime-state-v1
2024-06-02,669432,ESTABLISHED,86.91750849738693,87.0,21.662584285641287,25.0,13.559420100137407,18.0,starter-role-runtime-state-v1
2024-06-02,686613,ESTABLISHED,86.10395493474525,95.0,20.918596112315765,23.0,14.224907135987877,18.0,starter-role-runtime-state-v1
2024-06-02,694297,ESTABLISHED,88.55687719595193,91.0,24.187068056365078,24.0,17.671600112416556,18.0,starter-role-runtime-state-v1
2024-06-03,554430,ESTABLISHED,98.08064474835285,114.0,24.259368614825412,26.0,18.368285045506674,21.0,starter-role-runtime-state-v1
2024-06-03,592332,ESTABLISHED,93.54844671238367,97.0,22.46460827905816,27.0,16.11195466577525,19.0,starter-role-runtime-state-v1
2024-06-03,663372,ESTABLISHED,84.95601742820942,73.0,22.96506177013414,22.0,15.150633169004978,13.0,starter-role-runtime-state-v1
2024-06-03,669022,ESTABLISHED,93.0591890678859,92.0,22.1637642564763,24.0,15.87455330853581,13.0,starter-role-runtime-state-v1
2024-06-03,669373,ESTABLISHED,85.89470861345568,96.0,22.44295228644556,26.0,17.88995623225584,18.0,starter-role-runtime-state-v1
2024-06-03,671096,ESTABLISHED,91.52260274150224,96.0,22.970158400379823,26.0,16.559654256818067,18.0,starter-role-runtime-state-v1
2024-06-03,680570,ESTABLISHED,90.53561499912587,86.0,23.87768537850204,27.0,16.872544595595205,20.0,starter-role-runtime-state-v1
2024-06-04,607625,ESTABLISHED,97.88704712923388,98.0,25.811216627268593,26.0,19.20347225600909,18.0,starter-role-runtime-state-v1
2024-06-04,608331,ESTABLISHED,94.88780483511617,103.0,24.057301655918696,28.0,18.744886613954975,21.0,starter-role-runtime-state-v1
2024-06-04,641927,ESTABLISHED,88.11603194347546,89.0,21.51715677752408,22.0,15.802991433895228,15.0,starter-role-runtime-state-v1
2024-06-04,650911,ESTABLISHED,87.97658469553532,83.0,23.63055719668285,21.0,16.868153066612006,18.0,starter-role-runtime-state-v1
2024-06-04,656849,ESTABLISHED,92.48243100034536,81.0,22.43507843547627,28.0,15.233870612527449,20.0,starter-role-runtime-state-v1
2024-06-04,663776,ESTABLISHED,91.73356983327645,100.0,22.45392553271428,24.0,15.3339419437914,18.0,starter-role-runtime-state-v1
2024-06-04,666200,ESTABLISHED,93.17809408050299,83.0,23.460266483687214,23.0,17.49223868999285,13.0,starter-role-runtime-state-v1
2024-06-04,669923,ESTABLISHED,87.6137391557102,94.0,23.667515880132566,22.0,17.635699213782857,15.0,starter-role-runtime-state-v1
2024-06-04,683003,ESTABLISHED,86.43855955913328,100.0,23.01865189591414,24.0,17.118447858839602,18.0,starter-role-runtime-state-v1
2024-06-04,684007,ESTABLISHED,86.95704155767535,69.0,23.520225349940397,20.0,17.438651175623214,13.0,starter-role-runtime-state-v1
2024-06-04,690986,ESTABLISHED,90.2343026506366,95.0,23.363932883510586,25.0,15.853429148691234,18.0,starter-role-runtime-state-v1
2024-06-05,592791,ESTABLISHED,91.41461837408707,75.0,23.574149385365143,25.0,16.665349961681972,15.0,starter-role-runtime-state-v1
2024-06-05,605400,ESTABLISHED,96.68257425436913,93.0,24.952216195157554,23.0,18.97603530796826,21.0,starter-role-runtime-state-v1
2024-06-05,607074,ESTABLISHED,90.54463431984003,100.0,22.55278478420371,21.0,16.163972933753627,18.0,starter-role-runtime-state-v1
2024-06-05,656302,ESTABLISHED,97.15750947055881,104.0,23.492441459484347,23.0,17.259761267918364,18.0,starter-role-runtime-state-v1
2024-06-05,667755,ESTABLISHED,86.89800454575351,85.0,22.944610118542265,23.0,16.323269864696986,18.0,starter-role-runtime-state-v1
2024-06-05,669302,ESTABLISHED,90.17330762151393,90.0,24.293767529227928,25.0,18.504937282604033,21.0,starter-role-runtime-state-v1
2024-06-05,694973,ESTABLISHED,93.71491851396678,93.0,21.092315643243907,23.0,16.742693758356033,15.0,starter-role-runtime-state-v1
2024-06-06,543243,ESTABLISHED,81.86683652055679,89.0,22.716406708816645,20.0,16.943278943604895,14.0,starter-role-runtime-state-v1
2024-06-06,615698,ESTABLISHED,93.73630804535252,96.0,23.067952417236413,21.0,16.640222059843392,15.0,starter-role-runtime-state-v1
2024-06-06,621111,ESTABLISHED,84.23440796743695,78.0,21.385653964326558,19.0,15.383965190631207,9.0,starter-role-runtime-state-v1
2024-06-06,663903,ESTABLISHED,92.92672648448803,70.0,23.713061364380003,21.0,16.6283882931938,11.0,starter-role-runtime-state-v1
2024-06-06,676440,ESTABLISHED,91.54841007920689,94.0,22.97322574558583,24.0,16.9805564089125,15.0,starter-role-runtime-state-v1
2024-06-06,681190,ESTABLISHED,79.75959479247051,92.0,19.565220442631045,27.0,13.405904632178082,20.0,starter-role-runtime-state-v1
2024-06-06,693433,ESTABLISHED,74.8523719305941,85.0,19.900759953056443,21.0,15.474370465915914,18.0,starter-role-runtime-state-v1
2024-06-07,519242,ESTABLISHED,88.72984743835987,102.0,23.175927006710648,27.0,17.396855523612853,21.0,starter-role-runtime-state-v1
2024-06-07,547179,ESTABLISHED,94.76186625128575,89.0,24.28220129476637,22.0,18.22952635725801,13.0,starter-role-runtime-state-v1
2024-06-07,605135,ESTABLISHED,94.35904768730764,102.0,24.32923985537541,29.0,17.03349553397434,24.0,starter-role-runtime-state-v1
2024-06-07,650633,ESTABLISHED,90.97972332483717,98.0,23.039008693761048,22.0,17.03597464742211,15.0,starter-role-runtime-state-v1
2024-06-07,657277,ESTABLISHED,100.05821254509705,94.0,25.440438489588338,26.0,18.91068667125868,21.0,starter-role-runtime-state-v1
2024-06-07,663623,ESTABLISHED,88.46637736883832,96.0,22.408613224864133,24.0,16.78156592392991,18.0,starter-role-runtime-state-v1
2024-06-07,663738,ESTABLISHED,80.32912298468104,93.0,23.013122937911515,24.0,16.553540479082024,12.0,starter-role-runtime-state-v1
2024-06-07,664285,ESTABLISHED,89.31476168448731,106.0,24.994610458901477,31.0,18.431382849429653,27.0,starter-role-runtime-state-v1
2024-06-07,666157,ESTABLISHED,87.65174468670631,99.0,23.258893986480444,25.0,16.451294401562706,18.0,starter-role-runtime-state-v1
2024-06-07,677960,ESTABLISHED,90.35329633658397,40.0,23.263200168379804,9.0,16.721419740807484,7.0,starter-role-runtime-state-v1
2024-06-07,682243,ESTABLISHED,85.88739407931206,88.0,22.49294987446065,23.0,16.999653598653936,15.0,starter-role-runtime-state-v1
2024-06-07,694297,ESTABLISHED,88.77862325741314,94.0,24.153862265772666,26.0,17.697520555542756,16.0,starter-role-runtime-state-v1
2024-06-07,808967,ESTABLISHED,94.40556430765201,106.0,23.668953041340455,25.0,17.027683490881316,21.0,starter-role-runtime-state-v1
2024-06-08,592332,ESTABLISHED,91.7011662072591,109.0,22.702689811687545,32.0,16.353472544913217,27.0,starter-role-runtime-state-v1
2024-06-08,622491,ESTABLISHED,97.32540131916997,84.0,24.599502609022537,22.0,18.146816068139067,15.0,starter-role-runtime-state-v1
2024-06-08,624133,ESTABLISHED,82.95281564575775,89.0,22.39168253723785,27.0,17.488757845354602,17.0,starter-role-runtime-state-v1
2024-06-08,640455,ESTABLISHED,93.13629675176551,81.0,22.032213536742482,19.0,15.521939354859452,11.0,starter-role-runtime-state-v1
2024-06-08,642547,ESTABLISHED,96.2100921782765,94.0,22.478321289524892,19.0,16.7156341306955,10.0,starter-role-runtime-state-v1
2024-06-08,663372,ESTABLISHED,81.51752592527163,89.0,22.6029023059311,21.0,14.826563762031506,16.0,starter-role-runtime-state-v1
2024-06-08,663554,ESTABLISHED,79.88832666844617,97.0,20.87449535352826,25.0,13.843180361968415,16.0,starter-role-runtime-state-v1
2024-06-08,669022,ESTABLISHED,92.55391066130474,99.0,22.313981605497794,22.0,15.543716872724584,15.0,starter-role-runtime-state-v1
2024-06-08,671096,ESTABLISHED,90.29274237179902,99.0,23.096637102963808,24.0,16.658186139176067,15.0,starter-role-runtime-state-v1
2024-06-08,671737,ESTABLISHED,86.80189581985587,99.0,22.114831285469442,19.0,15.236599836806773,15.0,starter-role-runtime-state-v1
2024-06-08,680694,ESTABLISHED,85.77012257775657,88.0,21.350508682026913,19.0,15.639197790243365,18.0,starter-role-runtime-state-v1
2024-06-08,686613,ESTABLISHED,87.98454265135142,98.0,21.24453451323535,25.0,14.642581170944332,18.0,starter-role-runtime-state-v1
2024-06-09,641927,ESTABLISHED,86.21056453882535,85.0,21.344361531074384,21.0,15.638130882379045,14.0,starter-role-runtime-state-v1
2024-06-09,663776,ESTABLISHED,92.69125526190639,99.0,22.635259916997093,26.0,15.625171559527635,17.0,starter-role-runtime-state-v1
2024-06-09,669373,ESTABLISHED,90.676364854662,95.0,23.255629189531575,27.0,18.040575517785303,20.0,starter-role-runtime-state-v1
2024-06-09,669432,ESTABLISHED,87.81680171096862,88.0,22.17436700734808,20.0,14.141682027583604,15.0,starter-role-runtime-state-v1
2024-06-09,669467,ESTABLISHED,78.91782030885003,68.0,20.26581204628264,18.0,13.101396051233081,15.0,starter-role-runtime-state-v1
2024-06-09,669923,ESTABLISHED,88.23722602341893,96.0,23.450407449567592,26.0,17.32316181747069,21.0,starter-role-runtime-state-v1
2024-06-09,680570,ESTABLISHED,90.52124620464622,107.0,24.256539621509038,20.0,17.223651273887914,17.0,starter-role-runtime-state-v1
2024-06-09,683003,ESTABLISHED,87.3521403920441,84.0,23.042169175290788,24.0,17.21180415696658,15.0,starter-role-runtime-state-v1
2024-06-09,684007,ESTABLISHED,80.36874561543715,94.0,22.52475737440514,25.0,16.614900380148747,20.0,starter-role-runtime-state-v1
2024-06-10,607074,ESTABLISHED,89.27851398977108,103.0,22.10212447032375,25.0,16.2975154251019,21.0,starter-role-runtime-state-v1
2024-06-10,607625,ESTABLISHED,98.40621130669277,101.0,25.88776512432522,30.0,19.083259792953964,21.0,starter-role-runtime-state-v1
2024-06-10,656302,ESTABLISHED,99.38520762627739,104.0,23.589685324899925,28.0,17.383270143847632,18.0,starter-role-runtime-state-v1
2024-06-10,669302,ESTABLISHED,90.13894918304108,95.0,24.35903080895468,26.0,18.762011381158647,20.0,starter-role-runtime-state-v1
2024-06-10,690986,ESTABLISHED,93.06559902801305,77.0,23.820954544753715,23.0,16.181515387440342,19.0,starter-role-runtime-state-v1
2024-06-11,554430,ESTABLISHED,101.06393057133991,88.0,24.58867698670781,24.0,18.699940616832706,21.0,starter-role-runtime-state-v1
2024-06-11,592791,ESTABLISHED,87.36379878771645,91.0,23.460495314657923,23.0,16.410842342858803,18.0,starter-role-runtime-state-v1
2024-06-11,608331,ESTABLISHED,97.38760612481462,87.0,24.664169044881454,23.0,19.04365453382465,15.0,starter-role-runtime-state-v1
2024-06-11,615698,ESTABLISHED,93.8241806033323,100.0,22.80967718587565,23.0,16.446520051700972,18.0,starter-role-runtime-state-v1
2024-06-11,663903,ESTABLISHED,85.5162602376347,103.0,22.877825140634847,27.0,15.862697923295123,17.0,starter-role-runtime-state-v1
2024-06-11,666200,ESTABLISHED,91.78409582149017,91.0,23.371314238728438,23.0,16.977995297867395,17.0,starter-role-runtime-state-v1
2024-06-11,681190,ESTABLISHED,84.61106927137244,86.0,20.914374531262702,22.0,14.41604842378797,15.0,starter-role-runtime-state-v1
2024-06-11,694973,ESTABLISHED,93.52556739477039,103.0,21.549078333272966,23.0,16.32375789829102,19.0,starter-role-runtime-state-v1
2024-06-12,543243,ESTABLISHED,84.08936938136534,84.0,22.579061695099803,26.0,16.66470206931985,21.0,starter-role-runtime-state-v1
2024-06-12,605135,ESTABLISHED,93.8872695464698,100.0,24.671983898204655,24.0,17.748043467253094,15.0,starter-role-runtime-state-v1
2024-06-12,621111,ESTABLISHED,84.85986218193503,88.0,21.081494805942462,23.0,14.008465901840184,15.0,starter-role-runtime-state-v1
2024-06-12,650633,ESTABLISHED,91.98331992566129,98.0,22.92459531865175,21.0,16.788938574721683,15.0,starter-role-runtime-state-v1
2024-06-12,650911,ESTABLISHED,85.68327252575374,67.0,23.11432952787997,19.0,16.944265750856324,12.0,starter-role-runtime-state-v1
2024-06-12,656849,ESTABLISHED,89.09075690803743,84.0,22.777760230302583,24.0,15.697618342400759,15.0,starter-role-runtime-state-v1
2024-06-12,657277,ESTABLISHED,96.88969739329428,83.0,25.210608350168346,24.0,19.04876259770695,18.0,starter-role-runtime-state-v1
2024-06-12,663623,ESTABLISHED,91.10260221551495,98.0,22.78365191576477,25.0,16.96416164970381,18.0,starter-role-runtime-state-v1
2024-06-12,664285,ESTABLISHED,91.4558339383019,59.0,25.68011519091464,21.0,19.350446608511135,12.0,starter-role-runtime-state-v1
2024-06-12,666157,ESTABLISHED,89.04384245807385,102.0,23.47880066562965,29.0,16.647240018933203,18.0,starter-role-runtime-state-v1
2024-06-12,667755,ESTABLISHED,87.07297833082244,97.0,23.004863956136447,27.0,16.58919746815789,24.0,starter-role-runtime-state-v1
2024-06-12,676440,ESTABLISHED,91.68300298643007,102.0,23.073201358421457,21.0,16.77482686136856,16.0,starter-role-runtime-state-v1
2024-06-12,682243,ESTABLISHED,85.69524635931941,92.0,22.491359198928375,24.0,16.748050180332626,21.0,starter-role-runtime-state-v1
2024-06-13,547179,ESTABLISHED,92.07301326210948,95.0,23.789278568424574,25.0,17.56357777710484,21.0,starter-role-runtime-state-v1
2024-06-13,605400,ESTABLISHED,96.21977956266255,90.0,24.72574107636473,23.0,19.199440529044132,11.0,starter-role-runtime-state-v1
2024-06-13,663554,ESTABLISHED,86.56340386149532,84.0,21.955439618466187,22.0,14.285521324433628,18.0,starter-role-runtime-state-v1
2024-06-13,671737,ESTABLISHED,87.52767944777986,103.0,21.642941975479193,27.0,15.188487489483808,21.0,starter-role-runtime-state-v1
2024-06-13,676106,ESTABLISHED,76.35416528265398,92.0,19.878692227785976,29.0,13.937640493723054,21.0,starter-role-runtime-state-v1
2024-06-13,694297,ESTABLISHED,90.32776615624527,103.0,24.470902306235345,26.0,17.539952333570177,18.0,starter-role-runtime-state-v1
2024-06-14,519242,ESTABLISHED,89.99119313836084,105.0,23.567505111950226,27.0,17.779219758624485,21.0,starter-role-runtime-state-v1
2024-06-14,592332,ESTABLISHED,96.62190446377696,99.0,23.98434365537249,23.0,17.545188114017968,16.0,starter-role-runtime-state-v1
2024-06-14,622491,ESTABLISHED,95.59506457058004,99.0,24.28386834546757,23.0,17.776491095394874,18.0,starter-role-runtime-state-v1
2024-06-14,624133,ESTABLISHED,81.87431213103773,88.0,22.6690595277677,27.0,17.39382852273574,20.0,starter-role-runtime-state-v1
2024-06-14,640455,ESTABLISHED,90.3754931412554,90.0,21.52718832340686,19.0,14.926936313899672,15.0,starter-role-runtime-state-v1
2024-06-14,642547,ESTABLISHED,95.66349955523593,96.0,22.023646142396107,28.0,15.924533686021162,16.0,starter-role-runtime-state-v1
2024-06-14,663372,ESTABLISHED,82.6474703749243,95.0,22.433000346615664,25.0,14.975347736057003,20.0,starter-role-runtime-state-v1
2024-06-14,669022,ESTABLISHED,93.28524057508109,103.0,22.27066736826142,28.0,15.473353568592595,21.0,starter-role-runtime-state-v1
2024-06-14,669373,ESTABLISHED,89.93342300211957,84.0,23.515614148530297,27.0,18.214411213554072,19.0,starter-role-runtime-state-v1
2024-06-14,669387,RESTRICTED,60.0,24.0,10.287981415077256,5.0,6.0,3.0,starter-role-runtime-state-v1
2024-06-14,680694,RAMPING,87.70002383396121,74.0,21.261408820821348,19.0,15.976627561426136,15.0,starter-role-runtime-state-v1
2024-06-14,686613,ESTABLISHED,89.42886266383682,96.0,21.694245292354267,25.0,15.019080206305091,21.0,starter-role-runtime-state-v1
2024-06-15,607074,ESTABLISHED,91.68053109246509,109.0,22.521236769701176,25.0,16.838024170552405,15.0,starter-role-runtime-state-v1
2024-06-15,607625,ESTABLISHED,95.4073018624315,98.0,25.92884197002862,25.0,19.184525862659022,18.0,starter-role-runtime-state-v1
2024-06-15,663776,ESTABLISHED,97.03810483176761,98.0,23.383115858874156,24.0,15.87189028503545,15.0,starter-role-runtime-state-v1
2024-06-15,669432,ESTABLISHED,87.06500470744692,93.0,21.796421485256708,27.0,14.234310832681187,21.0,starter-role-runtime-state-v1
2024-06-15,669467,ESTABLISHED,75.51009190516223,59.0,19.507623145558192,14.0,13.87504551952361,10.0,starter-role-runtime-state-v1
2024-06-15,669923,ESTABLISHED,90.65642424716908,90.0,23.915710818544753,23.0,17.788498002411842,18.0,starter-role-runtime-state-v1
2024-06-15,671096,ESTABLISHED,92.6635079884219,94.0,23.35352672865269,22.0,16.516396568815587,15.0,starter-role-runtime-state-v1
2024-06-15,680570,ESTABLISHED,92.80539271272814,99.0,23.752874899554275,28.0,17.21021469692257,21.0,starter-role-runtime-state-v1
2024-06-15,683003,ESTABLISHED,87.55551163718317,85.0,23.250929923954537,23.0,16.92917209892046,14.0,starter-role-runtime-state-v1
2024-06-15,684007,ESTABLISHED,83.3869785877178,103.0,23.015215420038892,26.0,17.138055206160022,21.0,starter-role-runtime-state-v1
2024-06-15,808967,ESTABLISHED,96.43843900577225,28.0,23.901663983633107,8.0,17.58793368548411,6.0,starter-role-runtime-state-v1
2024-06-16,554430,ESTABLISHED,98.58675710371446,91.0,24.40202840501498,26.0,18.906345853893598,13.0,starter-role-runtime-state-v1
2024-06-16,592791,ESTABLISHED,85.35476675769625,93.0,23.136879210645322,26.0,16.524543803093746,18.0,starter-role-runtime-state-v1
2024-06-16,641927,ESTABLISHED,85.37924153365219,96.0,21.22420934918882,25.0,15.428867706293344,19.0,starter-role-runtime-state-v1
2024-06-16,656302,ESTABLISHED,101.57741697021895,90.0,24.24371402911293,21.0,17.52597101611795,11.0,starter-role-runtime-state-v1
2024-06-16,663903,ESTABLISHED,88.86971428991714,90.0,23.50374682620597,24.0,16.059441538474562,18.0,starter-role-runtime-state-v1
2024-06-16,666200,ESTABLISHED,89.99199206834645,77.0,23.12540434316748,20.0,16.91822269961539,15.0,starter-role-runtime-state-v1
2024-06-16,669302,ESTABLISHED,94.09846681689199,101.0,24.95982709680887,26.0,19.04271720365145,24.0,starter-role-runtime-state-v1
2024-06-17,543243,ESTABLISHED,84.23301446568833,84.0,22.962136830045385,27.0,17.15327453470473,23.0,starter-role-runtime-state-v1
2024-06-17,608331,ESTABLISHED,95.01917929560274,103.0,24.334919513355516,23.0,18.523588940609233,16.0,starter-role-runtime-state-v1
2024-06-17,615698,ESTABLISHED,95.63908571666606,99.0,22.95522640425429,26.0,16.65400967346773,15.0,starter-role-runtime-state-v1
2024-06-17,650911,ESTABLISHED,81.13908241299438,94.0,22.364260784378995,25.0,16.288439230039803,21.0,starter-role-runtime-state-v1
2024-06-17,656849,ESTABLISHED,84.36371398989726,100.0,22.43009822420312,24.0,15.481879293416998,18.0,starter-role-runtime-state-v1
2024-06-17,681190,ESTABLISHED,83.2045329004811,89.0,20.88249468105125,24.0,14.445189995269256,13.0,starter-role-runtime-state-v1
2024-06-17,694973,ESTABLISHED,96.73614991598313,96.0,21.985618009827625,24.0,16.937381054777607,18.0,starter-role-runtime-state-v1
2024-06-18,547179,ESTABLISHED,92.15657044399603,82.0,23.89629386137453,23.0,17.94752230368173,18.0,starter-role-runtime-state-v1
2024-06-18,605135,ESTABLISHED,98.21131965227299,99.0,25.00972802192109,26.0,17.54269906519278,18.0,starter-role-runtime-state-v1
2024-06-18,605400,ESTABLISHED,92.66222270261107,95.0,24.19794934915146,22.0,18.170307299273567,18.0,starter-role-runtime-state-v1
2024-06-18,621111,ESTABLISHED,84.69210228444852,70.0,21.36333360768505,21.0,14.179514284063012,12.0,starter-role-runtime-state-v1
2024-06-18,650633,ESTABLISHED,95.80382056309504,100.0,23.02205399467932,24.0,16.667209650100336,14.0,starter-role-runtime-state-v1
2024-06-18,657277,ESTABLISHED,95.68270947967606,101.0,25.120553481493044,28.0,18.953385432381,21.0,starter-role-runtime-state-v1
2024-06-18,663554,ESTABLISHED,86.38661460171332,87.0,21.983667796252988,18.0,14.814256249273953,12.0,starter-role-runtime-state-v1
2024-06-18,663623,ESTABLISHED,94.69630206636332,97.0,23.34356996779841,22.0,17.176065468933054,15.0,starter-role-runtime-state-v1
2024-06-18,664285,ESTABLISHED,86.52281646659272,93.0,25.04367638138165,24.0,18.466297937691625,18.0,starter-role-runtime-state-v1
2024-06-18,666157,ESTABLISHED,94.6372315109302,95.0,24.62071266966997,26.0,16.960179567666504,21.0,starter-role-runtime-state-v1
2024-06-18,682243,ESTABLISHED,87.7738171340309,92.0,22.816448513622152,25.0,17.250489332074455,17.0,starter-role-runtime-state-v1
2024-06-19,543037,ESTABLISHED,100.66946381195538,62.0,25.076710221434972,16.0,19.90352212930921,12.0,starter-role-runtime-state-v1
2024-06-19,592332,ESTABLISHED,96.19286513186542,97.0,23.77527230812588,27.0,17.32432294338534,17.0,starter-role-runtime-state-v1
2024-06-19,624133,ESTABLISHED,80.99454355028972,94.0,22.939945153042743,23.0,17.640076830296785,18.0,starter-role-runtime-state-v1
2024-06-19,640455,ESTABLISHED,89.04009594694627,95.0,21.079671251338347,23.0,14.902731269362551,17.0,starter-role-runtime-state-v1
2024-06-19,642547,ESTABLISHED,92.6910988534767,101.0,22.302943976425734,23.0,15.859789436711639,18.0,starter-role-runtime-state-v1
2024-06-19,663372,ESTABLISHED,84.30022246158987,95.0,22.757936045241152,25.0,15.550886344539753,15.0,starter-role-runtime-state-v1
2024-06-19,669373,ESTABLISHED,88.74378674656815,83.0,23.809625154944165,23.0,18.27852552419404,12.0,starter-role-runtime-state-v1
2024-06-19,669461,RESTRICTED,67.47203694962543,48.0,18.203716473833147,14.0,11.92983826357186,11.0,starter-role-runtime-state-v1
2024-06-19,671737,ESTABLISHED,91.16071858241806,104.0,22.439726817991236,26.0,15.882776409886631,18.0,starter-role-runtime-state-v1
2024-06-19,676440,ESTABLISHED,93.18552447130234,93.0,22.85974946251576,22.0,16.681030492789326,18.0,starter-role-runtime-state-v1
2024-06-19,686613,ESTABLISHED,89.72763946187699,89.0,22.002417741346555,24.0,15.6466479963805,18.0,starter-role-runtime-state-v1
2024-06-19,693433,ESTABLISHED,77.07019303478378,64.0,20.155168929847726,17.0,15.80165568165038,12.0,starter-role-runtime-state-v1
2024-06-19,694297,ESTABLISHED,92.5638391410438,77.0,24.7401672146502,25.0,17.615229410140707,19.0,starter-role-runtime-state-v1
2024-06-19,700249,ESTABLISHED,94.11961452675132,94.0,24.4724407387369,20.0,17.06866563044741,14.0,starter-role-runtime-state-v1
2024-06-20,607625,ESTABLISHED,95.99739983597439,95.0,25.855261985577137,26.0,19.058464478272906,20.0,starter-role-runtime-state-v1
2024-06-20,622491,ESTABLISHED,96.67915911270012,93.0,24.21630637553715,23.0,17.827059333414187,15.0,starter-role-runtime-state-v1
2024-06-20,669022,ESTABLISHED,95.64452139042558,103.0,23.01319642157025,27.0,16.10975547310707,15.0,starter-role-runtime-state-v1
2024-06-20,669467,OPENER_LIKE,69.43427143239064,95.0,17.704179466166035,24.0,12.684713717262845,16.0,starter-role-runtime-state-v1
2024-06-21,519242,ESTABLISHED,92.50975950682233,95.0,24.042810544805775,18.0,18.15594703534318,15.0,starter-role-runtime-state-v1
2024-06-21,607074,ESTABLISHED,97.58749741733678,93.0,23.234595701581057,24.0,16.760850037678658,11.0,starter-role-runtime-state-v1
2024-06-21,656302,ESTABLISHED,98.1021904166795,106.0,23.655453863959806,22.0,16.71119180292083,14.0,starter-role-runtime-state-v1
2024-06-21,663776,ESTABLISHED,96.55779916921317,34.0,23.36808908430765,10.0,15.733859282815406,7.0,starter-role-runtime-state-v1
2024-06-21,663903,ESTABLISHED,88.62956898877388,89.0,23.513750621223423,21.0,16.2607806508021,15.0,starter-role-runtime-state-v1
2024-06-21,669387,OPENER_LIKE,60.0,40.0,10.0,9.0,6.0,5.0,starter-role-runtime-state-v1
2024-06-21,669432,ESTABLISHED,87.59477881811942,90.0,22.385362826568972,23.0,15.032815632788312,19.0,starter-role-runtime-state-v1
2024-06-21,669923,ESTABLISHED,90.93995221655886,85.0,23.848647772228798,25.0,17.807234065824183,21.0,starter-role-runtime-state-v1
2024-06-21,671096,ESTABLISHED,92.52074792281653,90.0,23.1595977293233,22.0,16.330930535194828,17.0,starter-role-runtime-state-v1
2024-06-21,680570,ESTABLISHED,95.07561753689241,94.0,24.385719751482462,26.0,17.670338609898387,15.0,starter-role-runtime-state-v1
2024-06-21,684007,ESTABLISHED,88.59891265556791,74.0,23.744347923721044,21.0,17.763024475755493,9.0,starter-role-runtime-state-v1
2024-06-22,554430,ESTABLISHED,96.98074760868711,97.0,24.49355835855632,24.0,18.2596084809886,21.0,starter-role-runtime-state-v1
2024-06-22,592791,ESTABLISHED,87.5602662621467,93.0,23.62658150553581,27.0,16.757509070231173,21.0,starter-role-runtime-state-v1
2024-06-22,608379,ESTABLISHED,88.84510845473166,74.0,23.295041091568613,19.0,17.002010024870792,15.0,starter-role-runtime-state-v1
2024-06-22,615698,ESTABLISHED,94.62931517377817,95.0,23.132697698157312,25.0,16.440409138350333,18.0,starter-role-runtime-state-v1
2024-06-22,641927,ESTABLISHED,88.55598263136964,89.0,21.84803827360311,30.0,15.875170222574642,27.0,starter-role-runtime-state-v1
2024-06-22,669302,ESTABLISHED,95.26978272654519,92.0,25.122259795768933,28.0,19.593833770706574,24.0,starter-role-runtime-state-v1
2024-06-22,681190,ESTABLISHED,83.46806689476999,98.0,21.231901347594437,20.0,14.24747282548115,15.0,starter-role-runtime-state-v1
2024-06-22,683003,ESTABLISHED,87.49757386616515,94.0,23.25071698147193,28.0,16.53981555739533,21.0,starter-role-runtime-state-v1
2024-06-23,453286,ESTABLISHED,84.32780555502983,57.0,22.001521209335692,16.0,16.670937435373194,15.0,starter-role-runtime-state-v1
2024-06-23,543243,ESTABLISHED,85.40780155507616,80.0,23.5346410894336,22.0,17.82973493149363,21.0,starter-role-runtime-state-v1
2024-06-23,607536,RAMPING,84.78821826636577,69.0,23.333175926348094,20.0,14.556552255745927,18.0,starter-role-runtime-state-v1
2024-06-23,608331,ESTABLISHED,96.32603656710374,87.0,24.215534310169417,22.0,18.23711430865331,18.0,starter-role-runtime-state-v1
2024-06-23,650633,ESTABLISHED,93.66707155066968,97.0,22.845804885818588,27.0,16.276658136619712,18.0,starter-role-runtime-state-v1
2024-06-23,650911,ESTABLISHED,84.11309411615909,80.0,22.84492550568005,22.0,16.856418146085872,21.0,starter-role-runtime-state-v1
2024-06-23,657277,ESTABLISHED,94.08546257697257,105.0,25.16780617809087,28.0,19.094154983112638,18.0,starter-role-runtime-state-v1
2024-06-23,663623,ESTABLISHED,93.37825985865408,98.0,23.020390226333475,22.0,16.898136963539542,18.0,starter-role-runtime-state-v1
2024-06-23,664285,ESTABLISHED,87.07687582240621,104.0,24.898546361739456,29.0,18.395357945152636,21.0,starter-role-runtime-state-v1
2024-06-23,666157,ESTABLISHED,93.4930307637376,77.0,24.646902414273512,23.0,17.41360195509332,14.0,starter-role-runtime-state-v1
2024-06-23,682243,ESTABLISHED,87.8476025995406,61.0,23.006992486759955,18.0,17.20526578883779,12.0,starter-role-runtime-state-v1
2024-06-23,694973,ESTABLISHED,95.95266327127982,98.0,22.302123433511458,27.0,17.123941543688133,21.0,starter-role-runtime-state-v1
2024-06-24,547179,ESTABLISHED,90.89920901480473,91.0,23.797797445275215,20.0,17.958278277871596,15.0,starter-role-runtime-state-v1
2024-06-24,605135,ESTABLISHED,98.58340384306535,102.0,25.14107254993213,26.0,17.58373105167778,21.0,starter-role-runtime-state-v1
2024-06-24,605400,ESTABLISHED,94.5864481442671,90.0,24.137002513330778,26.0,18.21399718932072,21.0,starter-role-runtime-state-v1
2024-06-24,642547,ESTABLISHED,93.68657015137076,104.0,22.395925781909995,21.0,16.125793490076603,15.0,starter-role-runtime-state-v1
2024-06-24,663554,ESTABLISHED,89.11282181370841,101.0,21.686251126919878,23.0,14.49641860786312,13.0,starter-role-runtime-state-v1
2024-06-24,671737,ESTABLISHED,93.51870168792817,88.0,22.93666098151974,22.0,16.146525022712325,16.0,starter-role-runtime-state-v1
2024-06-24,676440,ESTABLISHED,92.3836580641703,96.0,22.668864244013108,25.0,16.80055755469524,18.0,starter-role-runtime-state-v1
2024-06-24,693433,ESTABLISHED,73.3018829569069,60.0,19.52958955622511,14.0,15.268033160905784,9.0,starter-role-runtime-state-v1
2024-06-24,700249,ESTABLISHED,92.66558299714109,95.0,22.558534489909988,24.0,15.857549255156906,17.0,starter-role-runtime-state-v1
2024-06-25,543037,ESTABLISHED,93.57541158530326,72.0,23.76679214406415,21.0,18.910160460495447,12.0,starter-role-runtime-state-v1
2024-06-25,592332,ESTABLISHED,98.03632691767751,96.0,24.305810849995808,26.0,17.347495858129363,18.0,starter-role-runtime-state-v1
2024-06-25,607625,ESTABLISHED,95.31926165673383,87.0,25.80033332595838,22.0,19.13855088964904,18.0,starter-role-runtime-state-v1
2024-06-25,622491,ESTABLISHED,93.38206539255218,103.0,23.75887934137343,24.0,17.41863824678574,16.0,starter-role-runtime-state-v1
2024-06-25,624133,ESTABLISHED,90.71043775064668,88.0,23.973523537850774,26.0,18.025857384813506,18.0,starter-role-runtime-state-v1
2024-06-25,656849,ESTABLISHED,88.43323817962123,103.0,22.874264796470275,23.0,15.836216263903076,13.0,starter-role-runtime-state-v1
2024-06-25,669022,ESTABLISHED,95.94737555455696,94.0,23.37012950664399,24.0,15.977332231633355,15.0,starter-role-runtime-state-v1
2024-06-25,669373,ESTABLISHED,86.98073364095525,91.0,23.57796452622794,26.0,17.517893033919563,21.0,starter-role-runtime-state-v1
2024-06-25,686613,ESTABLISHED,90.34070168315183,94.0,22.283412896692475,23.0,15.910926070041487,18.0,starter-role-runtime-state-v1
2024-06-25,694297,ESTABLISHED,89.75426693486743,80.0,24.629951366792206,26.0,17.72345984150124,19.0,starter-role-runtime-state-v1
2024-06-26,640455,ESTABLISHED,89.98483910232771,77.0,21.325772022380125,19.0,15.149499629378688,15.0,starter-role-runtime-state-v1
2024-06-26,656302,ESTABLISHED,98.19847901869592,102.0,23.38223866473112,23.0,16.37901521299709,21.0,starter-role-runtime-state-v1
2024-06-26,663372,ESTABLISHED,89.2374010486045,83.0,23.460371645675437,25.0,15.60885891728473,18.0,starter-role-runtime-state-v1
2024-06-26,663903,ESTABLISHED,92.1733150779804,92.0,23.629259661901376,27.0,16.23252899026063,22.0,starter-role-runtime-state-v1
2024-06-26,669461,RESTRICTED,64.23436824945266,85.0,17.590335513090707,20.0,11.82392866370602,18.0,starter-role-runtime-state-v1
2024-06-26,669713,RAMPING,78.74209085689843,72.0,20.689022952584338,15.0,14.22670925254306,12.0,starter-role-runtime-state-v1
2024-06-26,669923,ESTABLISHED,87.62697814413052,87.0,23.65828193473982,21.0,18.076577704241092,18.0,starter-role-runtime-state-v1
2024-06-26,680570,ESTABLISHED,93.99273667484577,97.0,24.45160265867385,26.0,17.351038760513603,21.0,starter-role-runtime-state-v1
2024-06-26,693821,ESTABLISHED,86.68462588571003,96.0,22.768908197764176,22.0,14.849555658102553,18.0,starter-role-runtime-state-v1
2024-06-27,519242,ESTABLISHED,95.67859901711132,105.0,23.59400315774135,24.0,17.88536313388962,21.0,starter-role-runtime-state-v1
2024-06-27,554430,ESTABLISHED,93.80072967365244,115.0,24.07745946551491,27.0,18.44798083432143,20.0,starter-role-runtime-state-v1
2024-06-27,607074,ESTABLISHED,96.61844127337338,107.0,23.26540813280011,27.0,16.098622376663275,15.0,starter-role-runtime-state-v1
2024-06-27,608379,ESTABLISHED,83.92183756507953,99.0,22.44053542869635,25.0,16.67426721192617,16.0,starter-role-runtime-state-v1
2024-06-27,669432,ESTABLISHED,87.89581281966494,103.0,22.459303612249762,28.0,15.512172796989054,18.0,starter-role-runtime-state-v1
2024-06-27,671096,ESTABLISHED,91.72911862102033,102.0,22.97003826605417,23.0,16.383396423980408,15.0,starter-role-runtime-state-v1
2024-06-27,684007,ESTABLISHED,88.80104025253323,93.0,23.64372952853138,25.0,16.60467373707188,18.0,starter-role-runtime-state-v1
2024-06-28,453286,RESTRICTED,79.16174441632137,77.0,21.11248976558488,22.0,16.467161625775454,16.0,starter-role-runtime-state-v1
2024-06-28,527048,ESTABLISHED,82.00098994708647,92.0,22.404565577851862,21.0,14.992172830186947,12.0,starter-role-runtime-state-v1
2024-06-28,592791,ESTABLISHED,90.3689057454705,90.0,24.25321887353661,24.0,17.295374312826503,18.0,starter-role-runtime-state-v1
2024-06-28,641927,ESTABLISHED,88.7321101230561,88.0,22.661273700525463,22.0,17.026543498970316,18.0,starter-role-runtime-state-v1
2024-06-28,650911,ESTABLISHED,82.41826325475483,101.0,22.599970742077737,29.0,17.277629629862677,27.0,starter-role-runtime-state-v1
2024-06-28,657277,ESTABLISHED,96.28168806954581,93.0,25.580862780355307,27.0,19.010266470017896,21.0,starter-role-runtime-state-v1
2024-06-28,669302,ESTABLISHED,94.63340925214959,92.0,25.398419066919548,23.0,20.082110795302928,18.0,starter-role-runtime-state-v1
2024-06-28,669467,ESTABLISHED,76.85982740471471,88.0,19.38869886029007,23.0,13.563397226264948,16.0,starter-role-runtime-state-v1
2024-06-28,681190,ESTABLISHED,85.95133636677815,59.0,21.113693802315737,18.0,14.362387697829972,12.0,starter-role-runtime-state-v1
2024-06-29,543243,ESTABLISHED,84.11397373633022,92.0,23.275780618739134,23.0,18.16371915904457,13.0,starter-role-runtime-state-v1
2024-06-29,547179,ESTABLISHED,90.30261332104155,80.0,23.277867852107185,24.0,17.610215456759313,15.0,starter-role-runtime-state-v1
2024-06-29,605135,ESTABLISHED,98.06237615388262,94.0,25.13695529841744,25.0,17.952447217272397,18.0,starter-role-runtime-state-v1
2024-06-29,605400,ESTABLISHED,92.66000435131639,100.0,24.173592371424647,27.0,18.459488983965272,20.0,starter-role-runtime-state-v1
2024-06-29,608331,ESTABLISHED,93.11284038130046,103.0,23.718551199048893,27.0,18.13813013840682,18.0,starter-role-runtime-state-v1
2024-06-29,615698,ESTABLISHED,95.9868429200767,90.0,23.477447181501205,24.0,16.650655353477966,16.0,starter-role-runtime-state-v1
2024-06-29,650633,ESTABLISHED,94.89040172598223,89.0,23.389765662697666,22.0,16.499337980880192,18.0,starter-role-runtime-state-v1
2024-06-29,663623,ESTABLISHED,94.68671323595697,96.0,22.998355699275642,21.0,17.05832554751352,18.0,starter-role-runtime-state-v1
2024-06-29,664285,ESTABLISHED,89.0446316339596,95.0,25.381262525857792,26.0,18.710062972845584,14.0,starter-role-runtime-state-v1
2024-06-29,676440,ESTABLISHED,92.97410912336662,89.0,22.948528216398515,20.0,16.936111397557923,18.0,starter-role-runtime-state-v1
2024-06-29,682243,ESTABLISHED,83.16552483845712,87.0,22.26445586628724,20.0,16.56115396626943,15.0,starter-role-runtime-state-v1
2024-06-29,694973,ESTABLISHED,97.20524553780862,102.0,23.19452756898889,24.0,17.8343771756033,18.0,starter-role-runtime-state-v1
2024-06-29,700249,ESTABLISHED,92.94434078569502,86.0,22.93072377809542,21.0,16.17844963787217,15.0,starter-role-runtime-state-v1
2024-06-30,543037,ESTABLISHED,87.01936759777512,90.0,23.003098373878363,20.0,17.9800556792516,15.0,starter-role-runtime-state-v1
2024-06-30,592332,ESTABLISHED,94.80956961258501,107.0,24.14515790279804,26.0,17.31054228750078,13.0,starter-role-runtime-state-v1
2024-06-30,607536,RAMPING,83.20057811364852,80.0,22.991449894802138,28.0,14.988890184877459,20.0,starter-role-runtime-state-v1
2024-06-30,607625,ESTABLISHED,93.40554824055793,93.0,25.26920230835485,23.0,19.018078637343915,18.0,starter-role-runtime-state-v1
2024-06-30,622491,ESTABLISHED,96.07631385483742,77.0,23.97933750181194,21.0,17.325781827829523,15.0,starter-role-runtime-state-v1
2024-06-30,624133,ESTABLISHED,90.7969012975029,91.0,24.248971721354067,26.0,18.053161473778502,14.0,starter-role-runtime-state-v1
2024-06-30,642547,ESTABLISHED,97.0282966693952,103.0,22.45165522875972,25.0,16.059948411957578,21.0,starter-role-runtime-state-v1
2024-06-30,663554,ESTABLISHED,88.18532430826889,86.0,21.589693240552727,18.0,14.234646617972087,16.0,starter-role-runtime-state-v1
2024-06-30,671737,ESTABLISHED,93.01859873496512,99.0,22.840892143927302,22.0,16.12872179223948,17.0,starter-role-runtime-state-v1
2024-06-30,694297,ESTABLISHED,86.22182162806645,82.0,24.459711291001252,25.0,17.765807469087335,18.0,starter-role-runtime-state-v1
2024-07-01,656849,ESTABLISHED,92.30526491573906,86.0,23.13549580273451,25.0,15.57274511088648,19.0,starter-role-runtime-state-v1
2024-07-01,669022,ESTABLISHED,96.63967007485738,104.0,23.54259865991379,22.0,15.902959527163972,17.0,starter-role-runtime-state-v1
2024-07-01,686613,ESTABLISHED,90.4172152154065,99.0,22.324369942872817,23.0,16.11497447147795,18.0,starter-role-runtime-state-v1
2024-07-02,640455,ESTABLISHED,88.6259521926748,97.0,21.075796342713744,29.0,15.14389711190345,21.0,starter-role-runtime-state-v1
2024-07-02,656302,ESTABLISHED,99.96604985781444,84.0,23.484349797754362,20.0,16.940161931306193,11.0,starter-role-runtime-state-v1
2024-07-02,663372,ESTABLISHED,88.64645180399201,83.0,23.642507736754872,22.0,15.878358322609817,15.0,starter-role-runtime-state-v1
2024-07-02,663903,ESTABLISHED,91.84734974225282,88.0,23.954805787074527,20.0,16.8588904367137,15.0,starter-role-runtime-state-v1
2024-07-02,667755,ESTABLISHED,88.60433138145982,62.0,23.582898227576038,17.0,17.62893723760741,12.0,starter-role-runtime-state-v1
2024-07-02,669373,ESTABLISHED,87.09943946523883,94.0,23.794982138358222,23.0,17.884759119214856,18.0,starter-role-runtime-state-v1
2024-07-02,669713,RAMPING,78.26649837417457,89.0,19.892477336271533,23.0,13.947351011277023,15.0,starter-role-runtime-state-v1
2024-07-02,669923,ESTABLISHED,87.26138216956912,95.0,23.32116680147034,26.0,18.06197109288941,19.0,starter-role-runtime-state-v1
2024-07-02,680570,ESTABLISHED,94.24893845628478,104.0,24.611795215862497,24.0,17.75443083397984,19.0,starter-role-runtime-state-v1
2024-07-03,519242,ESTABLISHED,97.43024565912071,103.0,23.715054353701987,23.0,18.247342034433395,18.0,starter-role-runtime-state-v1
2024-07-03,554430,ESTABLISHED,99.47151392655735,102.0,24.78800666807195,26.0,18.738422926872,18.0,starter-role-runtime-state-v1
2024-07-03,607074,ESTABLISHED,97.69535029709954,95.0,23.664314423160143,21.0,15.98720253513758,16.0,starter-role-runtime-state-v1
2024-07-03,608379,ESTABLISHED,87.50554173741429,97.0,22.953979279104463,24.0,16.685717079544883,18.0,starter-role-runtime-state-v1
2024-07-03,665152,ESTABLISHED,91.58030462143869,83.0,22.59249508797909,19.0,16.171483171206617,15.0,starter-role-runtime-state-v1
2024-07-03,668909,ESTABLISHED,90.05811228353328,74.0,21.454761429140717,21.0,14.917000865757387,12.0,starter-role-runtime-state-v1
2024-07-03,669302,ESTABLISHED,91.72072643563034,88.0,24.805680094996195,25.0,19.750821775792858,16.0,starter-role-runtime-state-v1
2024-07-03,669432,ESTABLISHED,91.18233274551648,84.0,23.28006627137096,17.0,15.860213409254587,9.0,starter-role-runtime-state-v1
2024-07-03,671096,ESTABLISHED,92.75824065099039,98.0,22.95717930763699,26.0,16.22127091609704,19.0,starter-role-runtime-state-v1
2024-07-03,681035,ESTABLISHED,90.753141732442,99.0,22.008073002579348,24.0,16.355708846345692,17.0,starter-role-runtime-state-v1
2024-07-03,683003,ESTABLISHED,87.51172748976082,78.0,23.749771830595375,20.0,17.08765719470388,15.0,starter-role-runtime-state-v1
2024-07-03,684007,ESTABLISHED,89.24826815484326,86.0,23.809936971772963,25.0,16.786764196317826,18.0,starter-role-runtime-state-v1
2024-07-04,453286,ESTABLISHED,80.87751899857629,90.0,21.437336275367983,24.0,16.48666804208103,19.0,starter-role-runtime-state-v1
2024-07-04,527048,ESTABLISHED,83.3833366310418,92.0,22.276188835159687,26.0,14.666115316904577,22.0,starter-role-runtime-state-v1
2024-07-04,592791,ESTABLISHED,91.44437502812417,88.0,24.36818951137151,25.0,17.43751693782712,21.0,starter-role-runtime-state-v1
2024-07-04,605135,ESTABLISHED,95.87761033482819,105.0,24.9220465742313,27.0,17.91714024162774,15.0,starter-role-runtime-state-v1
2024-07-04,615698,ESTABLISHED,93.01745580146176,102.0,23.273736814801122,22.0,16.51122966042572,15.0,starter-role-runtime-state-v1
2024-07-04,641927,ESTABLISHED,89.76808951621764,103.0,22.720324038935793,26.0,17.172931419313734,18.0,starter-role-runtime-state-v1
2024-07-04,650633,ESTABLISHED,91.52169163549644,92.0,22.92636889251184,21.0,16.58810821753792,16.0,starter-role-runtime-state-v1
2024-07-04,650911,ESTABLISHED,89.17797629605512,79.0,23.863057378537903,22.0,18.480152172915698,12.0,starter-role-runtime-state-v1
2024-07-04,657277,ESTABLISHED,98.5842976642958,104.0,26.039161077020246,26.0,19.313076240559365,21.0,starter-role-runtime-state-v1
2024-07-04,663623,ESTABLISHED,92.81680378109235,99.0,22.544498495563467,26.0,17.104082527546,24.0,starter-role-runtime-state-v1
2024-07-04,664285,ESTABLISHED,93.1656046206204,90.0,25.879839590905164,25.0,18.29476194656462,18.0,starter-role-runtime-state-v1
2024-07-04,669467,ESTABLISHED,80.31782712438827,90.0,20.283270372929042,24.0,14.125628605823517,21.0,starter-role-runtime-state-v1
2024-07-04,682243,ESTABLISHED,82.08038755805835,93.0,21.830275137880164,25.0,16.357879378706006,17.0,starter-role-runtime-state-v1
2024-07-05,543243,ESTABLISHED,85.00386768938907,88.0,23.233980211233735,22.0,17.580091291463923,15.0,starter-role-runtime-state-v1
2024-07-05,547179,ESTABLISHED,88.79992232130913,90.0,23.30630585058505,20.0,17.30381397243194,15.0,starter-role-runtime-state-v1
2024-07-05,592332,ESTABLISHED,95.89464361631674,104.0,24.317100144304554,27.0,16.824050015707222,18.0,starter-role-runtime-state-v1
2024-07-05,605400,ESTABLISHED,96.21799308493887,103.0,24.78969887368258,23.0,18.72179557916633,18.0,starter-role-runtime-state-v1
2024-07-05,607536,RAMPING,80.0626354706084,89.0,23.150194995809425,28.0,15.43159688335933,21.0,starter-role-runtime-state-v1
2024-07-05,608331,ESTABLISHED,96.18771520497114,103.0,24.29777423113014,31.0,18.191766634403663,18.0,starter-role-runtime-state-v1
2024-07-05,622491,ESTABLISHED,91.81250154837116,104.0,23.412011796712193,23.0,16.994728462369224,20.0,starter-role-runtime-state-v1
2024-07-05,676440,ESTABLISHED,92.19800769630085,99.0,22.573666139990976,23.0,17.062426149539885,14.0,starter-role-runtime-state-v1
2024-07-05,681190,ESTABLISHED,81.18029957448628,102.0,20.59403475080393,25.0,14.02121356866906,19.0,starter-role-runtime-state-v1
2024-07-05,694973,ESTABLISHED,97.502155929281,107.0,23.27434011622659,27.0,17.844361967710626,21.0,starter-role-runtime-state-v1
2024-07-06,543037,ESTABLISHED,87.56365409473365,90.0,22.690910806296934,22.0,17.657132394819655,13.0,starter-role-runtime-state-v1
2024-07-06,607625,ESTABLISHED,94.30483939625213,101.0,25.134133114738837,25.0,18.94747787158012,18.0,starter-role-runtime-state-v1
2024-07-06,624133,ESTABLISHED,92.65073913744692,91.0,24.663633551472465,24.0,17.681518062120826,15.0,starter-role-runtime-state-v1
2024-07-06,642547,ESTABLISHED,99.24953733688625,104.0,22.893977834069496,21.0,16.646395593327878,12.0,starter-role-runtime-state-v1
2024-07-06,656849,ESTABLISHED,92.36019212840539,87.0,23.42147530066383,20.0,15.974204931311691,13.0,starter-role-runtime-state-v1
2024-07-06,669022,ESTABLISHED,95.85768924567388,90.0,23.18018871908822,21.0,15.9744936454399,10.0,starter-role-runtime-state-v1
2024-07-06,671737,ESTABLISHED,93.12529369012628,79.0,22.676338307846187,24.0,16.2041013338742,18.0,starter-role-runtime-state-v1
2024-07-06,676106,ESTABLISHED,79.66939748267748,93.0,21.274136268989814,20.0,15.00022737230816,12.0,starter-role-runtime-state-v1
2024-07-06,686613,ESTABLISHED,89.75135951739665,105.0,22.2081051411683,31.0,16.246540615237173,18.0,starter-role-runtime-state-v1
2024-07-06,690986,ESTABLISHED,88.82602858567954,72.0,23.451330858981272,17.0,16.446805322085076,10.0,starter-role-runtime-state-v1
2024-07-06,694297,ESTABLISHED,84.71308149009113,62.0,24.378545283003987,19.0,17.745021507791346,13.0,starter-role-runtime-state-v1
2024-07-06,700249,ESTABLISHED,92.1932237091895,43.0,22.55856271525225,11.0,15.917929013683363,3.0,starter-role-runtime-state-v1
2024-07-07,640455,ESTABLISHED,88.61471304025578,89.0,21.799847506923438,22.0,15.758825221003653,18.0,starter-role-runtime-state-v1
2024-07-07,656302,ESTABLISHED,96.45375468009088,103.0,22.915906877757223,26.0,16.205307122723273,21.0,starter-role-runtime-state-v1
2024-07-07,663903,ESTABLISHED,89.91729161791919,86.0,23.32043675168766,27.0,16.60993864883872,21.0,starter-role-runtime-state-v1
2024-07-07,665795,ESTABLISHED,77.65743595778672,82.0,18.736032192890903,17.0,12.596621852142242,11.0,starter-role-runtime-state-v1
2024-07-07,667755,ESTABLISHED,80.21254773318536,73.0,22.103723993472443,21.0,16.659043239754993,15.0,starter-role-runtime-state-v1
2024-07-07,669373,ESTABLISHED,87.6016828882929,93.0,23.664963193731424,25.0,17.88384128535042,21.0,starter-role-runtime-state-v1
2024-07-07,669713,RAMPING,79.28489996489634,86.0,20.252667295783915,22.0,14.0790804260655,19.0,starter-role-runtime-state-v1
2024-07-07,669923,ESTABLISHED,87.29067609498375,93.0,23.504724614757976,26.0,18.127506002511325,18.0,starter-role-runtime-state-v1
2024-07-07,680570,ESTABLISHED,93.85869426293617,95.0,24.371213709317168,26.0,17.845023875212952,18.0,starter-role-runtime-state-v1
2024-07-08,663372,ESTABLISHED,86.07350609322134,92.0,23.21497087531949,25.0,15.709777459111645,21.0,starter-role-runtime-state-v1
2024-07-08,668909,ESTABLISHED,86.5906827447459,89.0,21.24531004131652,21.0,14.50442462067431,16.0,starter-role-runtime-state-v1
2024-07-08,671096,ESTABLISHED,92.25036380455512,106.0,23.154534935959276,25.0,16.480073597949563,21.0,starter-role-runtime-state-v1
2024-07-08,672456,ESTABLISHED,82.0090674692682,73.0,22.684533485752162,21.0,16.004728532059065,19.0,starter-role-runtime-state-v1
2024-07-08,681035,ESTABLISHED,92.27635690808012,77.0,22.412723068065443,19.0,16.492526640658422,17.0,starter-role-runtime-state-v1
2024-07-08,693821,ESTABLISHED,90.1643904375035,76.0,22.966940735573978,21.0,15.278380935610404,15.0,starter-role-runtime-state-v1
2024-07-09,453286,ESTABLISHED,83.6084189474687,95.0,21.925194523492973,27.0,16.830019241169744,20.0,starter-role-runtime-state-v1
2024-07-09,519242,ESTABLISHED,97.71146849389113,100.0,23.59699149918044,24.0,18.22471383163517,16.0,starter-role-runtime-state-v1
2024-07-09,554430,ESTABLISHED,101.18097831035541,76.0,25.081069369126922,21.0,18.707414158541404,15.0,starter-role-runtime-state-v1
2024-07-09,592791,ESTABLISHED,89.07658658954253,88.0,24.201360506304848,22.0,17.764173475167933,18.0,starter-role-runtime-state-v1
2024-07-09,605483,ESTABLISHED,96.47740024538551,73.0,22.200274311580564,18.0,14.987203756712088,15.0,starter-role-runtime-state-v1
2024-07-09,607074,ESTABLISHED,95.09429347910297,95.0,23.096757311880168,18.0,15.921326678043311,12.0,starter-role-runtime-state-v1
2024-07-09,615698,ESTABLISHED,93.85210122453708,52.0,23.108503807978714,12.0,16.338756208362163,6.0,starter-role-runtime-state-v1
2024-07-09,663623,ESTABLISHED,93.6024794998328,94.0,22.927291881842983,29.0,17.855440058820776,18.0,starter-role-runtime-state-v1
2024-07-09,665152,ESTABLISHED,89.65222277506847,85.0,22.07541602542461,24.0,16.015536747287406,12.0,starter-role-runtime-state-v1
2024-07-09,666157,ESTABLISHED,91.04055761870198,69.0,24.400020534319307,17.0,16.970911374746194,11.0,starter-role-runtime-state-v1
2024-07-09,669302,ESTABLISHED,91.5450928923455,87.0,24.859542713621963,27.0,19.336982359287152,23.0,starter-role-runtime-state-v1
2024-07-09,669432,ESTABLISHED,89.52179541496253,107.0,22.35526247011176,24.0,14.947356823549214,16.0,starter-role-runtime-state-v1
2024-07-10,527048,ESTABLISHED,83.45130209378188,107.0,22.578690297455438,25.0,15.431239947107844,14.0,starter-role-runtime-state-v1
2024-07-10,547179,ESTABLISHED,88.8930814562837,85.0,22.915012798352066,23.0,17.037631003823137,15.0,starter-role-runtime-state-v1
2024-07-10,605135,ESTABLISHED,98.77109235163692,99.0,25.373259618184775,24.0,17.67334016522456,15.0,starter-role-runtime-state-v1
2024-07-10,607536,ESTABLISHED,77.93390576921581,93.0,23.265681910047576,27.0,15.910840863460697,20.0,starter-role-runtime-state-v1
2024-07-10,608379,ESTABLISHED,90.87703685941807,84.0,23.340701328295864,23.0,16.922607483572644,15.0,starter-role-runtime-state-v1
2024-07-10,641927,ESTABLISHED,91.15558250082711,84.0,23.068741255206305,22.0,17.258377373451758,18.0,starter-role-runtime-state-v1
2024-07-10,650633,ESTABLISHED,92.4021871275393,91.0,22.787421059836177,24.0,16.54471725298097,18.0,starter-role-runtime-state-v1
2024-07-10,650911,ESTABLISHED,87.15004379652905,91.0,23.54521563671191,24.0,17.70230442051125,18.0,starter-role-runtime-state-v1
2024-07-10,657277,ESTABLISHED,100.17151103214218,86.0,26.15773424178908,24.0,19.544990986873415,15.0,starter-role-runtime-state-v1
2024-07-10,664285,ESTABLISHED,93.49737990018266,95.0,25.87026038705118,25.0,18.289910938966038,21.0,starter-role-runtime-state-v1
2024-07-10,669467,ESTABLISHED,85.7002473391024,101.0,21.40209093720606,25.0,15.549207641238496,19.0,starter-role-runtime-state-v1
2024-07-10,676440,ESTABLISHED,91.76376852712495,109.0,22.495374087804635,28.0,16.691618079085465,21.0,starter-role-runtime-state-v1
2024-07-10,682243,ESTABLISHED,83.93762991300486,80.0,22.256998552300683,21.0,16.45390861226788,18.0,starter-role-runtime-state-v1
2024-07-10,684007,ESTABLISHED,86.31892089524658,100.0,23.651827239280884,25.0,16.85604793629125,18.0,starter-role-runtime-state-v1
2024-07-11,592332,ESTABLISHED,98.5733475633397,98.0,24.809175311609064,27.0,17.01438802109524,21.0,starter-role-runtime-state-v1
2024-07-11,605400,ESTABLISHED,97.77114426373986,101.0,24.666025646926506,24.0,18.661892336708082,18.0,starter-role-runtime-state-v1
2024-07-11,608331,ESTABLISHED,97.03694114669987,108.0,25.002458681138357,25.0,18.19593711921471,18.0,starter-role-runtime-state-v1
2024-07-11,622491,ESTABLISHED,95.90929349645305,86.0,23.666845783192194,23.0,17.42215471878384,18.0,starter-role-runtime-state-v1
2024-07-11,656849,ESTABLISHED,89.82095512521661,102.0,22.792489063721288,25.0,15.562465199698114,18.0,starter-role-runtime-state-v1
2024-07-11,669022,ESTABLISHED,93.37695065252366,95.0,22.734044305648226,20.0,15.241857379527811,14.0,starter-role-runtime-state-v1
2024-07-11,694297,ESTABLISHED,80.0436985854619,86.0,23.524347674474654,20.0,17.14093828523429,18.0,starter-role-runtime-state-v1
2024-07-11,694973,ESTABLISHED,99.9354043311422,99.0,23.952749303947748,23.0,18.369278067218886,21.0,starter-role-runtime-state-v1
2024-07-12,543037,ESTABLISHED,90.47834291774333,106.0,22.920874695053705,24.0,17.228556251773487,18.0,starter-role-runtime-state-v1
2024-07-12,543243,ESTABLISHED,85.78737458811683,102.0,23.149173169849334,29.0,17.312325896024028,21.0,starter-role-runtime-state-v1
2024-07-12,624133,ESTABLISHED,88.54515408544825,97.0,24.10440078977505,27.0,17.23814484835794,18.0,starter-role-runtime-state-v1
2024-07-12,640455,ESTABLISHED,88.66118319371617,107.0,21.819127386621776,27.0,16.008732377842556,21.0,starter-role-runtime-state-v1
2024-07-12,642547,ESTABLISHED,99.93684480370676,92.0,22.688768590354968,23.0,16.124020191349675,15.0,starter-role-runtime-state-v1
2024-07-12,669373,ESTABLISHED,89.56307399556856,101.0,23.970276063505302,22.0,18.271778083785723,18.0,starter-role-runtime-state-v1
2024-07-12,671737,ESTABLISHED,88.25390779190147,97.0,22.440313613869634,27.0,16.28798448342591,21.0,starter-role-runtime-state-v1
2024-07-12,686613,ESTABLISHED,94.22482910312618,93.0,23.425970868982077,24.0,16.555315040725343,18.0,starter-role-runtime-state-v1
2024-07-12,690986,ESTABLISHED,84.37779075508281,83.0,22.361519917809538,22.0,15.560687213750395,16.0,starter-role-runtime-state-v1
2024-07-12,693433,RESTRICTED,72.88492401015469,66.0,18.998481786999214,20.0,14.54893128827314,10.0,starter-role-runtime-state-v1
2024-07-12,700249,ESTABLISHED,77.52274188923397,97.0,19.643987528156842,24.0,12.66481582535409,16.0,starter-role-runtime-state-v1
2024-07-13,607625,ESTABLISHED,95.59600757637698,93.0,25.189816084183462,25.0,18.871295226584476,15.0,starter-role-runtime-state-v1
2024-07-13,656302,ESTABLISHED,98.2284947097883,106.0,23.36148499116503,22.0,16.752090220519456,18.0,starter-role-runtime-state-v1
2024-07-13,663372,ESTABLISHED,84.02687864428749,87.0,23.08343532365986,20.0,16.202509418157817,11.0,starter-role-runtime-state-v1
2024-07-13,665795,ESTABLISHED,77.69132238490637,63.0,18.48358212217948,17.0,12.402893561887256,10.0,starter-role-runtime-state-v1
2024-07-13,667755,ESTABLISHED,79.54082290219826,87.0,21.991458903374188,26.0,16.440496486628852,18.0,starter-role-runtime-state-v1
2024-07-13,668909,ESTABLISHED,87.31165868574534,94.0,21.26132682222016,20.0,14.706999653773693,15.0,starter-role-runtime-state-v1
2024-07-13,669713,RAMPING,77.98900909665377,88.0,20.224890440421106,26.0,14.618782756136909,12.0,starter-role-runtime-state-v1
2024-07-13,669923,ESTABLISHED,90.14255057154335,92.0,24.038292127252596,22.0,18.193888955585443,18.0,starter-role-runtime-state-v1
2024-07-13,671096,ESTABLISHED,95.27384588147319,78.0,23.530822728922978,19.0,17.011716184603387,10.0,starter-role-runtime-state-v1
2024-07-13,672456,ESTABLISHED,78.16558344740567,92.0,22.00386852054013,25.0,17.136115298805034,15.0,starter-role-runtime-state-v1
2024-07-13,680570,ESTABLISHED,94.78472482956536,91.0,24.64139752860772,24.0,17.892132357929306,15.0,starter-role-runtime-state-v1
2024-07-13,681035,ESTABLISHED,87.89928820645038,82.0,21.597263496869864,21.0,16.583350712292646,13.0,starter-role-runtime-state-v1
2024-07-14,453286,RAMPING,89.06302514933691,71.0,22.967954141537195,17.0,17.335526763631325,12.0,starter-role-runtime-state-v1
2024-07-14,519242,ESTABLISHED,95.40459958292611,79.0,23.354401827682274,20.0,17.89478696994429,15.0,starter-role-runtime-state-v1
2024-07-14,592791,ESTABLISHED,87.39909410020275,83.0,23.76665314224438,23.0,17.736136106228315,17.0,starter-role-runtime-state-v1
2024-07-14,605483,ESTABLISHED,90.1334666276834,80.0,21.362320756539248,21.0,14.920192820068674,21.0,starter-role-runtime-state-v1
2024-07-14,607074,ESTABLISHED,93.9682486333576,98.0,22.347326130691556,19.0,15.428759467714592,12.0,starter-role-runtime-state-v1
2024-07-14,663623,ESTABLISHED,93.07374294241168,86.0,23.47871212133899,23.0,17.871060618084552,12.0,starter-role-runtime-state-v1
2024-07-14,663903,ESTABLISHED,89.21194097018608,74.0,23.67216597958567,16.0,17.06993364074642,8.0,starter-role-runtime-state-v1
2024-07-14,665152,ESTABLISHED,86.70465803284175,83.0,22.007143987734516,21.0,15.505680442137933,14.0,starter-role-runtime-state-v1
2024-07-14,666157,ESTABLISHED,83.45598500046785,72.0,22.884583191098464,19.0,16.058567761888227,14.0,starter-role-runtime-state-v1
2024-07-14,669302,ESTABLISHED,89.03665351122764,87.0,24.834722275852087,23.0,19.65669917325522,21.0,starter-role-runtime-state-v1
2024-07-14,669432,ESTABLISHED,91.53706309922744,87.0,22.55155201709031,21.0,15.070333118768787,17.0,starter-role-runtime-state-v1
2024-07-14,681190,ESTABLISHED,84.37515309969127,73.0,21.219983433711043,19.0,14.654867147618475,15.0,starter-role-runtime-state-v1
2024-07-19,527048,ESTABLISHED,92.16935918796653,82.0,23.587585438892816,21.0,15.481113866929277,11.0,starter-role-runtime-state-v1
2024-07-19,543037,ESTABLISHED,97.5652749884044,103.0,23.64267679394588,25.0,17.49137220176257,18.0,starter-role-runtime-state-v1
2024-07-19,605135,ESTABLISHED,98.57138383450071,95.0,25.19156106888638,28.0,17.3651585939122,20.0,starter-role-runtime-state-v1
2024-07-19,605400,ESTABLISHED,99.30617579736001,80.0,24.7320144814553,22.0,18.628856388480433,15.0,starter-role-runtime-state-v1
2024-07-19,608379,ESTABLISHED,91.89209855668278,95.0,23.523506004460025,24.0,16.775334323114222,21.0,starter-role-runtime-state-v1
2024-07-19,615698,ESTABLISHED,86.93837791079616,100.0,21.595202110406813,26.0,15.025260201833536,18.0,starter-role-runtime-state-v1
2024-07-19,622491,ESTABLISHED,92.38297740374374,90.0,23.31714160570509,28.0,17.399883738027945,21.0,starter-role-runtime-state-v1
2024-07-19,640455,ESTABLISHED,94.62531234182038,84.0,22.819786678020716,24.0,16.6813588544628,15.0,starter-role-runtime-state-v1
2024-07-19,665795,RESTRICTED,73.9000997176061,81.0,18.100639878776438,22.0,12.073878345111279,14.0,starter-role-runtime-state-v1
2024-07-19,676440,ESTABLISHED,95.94456355530572,102.0,23.338384962853453,21.0,17.248508126275215,17.0,starter-role-runtime-state-v1
2024-07-19,686613,ESTABLISHED,94.31804617941948,102.0,23.504558080483882,24.0,16.70510188585984,18.0,starter-role-runtime-state-v1
2024-07-19,690986,ESTABLISHED,82.39439516548515,93.0,22.10493765262683,20.0,15.55433182685682,15.0,starter-role-runtime-state-v1
2024-07-20,453286,RAMPING,88.17517165351265,53.0,22.409220107992926,14.0,16.758791892043554,6.0,starter-role-runtime-state-v1
2024-07-20,543243,ESTABLISHED,90.15283197849361,87.0,24.110919009229207,28.0,17.83297707684494,21.0,starter-role-runtime-state-v1
2024-07-20,607536,ESTABLISHED,82.65088617351361,89.0,24.077597369590453,24.0,16.449822099317835,18.0,starter-role-runtime-state-v1
2024-07-20,642547,ESTABLISHED,97.5152511840599,102.0,22.56119602987468,22.0,15.952014504377455,18.0,starter-role-runtime-state-v1
2024-07-20,650911,ESTABLISHED,88.84914038523394,90.0,23.75383393256947,23.0,17.788388579702247,17.0,starter-role-runtime-state-v1
2024-07-20,656302,ESTABLISHED,99.58825765850226,97.0,23.253383454660543,22.0,16.911386588809478,21.0,starter-role-runtime-state-v1
2024-07-20,657277,ESTABLISHED,96.41394506159335,99.0,25.654526160170253,27.0,18.951242773933508,18.0,starter-role-runtime-state-v1
2024-07-20,663903,ESTABLISHED,86.61565553011522,93.0,22.6568986039245,27.0,15.96321368729904,21.0,starter-role-runtime-state-v1
2024-07-20,664285,ESTABLISHED,93.51045301473056,100.0,25.750055361801937,24.0,18.582715547059518,17.0,starter-role-runtime-state-v1
2024-07-20,666157,ESTABLISHED,81.3233717264707,104.0,22.328990978294453,28.0,15.794821932153852,19.0,starter-role-runtime-state-v1
2024-07-20,668909,ESTABLISHED,84.75326135306337,84.0,20.732022687034707,21.0,14.643850150095364,11.0,starter-role-runtime-state-v1
2024-07-20,669022,ESTABLISHED,94.97017939931713,67.0,22.55876325092452,12.0,15.128889690869688,6.0,starter-role-runtime-state-v1
2024-07-20,669923,ESTABLISHED,91.34014028232387,99.0,23.916733957401682,23.0,18.199571043521274,18.0,starter-role-runtime-state-v1
2024-07-20,671737,ESTABLISHED,90.18385188239525,99.0,23.029552460772027,23.0,16.82059320931706,21.0,starter-role-runtime-state-v1
2024-07-20,680570,ESTABLISHED,94.47453620837284,103.0,24.59728799514147,23.0,17.575783524740807,18.0,starter-role-runtime-state-v1
2024-07-20,680736,ESTABLISHED,80.27664398054449,83.0,21.079270275533716,17.0,15.0443781375445,13.0,starter-role-runtime-state-v1
2024-07-20,693821,ESTABLISHED,88.09964795722802,95.0,22.694476908489946,24.0,15.24308347745809,15.0,starter-role-runtime-state-v1
2024-07-21,592332,ESTABLISHED,99.48411085141645,97.0,25.148380828347193,27.0,17.468986715353978,20.0,starter-role-runtime-state-v1
2024-07-21,607625,ESTABLISHED,96.47639221093421,103.0,25.309678921581686,30.0,18.483626017029394,27.0,starter-role-runtime-state-v1
2024-07-21,650633,ESTABLISHED,91.69431319498601,85.0,22.8566144586815,23.0,16.68623713667246,21.0,starter-role-runtime-state-v1
2024-07-21,663372,ESTABLISHED,85.9336888865273,98.0,22.89759605404405,26.0,15.635219220568118,21.0,starter-role-runtime-state-v1
2024-07-21,663623,ESTABLISHED,92.81116650025959,100.0,23.478278079623273,26.0,17.224707291930955,21.0,starter-role-runtime-state-v1
2024-07-21,665152,ESTABLISHED,87.34336513859736,89.0,22.01451010815041,24.0,15.371319755543269,16.0,starter-role-runtime-state-v1
2024-07-21,669358,ESTABLISHED,79.17006805836648,76.0,22.383489772805493,18.0,15.329338390848484,10.0,starter-role-runtime-state-v1
2024-07-21,669432,ESTABLISHED,90.2235528004259,99.0,22.280262949775935,22.0,15.279750501983077,14.0,starter-role-runtime-state-v1
2024-07-21,671096,ESTABLISHED,92.56202776462744,103.0,22.93485066644869,28.0,16.16406702363115,20.0,starter-role-runtime-state-v1
2024-07-21,672456,ESTABLISHED,83.2094963025032,72.0,23.010002108657382,23.0,16.58463949427385,16.0,starter-role-runtime-state-v1
2024-07-21,681035,ESTABLISHED,87.2285746785579,75.0,21.535234466810714,21.0,15.94423611318298,12.0,starter-role-runtime-state-v1
2024-07-21,684007,ESTABLISHED,89.54121495552742,90.0,24.00843376650915,25.0,17.05393856449,21.0,starter-role-runtime-state-v1
2024-07-21,693433,RESTRICTED,70.24032559358402,73.0,18.889643400891387,20.0,13.976780415030225,17.0,starter-role-runtime-state-v1
2024-07-21,694297,ESTABLISHED,82.65627676593945,94.0,23.352589305223738,23.0,17.32962500202687,21.0,starter-role-runtime-state-v1
2024-07-22,547179,ESTABLISHED,88.98753833803447,94.0,22.987566042634825,22.0,16.8328280857838,15.0,starter-role-runtime-state-v1
2024-07-22,605483,ESTABLISHED,88.62192474551871,83.0,21.28700891824299,23.0,15.597982292251707,18.0,starter-role-runtime-state-v1
2024-07-22,607074,ESTABLISHED,94.79207472479816,101.0,21.984836998676982,25.0,15.043636754115823,21.0,starter-role-runtime-state-v1
2024-07-22,624133,ESTABLISHED,90.30131140157478,79.0,24.527011170615467,24.0,17.360797523919075,16.0,starter-role-runtime-state-v1
2024-07-22,641927,ESTABLISHED,89.92457542950481,83.0,22.900041082695438,25.0,17.324239894119366,21.0,starter-role-runtime-state-v1
2024-07-22,656849,ESTABLISHED,91.17670973501548,88.0,23.039835336582946,23.0,15.831042889611204,15.0,starter-role-runtime-state-v1
2024-07-22,669373,ESTABLISHED,93.37916303917707,97.0,24.024893754069502,31.0,18.32632963309219,21.0,starter-role-runtime-state-v1
2024-07-22,669467,ESTABLISHED,89.63083092596979,98.0,22.19165806745049,23.0,16.206652623099387,18.0,starter-role-runtime-state-v1
2024-07-22,682243,ESTABLISHED,86.16944989570364,94.0,22.42403110079737,26.0,16.712265080210216,21.0,starter-role-runtime-state-v1
2024-07-23,554430,ESTABLISHED,97.77373933261192,107.0,24.56905418831039,26.0,18.28063592756736,21.0,starter-role-runtime-state-v1
2024-07-23,592791,ESTABLISHED,87.47586269463673,94.0,23.752565932274088,26.0,17.676172855386923,22.0,starter-role-runtime-state-v1
2024-07-23,667755,ESTABLISHED,79.37437552558606,100.0,22.35722516634651,29.0,16.60483925412413,23.0,starter-role-runtime-state-v1
2024-07-23,669302,ESTABLISHED,89.62663941466245,92.0,24.713100763751918,27.0,19.82198963655619,20.0,starter-role-runtime-state-v1
2024-07-23,681190,ESTABLISHED,80.77974488116335,68.0,20.697738089261833,22.0,14.636440114371856,18.0,starter-role-runtime-state-v1
2024-07-23,694973,ESTABLISHED,99.64536016184107,104.0,23.787706387832472,29.0,18.766635152964305,25.0,starter-role-runtime-state-v1
2024-07-24,527048,ESTABLISHED,88.7213369084538,91.0,23.027390534823276,25.0,14.903167268499997,18.0,starter-role-runtime-state-v1
2024-07-24,543037,ESTABLISHED,98.33720822835636,100.0,23.80631287922285,27.0,17.536421814268483,17.0,starter-role-runtime-state-v1
2024-07-24,605400,ESTABLISHED,93.48129840010753,98.0,24.022581834337558,26.0,18.105422462765567,18.0,starter-role-runtime-state-v1
2024-07-24,608379,ESTABLISHED,90.55859932830644,81.0,23.38183908997475,20.0,17.181716121799166,14.0,starter-role-runtime-state-v1
2024-07-24,615698,ESTABLISHED,88.1106332490702,83.0,22.041566301225327,24.0,15.339834796879488,18.0,starter-role-runtime-state-v1
2024-07-24,622491,ESTABLISHED,92.7417249589153,100.0,23.87864424277983,24.0,17.814880860475817,18.0,starter-role-runtime-state-v1
2024-07-24,640455,ESTABLISHED,90.64175406839048,103.0,22.631717031923557,22.0,16.39691552446892,14.0,starter-role-runtime-state-v1
2024-07-24,665795,ESTABLISHED,76.806741987122,90.0,18.746877542824272,23.0,12.352908168692483,16.0,starter-role-runtime-state-v1
2024-07-24,669461,RESTRICTED,70.29081834035473,69.0,18.321610715530547,17.0,12.71342362220286,9.0,starter-role-runtime-state-v1
2024-07-24,676440,ESTABLISHED,97.06196139068886,67.0,23.103882396860136,17.0,17.239648566460104,15.0,starter-role-runtime-state-v1
2024-07-24,686613,ESTABLISHED,93.96146363333743,97.0,23.41293020337841,26.0,16.784828311206944,18.0,starter-role-runtime-state-v1
2024-07-25,453286,ESTABLISHED,78.62157320530773,85.0,20.82793378995612,21.0,15.268962113912707,18.0,starter-role-runtime-state-v1
2024-07-25,519242,ESTABLISHED,92.71338498604753,94.0,22.889678116036606,24.0,17.555743407203074,22.0,starter-role-runtime-state-v1
2024-07-25,605135,ESTABLISHED,98.56781207663741,97.0,25.52987813700645,23.0,17.661699320870035,15.0,starter-role-runtime-state-v1
2024-07-25,656302,ESTABLISHED,98.96654488267296,114.0,23.06760552048209,28.0,17.36151247412443,27.0,starter-role-runtime-state-v1
2024-07-25,657277,ESTABLISHED,94.9984814177139,89.0,25.584814386690272,26.0,18.767886172166676,15.0,starter-role-runtime-state-v1
2024-07-25,668909,RAMPING,84.72095180445011,105.0,20.770967274669353,25.0,14.207268265843432,18.0,starter-role-runtime-state-v1
2024-07-25,671737,ESTABLISHED,89.9851908611047,83.0,22.889423484809733,21.0,17.23724454529618,18.0,starter-role-runtime-state-v1
2024-07-26,543243,ESTABLISHED,89.03246387490161,90.0,24.422493398117822,24.0,18.154150798259348,15.0,starter-role-runtime-state-v1
2024-07-26,607536,ESTABLISHED,85.04023939455513,83.0,24.284757955104812,21.0,16.67182642383042,12.0,starter-role-runtime-state-v1
2024-07-26,642547,ESTABLISHED,97.53351158357371,97.0,22.45112951663766,27.0,16.172560472551442,16.0,starter-role-runtime-state-v1
2024-07-26,650911,ESTABLISHED,86.2198890657731,88.0,23.35128651301507,29.0,17.609658023025634,18.0,starter-role-runtime-state-v1
2024-07-26,663903,ESTABLISHED,87.74242543292989,99.0,23.164594782558446,24.0,16.519520584152446,21.0,starter-role-runtime-state-v1
2024-07-26,664285,ESTABLISHED,92.3982668848456,96.0,25.322242648249937,25.0,18.34769548979062,19.0,starter-role-runtime-state-v1
2024-07-26,666157,ESTABLISHED,86.32150236937045,93.0,23.27490995928858,27.0,16.256193234818983,20.0,starter-role-runtime-state-v1
2024-07-26,669022,ESTABLISHED,88.86021519073063,90.0,20.927998246750256,25.0,13.923141252595697,15.0,starter-role-runtime-state-v1
2024-07-26,669358,ESTABLISHED,76.79990412211237,86.0,20.52594953258297,22.0,13.236301659069259,18.0,starter-role-runtime-state-v1
2024-07-26,669432,ESTABLISHED,91.4799847381247,93.0,22.271710634266462,20.0,15.133954456856577,16.0,starter-role-runtime-state-v1
2024-07-26,669923,ESTABLISHED,92.3953998992402,88.0,23.82631918702137,27.0,18.175325141851836,21.0,starter-role-runtime-state-v1
2024-07-26,672456,ESTABLISHED,79.09628679657683,96.0,22.835273196197313,24.0,16.389884576291983,15.0,starter-role-runtime-state-v1
2024-07-26,680570,ESTABLISHED,95.21933645814576,96.0,24.393568376667105,20.0,17.63275921518076,15.0,starter-role-runtime-state-v1
2024-07-26,690986,ESTABLISHED,85.36917958124396,106.0,22.0449071804615,23.0,15.547110389672305,20.0,starter-role-runtime-state-v1
2024-07-27,547179,ESTABLISHED,90.22123853563204,40.0,22.95556363577186,9.0,16.65516186033784,2.0,starter-role-runtime-state-v1
2024-07-27,592332,ESTABLISHED,98.04083573603897,118.0,25.199481021950113,34.0,17.697724142257297,27.0,starter-role-runtime-state-v1
2024-07-27,605483,ESTABLISHED,84.70022014458391,103.0,21.103420219612666,22.0,15.751442411998584,18.0,starter-role-runtime-state-v1
2024-07-27,607625,ESTABLISHED,98.45679274662945,90.0,25.963390424497522,26.0,19.438998052449698,19.0,starter-role-runtime-state-v1
2024-07-27,650633,ESTABLISHED,90.8610384829007,101.0,22.859493595611166,23.0,17.16571679090647,19.0,starter-role-runtime-state-v1
2024-07-27,663372,ESTABLISHED,89.18952635697319,95.0,23.470746017920693,26.0,16.282240256035188,18.0,starter-role-runtime-state-v1
2024-07-27,663623,ESTABLISHED,93.56857963392116,96.0,23.74669898096316,21.0,17.63031176583362,16.0,starter-role-runtime-state-v1
2024-07-27,663969,ESTABLISHED,82.20748298540838,105.0,22.462408004427278,29.0,18.00074275742587,27.0,starter-role-runtime-state-v1
2024-07-27,665152,ESTABLISHED,88.31517619717127,105.0,22.31312633858313,27.0,15.469246126722588,18.0,starter-role-runtime-state-v1
2024-07-27,669373,ESTABLISHED,92.1281391537411,96.0,24.539570998117565,28.0,18.565610449240467,21.0,starter-role-runtime-state-v1
2024-07-27,671096,ESTABLISHED,93.9029623949975,88.0,23.482201001311303,21.0,16.565188791273602,12.0,starter-role-runtime-state-v1
2024-07-27,680736,ESTABLISHED,81.31110724442846,82.0,19.454970640659557,21.0,14.270724004398897,17.0,starter-role-runtime-state-v1
2024-07-27,684007,ESTABLISHED,89.5274569823687,87.0,24.12051729279989,22.0,17.537499287175997,17.0,starter-role-runtime-state-v1
2024-07-27,685299,ESTABLISHED,79.60374149270419,79.0,22.631374063687947,25.0,13.499847005801309,18.0,starter-role-runtime-state-v1
2024-07-27,693433,RESTRICTED,71.35902050909024,70.0,19.11154653188857,18.0,14.346936227989449,12.0,starter-role-runtime-state-v1
2024-07-27,694297,ESTABLISHED,86.10268336429232,78.0,23.59700854551415,24.0,17.825988728710072,18.0,starter-role-runtime-state-v1
2024-07-28,607074,ESTABLISHED,96.59872753846537,105.0,22.424652240457153,25.0,15.716031949538362,19.0,starter-role-runtime-state-v1
2024-07-28,641927,ESTABLISHED,88.4925757180297,98.0,23.032625824156995,27.0,17.68625201094744,24.0,starter-role-runtime-state-v1
2024-07-28,656849,ESTABLISHED,90.61824972353821,88.0,23.00897205244806,22.0,15.726710639434899,15.0,starter-role-runtime-state-v1
2024-07-28,667755,ESTABLISHED,85.15301982665113,62.0,23.580789027590104,15.0,17.518773134950546,8.0,starter-role-runtime-state-v1
2024-07-28,681190,ESTABLISHED,79.59527088222403,63.0,20.88218713929707,14.0,15.047642631053264,6.0,starter-role-runtime-state-v1
2024-07-28,682243,ESTABLISHED,88.2167048742246,88.0,22.960145513169703,25.0,17.228644338623848,19.0,starter-role-runtime-state-v1
2024-07-29,554430,ESTABLISHED,96.83337354867218,103.0,24.511884272300932,23.0,18.52247027400571,15.0,starter-role-runtime-state-v1
2024-07-29,592791,ESTABLISHED,88.88656310765494,81.0,24.082461527424428,20.0,18.166345064515802,13.0,starter-role-runtime-state-v1
2024-07-29,669302,ESTABLISHED,90.83392940114483,69.0,25.07716434721899,15.0,19.87322290314168,8.0,starter-role-runtime-state-v1
2024-07-29,669467,ESTABLISHED,91.04413604243574,92.0,22.327018126955878,24.0,16.504525780441966,15.0,starter-role-runtime-state-v1
2024-07-29,676440,ESTABLISHED,90.62782196585479,95.0,22.104957542186288,24.0,16.922808427920017,18.0,starter-role-runtime-state-v1
2024-07-29,694973,ESTABLISHED,100.65702497791578,101.0,24.5436182967037,25.0,19.65146626048608,18.0,starter-role-runtime-state-v1
2024-07-29,700249,ESTABLISHED,81.14709376642737,94.0,20.47842570417911,26.0,13.302166965487451,13.0,starter-role-runtime-state-v1
2024-07-30,453286,RESTRICTED,76.50902562968328,68.0,20.52901572909169,17.0,15.486199243575745,12.0,starter-role-runtime-state-v1
2024-07-30,592662,ESTABLISHED,88.32709751215968,94.0,18.99722690191687,21.0,12.642616942152861,13.0,starter-role-runtime-state-v1
2024-07-30,605135,ESTABLISHED,96.03659993116973,90.0,24.97487447349117,20.0,17.302015192213155,12.0,starter-role-runtime-state-v1
2024-07-30,605400,ESTABLISHED,94.4458873545243,95.0,24.282116391337066,27.0,18.103450112643348,17.0,starter-role-runtime-state-v1
2024-07-30,605488,ESTABLISHED,68.42509234458534,76.0,17.732759007688923,18.0,15.65336216916267,11.0,starter-role-runtime-state-v1
2024-07-30,608379,ESTABLISHED,88.28811821802562,89.0,22.85793982359872,27.0,16.777468763610656,21.0,starter-role-runtime-state-v1
2024-07-30,615698,ESTABLISHED,87.07219498775518,92.0,22.195284011114783,24.0,15.62987993555406,11.0,starter-role-runtime-state-v1
2024-07-30,622491,ESTABLISHED,93.98709632441332,100.0,23.94123095494008,26.0,17.849814517310158,18.0,starter-role-runtime-state-v1
2024-07-30,640455,ESTABLISHED,94.99327744365797,96.0,22.876311014259365,24.0,16.209478564796175,21.0,starter-role-runtime-state-v1
2024-07-30,665795,ESTABLISHED,79.88378266113239,79.0,19.38931341385951,20.0,12.80346752173077,15.0,starter-role-runtime-state-v1
2024-07-30,668909,ESTABLISHED,88.6872101499372,90.0,21.44850906083913,19.0,14.702610171425901,15.0,starter-role-runtime-state-v1
2024-07-30,686613,ESTABLISHED,94.08013381985089,102.0,23.652350049547668,27.0,16.89857646006516,17.0,starter-role-runtime-state-v1
2024-07-30,693821,ESTABLISHED,88.79665656082949,91.0,22.835375350507576,25.0,15.216846651176086,19.0,starter-role-runtime-state-v1
2024-07-31,519242,ESTABLISHED,92.2051258135518,100.0,22.93188452041295,25.0,18.01515407999962,17.0,starter-role-runtime-state-v1
2024-07-31,607536,ESTABLISHED,83.8301203336862,91.0,23.776019975066085,25.0,16.115820168711345,21.0,starter-role-runtime-state-v1
2024-07-31,642547,ESTABLISHED,95.2309365323461,101.0,22.68755615353783,23.0,16.101406546410963,18.0,starter-role-runtime-state-v1
2024-07-31,650911,ESTABLISHED,86.57357751396809,94.0,23.956231003977976,25.0,17.675800951637274,17.0,starter-role-runtime-state-v1
2024-07-31,656302,ESTABLISHED,103.38737953800913,101.0,23.89537592120748,22.0,18.478277764322648,17.0,starter-role-runtime-state-v1
2024-07-31,657277,ESTABLISHED,94.28741992259555,106.0,25.622125729699597,34.0,18.343670682583166,27.0,starter-role-runtime-state-v1
2024-07-31,663903,ESTABLISHED,88.79740753694675,89.0,23.231161379543167,27.0,16.99508423556056,21.0,starter-role-runtime-state-v1
2024-07-31,664285,ESTABLISHED,91.95771955145013,92.0,25.18308036365928,25.0,18.384875161752454,18.0,starter-role-runtime-state-v1
2024-07-31,666157,ESTABLISHED,89.57101232253723,103.0,23.993653069851195,28.0,16.767154098481512,17.0,starter-role-runtime-state-v1
2024-07-31,669022,ESTABLISHED,88.01768078658866,98.0,21.24420826500979,24.0,14.018500876550107,16.0,starter-role-runtime-state-v1
2024-07-31,669923,ESTABLISHED,89.67758649510719,95.0,23.892182686033195,25.0,18.404932422599785,16.0,starter-role-runtime-state-v1
2024-07-31,671737,ESTABLISHED,91.97677680385145,94.0,22.987568882224565,20.0,17.414691911614216,15.0,starter-role-runtime-state-v1
2024-07-31,680570,ESTABLISHED,93.78415973498153,96.0,23.694349936743645,28.0,17.28393839765551,18.0,starter-role-runtime-state-v1
2024-08-01,543243,ESTABLISHED,89.11618925530998,93.0,24.364029596202116,26.0,17.793287091969237,21.0,starter-role-runtime-state-v1
2024-08-01,607625,ESTABLISHED,94.89736785529796,103.0,25.65904582085001,28.0,19.302110706256556,24.0,starter-role-runtime-state-v1
2024-08-01,663372,ESTABLISHED,89.13358530744534,93.0,23.663116813934234,26.0,16.444469550701527,18.0,starter-role-runtime-state-v1
2024-08-01,669432,ESTABLISHED,90.98514507218452,94.0,21.924085792213045,22.0,15.220115316890913,13.0,starter-role-runtime-state-v1
2024-08-01,672456,ESTABLISHED,85.31133877209878,88.0,23.418245692935372,27.0,16.185454560195083,21.0,starter-role-runtime-state-v1
2024-08-01,684007,ESTABLISHED,89.13476621562008,91.0,23.840469378477295,30.0,17.468745178150897,20.0,starter-role-runtime-state-v1
2024-08-02,592332,ESTABLISHED,101.03855481201731,93.0,26.224987000989007,23.0,18.700588273373068,14.0,starter-role-runtime-state-v1
2024-08-02,605483,ESTABLISHED,90.81561197045359,114.0,21.65375857025628,29.0,16.128794540307148,27.0,starter-role-runtime-state-v1
2024-08-02,663623,ESTABLISHED,94.14159702996243,110.0,23.450420740543017,24.0,17.449747545165582,17.0,starter-role-runtime-state-v1
2024-08-02,663969,ESTABLISHED,90.87981573484782,54.0,24.911216945603194,13.0,21.27644813624297,5.0,starter-role-runtime-state-v1
2024-08-02,665152,ESTABLISHED,92.85583878893863,95.0,23.1232434879486,23.0,15.830347040487183,15.0,starter-role-runtime-state-v1
2024-08-02,669358,ESTABLISHED,80.41911983047558,80.0,21.072775115691883,23.0,14.649297875322912,16.0,starter-role-runtime-state-v1
2024-08-02,669373,ESTABLISHED,93.57935868629079,95.0,25.04846029494913,28.0,18.878946824777522,19.0,starter-role-runtime-state-v1
2024-08-02,671096,ESTABLISHED,91.0148524234828,90.0,22.946190770536326,21.0,15.980132340498502,13.0,starter-role-runtime-state-v1
2024-08-02,681190,RESTRICTED,74.03895447808296,85.0,19.590689391419506,20.0,13.739082159333584,15.0,starter-role-runtime-state-v1
2024-08-02,693433,RESTRICTED,72.17756984295912,92.0,19.103110138431184,26.0,14.114779768409925,21.0,starter-role-runtime-state-v1
2024-08-02,694297,ESTABLISHED,87.46049273319733,96.0,23.92299249622741,22.0,17.930686598958815,15.0,starter-role-runtime-state-v1
2024-08-03,527048,ESTABLISHED,91.01303563681378,80.0,23.48107629281754,21.0,15.303845185416852,18.0,starter-role-runtime-state-v1
2024-08-03,547179,ESTABLISHED,81.15322046182135,84.0,20.947237502489727,24.0,14.629481197959754,17.0,starter-role-runtime-state-v1
2024-08-03,592791,ESTABLISHED,86.381072729435,88.0,23.41420092745891,24.0,17.513427138834178,18.0,starter-role-runtime-state-v1
2024-08-03,607074,ESTABLISHED,98.21037565640758,106.0,22.771584260428668,21.0,16.088328832605377,16.0,starter-role-runtime-state-v1
2024-08-03,641927,ESTABLISHED,88.91096966953315,88.0,23.37131762354055,26.0,18.327948485079936,21.0,starter-role-runtime-state-v1
2024-08-03,656849,ESTABLISHED,91.02790171933562,82.0,22.97218795638328,24.0,15.663264210292411,18.0,starter-role-runtime-state-v1
2024-08-03,667755,ESTABLISHED,83.14200223151298,93.0,22.542551769395168,25.0,16.243287496040004,18.0,starter-role-runtime-state-v1
2024-08-03,674003,ESTABLISHED,86.99020725908854,59.0,21.079808579561266,16.0,15.200952341725738,11.0,starter-role-runtime-state-v1
2024-08-03,682243,ESTABLISHED,88.07414563963594,84.0,23.186417999645023,20.0,17.43466480448841,13.0,starter-role-runtime-state-v1
2024-08-03,685299,ESTABLISHED,79.37326576533631,86.0,23.48107280928543,20.0,15.13718574238484,18.0,starter-role-runtime-state-v1
2024-08-03,690986,ESTABLISHED,92.36946702158079,73.0,22.68447328762283,17.0,16.2081244140023,11.0,starter-role-runtime-state-v1
2024-08-04,543037,ESTABLISHED,100.08252166697879,91.0,24.32931260378991,23.0,17.545265845547377,17.0,starter-role-runtime-state-v1
2024-08-04,554430,ESTABLISHED,96.88089677602107,96.0,24.26509633401227,27.0,18.104053856287297,24.0,starter-role-runtime-state-v1
2024-08-04,592662,ESTABLISHED,89.12983299601146,86.0,19.60625989988828,19.0,12.748492109838107,15.0,starter-role-runtime-state-v1
2024-08-04,608331,ESTABLISHED,101.0526694895257,82.0,25.312837377711425,19.0,18.260706118121675,10.0,starter-role-runtime-state-v1
2024-08-04,608379,ESTABLISHED,86.66498407495538,99.0,23.08947737077531,28.0,17.160486741967148,18.0,starter-role-runtime-state-v1
2024-08-04,615698,ESTABLISHED,91.49842658284327,88.0,22.814700311597093,21.0,15.233052850184803,13.0,starter-role-runtime-state-v1
2024-08-04,665795,ESTABLISHED,82.04284415337776,98.0,19.703707828349984,19.0,13.115825337221752,15.0,starter-role-runtime-state-v1
2024-08-04,668909,ESTABLISHED,88.82123987658562,86.0,21.140091441575986,22.0,14.744944944305447,12.0,starter-role-runtime-state-v1
2024-08-04,669302,ESTABLISHED,87.08193298865753,98.0,23.692374391277262,22.0,18.380902066022497,18.0,starter-role-runtime-state-v1
2024-08-04,694973,ESTABLISHED,99.69852665840183,100.0,24.493321756634145,22.0,19.381092176218484,16.0,starter-role-runtime-state-v1
2024-08-05,605400,ESTABLISHED,93.38376203095474,96.0,24.435133507356248,24.0,17.95199613687357,18.0,starter-role-runtime-state-v1
2024-08-05,607259,ESTABLISHED,74.55518180566897,70.0,20.949261174843926,20.0,14.597320099458507,15.0,starter-role-runtime-state-v1
2024-08-05,640455,ESTABLISHED,92.5495745228634,102.0,22.716135774516637,28.0,16.651993613587404,21.0,starter-role-runtime-state-v1
2024-08-05,657277,ESTABLISHED,96.80345139995275,95.0,26.670599885600026,24.0,19.347041925204955,17.0,starter-role-runtime-state-v1
2024-08-05,663903,ESTABLISHED,91.00619067368386,107.0,23.882508231815056,27.0,17.49390900216791,17.0,starter-role-runtime-state-v1
2024-08-05,669467,ESTABLISHED,89.52540956476055,90.0,22.398817988443803,21.0,16.216704886924248,14.0,starter-role-runtime-state-v1
2024-08-05,686613,ESTABLISHED,95.60673469250625,97.0,24.085558646656786,23.0,16.923733308408092,18.0,starter-role-runtime-state-v1
2024-08-06,543243,ESTABLISHED,86.40182617523202,106.0,24.15139698727768,27.0,18.02605595832149,21.0,starter-role-runtime-state-v1
2024-08-06,605135,ESTABLISHED,96.04568022977179,100.0,24.47145399812452,25.0,16.71103569200894,21.0,starter-role-runtime-state-v1
2024-08-06,605488,RESTRICTED,70.74623077702593,87.0,17.82626567952405,24.0,14.294117070076696,15.0,starter-role-runtime-state-v1
2024-08-06,607536,ESTABLISHED,84.2748781496974,73.0,23.868430238731193,20.0,16.630264767441673,14.0,starter-role-runtime-state-v1
2024-08-06,607625,ESTABLISHED,96.0565218706389,101.0,25.946418680332567,27.0,19.82254891677819,16.0,starter-role-runtime-state-v1
2024-08-06,622491,ESTABLISHED,96.8790808850887,99.0,24.421427805370946,26.0,17.9359593359558,18.0,starter-role-runtime-state-v1
2024-08-06,641816,ESTABLISHED,83.18132836406764,76.0,20.020143661258132,21.0,15.264140736443235,15.0,starter-role-runtime-state-v1
2024-08-06,650911,ESTABLISHED,88.20957482512327,89.0,24.166563960519127,25.0,17.627002664023706,18.0,starter-role-runtime-state-v1
2024-08-06,656302,ESTABLISHED,102.67047892015067,14.0,23.63492673735911,4.0,18.290600547917368,3.0,starter-role-runtime-state-v1
2024-08-06,664285,ESTABLISHED,93.57063223587267,107.0,25.354226902989883,29.0,18.384852545417825,26.0,starter-role-runtime-state-v1
2024-08-06,666157,ESTABLISHED,95.34162579932288,99.0,24.96508298397177,23.0,16.94695755560672,18.0,starter-role-runtime-state-v1
2024-08-06,669022,ESTABLISHED,90.31338489164484,98.0,21.66774522592119,27.0,14.26377540657548,15.0,starter-role-runtime-state-v1
2024-08-06,672456,ESTABLISHED,84.23942749060183,85.0,23.89404202533137,21.0,17.048506336602543,18.0,starter-role-runtime-state-v1
2024-08-06,684007,ESTABLISHED,87.06638545517822,92.0,24.24697714610594,24.0,17.69331187563846,21.0,starter-role-runtime-state-v1
2024-08-06,693821,ESTABLISHED,87.22161007655721,85.0,22.860978037234922,21.0,15.573818497409725,11.0,starter-role-runtime-state-v1
2024-08-07,519242,ESTABLISHED,92.67753915574686,96.0,23.117236774336085,25.0,17.90059880412736,14.0,starter-role-runtime-state-v1
2024-08-07,593958,ESTABLISHED,91.65313784712993,65.0,23.778385405694838,23.0,17.311647075871505,17.0,starter-role-runtime-state-v1
2024-08-07,605483,ESTABLISHED,95.76587487334929,93.0,22.697161009161807,23.0,17.347121789452665,18.0,starter-role-runtime-state-v1
2024-08-07,642547,ESTABLISHED,98.3463357785068,93.0,22.977778274566887,23.0,16.38633055038241,15.0,starter-role-runtime-state-v1
2024-08-07,650633,ESTABLISHED,93.11474880577737,94.0,22.9973099794387,23.0,17.40373862205341,15.0,starter-role-runtime-state-v1
2024-08-07,663372,ESTABLISHED,91.08866674479248,24.0,24.09821456523474,5.0,16.66084682621555,3.0,starter-role-runtime-state-v1
2024-08-07,663623,ESTABLISHED,97.0245688957817,94.0,23.63643445514855,23.0,17.440488898080265,15.0,starter-role-runtime-state-v1
2024-08-07,663969,ESTABLISHED,78.4504618644469,79.0,21.067338326818742,23.0,15.92448605306421,15.0,starter-role-runtime-state-v1
2024-08-07,669373,ESTABLISHED,91.46693947937365,102.0,25.099094511628394,26.0,18.825406341509535,21.0,starter-role-runtime-state-v1
2024-08-07,669432,ESTABLISHED,92.68544955871087,94.0,22.07850394896493,23.0,15.002910297604743,15.0,starter-role-runtime-state-v1
2024-08-07,669923,ESTABLISHED,91.40776090441081,97.0,24.147173954127304,23.0,18.17356968829024,15.0,starter-role-runtime-state-v1
2024-08-07,671096,ESTABLISHED,91.35889337626253,104.0,22.778145092136008,23.0,15.6500557247744,15.0,starter-role-runtime-state-v1
2024-08-07,671737,ESTABLISHED,91.53502125118169,92.0,22.56108660053826,26.0,17.112738611265186,14.0,starter-role-runtime-state-v1
2024-08-07,694297,RAMPING,87.89159925121488,81.0,23.641711028689766,23.0,17.592477791760253,19.0,starter-role-runtime-state-v1
2024-08-08,592332,ESTABLISHED,99.50254566065804,100.0,25.787592228998236,30.0,18.14085762657262,24.0,starter-role-runtime-state-v1
2024-08-08,656849,ESTABLISHED,87.26027171365003,88.0,22.76048662094945,22.0,15.829492452141565,15.0,starter-role-runtime-state-v1
2024-08-08,665152,ESTABLISHED,94.44951449551694,96.0,23.261869174775306,23.0,15.775563304045615,13.0,starter-role-runtime-state-v1
2024-08-08,669358,ESTABLISHED,80.31079260244762,91.0,21.536198452109975,22.0,14.979676556581794,13.0,starter-role-runtime-state-v1
2024-08-08,681190,ESTABLISHED,78.21079021145222,85.0,19.96841397630518,24.0,13.979897661574714,17.0,starter-role-runtime-state-v1
2024-08-08,690986,ESTABLISHED,88.9766831618521,61.0,21.88285277258369,19.0,15.55001691176693,14.0,starter-role-runtime-state-v1
2024-08-08,693433,ESTABLISHED,78.41189699807401,88.0,20.33629663243148,26.0,15.008331509194015,20.0,starter-role-runtime-state-v1
2024-08-09,527048,ESTABLISHED,84.29424032174725,90.0,22.567536307915265,26.0,15.452452261147883,21.0,starter-role-runtime-state-v1
2024-08-09,547179,ESTABLISHED,81.55581201917867,88.0,21.281934313941143,21.0,14.884649538194646,13.0,starter-role-runtime-state-v1
2024-08-09,554430,ESTABLISHED,97.65731731464615,100.0,24.647838811458954,25.0,18.76090076939626,18.0,starter-role-runtime-state-v1
2024-08-09,592662,ESTABLISHED,87.78332289696606,105.0,19.38623261315726,25.0,13.407306059737218,18.0,starter-role-runtime-state-v1
2024-08-09,592791,ESTABLISHED,88.48985810169684,95.0,23.716207938644782,24.0,17.64186952495734,15.0,starter-role-runtime-state-v1
2024-08-09,641927,ESTABLISHED,89.20500976298744,106.0,23.68724082176127,23.0,18.617947114260136,18.0,starter-role-runtime-state-v1
2024-08-09,656550,ESTABLISHED,70.0,98.0,20.024522502717957,24.0,14.523349749758568,15.0,starter-role-runtime-state-v1
2024-08-09,665795,RAMPING,83.7560131590594,106.0,19.60715974680668,27.0,13.326881503131535,21.0,starter-role-runtime-state-v1
2024-08-09,667755,ESTABLISHED,86.0145927734343,88.0,23.04982849379952,23.0,16.518431931105432,18.0,starter-role-runtime-state-v1
2024-08-09,676282,ESTABLISHED,81.94954646838482,86.0,18.00737124439643,22.0,11.05915336140168,17.0,starter-role-runtime-state-v1
2024-08-09,682243,ESTABLISHED,86.66852027157957,87.0,22.704953514493205,22.0,16.892634202471523,18.0,starter-role-runtime-state-v1
2024-08-09,685299,ESTABLISHED,81.38989793163653,89.0,22.38837054340793,21.0,16.03897653956738,15.0,starter-role-runtime-state-v1
2024-08-10,543037,ESTABLISHED,95.68683021458106,90.0,23.796470990331464,23.0,17.372309922744897,16.0,starter-role-runtime-state-v1
2024-08-10,605400,ESTABLISHED,94.31447948148836,88.0,24.454536988862685,25.0,17.969710124636048,15.0,starter-role-runtime-state-v1
2024-08-10,607074,ESTABLISHED,100.41444563089097,110.0,22.699396644336638,25.0,16.116716294831658,17.0,starter-role-runtime-state-v1
2024-08-10,607259,ESTABLISHED,70.89103608047752,94.0,20.440270957606,22.0,14.544456033080282,21.0,starter-role-runtime-state-v1
2024-08-10,608331,ESTABLISHED,96.18996934446633,97.0,24.26772242695206,25.0,17.192414227753446,15.0,starter-role-runtime-state-v1
2024-08-10,608379,ESTABLISHED,89.81979484892703,92.0,23.83137923807223,27.0,17.32360280487141,21.0,starter-role-runtime-state-v1
2024-08-10,640455,ESTABLISHED,94.2822421765052,85.0,23.349869717922857,18.0,17.140299438697767,9.0,starter-role-runtime-state-v1
2024-08-10,656876,ESTABLISHED,84.56929120225703,30.0,22.21967930817626,7.0,16.89707196848545,3.0,starter-role-runtime-state-v1
2024-08-10,657277,ESTABLISHED,95.83172995286652,110.0,26.263639193054786,27.0,19.04540312249724,21.0,starter-role-runtime-state-v1
2024-08-10,668909,ESTABLISHED,89.193282573672,73.0,21.31400322496299,23.0,14.448521766734302,18.0,starter-role-runtime-state-v1
2024-08-10,669302,ESTABLISHED,89.45119772536445,92.0,23.63582093873292,24.0,18.395768842569368,21.0,starter-role-runtime-state-v1
2024-08-10,669467,ESTABLISHED,87.33049931231278,104.0,21.92229777913566,24.0,15.7985081212905,17.0,starter-role-runtime-state-v1
2024-08-10,674003,ESTABLISHED,81.73532430317626,92.0,20.231980889506787,20.0,14.546332915991886,15.0,starter-role-runtime-state-v1
2024-08-10,694973,ESTABLISHED,99.69507311699374,91.0,24.131956906893766,25.0,18.90331393089366,18.0,starter-role-runtime-state-v1
2024-08-11,518876,ESTABLISHED,94.19387261619815,85.0,23.808203460932,20.0,18.066490988007544,15.0,starter-role-runtime-state-v1
2024-08-11,605135,ESTABLISHED,95.26702195139828,86.0,24.395261829852387,22.0,17.147716066137864,12.0,starter-role-runtime-state-v1
2024-08-11,605488,RESTRICTED,73.84473575432176,83.0,19.1999284270659,21.0,14.504139182725856,15.0,starter-role-runtime-state-v1
2024-08-11,607536,ESTABLISHED,80.00368937023971,65.0,23.055224441358057,15.0,16.223087286371108,11.0,starter-role-runtime-state-v1
2024-08-11,622491,ESTABLISHED,95.56789212100072,96.0,24.427648126432807,25.0,17.89275426153573,18.0,starter-role-runtime-state-v1
2024-08-11,650911,ESTABLISHED,87.67034899080633,96.0,24.181029969878747,27.0,17.64009661484365,14.0,starter-role-runtime-state-v1
2024-08-11,656302,ESTABLISHED,84.10986142392768,91.0,20.694772826600683,24.0,16.34051002201578,15.0,starter-role-runtime-state-v1
2024-08-11,666157,ESTABLISHED,94.21531806807899,79.0,24.533260959969503,22.0,17.017222747665315,16.0,starter-role-runtime-state-v1
2024-08-11,669022,ESTABLISHED,94.27774808056597,86.0,22.537293843170573,22.0,14.431652401639354,12.0,starter-role-runtime-state-v1
2024-08-11,672456,ESTABLISHED,85.78264851561173,85.0,23.518749328225383,23.0,17.288389503822142,15.0,starter-role-runtime-state-v1
2024-08-11,676440,ESTABLISHED,90.67460843862942,84.0,22.26714443168391,23.0,17.028037978457647,17.0,starter-role-runtime-state-v1
2024-08-11,686613,ESTABLISHED,95.22927616123555,95.0,23.898760410734774,21.0,17.02986776623707,16.0,starter-role-runtime-state-v1
2024-08-12,519242,ESTABLISHED,94.03334252351183,107.0,23.426648364370756,25.0,17.5085658545934,21.0,starter-role-runtime-state-v1
2024-08-12,543243,ESTABLISHED,91.49808926784817,85.0,24.829373875944643,22.0,18.458264963780884,15.0,starter-role-runtime-state-v1
2024-08-12,605483,ESTABLISHED,96.81145128303751,114.0,22.884698088447955,23.0,17.473549001438165,19.0,starter-role-runtime-state-v1
2024-08-12,641816,ESTABLISHED,79.74327597433168,92.0,20.015720650912247,21.0,15.144576921842344,14.0,starter-role-runtime-state-v1
2024-08-12,642547,ESTABLISHED,95.64129504338956,96.0,22.75867460240506,25.0,16.164783025662917,18.0,starter-role-runtime-state-v1
2024-08-12,663903,ESTABLISHED,95.2470417807217,95.0,24.515422903526606,25.0,17.522232303882824,15.0,starter-role-runtime-state-v1
2024-08-12,664285,ESTABLISHED,95.50916014328013,101.0,25.808053648872274,21.0,19.221911306976907,17.0,starter-role-runtime-state-v1
2024-08-12,671096,ESTABLISHED,92.4827643371164,93.0,22.767075894003625,28.0,15.54905368776194,20.0,starter-role-runtime-state-v1
2024-08-12,671737,ESTABLISHED,89.75584033131958,93.0,22.720129353154487,24.0,16.726455397661532,13.0,starter-role-runtime-state-v1
2024-08-12,684007,ESTABLISHED,89.08779557866576,81.0,24.390007647650336,22.0,18.140195014168803,15.0,starter-role-runtime-state-v1
2024-08-12,694297,ESTABLISHED,85.3566329487106,94.0,23.377990649033578,29.0,17.719684829128518,21.0,starter-role-runtime-state-v1
2024-08-13,571510,RESTRICTED,69.60694956568342,80.0,18.293744316491974,19.0,13.422157098180037,16.0,starter-role-runtime-state-v1
2024-08-13,592332,ESTABLISHED,98.86709095948993,106.0,26.140882091602904,27.0,18.73328952172677,21.0,starter-role-runtime-state-v1
2024-08-13,593958,ESTABLISHED,89.76797389107095,83.0,23.831632845392825,22.0,17.317877147892627,15.0,starter-role-runtime-state-v1
2024-08-13,607625,ESTABLISHED,97.27379474865953,83.0,26.143402419209785,24.0,19.41997953481814,12.0,starter-role-runtime-state-v1
2024-08-13,650633,ESTABLISHED,93.7978112524121,93.0,23.05969625834704,23.0,17.14728301407034,18.0,starter-role-runtime-state-v1
2024-08-13,663623,ESTABLISHED,97.65586212866803,100.0,23.68748121581723,26.0,17.220708709050772,18.0,starter-role-runtime-state-v1
2024-08-13,669358,ESTABLISHED,82.9767708904109,97.0,21.680731936164353,29.0,14.562588310341546,21.0,starter-role-runtime-state-v1
2024-08-13,669373,ESTABLISHED,94.21040816239372,88.0,25.390470030664275,23.0,19.133663095934914,18.0,starter-role-runtime-state-v1
2024-08-13,669432,ESTABLISHED,91.59911282334834,78.0,22.049966238855852,23.0,14.9665003724141,15.0,starter-role-runtime-state-v1
2024-08-13,669923,ESTABLISHED,91.73558096715732,86.0,23.988154860003732,25.0,17.820665001186814,11.0,starter-role-runtime-state-v1
2024-08-13,690986,ESTABLISHED,82.00919647601461,89.0,21.155323575299292,23.0,15.263720857113242,15.0,starter-role-runtime-state-v1
2024-08-14,527048,ESTABLISHED,84.47178143428552,93.0,22.88188913186211,24.0,16.03440146830379,16.0,starter-role-runtime-state-v1
2024-08-14,592662,ESTABLISHED,91.84028150785306,39.0,20.71865515124555,8.0,14.51756612793293,2.0,starter-role-runtime-state-v1
2024-08-14,592791,ESTABLISHED,87.70701313739242,90.0,23.569439679050227,25.0,17.303813525745568,18.0,starter-role-runtime-state-v1
2024-08-14,621111,ESTABLISHED,79.61851367036033,87.0,21.01809723739222,18.0,13.711258821363145,10.0,starter-role-runtime-state-v1
2024-08-14,656550,ESTABLISHED,79.44566576463134,95.0,21.451062919956215,29.0,14.724582200021642,21.0,starter-role-runtime-state-v1
2024-08-14,656849,ESTABLISHED,88.24039072694298,88.0,22.775944838621,26.0,15.761219681818652,19.0,starter-role-runtime-state-v1
2024-08-14,663436,ESTABLISHED,78.74206348297645,85.0,20.059537288234097,24.0,14.64577745469437,17.0,starter-role-runtime-state-v1
2024-08-14,663969,ESTABLISHED,79.48828199370863,87.0,21.63899777006516,25.0,15.730556737044989,13.0,starter-role-runtime-state-v1
2024-08-14,665152,ESTABLISHED,95.02395370736829,92.0,23.270391620415552,24.0,15.481620537529373,18.0,starter-role-runtime-state-v1
2024-08-14,665795,ESTABLISHED,87.43020182756277,82.0,20.536840341055413,20.0,14.183384094539187,12.0,starter-role-runtime-state-v1
2024-08-14,685299,ESTABLISHED,82.10925763100231,44.0,21.890827443155437,9.0,15.737282680373692,2.0,starter-role-runtime-state-v1
2024-08-14,693433,RAMPING,80.45358860080725,85.0,21.062810891881828,25.0,15.588615476620646,21.0,starter-role-runtime-state-v1
2024-08-14,701542,ESTABLISHED,94.86167800972774,94.0,23.516618579362664,20.0,14.426329345439772,15.0,starter-role-runtime-state-v1
2024-08-15,554430,ESTABLISHED,99.42708271351185,96.0,24.855168835456936,22.0,18.720609189276175,18.0,starter-role-runtime-state-v1
2024-08-15,608331,ESTABLISHED,94.42765207083235,103.0,24.135271393578883,24.0,16.894440056218336,16.0,starter-role-runtime-state-v1
2024-08-15,641927,ESTABLISHED,93.2256103052862,93.0,23.84534949021294,28.0,18.604458571271742,18.0,starter-role-runtime-state-v1
2024-08-15,657277,ESTABLISHED,100.03705393287372,104.0,26.67247318195892,27.0,19.34816513159642,23.0,starter-role-runtime-state-v1
2024-08-15,674003,ESTABLISHED,79.75309490746481,104.0,19.81616588842475,26.0,14.497863157010546,18.0,starter-role-runtime-state-v1
2024-08-15,682243,ESTABLISHED,85.88293048028086,90.0,22.53020553933088,23.0,16.989064301669515,21.0,starter-role-runtime-state-v1
2024-08-16,543037,ESTABLISHED,93.32987373187937,95.0,23.511179396137805,23.0,17.16620523863812,18.0,starter-role-runtime-state-v1
2024-08-16,547179,ESTABLISHED,81.04002937850032,83.0,21.10927332834119,21.0,14.638702718477242,17.0,starter-role-runtime-state-v1
2024-08-16,605400,ESTABLISHED,94.47652914576885,111.0,24.603575611511687,27.0,17.663189892676428,20.0,starter-role-runtime-state-v1
2024-08-16,607259,ESTABLISHED,76.16468010061224,80.0,20.93998241176368,26.0,15.451359483005566,18.0,starter-role-runtime-state-v1
2024-08-16,615698,ESTABLISHED,90.91520920799036,92.0,22.584499017364536,22.0,14.96519787051826,15.0,starter-role-runtime-state-v1
2024-08-16,640455,ESTABLISHED,92.3276699729086,106.0,22.607972434813092,27.0,16.13521576305652,21.0,starter-role-runtime-state-v1
2024-08-16,667755,ESTABLISHED,83.05771719708639,76.0,22.653789638904712,16.0,16.587438459934788,10.0,starter-role-runtime-state-v1
2024-08-16,668909,ESTABLISHED,84.10718356336385,92.0,21.136840743422567,21.0,14.753775065990835,12.0,starter-role-runtime-state-v1
2024-08-16,669302,ESTABLISHED,89.52121138785165,96.0,23.645939763623915,27.0,18.677957757786583,19.0,starter-role-runtime-state-v1
2024-08-16,680736,ESTABLISHED,81.5183153039282,79.0,19.899010463627565,20.0,15.061993919085644,15.0,starter-role-runtime-state-v1
2024-08-16,694973,ESTABLISHED,97.39911791135044,93.0,24.11270659656997,25.0,18.742598902039152,18.0,starter-role-runtime-state-v1
2024-08-17,519242,ESTABLISHED,97.09267703845676,95.0,23.775567972919568,25.0,17.942428344142407,18.0,starter-role-runtime-state-v1
2024-08-17,605135,ESTABLISHED,94.99239824590863,76.0,24.22509038649192,21.0,16.596984297228687,15.0,starter-role-runtime-state-v1
2024-08-17,605488,RAMPING,79.36030719142184,76.0,19.997212817291448,20.0,14.740012481949027,15.0,starter-role-runtime-state-v1
2024-08-17,607074,ESTABLISHED,102.01601014139742,90.0,23.007256319064727,18.0,16.237518699362546,10.0,starter-role-runtime-state-v1
2024-08-17,607536,ESTABLISHED,78.23870166706544,93.0,22.091387470380617,24.0,15.632421230629511,15.0,starter-role-runtime-state-v1
2024-08-17,608379,ESTABLISHED,91.88752209158078,87.0,24.38439485385961,22.0,17.77091780529539,18.0,starter-role-runtime-state-v1
2024-08-17,622491,ESTABLISHED,97.06857472820609,103.0,24.645795556493688,23.0,17.95096960278832,16.0,starter-role-runtime-state-v1
2024-08-17,642547,ESTABLISHED,95.79642790984015,81.0,22.999994690637966,22.0,16.37020666122278,18.0,starter-role-runtime-state-v1
2024-08-17,650911,ESTABLISHED,89.93140006923953,99.0,24.663894040083676,29.0,17.308962316825045,27.0,starter-role-runtime-state-v1
2024-08-17,656302,RESTRICTED,85.70963896597479,101.0,21.155761187651432,24.0,16.273052568210264,17.0,starter-role-runtime-state-v1
2024-08-17,666157,ESTABLISHED,90.95026412095558,59.0,24.066295552994404,17.0,16.851685532256468,7.0,starter-role-runtime-state-v1
2024-08-17,669022,ESTABLISHED,94.41027664653474,92.0,22.595698385326806,26.0,14.19014972489543,17.0,starter-role-runtime-state-v1
2024-08-17,669467,ESTABLISHED,90.85311930435485,95.0,22.354500389915835,26.0,16.010405270879744,21.0,starter-role-runtime-state-v1
2024-08-17,672456,ESTABLISHED,84.6977470396201,87.0,23.312934555483317,19.0,16.864679327867346,15.0,starter-role-runtime-state-v1
2024-08-17,676440,ESTABLISHED,87.81340777425719,83.0,22.106784574174178,18.0,16.95773448885278,15.0,starter-role-runtime-state-v1
2024-08-17,686613,ESTABLISHED,95.48336442709883,102.0,23.591701229701222,25.0,16.936836709899374,21.0,starter-role-runtime-state-v1
2024-08-17,700249,ESTABLISHED,83.63207019282055,89.0,21.45194504048606,25.0,13.282951753598194,19.0,starter-role-runtime-state-v1
2024-08-18,518876,ESTABLISHED,93.05264928562723,96.0,23.361626563805892,26.0,17.71724770742132,15.0,starter-role-runtime-state-v1
2024-08-18,543243,ESTABLISHED,90.17609606234238,94.0,24.428843674356735,24.0,18.043147362072638,15.0,starter-role-runtime-state-v1
2024-08-18,605483,ESTABLISHED,100.26157622036509,109.0,23.055330895523298,28.0,17.69326293857209,21.0,starter-role-runtime-state-v1
2024-08-18,641816,ESTABLISHED,81.40210200121405,61.0,20.135216217714408,14.0,14.903455704283171,9.0,starter-role-runtime-state-v1
2024-08-18,656876,RESTRICTED,71.1210999747411,21.0,19.04558706388958,6.0,14.095747866443618,6.0,starter-role-runtime-state-v1
2024-08-18,663623,ESTABLISHED,96.71887519624094,100.0,23.80306446778932,26.0,17.262508337361474,18.0,starter-role-runtime-state-v1
2024-08-18,663903,ESTABLISHED,94.26789022665692,94.0,24.44541775142571,23.0,17.214948444116697,18.0,starter-role-runtime-state-v1
2024-08-18,664285,ESTABLISHED,96.1637781184928,82.0,25.217841816938616,23.0,18.96963921883861,21.0,starter-role-runtime-state-v1
2024-08-18,669373,ESTABLISHED,91.29057198073008,100.0,24.86614211060585,23.0,18.93230708005543,18.0,starter-role-runtime-state-v1
2024-08-18,669923,ESTABLISHED,89.71651711950472,97.0,23.939248108965106,24.0,17.037375879465543,18.0,starter-role-runtime-state-v1
2024-08-18,671096,ESTABLISHED,95.21602651952097,83.0,23.598632085894124,22.0,16.09759829616233,15.0,starter-role-runtime-state-v1
2024-08-18,684007,ESTABLISHED,87.46191873882469,97.0,24.021487155390908,20.0,17.733981532297488,15.0,starter-role-runtime-state-v1
2024-08-19,592332,ESTABLISHED,99.49763895344722,100.0,26.213678170814546,22.0,18.966005119140252,15.0,starter-role-runtime-state-v1
2024-08-19,607625,ESTABLISHED,95.6047621603822,97.0,25.89571226901279,28.0,18.568692368228607,21.0,starter-role-runtime-state-v1
2024-08-19,650633,ESTABLISHED,94.56869023180803,85.0,23.14599808063324,25.0,17.266785952975475,18.0,starter-role-runtime-state-v1
2024-08-19,656849,ESTABLISHED,86.66752852662535,101.0,22.930758452625568,27.0,16.056630427990953,21.0,starter-role-runtime-state-v1
2024-08-19,669432,ESTABLISHED,89.5550619886448,91.0,22.09302776454043,22.0,14.952904563324779,14.0,starter-role-runtime-state-v1
2024-08-19,671737,ESTABLISHED,91.70890749623376,89.0,23.04150359779891,24.0,16.372717673754572,18.0,starter-role-runtime-state-v1
2024-08-19,690986,ESTABLISHED,80.99753268941375,98.0,21.160407937028136,24.0,15.182529949526838,18.0,starter-role-runtime-state-v1
2024-08-19,693433,RAMPING,80.38464998801342,87.0,21.415742144779628,24.0,16.14898213797445,19.0,starter-role-runtime-state-v1
2024-08-19,694297,ESTABLISHED,87.7117851112256,90.0,24.14598775693859,26.0,18.132153318727912,16.0,starter-role-runtime-state-v1
2024-08-20,527048,ESTABLISHED,86.71533673631868,79.0,23.158621113312513,20.0,16.070522304504443,14.0,starter-role-runtime-state-v1
2024-08-20,554430,ESTABLISHED,97.08138955719133,97.0,24.305504037162706,24.0,18.57175961231097,18.0,starter-role-runtime-state-v1
2024-08-20,571510,RESTRICTED,70.61993426686202,85.0,18.356754905602017,24.0,13.745907470695876,16.0,starter-role-runtime-state-v1
2024-08-20,592662,ESTABLISHED,78.32414757899134,96.0,17.664581438960287,24.0,11.331799860530351,20.0,starter-role-runtime-state-v1
2024-08-20,593958,ESTABLISHED,87.08416782502914,100.0,23.39635619436413,23.0,16.987128630973302,16.0,starter-role-runtime-state-v1
2024-08-20,621111,ESTABLISHED,81.232404444058,82.0,20.507507253577977,21.0,13.070062716967486,12.0,starter-role-runtime-state-v1
2024-08-20,641927,ESTABLISHED,91.95967572190956,83.0,24.125397026920666,22.0,18.495508862091164,18.0,starter-role-runtime-state-v1
2024-08-20,663436,ESTABLISHED,81.12186368434068,82.0,21.49030276209907,19.0,15.517620102817197,13.0,starter-role-runtime-state-v1
2024-08-20,665152,ESTABLISHED,92.56682156924057,100.0,23.105996812653643,23.0,15.689339896550994,18.0,starter-role-runtime-state-v1
2024-08-20,665795,ESTABLISHED,87.15451980341422,90.0,20.510281081870637,24.0,13.943202972902226,18.0,starter-role-runtime-state-v1
2024-08-20,669358,ESTABLISHED,88.5701631158168,92.0,23.394787302989684,27.0,15.877566667758884,23.0,starter-role-runtime-state-v1
2024-08-20,674003,ESTABLISHED,82.51368424797582,96.0,20.591017146175417,26.0,14.962331237145117,21.0,starter-role-runtime-state-v1
2024-08-20,682243,ESTABLISHED,85.49138321855715,92.0,22.478256313212565,19.0,17.398587263449052,12.0,starter-role-runtime-state-v1
2024-08-21,547179,ESTABLISHED,85.95070846492365,95.0,21.62487438577454,27.0,15.050767896589072,21.0,starter-role-runtime-state-v1
2024-08-21,592791,ESTABLISHED,90.23306363857455,96.0,23.995204807711133,23.0,17.442781961371942,15.0,starter-role-runtime-state-v1
2024-08-21,605400,ESTABLISHED,96.7370262400166,100.0,24.92224481087277,26.0,17.948597102004243,16.0,starter-role-runtime-state-v1
2024-08-21,607259,ESTABLISHED,77.75094296677743,86.0,21.67174762875873,22.0,15.809474221751692,13.0,starter-role-runtime-state-v1
2024-08-21,608331,ESTABLISHED,95.12910115073552,91.0,24.08988613297544,24.0,16.78971724270329,21.0,starter-role-runtime-state-v1
2024-08-21,640455,ESTABLISHED,93.93199063087408,90.0,23.09175651961791,25.0,16.65925178231304,21.0,starter-role-runtime-state-v1
2024-08-21,657277,ESTABLISHED,100.53976002904139,93.0,26.722268800682023,27.0,19.758942383761827,24.0,starter-role-runtime-state-v1
2024-08-21,669302,ESTABLISHED,92.15237978381734,100.0,24.236812614785315,24.0,18.796072894578863,14.0,starter-role-runtime-state-v1
2024-08-21,676282,ESTABLISHED,83.48784170650599,88.0,19.434759313200693,20.0,13.19546319060301,12.0,starter-role-runtime-state-v1
2024-08-21,685299,ESTABLISHED,73.12220029882809,83.0,18.749741561948724,20.0,12.230868637293474,12.0,starter-role-runtime-state-v1
2024-08-22,543037,ESTABLISHED,92.54642704611553,95.0,23.34161005285211,23.0,17.238612719642013,18.0,starter-role-runtime-state-v1
2024-08-22,605488,ESTABLISHED,78.4168058241158,82.0,19.96514710635094,18.0,14.782144060357837,10.0,starter-role-runtime-state-v1
2024-08-22,615698,ESTABLISHED,93.34235050629285,84.0,22.768681735729146,19.0,15.034890810397158,15.0,starter-role-runtime-state-v1
2024-08-22,642547,ESTABLISHED,91.87849104254775,92.0,22.647683205151225,21.0,16.480120578939406,15.0,starter-role-runtime-state-v1
2024-08-22,650911,ESTABLISHED,89.93822460992993,95.0,25.009359181473272,27.0,18.30956907221001,18.0,starter-role-runtime-state-v1
2024-08-22,656302,RESTRICTED,85.8446003564997,106.0,21.30999253716884,28.0,16.31760120360952,19.0,starter-role-runtime-state-v1
2024-08-22,666157,ESTABLISHED,81.1361484639222,91.0,22.54176797836854,21.0,15.450308654565568,14.0,starter-role-runtime-state-v1
2024-08-22,668909,ESTABLISHED,85.22423034793161,98.0,21.14411245789275,20.0,14.441362220941706,13.0,starter-role-runtime-state-v1
2024-08-22,694973,ESTABLISHED,96.43857925223472,87.0,24.176851705324495,19.0,18.631573826707697,18.0,starter-role-runtime-state-v1
2024-08-23,519242,ESTABLISHED,97.91421512348158,99.0,24.012793511617904,28.0,17.964913952797247,21.0,starter-role-runtime-state-v1
2024-08-23,605135,ESTABLISHED,92.0223898726012,98.0,23.783074387268336,24.0,16.404813034503082,18.0,starter-role-runtime-state-v1
2024-08-23,607074,ESTABLISHED,98.88299410341526,102.0,22.230591057003007,23.0,15.451163304924766,18.0,starter-role-runtime-state-v1
2024-08-23,607536,ESTABLISHED,80.05623683826012,106.0,22.330630008297057,27.0,15.564306944924034,20.0,starter-role-runtime-state-v1
2024-08-23,608379,ESTABLISHED,90.88090665562348,94.0,24.062871055789095,24.0,17.79186158670188,18.0,starter-role-runtime-state-v1
2024-08-23,622491,ESTABLISHED,97.21945100826096,100.0,24.40121027765761,24.0,17.711524903147513,18.0,starter-role-runtime-state-v1
2024-08-23,669022,ESTABLISHED,93.78982731691684,88.0,22.914017029222958,24.0,14.502393354236427,18.0,starter-role-runtime-state-v1
2024-08-23,669467,ESTABLISHED,91.4885770770121,99.0,22.85053204540198,27.0,16.688907009264323,21.0,starter-role-runtime-state-v1
2024-08-23,672456,ESTABLISHED,85.26525256005847,88.0,22.58792923328837,22.0,16.571545559489206,15.0,starter-role-runtime-state-v1
2024-08-23,676440,ESTABLISHED,89.42760081943243,94.0,21.866646186891053,26.0,16.816137891783242,17.0,starter-role-runtime-state-v1
2024-08-23,686613,ESTABLISHED,95.68747602331129,107.0,23.68666058886385,24.0,17.35738313182539,18.0,starter-role-runtime-state-v1
2024-08-23,700249,ESTABLISHED,91.05888030071618,84.0,22.775235935430665,24.0,14.398690656725513,15.0,starter-role-runtime-state-v1
2024-08-24,543243,ESTABLISHED,91.34275324297103,99.0,24.461766621202845,26.0,17.7269243609383,18.0,starter-role-runtime-state-v1
2024-08-24,605483,ESTABLISHED,98.96241154987105,74.0,23.345509354654716,15.0,17.977226716701864,9.0,starter-role-runtime-state-v1
2024-08-24,624133,ESTABLISHED,87.88084562214237,72.0,24.325955560103623,19.0,17.163488940371018,15.0,starter-role-runtime-state-v1
2024-08-24,650633,ESTABLISHED,90.35943697675131,85.0,22.983175942239168,23.0,17.236446491582313,15.0,starter-role-runtime-state-v1
2024-08-24,656849,ESTABLISHED,90.76376936159463,96.0,23.665689139289142,29.0,16.66628332211455,22.0,starter-role-runtime-state-v1
2024-08-24,663623,ESTABLISHED,96.2837157470245,83.0,23.945210495352345,21.0,17.316064852308788,16.0,starter-role-runtime-state-v1
2024-08-24,663903,ESTABLISHED,93.68223018560316,100.0,24.19871631721719,25.0,17.265324398972936,15.0,starter-role-runtime-state-v1
2024-08-24,664285,ESTABLISHED,93.84406150855601,104.0,24.885113009535363,24.0,19.181142107155246,17.0,starter-role-runtime-state-v1
2024-08-24,669373,ESTABLISHED,94.26361708453975,88.0,24.893477068014832,22.0,18.908397983311588,15.0,starter-role-runtime-state-v1
2024-08-24,669923,ESTABLISHED,91.73945742570433,95.0,24.08949466086297,25.0,17.178831953620985,14.0,starter-role-runtime-state-v1
2024-08-24,671737,ESTABLISHED,89.83747011489557,99.0,22.970177332309042,25.0,16.50097125747214,18.0,starter-role-runtime-state-v1
2024-08-24,684007,ESTABLISHED,89.6046305366152,99.0,23.61299147147086,27.0,17.432844501779144,21.0,starter-role-runtime-state-v1
2024-08-24,701542,ESTABLISHED,94.53472313203942,76.0,22.149600531817676,18.0,14.669570411848346,9.0,starter-role-runtime-state-v1
2024-08-25,518876,ESTABLISHED,93.41157234640654,101.0,23.666606155722683,25.0,17.455220678646562,18.0,starter-role-runtime-state-v1
2024-08-25,527048,ESTABLISHED,85.9075932431035,79.0,22.803088622537118,18.0,15.833255455291638,11.0,starter-role-runtime-state-v1
2024-08-25,571510,RESTRICTED,71.06091367686727,80.0,18.878226656477064,22.0,13.991741556561921,18.0,starter-role-runtime-state-v1
2024-08-25,592332,ESTABLISHED,100.13912340543804,94.0,25.77585748599205,23.0,18.520801313087407,21.0,starter-role-runtime-state-v1
2024-08-25,592662,ESTABLISHED,81.1053644163627,62.0,18.779892090256865,13.0,12.910061008633768,9.0,starter-role-runtime-state-v1
2024-08-25,607259,ESTABLISHED,79.39384854763249,54.0,21.787046636777198,13.0,15.479223573183347,9.0,starter-role-runtime-state-v1
2024-08-25,607625,ESTABLISHED,94.83994453897962,94.0,26.02110994759497,27.0,18.827256062174285,16.0,starter-role-runtime-state-v1
2024-08-25,665152,ESTABLISHED,91.7148901604571,92.0,22.910922906448093,26.0,15.897506864791856,18.0,starter-role-runtime-state-v1
2024-08-25,674003,ESTABLISHED,87.77091499909545,85.0,21.666988818660286,23.0,15.842631714659026,18.0,starter-role-runtime-state-v1
2024-08-25,693433,RAMPING,80.6030826783762,94.0,21.63373221211001,25.0,16.43583114648589,21.0,starter-role-runtime-state-v1
2024-08-25,805673,ESTABLISHED,85.01870746352094,86.0,21.608744342258973,19.0,15.035449927865518,15.0,starter-role-runtime-state-v1
2024-08-26,554430,ESTABLISHED,97.15966430706744,97.0,24.28026069155279,25.0,18.511932179960603,18.0,starter-role-runtime-state-v1
2024-08-26,592791,ESTABLISHED,89.9441272356783,90.0,23.76851871299505,27.0,17.13594512393201,20.0,starter-role-runtime-state-v1
2024-08-26,608331,ESTABLISHED,94.83717456263962,73.0,24.111731944193544,20.0,17.281908529875974,15.0,starter-role-runtime-state-v1
2024-08-26,641927,ESTABLISHED,91.50266513942047,55.0,23.944664067747564,15.0,18.45382014688935,6.0,starter-role-runtime-state-v1
2024-08-26,663372,ESTABLISHED,76.99384522108824,71.0,20.957495976540557,22.0,14.787702757568299,15.0,starter-role-runtime-state-v1
2024-08-26,663436,ESTABLISHED,81.3854876707557,88.0,20.725534779223203,23.0,14.759262037640855,15.0,starter-role-runtime-state-v1
2024-08-26,665795,ESTABLISHED,86.06408405779314,102.0,20.727377957571946,23.0,14.334631002926331,16.0,starter-role-runtime-state-v1
2024-08-26,681190,ESTABLISHED,79.55745927986987,91.0,20.48637395318328,25.0,14.345655262487995,18.0,starter-role-runtime-state-v1
2024-08-26,682243,ESTABLISHED,87.70765452460907,91.0,22.21823012552255,23.0,16.818432323759758,21.0,starter-role-runtime-state-v1
2024-08-27,543037,ESTABLISHED,92.34112577411234,91.0,23.254086950026473,23.0,17.319176774011737,15.0,starter-role-runtime-state-v1
2024-08-27,547179,ESTABLISHED,89.70882728739201,28.0,22.503971579684034,7.0,15.772143687199755,5.0,starter-role-runtime-state-v1
2024-08-27,605400,ESTABLISHED,97.73767649528533,102.0,25.11649743951679,26.0,17.76444530098685,21.0,starter-role-runtime-state-v1
2024-08-27,605488,ESTABLISHED,79.28012811106144,79.0,19.610480261300925,17.0,13.895850375462365,15.0,starter-role-runtime-state-v1
2024-08-27,615698,ESTABLISHED,87.60388672202463,86.0,21.811729198160585,27.0,14.905727669403573,17.0,starter-role-runtime-state-v1
2024-08-27,640455,ESTABLISHED,92.77350366835306,103.0,23.206119039987676,25.0,17.097474997853432,20.0,starter-role-runtime-state-v1
2024-08-27,656302,ESTABLISHED,96.90944118529532,96.0,22.97383637427667,24.0,16.9026553773215,13.0,starter-role-runtime-state-v1
2024-08-27,657277,ESTABLISHED,99.77892189908158,110.0,26.743922497036614,23.0,20.208073915200238,15.0,starter-role-runtime-state-v1
2024-08-27,668909,ESTABLISHED,86.00462713442023,83.0,20.932058684151013,20.0,14.254620414828453,15.0,starter-role-runtime-state-v1
2024-08-27,669302,ESTABLISHED,94.03061802537583,97.0,24.337642690547177,22.0,18.29480407984019,18.0,starter-role-runtime-state-v1
2024-08-27,683003,ESTABLISHED,86.15592802991141,83.0,23.237709142736964,19.0,16.815250162645434,12.0,starter-role-runtime-state-v1
2024-08-27,694297,ESTABLISHED,87.06868933395718,98.0,24.23245661580497,24.0,17.870733230118006,14.0,starter-role-runtime-state-v1
2024-08-28,519242,ESTABLISHED,95.69529562034622,109.0,24.1620689914009,24.0,18.203743413463656,18.0,starter-role-runtime-state-v1
2024-08-28,593958,ESTABLISHED,89.053835380465,89.0,23.411889449672724,22.0,16.894025623996466,16.0,starter-role-runtime-state-v1
2024-08-28,605135,ESTABLISHED,90.86248478366898,102.0,23.590543972115686,27.0,16.51859514454101,20.0,starter-role-runtime-state-v1
2024-08-28,607074,ESTABLISHED,96.99301466948947,100.0,22.099251628410965,25.0,15.679118522198353,17.0,starter-role-runtime-state-v1
2024-08-28,607536,ESTABLISHED,85.05552399250605,91.0,23.126077925645,25.0,16.118811173263026,18.0,starter-role-runtime-state-v1
2024-08-28,608379,ESTABLISHED,89.45096267334004,100.0,23.847772757654667,29.0,17.746104838628614,18.0,starter-role-runtime-state-v1
2024-08-28,621111,ESTABLISHED,80.98631009715021,90.0,20.543148511265855,23.0,12.891831717615649,14.0,starter-role-runtime-state-v1
2024-08-28,622491,ESTABLISHED,95.64199828081975,97.0,24.1292826934817,24.0,17.671718583397908,17.0,starter-role-runtime-state-v1
2024-08-28,642547,ESTABLISHED,93.34625314078167,105.0,22.613698680087968,22.0,16.35421873124116,18.0,starter-role-runtime-state-v1
2024-08-28,656876,RESTRICTED,62.27540759858473,26.0,16.94595342024095,7.0,13.00826927017431,6.0,starter-role-runtime-state-v1
2024-08-28,669022,ESTABLISHED,89.28686234929214,102.0,22.625691665277703,26.0,14.80016699636273,18.0,starter-role-runtime-state-v1
2024-08-28,669467,ESTABLISHED,92.47867838819357,104.0,23.390489236769096,27.0,17.25633043122994,17.0,starter-role-runtime-state-v1
2024-08-28,676440,ESTABLISHED,89.36443995636782,99.0,22.23758594321918,25.0,16.819089057880582,15.0,starter-role-runtime-state-v1
2024-08-28,690986,ESTABLISHED,84.8296216817342,92.0,21.70728592285725,21.0,15.562307090824795,14.0,starter-role-runtime-state-v1
2024-08-28,694973,ESTABLISHED,94.0325543235375,82.0,23.352525012581268,21.0,18.53916826458333,15.0,starter-role-runtime-state-v1
2024-08-29,543243,ESTABLISHED,89.37978503900752,90.0,24.29454045506465,21.0,17.659958788283333,18.0,starter-role-runtime-state-v1
2024-08-29,650633,ESTABLISHED,88.66695936665633,103.0,22.856301341632523,24.0,16.946112746207636,13.0,starter-role-runtime-state-v1
2024-08-29,650911,ESTABLISHED,92.3113287996193,105.0,25.444896425629096,26.0,18.329538486010875,17.0,starter-role-runtime-state-v1
2024-08-29,656849,ESTABLISHED,91.99758127560673,88.0,24.29840339480647,26.0,17.25369223046127,21.0,starter-role-runtime-state-v1
2024-08-29,663903,ESTABLISHED,91.8254564169846,101.0,23.994134715651626,24.0,16.93057923632256,18.0,starter-role-runtime-state-v1
2024-08-29,672456,ESTABLISHED,85.0843540065595,89.0,22.428304512880615,21.0,16.311437471463048,15.0,starter-role-runtime-state-v1
2024-08-29,686613,ESTABLISHED,98.02215568830259,97.0,23.829955917109206,24.0,17.450008307485096,20.0,starter-role-runtime-state-v1
2024-08-29,700249,ESTABLISHED,89.38549234899871,87.0,22.900914742110253,21.0,14.477237212826289,10.0,starter-role-runtime-state-v1
2024-08-30,527048,ESTABLISHED,83.7195486112148,101.0,22.072452763362055,24.0,15.222855810368232,15.0,starter-role-runtime-state-v1
2024-08-30,592332,ESTABLISHED,97.20066343191924,103.0,25.208574504608045,24.0,18.74789946925497,17.0,starter-role-runtime-state-v1
2024-08-30,605483,ESTABLISHED,93.90736737917517,96.0,22.116405598900997,26.0,16.827408283047692,21.0,starter-role-runtime-state-v1
2024-08-30,607259,ESTABLISHED,73.91913101683448,89.0,20.361619818756033,23.0,14.573838887063522,16.0,starter-role-runtime-state-v1
2024-08-30,607625,ESTABLISHED,92.89547669797844,93.0,25.9116391402566,28.0,18.465562718535303,21.0,starter-role-runtime-state-v1
2024-08-30,624133,ESTABLISHED,84.7325353755549,78.0,23.55849028910799,18.0,16.89162182984993,12.0,starter-role-runtime-state-v1
2024-08-30,663554,ESTABLISHED,88.18458989307037,85.0,21.12493642770367,25.0,14.502728778898785,18.0,starter-role-runtime-state-v1
2024-08-30,663623,ESTABLISHED,94.08672005210879,103.0,23.5359904318146,25.0,17.153283478011623,14.0,starter-role-runtime-state-v1
2024-08-30,664285,ESTABLISHED,94.51242895463656,98.0,24.733102459230384,24.0,18.928360973955833,21.0,starter-role-runtime-state-v1
2024-08-30,669923,ESTABLISHED,92.07518522506817,82.0,24.175117499559505,24.0,16.80767772249714,17.0,starter-role-runtime-state-v1
2024-08-30,671737,ESTABLISHED,93.17519961655908,71.0,23.458346413069634,17.0,16.751193256272856,7.0,starter-role-runtime-state-v1
2024-08-30,684007,ESTABLISHED,91.21332119845079,96.0,24.062774470265207,23.0,17.858762305914375,18.0,starter-role-runtime-state-v1
2024-08-31,518876,ESTABLISHED,93.79216238239462,83.0,23.763739538665575,27.0,17.506917691488592,16.0,starter-role-runtime-state-v1
2024-08-31,554430,ESTABLISHED,95.81955261046505,96.0,24.206089412261235,26.0,18.411668822583835,21.0,starter-role-runtime-state-v1
2024-08-31,571510,RAMPING,80.38969409620776,90.0,20.184652971975233,21.0,14.745506032852305,18.0,starter-role-runtime-state-v1
2024-08-31,608331,ESTABLISHED,90.69009243327282,103.0,23.483043213114705,28.0,16.991273712590317,21.0,starter-role-runtime-state-v1
2024-08-31,663372,RESTRICTED,74.45789093564571,80.0,20.841007359245246,21.0,14.749825168726161,14.0,starter-role-runtime-state-v1
2024-08-31,663436,ESTABLISHED,81.85083030580424,90.0,21.14926148226703,21.0,14.78920705277634,15.0,starter-role-runtime-state-v1
2024-08-31,665152,ESTABLISHED,92.25254278854403,66.0,23.279228270966637,17.0,16.125917864981776,10.0,starter-role-runtime-state-v1
2024-08-31,665795,ESTABLISHED,85.62725183008781,98.0,20.74422083612254,24.0,14.44913103277819,16.0,starter-role-runtime-state-v1
2024-08-31,669358,ESTABLISHED,89.6662659878234,78.0,24.084291486342437,20.0,17.137974214349327,15.0,starter-role-runtime-state-v1
2024-08-31,669373,ESTABLISHED,92.21061107897654,98.0,24.408306751648023,27.0,18.42039193138183,24.0,starter-role-runtime-state-v1
2024-08-31,674003,ESTABLISHED,88.7979828151152,97.0,21.987936254747765,25.0,16.15823375315304,21.0,starter-role-runtime-state-v1
2024-08-31,681190,RAMPING,84.49654081209721,93.0,21.414816753281293,28.0,14.878781442342541,13.0,starter-role-runtime-state-v1
2024-08-31,693433,ESTABLISHED,81.90350578843119,69.0,21.98168150292743,24.0,16.91731100824719,19.0,starter-role-runtime-state-v1
2024-08-31,701542,ESTABLISHED,88.89448308486894,76.0,20.914189940589463,19.0,12.9393754715074,12.0,starter-role-runtime-state-v1
2024-08-31,805673,ESTABLISHED,85.38854286071074,69.0,20.59788146511032,17.0,15.033034116671129,6.0,starter-role-runtime-state-v1
2024-09-01,605400,ESTABLISHED,98.5480050142223,100.0,25.26203208581572,23.0,18.141882490748404,18.0,starter-role-runtime-state-v1
2024-09-01,640455,ESTABLISHED,94.83781076925963,96.0,23.502924627347195,24.0,17.431966743835094,21.0,starter-role-runtime-state-v1
2024-09-01,641927,ESTABLISHED,82.35888997152526,94.0,22.36094136824787,23.0,16.76119029676847,18.0,starter-role-runtime-state-v1
2024-09-01,656302,ESTABLISHED,97.2583641844094,84.0,23.137334262284966,20.0,16.502702900498754,15.0,starter-role-runtime-state-v1
2024-09-01,657277,ESTABLISHED,98.3572369586628,90.0,25.97819789880476,26.0,19.51093080230806,18.0,starter-role-runtime-state-v1
2024-09-01,680736,ESTABLISHED,80.86305588193788,99.0,19.920113562015842,29.0,15.045217364281333,16.0,starter-role-runtime-state-v1
2024-09-01,682243,ESTABLISHED,88.90886687991548,91.0,22.407009537782557,22.0,17.312288020961326,14.0,starter-role-runtime-state-v1
2024-09-01,694297,ESTABLISHED,89.20052283253516,98.0,24.31705873574341,27.0,17.46144283607844,17.0,starter-role-runtime-state-v1
2024-09-02,543037,ESTABLISHED,94.16771513933966,82.0,23.439417640959775,23.0,17.127506884305724,18.0,starter-role-runtime-state-v1
2024-09-02,592791,ESTABLISHED,90.82154843048386,89.0,24.2149897548868,26.0,17.477970045970054,21.0,starter-role-runtime-state-v1
2024-09-02,593958,ESTABLISHED,89.57518294252891,92.0,23.312740815818174,20.0,16.813293011426932,12.0,starter-role-runtime-state-v1
2024-09-02,608379,ESTABLISHED,90.45353632475897,85.0,24.37595440676555,20.0,17.77578917659347,15.0,starter-role-runtime-state-v1
2024-09-02,642547,ESTABLISHED,93.91241026043792,102.0,22.467567460231614,23.0,16.5030919037407,16.0,starter-role-runtime-state-v1
2024-09-02,668909,ESTABLISHED,89.3879254889002,98.0,21.226692883868083,24.0,14.453991315373475,21.0,starter-role-runtime-state-v1
2024-09-02,669302,ESTABLISHED,95.03675080366692,95.0,24.152572094459096,23.0,18.308176583032658,18.0,starter-role-runtime-state-v1
2024-09-02,669467,ESTABLISHED,93.69881355117869,100.0,23.825263605234316,24.0,17.2235474670961,15.0,starter-role-runtime-state-v1
2024-09-02,683003,ESTABLISHED,85.35330799216975,87.0,22.61791560726383,25.0,16.164529249748636,19.0,starter-role-runtime-state-v1
2024-09-03,519242,ESTABLISHED,98.06964951065444,93.0,24.24580952677789,27.0,18.212945761647724,21.0,starter-role-runtime-state-v1
2024-09-03,571927,ESTABLISHED,89.01432816364336,78.0,21.715147330589264,18.0,14.727123628131643,14.0,starter-role-runtime-state-v1
2024-09-03,605135,ESTABLISHED,95.09791203450908,92.0,24.313253534062973,27.0,16.993647989347576,16.0,starter-role-runtime-state-v1
2024-09-03,605488,ESTABLISHED,77.33354880473426,82.0,18.936494323781005,24.0,14.03898966871782,18.0,starter-role-runtime-state-v1
2024-09-03,607074,ESTABLISHED,97.46771109751012,99.0,22.437187567597963,22.0,15.84883825334695,18.0,starter-role-runtime-state-v1
2024-09-03,607536,ESTABLISHED,90.27623956118201,79.0,23.90428124442803,20.0,16.508589179541108,15.0,starter-role-runtime-state-v1
2024-09-03,621111,ESTABLISHED,85.12309109513845,83.0,21.225164308706756,21.0,13.139347846655973,15.0,starter-role-runtime-state-v1
2024-09-03,622491,ESTABLISHED,97.39943321997612,99.0,24.290231478648096,25.0,17.63994807571602,21.0,starter-role-runtime-state-v1
2024-09-03,656849,ESTABLISHED,91.50528473407562,89.0,24.47477827137505,25.0,17.662154311775268,18.0,starter-role-runtime-state-v1
2024-09-03,663903,ESTABLISHED,93.3388034721202,99.0,24.053587029709192,24.0,17.07035186262691,17.0,starter-role-runtime-state-v1
2024-09-03,663969,ESTABLISHED,78.26409026623875,36.0,22.003333029036526,10.0,15.080204863097679,2.0,starter-role-runtime-state-v1
2024-09-03,672282,ESTABLISHED,90.82269553351159,100.0,22.8354226307496,23.0,15.230326932752213,18.0,starter-role-runtime-state-v1
2024-09-03,676440,ESTABLISHED,94.23655999713608,91.0,22.9506585050713,24.0,16.748447014131507,18.0,starter-role-runtime-state-v1
2024-09-03,690986,ESTABLISHED,89.93609114511578,73.0,22.11045370115813,16.0,15.52215579421765,8.0,starter-role-runtime-state-v1
2024-09-03,694973,ESTABLISHED,92.23626157489966,100.0,23.030856953703534,23.0,18.080470014356347,15.0,starter-role-runtime-state-v1
2024-09-03,700249,ESTABLISHED,86.98272901638263,98.0,22.36523678901694,27.0,13.723824470039899,22.0,starter-role-runtime-state-v1
2024-09-04,543243,ESTABLISHED,91.14889807697409,99.0,24.100994781277393,26.0,17.75846951247413,21.0,starter-role-runtime-state-v1
2024-09-04,607259,ESTABLISHED,75.4682636509049,107.0,20.654423564473127,26.0,14.741872221692642,17.0,starter-role-runtime-state-v1
2024-09-04,607625,ESTABLISHED,93.63652977539766,103.0,26.227022579519584,24.0,18.770607740676965,21.0,starter-role-runtime-state-v1
2024-09-04,650911,ESTABLISHED,94.18405090302758,96.0,25.57352076239113,27.0,18.201723842290228,21.0,starter-role-runtime-state-v1
2024-09-04,669022,ESTABLISHED,93.24193018856711,93.0,23.26657678273805,20.0,15.209118729928903,18.0,starter-role-runtime-state-v1
2024-09-04,669923,ESTABLISHED,89.25666458241366,85.0,23.947216918320184,23.0,16.772078478598964,18.0,starter-role-runtime-state-v1
2024-09-04,672456,ESTABLISHED,86.58659796813548,71.0,22.322250057769544,22.0,16.14994696119952,13.0,starter-role-runtime-state-v1
2024-09-04,684007,ESTABLISHED,91.95706147086555,95.0,23.95618190587735,25.0,17.8800392385728,21.0,starter-role-runtime-state-v1
2024-09-05,518876,ESTABLISHED,91.23518480041425,94.0,23.938071693001504,27.0,17.305256056595944,21.0,starter-role-runtime-state-v1
2024-09-05,527048,ESTABLISHED,87.45527177095067,80.0,22.509858869511717,24.0,15.276525835886757,19.0,starter-role-runtime-state-v1
2024-09-05,605483,ESTABLISHED,92.41658560514445,42.0,22.334918157618596,8.0,17.204819887224104,3.0,starter-role-runtime-state-v1
2024-09-05,624133,ESTABLISHED,82.02862028972751,82.0,22.661957001183733,19.0,16.251717286868157,15.0,starter-role-runtime-state-v1
2024-09-05,663554,ESTABLISHED,87.34614772006809,83.0,21.534985276966694,22.0,14.919395966291328,16.0,starter-role-runtime-state-v1
2024-09-05,663623,ESTABLISHED,95.0371898955357,87.0,23.703602679615013,24.0,16.824153777395658,15.0,starter-role-runtime-state-v1
2024-09-05,671737,ESTABLISHED,88.24201091264855,100.0,22.450674446613938,27.0,15.507931359232423,21.0,starter-role-runtime-state-v1
2024-09-05,674003,ESTABLISHED,87.78584432805833,90.0,22.129898887826755,22.0,16.682374389600337,18.0,starter-role-runtime-state-v1
2024-09-05,686613,ESTABLISHED,98.1323291594774,97.0,23.865878394119456,23.0,17.726705046344158,18.0,starter-role-runtime-state-v1
2024-09-05,693433,ESTABLISHED,77.18091482522057,88.0,21.76929901144178,23.0,17.002833579890897,15.0,starter-role-runtime-state-v1
2024-09-06,554430,ESTABLISHED,97.46359730584624,84.0,24.579064727672993,21.0,18.74182779650486,18.0,starter-role-runtime-state-v1
2024-09-06,571510,RAMPING,82.41323992040454,87.0,20.38391397357251,22.0,15.169417699346408,18.0,starter-role-runtime-state-v1
2024-09-06,592332,ESTABLISHED,99.71182873916617,109.0,25.283615053507305,26.0,18.598929855499268,18.0,starter-role-runtime-state-v1
2024-09-06,608331,ESTABLISHED,93.62010811064,104.0,24.153760916773972,29.0,17.471864810605425,21.0,starter-role-runtime-state-v1
2024-09-06,640455,ESTABLISHED,93.60523228524224,97.0,23.42215906887308,24.0,17.791080866354886,20.0,starter-role-runtime-state-v1
2024-09-06,650633,ESTABLISHED,91.71294195521342,100.0,23.150435704276852,25.0,16.56267076084019,18.0,starter-role-runtime-state-v1
2024-09-06,663372,RESTRICTED,75.72292053122389,95.0,20.940450440811652,23.0,14.690910441157897,18.0,starter-role-runtime-state-v1
2024-09-06,663436,ESTABLISHED,85.93645373044582,86.0,21.376918245103507,24.0,14.90801443650607,18.0,starter-role-runtime-state-v1
2024-09-06,664285,ESTABLISHED,94.39550210259823,96.0,24.60101744040002,25.0,19.164223508599804,21.0,starter-role-runtime-state-v1
2024-09-06,665152,ESTABLISHED,87.8722025858479,88.0,22.432547353313335,23.0,15.397054652741204,18.0,starter-role-runtime-state-v1
2024-09-06,669358,ESTABLISHED,85.94954885258491,103.0,23.16409222880855,22.0,16.71735040556565,18.0,starter-role-runtime-state-v1
2024-09-06,669373,ESTABLISHED,93.93876642934444,96.0,24.817976136829532,24.0,19.068911271230384,17.0,starter-role-runtime-state-v1
2024-09-06,682243,ESTABLISHED,87.88472022444488,94.0,22.21205551486741,22.0,16.89731983426087,18.0,starter-role-runtime-state-v1
2024-09-06,694297,ESTABLISHED,89.51522199655996,88.0,24.53679403632863,23.0,17.40651492178575,14.0,starter-role-runtime-state-v1
2024-09-06,805673,ESTABLISHED,80.39744473981193,89.0,19.52803227129585,25.0,12.255828463438618,15.0,starter-role-runtime-state-v1
2024-09-07,593958,ESTABLISHED,91.84705615502024,88.0,23.14474224801694,23.0,16.317944388437205,12.0,starter-role-runtime-state-v1
2024-09-07,605400,ESTABLISHED,98.42337913165554,101.0,24.97066094539788,25.0,18.127665403304984,14.0,starter-role-runtime-state-v1
2024-09-07,641927,ESTABLISHED,83.70214301758375,83.0,22.438090166374774,23.0,16.91285178608242,21.0,starter-role-runtime-state-v1
2024-09-07,656302,ESTABLISHED,97.41065027818772,102.0,22.95483866011877,25.0,16.402944651049793,18.0,starter-role-runtime-state-v1
2024-09-07,657277,ESTABLISHED,97.75454639506549,84.0,26.02940860074332,27.0,19.362430318421623,18.0,starter-role-runtime-state-v1
2024-09-07,668909,ESTABLISHED,89.68115584191617,37.0,21.46570119941675,7.0,15.155898207116886,2.0,starter-role-runtime-state-v1
2024-09-07,669302,ESTABLISHED,91.89304875035093,101.0,23.661521531797224,27.0,18.1703190938021,24.0,starter-role-runtime-state-v1
2024-09-08,519242,ESTABLISHED,96.16564623311392,113.0,24.38823765617773,23.0,18.481435242645517,18.0,starter-role-runtime-state-v1
2024-09-08,543037,ESTABLISHED,92.05017731074484,99.0,23.310330197800717,23.0,17.21188111028754,18.0,starter-role-runtime-state-v1
2024-09-08,592791,ESTABLISHED,90.00516676705529,97.0,24.331484760873916,25.0,17.835304722903288,18.0,starter-role-runtime-state-v1
2024-09-08,607536,ESTABLISHED,86.98677103190556,89.0,23.209567758376224,22.0,16.2771218104061,18.0,starter-role-runtime-state-v1
2024-09-08,608379,ESTABLISHED,90.91368088359087,91.0,23.989241692385015,23.0,17.495778244498368,21.0,starter-role-runtime-state-v1
2024-09-08,622491,ESTABLISHED,95.72206618655753,59.0,24.162374084679314,15.0,17.937982665045197,9.0,starter-role-runtime-state-v1
2024-09-08,642547,ESTABLISHED,98.96305444881988,86.0,22.960761616700854,23.0,16.570009773712478,14.0,starter-role-runtime-state-v1
2024-09-08,665795,ESTABLISHED,89.03381834717227,97.0,21.317764531156122,24.0,14.682879519135831,21.0,starter-role-runtime-state-v1
2024-09-08,669372,ESTABLISHED,77.05279759219538,83.0,21.422816949195237,24.0,16.54303277688767,15.0,starter-role-runtime-state-v1
2024-09-08,676440,ESTABLISHED,92.01139885031523,94.0,22.852254238437467,21.0,16.829401371667377,15.0,starter-role-runtime-state-v1
2024-09-08,683003,ESTABLISHED,85.37307845667698,92.0,22.88228876136774,25.0,16.506474985162864,21.0,starter-role-runtime-state-v1
2024-09-09,607074,ESTABLISHED,98.92562403126884,98.0,22.51447457124638,26.0,16.118605705730978,18.0,starter-role-runtime-state-v1
2024-09-09,607259,ESTABLISHED,79.7916558205458,97.0,21.38722510617314,24.0,15.05152964752548,21.0,starter-role-runtime-state-v1
2024-09-09,621111,ESTABLISHED,84.08770217387296,86.0,21.10973753611915,23.0,13.391126127891553,15.0,starter-role-runtime-state-v1
2024-09-09,650911,ESTABLISHED,92.57943879102045,94.0,25.5072414243118,23.0,18.446497944670043,18.0,starter-role-runtime-state-v1
2024-09-09,663903,ESTABLISHED,95.2742473254843,92.0,24.191978989317604,22.0,17.084534970612367,15.0,starter-role-runtime-state-v1
2024-09-09,672282,ESTABLISHED,94.43921531501621,97.0,23.149946031890316,24.0,15.629737170318256,18.0,starter-role-runtime-state-v1
2024-09-09,676282,RAMPING,84.85731307494201,99.0,19.606187969729874,23.0,12.847173394348339,21.0,starter-role-runtime-state-v1
2024-09-09,694973,ESTABLISHED,94.02235030228063,98.0,23.12027953552583,24.0,17.731153158841835,18.0,starter-role-runtime-state-v1
2024-09-09,700249,ESTABLISHED,87.56938094337598,76.0,22.90296557565721,21.0,14.845657340112785,14.0,starter-role-runtime-state-v1
2024-09-10,605135,ESTABLISHED,96.93666000636188,101.0,24.853612208458358,26.0,16.95847977483443,18.0,starter-role-runtime-state-v1
2024-09-10,607625,ESTABLISHED,96.9178933076634,105.0,26.243905146380257,24.0,19.11104136840009,21.0,starter-role-runtime-state-v1
2024-09-10,624133,ESTABLISHED,81.26059245351604,88.0,22.146923867679693,29.0,16.102125841490796,16.0,starter-role-runtime-state-v1
2024-09-10,656849,ESTABLISHED,90.45478048242589,76.0,24.431289509962472,24.0,17.661201993942772,13.0,starter-role-runtime-state-v1
2024-09-10,669022,ESTABLISHED,93.69666542080192,79.0,22.940670307486286,23.0,15.558577394722242,11.0,starter-role-runtime-state-v1
2024-09-10,669387,OPENER_LIKE,60.0,27.0,10.0,6.0,6.0,6.0,starter-role-runtime-state-v1
2024-09-10,669467,ESTABLISHED,96.02845250363087,88.0,24.0154955577594,25.0,16.980411288392723,15.0,starter-role-runtime-state-v1
2024-09-10,669923,ESTABLISHED,88.90550594914721,97.0,23.855028156743238,22.0,16.91900364288496,15.0,starter-role-runtime-state-v1
2024-09-10,671737,ESTABLISHED,89.28712518997443,90.0,22.909002746764394,26.0,16.091715627185042,18.0,starter-role-runtime-state-v1
2024-09-10,672456,ESTABLISHED,83.2124603505096,96.0,22.140199208265216,27.0,15.66801859617538,27.0,starter-role-runtime-state-v1
2024-09-10,684007,ESTABLISHED,93.22083304447449,89.0,24.182373404391,26.0,18.26484669682074,21.0,starter-role-runtime-state-v1
2024-09-10,695076,ESTABLISHED,78.47780895052271,84.0,21.81327564740191,18.0,15.532586410960043,15.0,starter-role-runtime-state-v1
2024-09-10,808967,ESTABLISHED,81.53725142913937,59.0,21.201514771286902,15.0,15.860428128695071,12.0,starter-role-runtime-state-v1
2024-09-11,518876,ESTABLISHED,92.74017116489931,68.0,24.407705606880093,18.0,17.746022535137723,12.0,starter-role-runtime-state-v1
2024-09-11,554430,ESTABLISHED,93.34580448073247,103.0,23.87562881102783,26.0,18.57280661844035,18.0,starter-role-runtime-state-v1
2024-09-11,571510,RAMPING,82.4170117649967,95.0,20.517810401642123,23.0,15.486668142214704,13.0,starter-role-runtime-state-v1
2024-09-11,605483,ESTABLISHED,83.55020108198399,95.0,20.257968174516417,21.0,15.26998556806152,15.0,starter-role-runtime-state-v1
2024-09-11,608331,ESTABLISHED,93.73349401941007,94.0,24.562753549755094,27.0,17.82828774722071,18.0,starter-role-runtime-state-v1
2024-09-11,640455,ESTABLISHED,95.05679333885774,109.0,23.611221093577903,27.0,18.079096841165835,20.0,starter-role-runtime-state-v1
2024-09-11,650633,ESTABLISHED,93.4381533654201,90.0,23.46790811955482,22.0,16.776494071425393,15.0,starter-role-runtime-state-v1
2024-09-11,663436,ESTABLISHED,84.67738505908271,72.0,21.72768207745073,15.0,15.460469843766724,9.0,starter-role-runtime-state-v1
2024-09-11,663554,ESTABLISHED,85.35078798666675,66.0,21.42938961996368,21.0,15.007563837103426,14.0,starter-role-runtime-state-v1
2024-09-11,663623,ESTABLISHED,93.57622253794345,84.0,23.66024778750786,21.0,16.5967402605189,18.0,starter-role-runtime-state-v1
2024-09-11,665152,ESTABLISHED,85.3528229140938,103.0,22.203370082853308,28.0,15.59171017103187,21.0,starter-role-runtime-state-v1
2024-09-11,669358,ESTABLISHED,87.3527765070164,78.0,22.80739038686724,20.0,16.875819198019464,16.0,starter-role-runtime-state-v1
2024-09-11,674003,ESTABLISHED,86.642245413948,59.0,21.947935280683843,20.0,16.79072847562903,11.0,starter-role-runtime-state-v1
2024-09-11,685299,ESTABLISHED,74.2888311686195,67.0,18.916011424509616,19.0,12.169236213850176,10.0,starter-role-runtime-state-v1
2024-09-11,686613,ESTABLISHED,97.67921631531915,97.0,23.72774007038507,26.0,17.734481187716206,15.0,starter-role-runtime-state-v1
2024-09-11,693433,ESTABLISHED,79.89937962603305,89.0,22.10308110186712,23.0,16.86399811892323,20.0,starter-role-runtime-state-v1
2024-09-11,805673,ESTABLISHED,81.39420715064311,61.0,20.693725656239145,17.0,12.899342733214528,10.0,starter-role-runtime-state-v1
2024-09-12,543243,ESTABLISHED,92.366776047361,91.0,24.34893893495385,22.0,18.12338351000806,18.0,starter-role-runtime-state-v1
2024-09-12,663372,ESTABLISHED,84.37943239027607,92.0,21.952876020744828,22.0,15.27144985712748,17.0,starter-role-runtime-state-v1
2024-09-12,664285,ESTABLISHED,95.97762761615832,96.0,24.805594762121792,26.0,19.39515029373136,19.0,starter-role-runtime-state-v1
2024-09-12,668909,ESTABLISHED,78.11792840716352,90.0,19.07524587921949,24.0,13.227495846413397,16.0,starter-role-runtime-state-v1
2024-09-12,669373,ESTABLISHED,93.60712374926251,84.0,24.662815311786837,22.0,18.816076051681087,18.0,starter-role-runtime-state-v1
2024-09-12,682243,ESTABLISHED,89.54010620099909,84.0,22.298087536270984,22.0,17.04746576561022,18.0,starter-role-runtime-state-v1
2024-09-13,592332,ESTABLISHED,101.04857487653743,104.0,25.38904415918024,31.0,18.543216772039045,21.0,starter-role-runtime-state-v1
2024-09-13,593958,ESTABLISHED,91.58385015691366,90.0,23.151185503438537,22.0,15.845215938556596,15.0,starter-role-runtime-state-v1
2024-09-13,594798,RESTRICTED,69.14744307742855,61.0,18.274809193532978,16.0,14.89823034983176,11.0,starter-role-runtime-state-v1
2024-09-13,605400,ESTABLISHED,98.58190623802155,90.0,24.9558629362872,21.0,17.65878152376082,13.0,starter-role-runtime-state-v1
2024-09-13,641927,ESTABLISHED,83.41774473846382,90.0,22.477355587826757,27.0,17.359922093314538,20.0,starter-role-runtime-state-v1
2024-09-13,642547,ESTABLISHED,95.64962066590142,103.0,22.7669110627823,23.0,16.226562174829148,15.0,starter-role-runtime-state-v1
2024-09-13,656302,ESTABLISHED,92.99665207986277,97.0,22.641044832051,23.0,16.42578183020795,18.0,starter-role-runtime-state-v1
2024-09-13,657277,ESTABLISHED,95.39556446941545,83.0,26.030715639150444,20.0,19.184845493884342,12.0,starter-role-runtime-state-v1
2024-09-13,665795,ESTABLISHED,89.63438471360804,100.0,21.592218680116737,22.0,15.366504891355977,18.0,starter-role-runtime-state-v1
2024-09-13,676106,ESTABLISHED,82.64689157768841,90.0,21.191205689322622,24.0,14.583384075833177,15.0,starter-role-runtime-state-v1
2024-09-13,676440,ESTABLISHED,92.34695693393772,91.0,22.640926296510187,25.0,16.614371124544963,18.0,starter-role-runtime-state-v1
2024-09-14,453286,RESTRICTED,76.26981062891696,73.0,20.223152850289672,19.0,15.127033623513361,12.0,starter-role-runtime-state-v1
2024-09-14,519242,ESTABLISHED,100.45361367918457,96.0,24.496412284816834,23.0,18.511119784926834,18.0,starter-role-runtime-state-v1
2024-09-14,543037,ESTABLISHED,92.92130701078004,68.0,23.28861159573411,22.0,17.305826896758575,13.0,starter-role-runtime-state-v1
2024-09-14,592791,ESTABLISHED,90.46732174156395,85.0,24.370440510192793,24.0,17.847608086638925,18.0,starter-role-runtime-state-v1
2024-09-14,607259,ESTABLISHED,86.56008397747158,76.0,22.262589956208764,22.0,15.9009161234472,18.0,starter-role-runtime-state-v1
2024-09-14,607536,ESTABLISHED,85.14334743281731,95.0,22.820492743642724,29.0,16.39797122920764,21.0,starter-role-runtime-state-v1
2024-09-14,608379,ESTABLISHED,91.06770741698612,93.0,23.900310977152373,22.0,17.900645419418048,15.0,starter-role-runtime-state-v1
2024-09-14,656876,RESTRICTED,60.0,28.0,15.84077962835094,7.0,12.127582788856607,6.0,starter-role-runtime-state-v1
2024-09-14,669302,ESTABLISHED,94.29652886091829,97.0,24.1854735408789,25.0,18.844274332648176,18.0,starter-role-runtime-state-v1
2024-09-14,669372,ESTABLISHED,80.03784193391985,71.0,22.46678050910226,20.0,16.02716617906398,12.0,starter-role-runtime-state-v1
2024-09-14,676282,ESTABLISHED,87.19137882056914,78.0,20.32402580588829,18.0,14.770098678160503,15.0,starter-role-runtime-state-v1
2024-09-14,694297,ESTABLISHED,90.87746730407149,58.0,24.542333209223198,14.0,17.075159475301305,5.0,starter-role-runtime-state-v1
2024-09-15,527048,ESTABLISHED,86.56508390947394,69.0,22.65467858984343,18.0,15.681606660235435,15.0,starter-role-runtime-state-v1
2024-09-15,607074,ESTABLISHED,98.74756335518632,88.0,22.869679177844574,24.0,16.324029389012722,16.0,starter-role-runtime-state-v1
2024-09-15,615698,ESTABLISHED,89.21954372404035,69.0,22.538169656452826,17.0,15.198605268571677,7.0,starter-role-runtime-state-v1
2024-09-15,621111,ESTABLISHED,85.20731145216266,97.0,21.46544291081215,26.0,13.638498419735967,18.0,starter-role-runtime-state-v1
2024-09-15,650911,ESTABLISHED,93.50758111211593,87.0,25.307374819316685,27.0,18.421814906531427,21.0,starter-role-runtime-state-v1
2024-09-15,656849,ESTABLISHED,85.46872419310242,99.0,23.96168245622549,28.0,17.012884348426873,23.0,starter-role-runtime-state-v1
2024-09-15,663903,ESTABLISHED,94.75330375039381,89.0,23.916227388474233,25.0,16.83450859662873,15.0,starter-role-runtime-state-v1
2024-09-15,669022,ESTABLISHED,90.53085316051043,93.0,22.772719527396156,22.0,15.006885257250921,18.0,starter-role-runtime-state-v1
2024-09-15,669923,ESTABLISHED,88.74656808343315,85.0,23.530601805919908,21.0,16.692355090490523,21.0,starter-role-runtime-state-v1
2024-09-15,671737,ESTABLISHED,88.19199251464187,99.0,23.102292289295267,21.0,16.273929983728177,13.0,starter-role-runtime-state-v1
2024-09-15,672456,ESTABLISHED,84.121555556537,63.0,22.686535704182898,20.0,17.111039800746177,15.0,starter-role-runtime-state-v1
2024-09-15,683003,ESTABLISHED,87.4916906277917,97.0,23.295635307198054,20.0,17.09354901812551,12.0,starter-role-runtime-state-v1
2024-09-15,695076,ESTABLISHED,80.09861906278546,77.0,20.260238809664017,22.0,15.341403921263716,16.0,starter-role-runtime-state-v1
2024-09-15,700249,ESTABLISHED,85.9510036445823,89.0,22.640575002771172,19.0,14.729819398022379,15.0,starter-role-runtime-state-v1
2024-09-16,518876,ESTABLISHED,85.73618205163712,83.0,23.203675091650314,22.0,16.95884656850598,18.0,starter-role-runtime-state-v1
2024-09-16,571510,ESTABLISHED,82.35280387421754,64.0,20.642841005687547,16.0,15.155249678329614,8.0,starter-role-runtime-state-v1
2024-09-16,607625,ESTABLISHED,99.38714032552518,96.0,26.164450613244036,24.0,19.38657842093645,14.0,starter-role-runtime-state-v1
2024-09-16,608331,ESTABLISHED,96.56814552330376,98.0,25.13596766386818,23.0,17.938365374196866,18.0,starter-role-runtime-state-v1
2024-09-16,624133,ESTABLISHED,85.19447671233897,104.0,23.22004335258268,22.0,16.23259342750908,15.0,starter-role-runtime-state-v1
2024-09-16,640455,ESTABLISHED,96.01002559691396,85.0,23.934358427042994,25.0,18.299468715195246,21.0,starter-role-runtime-state-v1
2024-09-16,663623,ESTABLISHED,91.50229752417883,94.0,23.24328752769655,26.0,16.734251635449006,22.0,starter-role-runtime-state-v1
2024-09-16,669467,ESTABLISHED,93.64188573337486,100.0,23.97431349672972,26.0,16.68524224903613,21.0,starter-role-runtime-state-v1
2024-09-16,672282,ESTABLISHED,94.63283709380404,100.0,23.24087251550887,26.0,15.892202892843258,16.0,starter-role-runtime-state-v1
2024-09-16,684007,ESTABLISHED,91.63382940468811,99.0,24.24917288153432,26.0,18.527442016741787,18.0,starter-role-runtime-state-v1
2024-09-16,694973,ESTABLISHED,96.09725060450674,102.0,23.401914369402707,22.0,17.81961437249116,18.0,starter-role-runtime-state-v1
2024-09-16,808967,RESTRICTED,76.63686808724066,72.0,20.161036569042274,17.0,15.301868556215576,12.0,starter-role-runtime-state-v1
2024-09-17,554430,ESTABLISHED,96.3623566412668,99.0,24.32859868539191,24.0,18.57437267907775,21.0,starter-role-runtime-state-v1
2024-09-17,605135,ESTABLISHED,98.17803901667236,80.0,25.073860088882952,23.0,17.101530950795322,11.0,starter-role-runtime-state-v1
2024-09-17,605483,ESTABLISHED,85.119358299649,98.0,20.382898147102004,21.0,15.250794549888806,18.0,starter-role-runtime-state-v1
2024-09-17,650633,ESTABLISHED,95.48973058728507,87.0,23.595908670766633,27.0,16.678435568702383,21.0,starter-role-runtime-state-v1
2024-09-17,656550,RAMPING,85.01065782655405,78.0,23.707241845572078,19.0,16.560863855903982,12.0,starter-role-runtime-state-v1
2024-09-17,663372,RAMPING,85.96185214374934,93.0,22.043021652771124,27.0,15.489087242153271,20.0,starter-role-runtime-state-v1
2024-09-17,663436,ESTABLISHED,81.97039957970348,87.0,20.368337738251363,22.0,14.20893536825745,15.0,starter-role-runtime-state-v1
2024-09-17,663554,ESTABLISHED,81.1641271166624,89.0,21.171098792837718,21.0,14.825601336676225,13.0,starter-role-runtime-state-v1
2024-09-17,668909,ESTABLISHED,79.09700298842122,89.0,19.563555524792907,22.0,13.525053375824307,15.0,starter-role-runtime-state-v1
2024-09-17,669358,ESTABLISHED,85.3050066723339,96.0,22.306590334537674,24.0,16.72840085694275,21.0,starter-role-runtime-state-v1
2024-09-17,686613,ESTABLISHED,96.27779643391762,95.0,23.817850755443757,24.0,17.38950203796231,18.0,starter-role-runtime-state-v1
2024-09-17,693433,ESTABLISHED,80.3046776177746,94.0,22.13242716612041,24.0,17.18481739789705,14.0,starter-role-runtime-state-v1
2024-09-17,805673,ESTABLISHED,75.46971296819943,76.0,19.74444089517897,19.0,12.226005116436756,14.0,starter-role-runtime-state-v1
2024-09-18,543243,ESTABLISHED,92.11145862284557,90.0,24.064995247830602,26.0,18.107137314276454,17.0,starter-role-runtime-state-v1
2024-09-18,593958,ESTABLISHED,88.60275717282282,94.0,22.704883164837373,25.0,15.670919284331266,19.0,starter-role-runtime-state-v1
2024-09-18,605400,ESTABLISHED,94.39798557370463,97.0,24.140407813493002,25.0,17.016117610359778,21.0,starter-role-runtime-state-v1
2024-09-18,641927,ESTABLISHED,88.31891931388864,101.0,23.439605828730866,25.0,17.80042978351325,21.0,starter-role-runtime-state-v1
2024-09-18,642547,ESTABLISHED,95.8491354363024,91.0,22.731798749863163,19.0,16.074061739433425,15.0,starter-role-runtime-state-v1
2024-09-18,656302,ESTABLISHED,91.79108858701628,103.0,22.49513432836938,28.0,16.551384227903533,25.0,starter-role-runtime-state-v1
2024-09-18,664285,ESTABLISHED,95.68676757676563,94.0,24.892861381803908,28.0,19.334032707120425,21.0,starter-role-runtime-state-v1
2024-09-18,665152,ESTABLISHED,89.33325885784281,86.0,23.058639362675294,25.0,16.231450837678846,18.0,starter-role-runtime-state-v1
2024-09-18,669373,ESTABLISHED,92.9182851718422,95.0,24.407336197639474,21.0,18.744881636315004,15.0,starter-role-runtime-state-v1
2024-09-18,669620,ESTABLISHED,79.51250567916368,93.0,21.326764335048694,22.0,16.891514077003134,14.0,starter-role-runtime-state-v1
2024-09-18,674003,ESTABLISHED,81.4415820076397,90.0,21.516131615560155,26.0,15.999332537752352,21.0,starter-role-runtime-state-v1
2024-09-18,676440,ESTABLISHED,90.5857576174296,96.0,22.70047086289873,27.0,16.701610447538066,20.0,starter-role-runtime-state-v1
2024-09-18,677960,ESTABLISHED,80.5720834541724,74.0,21.0670399900371,22.0,15.468022556578319,13.0,starter-role-runtime-state-v1
2024-09-18,682243,ESTABLISHED,88.13547158435547,106.0,22.188336867650342,23.0,17.140760321182206,18.0,starter-role-runtime-state-v1
2024-09-19,519242,ESTABLISHED,97.5350701086403,93.0,24.06460152828618,21.0,18.38371588099067,15.0,starter-role-runtime-state-v1
2024-09-19,592332,ESTABLISHED,102.44607327968028,58.0,26.089474973519778,16.0,18.846019703832717,15.0,starter-role-runtime-state-v1
2024-09-19,657277,ESTABLISHED,91.96766531020943,96.0,25.086885695499603,21.0,18.276954603073232,15.0,starter-role-runtime-state-v1
2024-09-19,665795,ESTABLISHED,92.4220320928772,73.0,21.80461265808539,17.0,15.69730048379487,7.0,starter-role-runtime-state-v1
2024-09-19,669302,ESTABLISHED,92.90936648883931,97.0,24.075840922531214,25.0,18.689757730641364,16.0,starter-role-runtime-state-v1
2024-09-19,676282,ESTABLISHED,85.8880814853018,86.0,19.889250230609747,19.0,14.858521023119069,13.0,starter-role-runtime-state-v1
2024-09-19,694297,ESTABLISHED,81.82561468333763,104.0,22.6649456480108,23.0,15.39864564669873,21.0,starter-role-runtime-state-v1
2024-09-20,543037,ESTABLISHED,88.13394897715177,99.0,22.92564167259119,29.0,16.758387200592328,27.0,starter-role-runtime-state-v1
2024-09-20,592791,ESTABLISHED,89.66590610580187,80.0,24.30597668439674,23.0,17.846321604433562,18.0,starter-role-runtime-state-v1
2024-09-20,594798,RESTRICTED,67.1129759170365,58.0,17.782353901452197,13.0,14.101589958754088,9.0,starter-role-runtime-state-v1
2024-09-20,607259,ESTABLISHED,86.25280462025779,78.0,22.343126631944195,20.0,16.177903833053463,18.0,starter-role-runtime-state-v1
2024-09-20,607536,ESTABLISHED,85.05400317890815,86.0,23.32664370302956,25.0,16.840537969171837,18.0,starter-role-runtime-state-v1
2024-09-20,608379,ESTABLISHED,90.39812652466844,96.0,23.584116879801616,23.0,17.54427865866298,17.0,starter-role-runtime-state-v1
2024-09-20,650911,ESTABLISHED,89.61697533512738,98.0,25.085218684119717,22.0,18.58056288903246,15.0,starter-role-runtime-state-v1
2024-09-20,656849,ESTABLISHED,87.43509229549366,64.0,24.453670665145673,19.0,17.66946537112863,11.0,starter-role-runtime-state-v1
2024-09-20,669372,RAMPING,77.2815014808511,78.0,21.72861691348426,18.0,14.813974346290161,15.0,starter-role-runtime-state-v1
2024-09-20,669923,ESTABLISHED,88.37229520239028,85.0,23.24409930576087,22.0,17.197929350229195,18.0,starter-role-runtime-state-v1
2024-09-21,518876,ESTABLISHED,85.08585783592778,72.0,23.032215400328422,16.0,17.070116243845266,15.0,starter-role-runtime-state-v1
2024-09-21,527048,ESTABLISHED,84.2670695123377,81.0,22.090824200281823,22.0,15.608607020218242,16.0,starter-role-runtime-state-v1
2024-09-21,571510,RAMPING,77.59320004214308,88.0,19.80207060855038,19.0,14.179184752825519,12.0,starter-role-runtime-state-v1
2024-09-21,607074,ESTABLISHED,97.13259511236193,90.0,22.94599206640559,22.0,16.275511122228682,18.0,starter-role-runtime-state-v1
2024-09-21,608331,ESTABLISHED,96.59019769006123,100.0,24.87629109392324,24.0,17.939312756960824,18.0,starter-role-runtime-state-v1
2024-09-21,615698,ESTABLISHED,84.58495130889484,100.0,21.650377895448635,24.0,14.172363944731917,14.0,starter-role-runtime-state-v1
2024-09-21,621111,ESTABLISHED,86.27168938580509,89.0,22.006838752125333,24.0,14.200463685234858,16.0,starter-role-runtime-state-v1
2024-09-21,624133,ESTABLISHED,89.75657129625138,91.0,23.36576642451479,23.0,16.176953642338248,15.0,starter-role-runtime-state-v1
2024-09-21,640455,ESTABLISHED,94.31449453085668,89.0,23.98801691453489,24.0,18.5743548883192,21.0,starter-role-runtime-state-v1
2024-09-21,663903,ESTABLISHED,92.7922438900132,88.0,23.875886191285623,24.0,16.57802686619648,16.0,starter-role-runtime-state-v1
2024-09-21,669022,ESTABLISHED,90.51044745049319,94.0,22.653385811467658,24.0,15.326384523525668,21.0,starter-role-runtime-state-v1
2024-09-21,671737,ESTABLISHED,94.03156462486481,103.0,23.380443205269586,23.0,16.052228374215154,15.0,starter-role-runtime-state-v1
2024-09-21,672282,ESTABLISHED,95.10136640877127,66.0,23.532665112670553,17.0,15.905382860205512,6.0,starter-role-runtime-state-v1
2024-09-21,676106,ESTABLISHED,85.78070723082803,79.0,21.82186003948555,20.0,14.713698716597081,15.0,starter-role-runtime-state-v1
2024-09-21,683003,ESTABLISHED,89.97610234558519,90.0,23.006061415984338,24.0,16.488694643616522,15.0,starter-role-runtime-state-v1
2024-09-21,694738,ESTABLISHED,71.20748298540838,87.0,18.459865991256763,21.0,15.000702991678548,15.0,starter-role-runtime-state-v1
2024-09-21,695076,ESTABLISHED,80.00148539913138,87.0,20.838118226206582,23.0,15.557781608378232,15.0,starter-role-runtime-state-v1
2024-09-21,700249,ESTABLISHED,86.9526784339036,89.0,22.17013203626428,20.0,14.798157247666701,15.0,starter-role-runtime-state-v1
2024-09-22,554430,ESTABLISHED,95.39408912905424,94.0,24.154751145335943,28.0,18.801988719556764,21.0,starter-role-runtime-state-v1
2024-09-22,605483,ESTABLISHED,86.02860095546127,88.0,20.406217375791087,21.0,15.538382633699493,18.0,starter-role-runtime-state-v1
2024-09-22,607625,ESTABLISHED,98.65361040014412,89.0,25.884411112946122,25.0,18.764372171128297,21.0,starter-role-runtime-state-v1
2024-09-22,656550,ESTABLISHED,81.92965377491927,62.0,22.32053722089737,16.0,15.343425953048076,12.0,starter-role-runtime-state-v1
2024-09-22,663623,ESTABLISHED,92.18760881261166,83.0,23.580377079797188,18.0,17.311547872058448,12.0,starter-role-runtime-state-v1
2024-09-22,668909,ESTABLISHED,79.03844819793957,86.0,19.70891048843955,22.0,13.65778390053724,17.0,starter-role-runtime-state-v1
2024-09-22,669358,ESTABLISHED,87.43369985180902,83.0,22.623106219602906,24.0,17.35873790943716,18.0,starter-role-runtime-state-v1
2024-09-22,669467,ESTABLISHED,94.19188248233506,85.0,24.1930594398232,23.0,17.2026414174268,21.0,starter-role-runtime-state-v1
2024-09-22,684007,ESTABLISHED,91.84100067705666,94.0,24.371823821327894,26.0,18.44548173283843,21.0,starter-role-runtime-state-v1
2024-09-22,693433,ESTABLISHED,83.20898893007875,82.0,22.516443593165,25.0,16.889290196679177,18.0,starter-role-runtime-state-v1
2024-09-22,694973,ESTABLISHED,99.1790200645231,73.0,23.482528483220193,18.0,17.922627644719622,15.0,starter-role-runtime-state-v1
2024-09-22,805673,ESTABLISHED,74.8737278540465,87.0,19.517355786068308,18.0,12.561418985666702,14.0,starter-role-runtime-state-v1
2024-09-22,808967,RESTRICTED,75.47521414889283,79.0,19.68103887169176,17.0,14.849190717289167,9.0,starter-role-runtime-state-v1
2024-09-23,593958,ESTABLISHED,88.6979151832742,103.0,22.899663703920176,24.0,16.0236502361833,14.0,starter-role-runtime-state-v1
2024-09-23,605135,ESTABLISHED,93.33405916174173,88.0,24.516962750012286,23.0,16.306614450276726,13.0,starter-role-runtime-state-v1
2024-09-23,605400,ESTABLISHED,94.81590868910862,102.0,24.251452946631154,26.0,17.471217670812187,18.0,starter-role-runtime-state-v1
2024-09-23,682243,ESTABLISHED,89.9580018956782,97.0,22.264389016047687,25.0,17.228874914007008,21.0,starter-role-runtime-state-v1
2024-09-23,686613,ESTABLISHED,95.72646342022259,103.0,23.799469861098736,23.0,17.462544065230198,18.0,starter-role-runtime-state-v1
2024-09-24,641927,ESTABLISHED,92.02581998449591,89.0,23.89614086961424,25.0,18.238610414542393,15.0,starter-role-runtime-state-v1
2024-09-24,650633,ESTABLISHED,92.87787500405946,95.0,23.768000141123146,20.0,17.098358925884224,15.0,starter-role-runtime-state-v1
2024-09-24,657277,ESTABLISHED,91.89365773744503,95.0,24.555662971545242,22.0,17.894198105147897,18.0,starter-role-runtime-state-v1
2024-09-24,663372,ESTABLISHED,88.6691074877954,85.0,22.804758706604566,24.0,16.051514416876042,18.0,starter-role-runtime-state-v1
2024-09-24,664285,ESTABLISHED,95.38810048607223,90.0,25.19479094598535,26.0,19.49847319227738,17.0,starter-role-runtime-state-v1
2024-09-24,665152,ESTABLISHED,91.73034544208441,83.0,23.583888343029287,19.0,16.515484717572033,15.0,starter-role-runtime-state-v1
2024-09-24,669302,ESTABLISHED,93.40396665042532,94.0,24.18190512874618,24.0,18.40612008451106,18.0,starter-role-runtime-state-v1
2024-09-24,669373,ESTABLISHED,92.3310498426798,103.0,23.909940902931666,23.0,18.2873043689423,21.0,starter-role-runtime-state-v1
2024-09-24,676440,ESTABLISHED,92.30044812979304,88.0,23.281187103254,26.0,17.100135369471992,21.0,starter-role-runtime-state-v1
2024-09-24,677960,ESTABLISHED,78.65490737997943,82.0,21.026516717543632,23.0,15.143994213059937,15.0,starter-role-runtime-state-v1
2024-09-24,694297,ESTABLISHED,84.34899181173425,62.0,22.732089163305506,16.0,16.031187319613874,8.0,starter-role-runtime-state-v1
2024-09-25,547179,ESTABLISHED,77.94847823987779,28.0,20.218658930694335,9.0,14.441595731317399,7.0,starter-role-runtime-state-v1
2024-09-25,592332,ESTABLISHED,93.95856169767964,93.0,24.592706188943566,25.0,18.396617071481522,18.0,starter-role-runtime-state-v1
2024-09-25,642547,ESTABLISHED,94.47745353165215,96.0,22.21685224667945,20.0,15.932750630330373,16.0,starter-role-runtime-state-v1
2024-09-25,650911,ESTABLISHED,90.60413680626371,94.0,24.722299409291775,22.0,18.166260311745894,14.0,starter-role-runtime-state-v1
2024-09-25,656302,ESTABLISHED,96.63836664428825,97.0,23.48029286149262,23.0,17.567711300136622,15.0,starter-role-runtime-state-v1
2024-09-25,663436,ESTABLISHED,82.29988117130978,85.0,20.583250216864613,18.0,14.327245375439585,11.0,starter-role-runtime-state-v1
2024-09-25,665795,ESTABLISHED,87.32248707911866,79.0,20.936133748712294,22.0,14.568768003027092,15.0,starter-role-runtime-state-v1
2024-09-25,669620,ESTABLISHED,85.39719538318104,54.0,21.68659462979746,16.0,15.85668288971895,9.0,starter-role-runtime-state-v1
2024-09-25,669923,ESTABLISHED,88.51509376838462,96.0,23.162354969557818,24.0,17.307853518120798,18.0,starter-role-runtime-state-v1
2024-09-25,672456,ESTABLISHED,80.15256538559868,55.0,22.20744264313349,14.0,16.792973066138256,8.0,starter-role-runtime-state-v1
2024-09-25,674003,ESTABLISHED,82.23187485841545,90.0,22.003186612991847,21.0,16.571165244070677,11.0,starter-role-runtime-state-v1
2024-09-26,543037,ESTABLISHED,91.2579953534302,101.0,23.78676977899994,23.0,17.90297321320908,20.0,starter-role-runtime-state-v1
2024-09-26,607536,ESTABLISHED,86.13944236574946,85.0,23.630740646141867,23.0,17.00204715649822,13.0,starter-role-runtime-state-v1
2024-09-26,608379,ESTABLISHED,91.85587917169667,83.0,23.620098588687974,22.0,17.515426726710807,15.0,starter-role-runtime-state-v1
2024-09-26,621111,ESTABLISHED,86.09980043520105,71.0,22.20158125151307,20.0,14.417363874776541,15.0,starter-role-runtime-state-v1
2024-09-26,669372,ESTABLISHED,77.4678842308761,68.0,20.738102270926074,22.0,14.884867937158774,16.0,starter-role-runtime-state-v1
2024-09-26,677958,ESTABLISHED,72.39625850729581,73.0,16.998183533527495,21.0,10.41354184939481,14.0,starter-role-runtime-state-v1
2024-09-27,518876,ESTABLISHED,83.05650622667174,99.0,22.135962574586813,27.0,16.85730456190418,17.0,starter-role-runtime-state-v1
2024-09-27,592791,ESTABLISHED,87.83523328446832,89.0,24.07862411318044,25.0,17.862010832195736,21.0,starter-role-runtime-state-v1
2024-09-27,594798,RESTRICTED,64.58208772733013,53.0,16.78105857337218,15.0,13.113788630148992,12.0,starter-role-runtime-state-v1
2024-09-27,607074,ESTABLISHED,95.05256500533727,95.0,22.709600805632398,21.0,16.443914141414286,16.0,starter-role-runtime-state-v1
2024-09-27,607259,ESTABLISHED,81.96891025398278,95.0,21.667453201786884,27.0,16.28039449667346,24.0,starter-role-runtime-state-v1
2024-09-27,608331,ESTABLISHED,97.37065236398398,98.0,24.829091246173157,30.0,17.974091279169446,26.0,starter-role-runtime-state-v1
2024-09-27,615698,ESTABLISHED,87.95042342645763,73.0,22.110090494693903,18.0,14.227732271707382,10.0,starter-role-runtime-state-v1
2024-09-27,624133,ESTABLISHED,91.975565503452,59.0,23.568603384336974,15.0,16.124531586306986,6.0,starter-role-runtime-state-v1
2024-09-27,640455,ESTABLISHED,93.94446664629406,91.0,24.022660653001058,21.0,18.870239982548007,11.0,starter-role-runtime-state-v1
2024-09-27,663903,ESTABLISHED,91.04216116109468,98.0,23.748757089635035,26.0,16.490844213114386,18.0,starter-role-runtime-state-v1
2024-09-27,671737,ESTABLISHED,94.88325883400437,71.0,23.321630634909106,22.0,15.92509214484512,18.0,starter-role-runtime-state-v1
2024-09-27,672282,ESTABLISHED,89.08684664442684,95.0,22.499955150047178,24.0,14.650516427257456,15.0,starter-role-runtime-state-v1
2024-09-27,676282,ESTABLISHED,86.13305842219347,93.0,19.734424181528922,20.0,14.49430099094629,11.0,starter-role-runtime-state-v1
2024-09-27,683003,ESTABLISHED,90.91868911968294,85.0,23.2331989193233,20.0,16.346412532421077,13.0,starter-role-runtime-state-v1
2024-09-27,693433,ESTABLISHED,82.49869051229344,76.0,22.707846160463,19.0,16.985895443885823,15.0,starter-role-runtime-state-v1
2024-09-27,694738,ESTABLISHED,77.21594117529672,97.0,19.439052878879494,22.0,15.034049939100711,11.0,starter-role-runtime-state-v1
2024-09-27,700249,ESTABLISHED,86.12060347319812,79.0,21.744747370679026,20.0,14.796166404479413,17.0,starter-role-runtime-state-v1
2024-09-28,554430,ESTABLISHED,98.01915273392882,97.0,24.882160254281295,23.0,19.140075980389163,19.0,starter-role-runtime-state-v1
2024-09-28,593958,ESTABLISHED,92.1031575346333,62.0,23.235254197186173,20.0,15.866275733542478,14.0,starter-role-runtime-state-v1
2024-09-28,607625,ESTABLISHED,96.20968850740475,36.0,25.632389472207137,8.0,18.98777681789712,6.0,starter-role-runtime-state-v1
2024-09-28,669022,ESTABLISHED,90.87449385207822,91.0,22.79936078144715,21.0,15.9419015060271,18.0,starter-role-runtime-state-v1
2024-09-28,669358,ESTABLISHED,86.26411580162912,86.0,22.74260936959781,23.0,17.424674620084943,18.0,starter-role-runtime-state-v1
2024-09-28,669467,ESTABLISHED,91.54518704199107,74.0,23.868735818068764,21.0,17.624499810212814,15.0,starter-role-runtime-state-v1
2024-09-28,676106,ESTABLISHED,83.52189969210802,93.0,21.414074044434415,24.0,14.713708480941865,16.0,starter-role-runtime-state-v1
2024-09-28,680732,ESTABLISHED,86.06916099513612,84.0,21.464795191959688,19.0,16.60151806615588,15.0,starter-role-runtime-state-v1
2024-09-28,681190,ESTABLISHED,87.30721652212745,96.0,22.349577487303584,23.0,14.764732314871708,18.0,starter-role-runtime-state-v1
2024-09-28,694973,ESTABLISHED,93.45442171201454,23.0,22.557582810303124,6.0,17.50688582065312,6.0,starter-role-runtime-state-v1
2024-09-28,695076,ESTABLISHED,81.81627643140658,91.0,21.37837813155536,21.0,15.434394304497925,15.0,starter-role-runtime-state-v1
2024-09-28,805673,ESTABLISHED,77.91952152993271,80.0,19.320882509797777,19.0,12.855578260425238,9.0,starter-role-runtime-state-v1
2024-09-28,808967,ESTABLISHED,77.74808952474237,71.0,19.53016585549176,18.0,14.138141460421826,15.0,starter-role-runtime-state-v1
2024-09-29,527048,ESTABLISHED,82.02585187854237,64.0,21.851628713386035,20.0,15.576514622132638,11.0,starter-role-runtime-state-v1
2024-09-29,605400,ESTABLISHED,96.91446692164725,96.0,24.602298848750497,23.0,17.58905831765224,15.0,starter-role-runtime-state-v1
2024-09-29,641927,ESTABLISHED,91.14035830853182,74.0,23.95642036270958,20.0,17.868978233419146,15.0,starter-role-runtime-state-v1
2024-09-29,656849,ESTABLISHED,84.55486634088331,95.0,23.829250154599308,24.0,16.892222874095626,21.0,starter-role-runtime-state-v1
2024-09-29,663372,ESTABLISHED,84.87049439745107,81.0,22.53039377432627,21.0,16.14439359775256,18.0,starter-role-runtime-state-v1
2024-09-29,663623,ESTABLISHED,91.41425002715316,66.0,22.953150086667222,21.0,16.709549756712654,13.0,starter-role-runtime-state-v1
2024-09-29,669302,ESTABLISHED,92.77763296465585,76.0,24.075075016864545,18.0,18.332221463431587,17.0,starter-role-runtime-state-v1
2024-09-29,677960,RESTRICTED,77.40808355155346,97.0,21.049316578333812,24.0,15.072823293347716,19.0,starter-role-runtime-state-v1
2024-09-29,694297,ESTABLISHED,79.66305966141522,79.0,21.726956848863434,20.0,15.038695142157483,16.0,starter-role-runtime-state-v1
2024-09-29,700241,ESTABLISHED,89.09001135832733,91.0,23.03630587434347,29.0,17.728698646032125,24.0,starter-role-runtime-state-v1
2024-09-30,656550,ESTABLISHED,78.1053602388825,53.0,20.98575537025032,14.0,14.65560461783743,12.0,starter-role-runtime-state-v1
2025-03-18,684007,ESTABLISHED,92.06778455991187,69.0,24.5477237954321,16.0,18.724800303097414,12.0,starter-role-runtime-state-v1
2025-03-18,808967,ESTABLISHED,80.63843104929747,72.0,19.760710133983054,19.0,14.380998532035372,15.0,starter-role-runtime-state-v1
2025-03-27,519242,ESTABLISHED,98.35028332992138,84.0,23.8572887247556,22.0,18.048783832246848,15.0,starter-role-runtime-state-v1
2025-03-27,543243,ESTABLISHED,91.45921625371709,77.0,24.213170649259887,20.0,17.966903022918913,15.0,starter-role-runtime-state-v1
2025-03-27,554430,ESTABLISHED,97.2262241528999,97.0,24.587188004058156,20.0,19.10978899801609,18.0,starter-role-runtime-state-v1
2025-03-27,605483,ESTABLISHED,94.41904987773928,92.0,21.310513575126116,24.0,16.06468743337082,15.0,starter-role-runtime-state-v1
2025-03-27,607074,ESTABLISHED,94.89768769105423,89.0,22.49869682117222,22.0,16.393246004159273,16.0,starter-role-runtime-state-v1
2025-03-27,642547,ESTABLISHED,95.54611422088335,93.0,22.056044222680285,20.0,15.973852382559333,15.0,starter-role-runtime-state-v1
2025-03-27,645261,ESTABLISHED,99.95879229365195,91.0,27.81296624934819,20.0,20.403428162132172,14.0,starter-role-runtime-state-v1
2025-03-27,650633,ESTABLISHED,91.9619159138634,76.0,23.194159465101727,16.0,16.82674573404055,8.0,starter-role-runtime-state-v1
2025-03-27,657277,ESTABLISHED,94.56088827748177,78.0,24.532321920212738,22.0,17.983538271997812,15.0,starter-role-runtime-state-v1
2025-03-27,664285,ESTABLISHED,93.41062410403424,90.0,25.111228338164345,26.0,19.18114531970787,21.0,starter-role-runtime-state-v1
2025-03-27,669022,ESTABLISHED,92.16109277488499,93.0,22.737898217125476,18.0,16.206532687890565,18.0,starter-role-runtime-state-v1
2025-03-27,669302,ESTABLISHED,90.4415531423416,83.0,23.326053668678064,23.0,18.218681278816675,21.0,starter-role-runtime-state-v1
2025-03-27,669373,ESTABLISHED,94.32043338595295,80.0,23.888220748473003,22.0,18.61470655328742,15.0,starter-role-runtime-state-v1
2025-03-27,680732,ESTABLISHED,85.28125466271203,73.0,20.51992366264932,22.0,16.00017377023579,18.0,starter-role-runtime-state-v1
2025-03-27,694973,RESTRICTED,79.46363504281635,94.0,20.052344524638833,20.0,16.13126255527342,16.0,starter-role-runtime-state-v1
2025-03-28,518876,ESTABLISHED,88.83115061536886,85.0,23.13612867394053,23.0,17.035083574068963,16.0,starter-role-runtime-state-v1
2025-03-28,592332,ESTABLISHED,92.22681110221308,97.0,24.453465287305896,22.0,18.31078848684608,18.0,starter-role-runtime-state-v1
2025-03-28,592791,ESTABLISHED,87.30527975191931,80.0,24.10091920201947,22.0,18.17915464711755,13.0,starter-role-runtime-state-v1
2025-03-28,605488,ESTABLISHED,78.41404537659922,83.0,19.725341423468066,21.0,14.663535073835604,18.0,starter-role-runtime-state-v1
2025-03-28,607536,ESTABLISHED,86.73507746076149,67.0,23.6494733790854,20.0,16.584794265616548,18.0,starter-role-runtime-state-v1
2025-03-28,622491,ESTABLISHED,89.57672057955334,83.0,22.91337507868717,21.0,16.836262780546562,15.0,starter-role-runtime-state-v1
2025-03-28,656302,ESTABLISHED,96.75640669662212,93.0,23.430287360717653,19.0,17.27887257460415,13.0,starter-role-runtime-state-v1
2025-03-28,686613,ESTABLISHED,97.18221935461526,96.0,23.780631654364146,23.0,17.543424864725523,18.0,starter-role-runtime-state-v1
2025-03-28,808967,ESTABLISHED,81.32989432445531,91.0,19.871430437540738,22.0,14.523045093964878,15.0,starter-role-runtime-state-v1
2025-03-29,453286,ESTABLISHED,79.14800185030504,45.0,20.472097218776483,11.0,14.88820802755383,9.0,starter-role-runtime-state-v1
2025-03-29,607625,ESTABLISHED,83.9167367685994,86.0,22.88059091147324,20.0,17.322998087222444,15.0,starter-role-runtime-state-v1
2025-03-29,608331,ESTABLISHED,96.43799516750737,94.0,25.243537822005045,29.0,18.785682414555627,14.0,starter-role-runtime-state-v1
2025-03-29,621111,ESTABLISHED,83.86681693016867,80.0,21.890713738524205,21.0,14.494314050296765,13.0,starter-role-runtime-state-v1
2025-03-29,641816,ESTABLISHED,78.1181656636026,61.0,19.048354380742772,11.0,13.80997993999214,5.0,starter-role-runtime-state-v1
2025-03-29,663623,ESTABLISHED,86.8226789208829,83.0,22.554391896535193,22.0,16.236134765616,15.0,starter-role-runtime-state-v1
2025-03-29,665152,ESTABLISHED,91.31481591954618,81.0,23.10393006454326,23.0,16.357792843994215,16.0,starter-role-runtime-state-v1
2025-03-29,666157,ESTABLISHED,82.82686343303487,86.0,22.43157481875566,23.0,15.30619421996096,18.0,starter-role-runtime-state-v1
2025-03-29,666200,ESTABLISHED,87.45879320145488,95.0,22.655271404025413,22.0,16.667539226031593,15.0,starter-role-runtime-state-v1
2025-03-29,667755,ESTABLISHED,83.54439726953534,73.0,21.920715903989667,23.0,15.781449931817374,21.0,starter-role-runtime-state-v1
2025-03-29,668909,ESTABLISHED,87.96418044264279,74.0,20.833394472394602,19.0,14.257221678286033,15.0,starter-role-runtime-state-v1
2025-03-29,681190,ESTABLISHED,88.34762552726686,92.0,22.42474395419435,23.0,15.13396314915266,18.0,starter-role-runtime-state-v1
2025-03-29,682243,ESTABLISHED,92.15201118927796,90.0,22.722868882102638,24.0,17.69221658752595,17.0,starter-role-runtime-state-v1
2025-03-29,684007,ESTABLISHED,88.26397365986632,91.0,23.38677030442222,26.0,17.89960392903259,21.0,starter-role-runtime-state-v1
2025-03-29,694297,ESTABLISHED,83.88581713743775,78.0,22.049313450358433,25.0,15.316006024973438,18.0,starter-role-runtime-state-v1
2025-03-30,571510,ESTABLISHED,79.89476220585614,92.0,19.825607321580563,22.0,13.955194432794872,15.0,starter-role-runtime-state-v1
2025-03-30,592662,RESTRICTED,75.74462586292063,78.0,17.52060395521419,20.0,12.162703624292705,16.0,starter-role-runtime-state-v1
2025-03-30,593958,ESTABLISHED,87.59168929359882,85.0,22.779568018932682,21.0,15.639924748423947,16.0,starter-role-runtime-state-v1
2025-03-30,594798,RESTRICTED,64.17072838654896,73.0,16.668622790928687,20.0,12.98974013122405,15.0,starter-role-runtime-state-v1
2025-03-30,605135,ESTABLISHED,91.38590291199472,106.0,24.179600604708618,27.0,15.877023258236427,18.0,starter-role-runtime-state-v1
2025-03-30,605400,ESTABLISHED,97.83062291976086,95.0,24.541020382940125,23.0,17.34309312063326,16.0,starter-role-runtime-state-v1
2025-03-30,607259,ESTABLISHED,81.1191008189815,83.0,21.98203474814998,23.0,17.045806842459267,18.0,starter-role-runtime-state-v1
2025-03-30,608379,ESTABLISHED,90.34060900692823,87.0,23.379408460664532,18.0,17.218410924815377,12.0,starter-role-runtime-state-v1
2025-03-30,641927,ESTABLISHED,86.74367632660001,77.0,23.228837789592163,19.0,17.476040913760436,8.0,starter-role-runtime-state-v1
2025-03-30,663372,RAMPING,83.54973212143793,83.0,22.25425583292671,20.0,16.31890962645431,15.0,starter-role-runtime-state-v1
2025-03-30,663436,ESTABLISHED,82.29446918633933,91.0,20.10280755297079,23.0,13.768695513963124,18.0,starter-role-runtime-state-v1
2025-03-30,669467,ESTABLISHED,88.60887485237195,78.0,23.433710640310217,21.0,17.274264224120635,15.0,starter-role-runtime-state-v1
2025-03-30,671737,ESTABLISHED,91.25560238526603,78.0,23.079635839522894,23.0,16.147343138233445,18.0,starter-role-runtime-state-v1
2025-03-30,676440,ESTABLISHED,91.30276277076831,84.0,23.498824849940867,20.0,17.495500724019326,17.0,starter-role-runtime-state-v1
2025-03-30,693433,ESTABLISHED,82.24816775507844,76.0,22.333283074681738,23.0,16.782236520667496,18.0,starter-role-runtime-state-v1
2025-03-30,700363,ESTABLISHED,81.91419349982739,77.0,18.59729321706608,21.0,13.414090641214433,12.0,starter-role-runtime-state-v1
2025-03-31,527048,ESTABLISHED,78.44929975168367,93.0,21.46566082266211,22.0,15.013650563271455,18.0,starter-role-runtime-state-v1
2025-03-31,615698,ESTABLISHED,85.21826826221132,90.0,21.53570255380032,21.0,13.728167214191956,12.0,starter-role-runtime-state-v1
2025-03-31,647336,ESTABLISHED,81.18730715042085,83.0,21.14302005282818,21.0,14.509060707118827,15.0,starter-role-runtime-state-v1
2025-03-31,650911,ESTABLISHED,92.19277385743611,93.0,24.549189274115978,22.0,17.73841965004643,16.0,starter-role-runtime-state-v1
2025-03-31,656550,RESTRICTED,69.36729685669654,89.0,19.154391891162618,19.0,14.071210268414358,12.0,starter-role-runtime-state-v1
2025-03-31,656794,ESTABLISHED,71.08786845865707,64.0,16.093478049314584,18.0,10.477325942075336,12.0,starter-role-runtime-state-v1
2025-03-31,656849,ESTABLISHED,88.19567930524276,89.0,24.167375127854278,25.0,17.45107872810216,18.0,starter-role-runtime-state-v1
2025-03-31,656876,RESTRICTED,60.0,70.0,15.084347055658082,17.0,11.446832289171844,15.0,starter-role-runtime-state-v1
2025-03-31,663903,ESTABLISHED,92.5286271492353,92.0,24.080600272116737,24.0,16.693363591827666,21.0,starter-role-runtime-state-v1
2025-03-31,669387,OPENER_LIKE,60.0,66.0,10.0,19.0,6.0,11.0,starter-role-runtime-state-v1
2025-03-31,676106,ESTABLISHED,83.9965229727465,39.0,21.663986884047695,9.0,14.860412325978821,2.0,starter-role-runtime-state-v1
2025-03-31,677958,ESTABLISHED,72.6267342346637,74.0,18.40555686663952,18.0,11.707623556340444,9.0,starter-role-runtime-state-v1
2025-03-31,700249,ESTABLISHED,85.64200136851265,94.0,21.570616439599526,20.0,15.109378446314123,13.0,starter-role-runtime-state-v1
2025-04-01,519242,ESTABLISHED,92.41650596292521,87.0,23.181307653952445,21.0,17.57554186090155,15.0,starter-role-runtime-state-v1
2025-04-01,547179,RESTRICTED,68.3177545285218,97.0,18.61140834264925,24.0,13.562833760008347,16.0,starter-role-runtime-state-v1
2025-04-01,645261,ESTABLISHED,96.32045119657876,70.0,26.52346412761542,18.0,19.549206546133256,15.0,starter-role-runtime-state-v1
2025-04-01,650633,ESTABLISHED,87.31526075253046,88.0,22.030606868685346,19.0,15.687404003075887,15.0,starter-role-runtime-state-v1
2025-04-01,657277,ESTABLISHED,92.45468265137637,100.0,24.231606131960575,23.0,17.64958252991545,21.0,starter-role-runtime-state-v1
2025-04-01,663554,ESTABLISHED,82.27547003107402,82.0,21.170503828830455,20.0,14.609036857453997,17.0,starter-role-runtime-state-v1
2025-04-01,669160,RESTRICTED,73.95572605876512,81.0,19.1495125479843,18.0,14.93954537758674,15.0,starter-role-runtime-state-v1
2025-04-01,669302,ESTABLISHED,86.9754542459377,92.0,22.983375986007474,21.0,18.440027104831234,15.0,starter-role-runtime-state-v1
2025-04-01,669358,ESTABLISHED,87.48227644315274,96.0,22.924409791094043,23.0,17.54517461147422,18.0,starter-role-runtime-state-v1
2025-04-01,669461,OPENER_LIKE,71.78596726336679,77.0,18.346418186888492,22.0,12.283800701514417,18.0,starter-role-runtime-state-v1
2025-04-01,669713,RAMPING,79.82032394871705,88.0,20.976735058436155,21.0,14.36330809117564,15.0,starter-role-runtime-state-v1
2025-04-01,701542,ESTABLISHED,85.56096505513514,85.0,20.435487065817924,19.0,12.708364488450785,15.0,starter-role-runtime-state-v1
2025-04-02,543243,ESTABLISHED,87.84057485092956,88.0,23.493222374435447,25.0,17.55682085111198,18.0,starter-role-runtime-state-v1
2025-04-02,554430,ESTABLISHED,96.92076590869466,105.0,24.006821833988482,24.0,18.985597303995988,21.0,starter-role-runtime-state-v1
2025-04-02,592791,ESTABLISHED,84.84227706880527,94.0,23.672877341463042,25.0,17.533052394915753,18.0,starter-role-runtime-state-v1
2025-04-02,605483,ESTABLISHED,93.68836985497035,80.0,21.55277987627256,22.0,15.939736373326593,12.0,starter-role-runtime-state-v1
2025-04-02,605488,ESTABLISHED,78.33068025012925,82.0,19.829128162760096,19.0,15.134731663178105,9.0,starter-role-runtime-state-v1
2025-04-02,607074,ESTABLISHED,94.7329170249831,96.0,22.485944605587747,23.0,16.35290403036107,18.0,starter-role-runtime-state-v1
2025-04-02,607536,ESTABLISHED,80.87394188453638,90.0,22.79770312900916,29.0,16.644102846597907,20.0,starter-role-runtime-state-v1
2025-04-02,622491,ESTABLISHED,86.19637212099008,92.0,22.405851327867644,28.0,16.548332708059966,21.0,starter-role-runtime-state-v1
2025-04-02,642547,ESTABLISHED,94.66437170907155,97.0,21.76659452339792,26.0,15.842758099054114,24.0,starter-role-runtime-state-v1
2025-04-02,656302,ESTABLISHED,94.58307696186004,92.0,22.702774191817277,24.0,16.716812575473725,19.0,starter-role-runtime-state-v1
2025-04-02,664285,ESTABLISHED,92.84710859822263,88.0,25.18219681441291,23.0,19.366765291387622,15.0,starter-role-runtime-state-v1
2025-04-02,669022,ESTABLISHED,92.99830108134715,95.0,22.243316658515425,26.0,16.47296553063509,15.0,starter-role-runtime-state-v1
2025-04-02,669373,ESTABLISHED,92.40311380897587,93.0,23.66428971050876,25.0,18.208981164199535,17.0,starter-role-runtime-state-v1
2025-04-02,680732,ESTABLISHED,81.5437393199258,77.0,20.912236383714212,21.0,16.57077925910134,13.0,starter-role-runtime-state-v1
2025-04-02,693821,ESTABLISHED,87.99356759653867,70.0,22.77242834466474,17.0,15.07500518179239,12.0,starter-role-runtime-state-v1
2025-04-02,694738,RAMPING,83.23033343489934,83.0,20.23895813779208,20.0,13.91671169969668,12.0,starter-role-runtime-state-v1
2025-04-02,694973,RESTRICTED,80.93591418519767,102.0,20.036704394815267,24.0,16.120317485870423,21.0,starter-role-runtime-state-v1
2025-04-03,518876,ESTABLISHED,88.58778833958998,80.0,23.138377234592248,23.0,16.920511088385783,11.0,starter-role-runtime-state-v1
2025-04-03,666157,ESTABLISHED,82.62064046704398,82.0,22.431277683951294,25.0,15.594377611284074,20.0,starter-role-runtime-state-v1
2025-04-03,686613,ESTABLISHED,97.51012607302803,91.0,23.746790748368753,22.0,17.619278726082477,18.0,starter-role-runtime-state-v1
2025-04-04,592332,ESTABLISHED,91.51801459501716,87.0,24.022825487031355,19.0,18.220877262855424,16.0,starter-role-runtime-state-v1
2025-04-04,607259,ESTABLISHED,80.82704281014641,92.0,22.031286317839566,21.0,17.126262646592608,14.0,starter-role-runtime-state-v1
2025-04-04,607625,ESTABLISHED,83.72383751082593,85.0,22.51050130244142,23.0,17.06097172666779,18.0,starter-role-runtime-state-v1
2025-04-04,608331,ESTABLISHED,96.107371653822,98.0,25.617498539991445,23.0,18.280902173064447,17.0,starter-role-runtime-state-v1
2025-04-04,621111,ESTABLISHED,81.78486021765835,83.0,21.589780235698882,22.0,14.25174154826502,15.0,starter-role-runtime-state-v1
2025-04-04,641816,ESTABLISHED,74.70903734564048,83.0,17.484555895699,18.0,12.151220589980076,15.0,starter-role-runtime-state-v1
2025-04-04,663372,ESTABLISHED,80.85490378051797,90.0,21.68637056043754,24.0,16.07825712873133,15.0,starter-role-runtime-state-v1
2025-04-04,663623,ESTABLISHED,85.92061467940063,86.0,22.448898141631506,22.0,16.095280311677612,15.0,starter-role-runtime-state-v1
2025-04-04,665152,ESTABLISHED,87.85958308374894,88.0,22.830650010859102,22.0,16.252422178300677,13.0,starter-role-runtime-state-v1
2025-04-04,666200,ESTABLISHED,89.32145888025143,95.0,22.70024114152928,24.0,16.519342629487532,21.0,starter-role-runtime-state-v1
2025-04-04,667755,ESTABLISHED,80.47744284249937,90.0,21.824965832960995,23.0,16.332654712223828,16.0,starter-role-runtime-state-v1
2025-04-04,668909,ESTABLISHED,84.76586601531882,75.0,20.45925876940532,18.0,14.303011516802895,9.0,starter-role-runtime-state-v1
2025-04-04,681190,ESTABLISHED,87.14381633272006,82.0,22.297898533802293,21.0,15.404187054233596,14.0,starter-role-runtime-state-v1
2025-04-04,684007,ESTABLISHED,87.7899342676318,91.0,23.576984416200112,26.0,18.210090446889232,22.0,starter-role-runtime-state-v1
2025-04-04,694297,ESTABLISHED,81.07872073609425,91.0,22.103947250185023,23.0,15.540874132375247,18.0,starter-role-runtime-state-v1
2025-04-04,808967,ESTABLISHED,81.22250764165672,97.0,19.993614958734128,22.0,14.549525069746114,18.0,starter-role-runtime-state-v1
2025-04-05,571510,ESTABLISHED,80.37890534105709,85.0,19.981319213392034,23.0,14.053398669853665,18.0,starter-role-runtime-state-v1
2025-04-05,592662,ESTABLISHED,79.85890302020132,88.0,18.293590395999924,24.0,12.886575950371016,18.0,starter-role-runtime-state-v1
2025-04-05,593958,ESTABLISHED,86.49446440312987,90.0,22.49305983374301,20.0,15.671628204347922,15.0,starter-role-runtime-state-v1
2025-04-05,594798,RESTRICTED,66.17767362997428,82.0,17.255897819385183,24.0,13.333298729765092,17.0,starter-role-runtime-state-v1
2025-04-05,605135,ESTABLISHED,93.25528395957465,92.0,24.526430097052735,24.0,16.12544384588108,20.0,starter-role-runtime-state-v1
2025-04-05,605400,ESTABLISHED,97.55988214026254,97.0,24.37468050600925,25.0,17.1972965147049,18.0,starter-role-runtime-state-v1
2025-04-05,608379,ESTABLISHED,89.87950847615278,93.0,22.715476463273085,23.0,16.605488469090965,17.0,starter-role-runtime-state-v1
2025-04-05,615698,ESTABLISHED,87.48936127637916,66.0,21.670355213045923,17.0,13.582839392122409,15.0,starter-role-runtime-state-v1
2025-04-05,641927,ESTABLISHED,83.51697671060039,84.0,22.499082915685502,17.0,16.302138520476703,12.0,starter-role-runtime-state-v1
2025-04-05,663436,ESTABLISHED,85.8224157705358,88.0,20.774578235143167,26.0,14.460109412140888,15.0,starter-role-runtime-state-v1
2025-04-05,663903,ESTABLISHED,91.94192594693287,91.0,24.001206192766833,25.0,17.15668713629227,15.0,starter-role-runtime-state-v1
2025-04-05,671737,ESTABLISHED,86.5818679662562,82.0,22.705049328346135,21.0,16.266102030531588,15.0,starter-role-runtime-state-v1
2025-04-05,676440,ESTABLISHED,90.33083024198544,89.0,23.08382173658824,23.0,17.448437222435988,12.0,starter-role-runtime-state-v1
2025-04-05,682243,ESTABLISHED,92.79485555669135,93.0,22.95586242075248,24.0,17.651643256246395,16.0,starter-role-runtime-state-v1
2025-04-05,700363,ESTABLISHED,79.32678945469493,82.0,18.866436113455094,23.0,13.10333141210248,14.0,starter-role-runtime-state-v1
2025-04-05,808963,RESTRICTED,60.0,68.0,13.022916387780977,17.0,6.857100584615843,12.0,starter-role-runtime-state-v1
2025-04-06,527048,ESTABLISHED,82.11792596638499,82.0,21.7717573421307,24.0,15.400244372682401,19.0,starter-role-runtime-state-v1
2025-04-06,650911,ESTABLISHED,93.6948100331187,88.0,24.429443322456862,25.0,17.598843223759953,17.0,starter-role-runtime-state-v1
2025-04-06,656794,RESTRICTED,68.38647647237897,94.0,16.75572183056111,23.0,11.029992922140348,14.0,starter-role-runtime-state-v1
2025-04-06,656849,ESTABLISHED,86.94265973820822,91.0,24.08873091087063,22.0,17.4641225139792,14.0,starter-role-runtime-state-v1
2025-04-06,656876,RESTRICTED,60.0,79.0,15.205313729646793,18.0,11.89658689320581,15.0,starter-role-runtime-state-v1
2025-04-06,669467,ESTABLISHED,85.75872577693788,92.0,22.9570570299368,20.0,16.94334495776208,13.0,starter-role-runtime-state-v1
2025-04-06,677958,OPENER_LIKE,73.04500450061053,77.0,18.286148180431024,20.0,10.905185592990204,15.0,starter-role-runtime-state-v1
2025-04-06,693433,ESTABLISHED,78.79996178962975,89.0,22.05745585347223,24.0,16.803633348431028,18.0,starter-role-runtime-state-v1
2025-04-06,700249,ESTABLISHED,87.01928758648536,88.0,21.39527765772059,28.0,14.843644169163767,18.0,starter-role-runtime-state-v1
2025-04-06,701542,ESTABLISHED,81.38019161585508,87.0,19.687858553159455,19.0,13.111367637479187,12.0,starter-role-runtime-state-v1
2025-04-07,547179,RESTRICTED,71.71690413428968,89.0,19.271497920425503,23.0,13.867519937217105,18.0,starter-role-runtime-state-v1
2025-04-07,607074,ESTABLISHED,94.40792598834692,103.0,22.489123681719192,25.0,16.51053997054961,18.0,starter-role-runtime-state-v1
2025-04-07,650633,ESTABLISHED,89.32390388584317,101.0,21.900985071033062,27.0,15.690630580457299,17.0,starter-role-runtime-state-v1
2025-04-07,657277,ESTABLISHED,94.6489273598477,97.0,24.232757377817805,24.0,18.058752574235108,21.0,starter-role-runtime-state-v1
2025-04-07,663554,ESTABLISHED,82.94657143079256,88.0,21.109414516502028,24.0,14.92631624180347,18.0,starter-role-runtime-state-v1
2025-04-07,669022,ESTABLISHED,91.96041257043105,100.0,22.506665513133143,23.0,16.287408761034293,18.0,starter-role-runtime-state-v1
2025-04-07,669160,RESTRICTED,74.5232568630441,86.0,18.906251345690038,25.0,14.938272609943184,18.0,starter-role-runtime-state-v1
2025-04-07,669302,ESTABLISHED,88.70178668062678,99.0,22.90150752558941,21.0,18.09766440950026,17.0,starter-role-runtime-state-v1
2025-04-07,669387,OPENER_LIKE,60.0,92.0,11.56882689674227,22.0,6.907624287909337,15.0,starter-role-runtime-state-v1
2025-04-07,669461,RAMPING,74.64210649673713,89.0,19.050486909897003,27.0,13.04125652244899,19.0,starter-role-runtime-state-v1
2025-04-07,669713,ESTABLISHED,81.00174246482993,82.0,20.997357405487186,24.0,14.445313618268429,21.0,starter-role-runtime-state-v1
2025-04-08,518876,ESTABLISHED,88.66882506361556,89.0,23.259047065593695,24.0,16.308524665451834,18.0,starter-role-runtime-state-v1
2025-04-08,519242,ESTABLISHED,92.7557196180011,86.0,23.05655758989146,23.0,17.328813825161234,14.0,starter-role-runtime-state-v1
2025-04-08,543243,ESTABLISHED,87.8947242787216,71.0,23.656163437671843,17.0,17.597543530677367,15.0,starter-role-runtime-state-v1
2025-04-08,554430,ESTABLISHED,98.06315570643159,104.0,24.021113363852294,27.0,19.209670031079384,16.0,starter-role-runtime-state-v1
2025-04-08,592791,ESTABLISHED,88.45867531316009,85.0,24.136016409144943,24.0,17.67814679316104,18.0,starter-role-runtime-state-v1
2025-04-08,605280,ESTABLISHED,86.86167800972775,87.0,22.997269001455535,23.0,13.999335061223958,16.0,starter-role-runtime-state-v1
2025-04-08,605488,ESTABLISHED,80.41446960508044,103.0,19.877443758628697,28.0,14.278091885809777,18.0,starter-role-runtime-state-v1
2025-04-08,607536,ESTABLISHED,82.72513287423776,100.0,23.549274013526535,27.0,17.04501663615923,19.0,starter-role-runtime-state-v1
2025-04-08,622491,ESTABLISHED,87.4240009455649,102.0,23.047772487813596,21.0,17.043455431760513,15.0,starter-role-runtime-state-v1
2025-04-08,642547,ESTABLISHED,96.0397249632941,83.0,22.32403726768823,21.0,16.73640073894272,15.0,starter-role-runtime-state-v1
2025-04-08,656302,ESTABLISHED,93.63742198498142,78.0,22.774179100090734,23.0,16.951027213615934,12.0,starter-role-runtime-state-v1
2025-04-08,664285,ESTABLISHED,91.95993158193816,94.0,24.898123380834136,22.0,18.85958865178048,18.0,starter-role-runtime-state-v1
2025-04-08,666157,ESTABLISHED,86.3597291412376,87.0,23.1621821508437,23.0,16.203321526975593,18.0,starter-role-runtime-state-v1
2025-04-08,669358,ESTABLISHED,87.63606179576954,96.0,22.82076549496007,28.0,17.56822332638788,21.0,starter-role-runtime-state-v1
2025-04-08,669373,ESTABLISHED,92.54631902793129,87.0,23.81470571459665,22.0,18.076131288125293,18.0,starter-role-runtime-state-v1
2025-04-08,680736,ESTABLISHED,86.2197370634618,87.0,21.94092265898993,26.0,15.390476013855826,15.0,starter-role-runtime-state-v1
2025-04-08,694738,RAMPING,83.15526249557843,81.0,20.17676782595138,23.0,13.438577430670456,18.0,starter-role-runtime-state-v1
2025-04-08,694973,ESTABLISHED,84.11388084227644,98.0,20.58674239695489,26.0,16.709234241492055,18.0,starter-role-runtime-state-v1
2025-04-09,592332,ESTABLISHED,93.49571917244633,93.0,23.714639566115583,27.0,18.079190576140867,24.0,starter-role-runtime-state-v1
2025-04-09,607259,ESTABLISHED,84.56912739714531,93.0,22.19608400590678,25.0,16.843394926362258,17.0,starter-role-runtime-state-v1
2025-04-09,607625,RESTRICTED,82.10805309978251,109.0,22.35430429226891,23.0,17.09317239236187,17.0,starter-role-runtime-state-v1
2025-04-09,608331,ESTABLISHED,94.99148054309397,97.0,25.151443629350098,26.0,18.090504360072767,21.0,starter-role-runtime-state-v1
2025-04-09,641816,RESTRICTED,74.21204680304,94.0,17.388287640493978,24.0,12.554359576125197,21.0,starter-role-runtime-state-v1
2025-04-09,656550,RESTRICTED,72.37795620431892,104.0,19.075290090906847,19.0,13.682420514130499,12.0,starter-role-runtime-state-v1
2025-04-09,663623,ESTABLISHED,84.90214905674414,103.0,22.295390467530463,25.0,15.969455145819422,18.0,starter-role-runtime-state-v1
2025-04-09,665152,ESTABLISHED,85.44139831816481,85.0,22.460999394210084,24.0,15.808715222269152,14.0,starter-role-runtime-state-v1
2025-04-09,680732,ESTABLISHED,80.37196799147013,79.0,20.92828882085513,16.0,15.68267437730918,9.0,starter-role-runtime-state-v1
2025-04-09,681190,ESTABLISHED,84.04838936186881,61.0,21.85384605420097,18.0,15.156775440755169,15.0,starter-role-runtime-state-v1
2025-04-09,684007,ESTABLISHED,86.51624154026348,76.0,23.642564708226672,23.0,18.560085740416053,15.0,starter-role-runtime-state-v1
2025-04-09,686613,ESTABLISHED,96.52793668915345,98.0,23.525683840215294,20.0,17.664508026754017,18.0,starter-role-runtime-state-v1
2025-04-09,694297,ESTABLISHED,84.75522770124725,93.0,22.520690378483675,21.0,15.913205434513529,18.0,starter-role-runtime-state-v1
2025-04-10,605135,ESTABLISHED,93.70832497700147,86.0,24.534620196311057,22.0,16.569125106398275,17.0,starter-role-runtime-state-v1
2025-04-10,608379,ESTABLISHED,88.01620950153925,88.0,22.50568078811829,22.0,16.594623614609695,16.0,starter-role-runtime-state-v1
2025-04-10,621111,ESTABLISHED,81.0291337801841,89.0,21.532510355914027,24.0,14.314770986721932,19.0,starter-role-runtime-state-v1
2025-04-10,641927,ESTABLISHED,81.44880617681552,73.0,21.583865931807345,24.0,15.74713285230232,18.0,starter-role-runtime-state-v1
2025-04-10,663372,ESTABLISHED,83.74169307223124,86.0,22.16726591035641,24.0,16.04529779363306,18.0,starter-role-runtime-state-v1
2025-04-10,666200,ESTABLISHED,90.80859491861075,98.0,22.946760465847657,23.0,17.042658590303308,18.0,starter-role-runtime-state-v1
2025-04-10,667755,ESTABLISHED,82.52476423191864,93.0,22.077791864142526,28.0,16.32755755877914,23.0,starter-role-runtime-state-v1
2025-04-10,668909,ESTABLISHED,83.43064961940226,94.0,20.161039674628356,19.0,13.689755468688944,15.0,starter-role-runtime-state-v1
2025-04-11,571510,ESTABLISHED,83.71065447758912,98.0,20.626637644703784,26.0,14.5837066823336,18.0,starter-role-runtime-state-v1
2025-04-11,592662,ESTABLISHED,80.14769631545117,98.0,19.03615049252543,18.0,13.632730071924241,12.0,starter-role-runtime-state-v1
2025-04-11,593958,ESTABLISHED,85.15146673036728,95.0,22.010176546024944,27.0,15.54557447608315,19.0,starter-role-runtime-state-v1
2025-04-11,594798,ESTABLISHED,72.44923354152859,87.0,18.688574677256433,19.0,14.035805474807797,12.0,starter-role-runtime-state-v1
2025-04-11,605400,ESTABLISHED,97.13906842579998,93.0,24.406925986005486,24.0,17.271624461760204,15.0,starter-role-runtime-state-v1
2025-04-11,656794,RAMPING,75.03926542632604,94.0,18.496131539651376,22.0,11.905986232147484,12.0,starter-role-runtime-state-v1
2025-04-11,663436,ESTABLISHED,86.62488170373923,89.0,21.535303341038237,25.0,14.56880533468522,18.0,starter-role-runtime-state-v1
2025-04-11,663903,ESTABLISHED,94.00647375436476,88.0,24.352646780138404,19.0,16.991422562856112,15.0,starter-role-runtime-state-v1
2025-04-11,665795,ESTABLISHED,84.55867362137688,79.0,20.840690037198456,24.0,14.559423127584331,17.0,starter-role-runtime-state-v1
2025-04-11,669467,ESTABLISHED,86.141390195188,93.0,22.541807190741928,25.0,16.446053088083445,21.0,starter-role-runtime-state-v1
2025-04-11,671737,ESTABLISHED,84.3099640658974,93.0,22.315895179725104,24.0,16.07296690576411,18.0,starter-role-runtime-state-v1
2025-04-11,676440,ESTABLISHED,89.35157428375486,96.0,22.974078475100498,20.0,16.817993411416982,14.0,starter-role-runtime-state-v1
2025-04-11,682243,ESTABLISHED,91.10935828059279,100.0,22.879823219243768,20.0,17.415134689632197,15.0,starter-role-runtime-state-v1
2025-04-11,693821,ESTABLISHED,83.94796007989368,92.0,21.876980765152847,26.0,14.681353637916416,18.0,starter-role-runtime-state-v1
2025-04-11,808967,RAMPING,84.67958310765128,103.0,20.418610350586015,20.0,15.012725871506202,18.0,starter-role-runtime-state-v1
2025-04-12,527048,ESTABLISHED,83.50941009486853,91.0,22.180090078208273,21.0,15.852604663193432,14.0,starter-role-runtime-state-v1
2025-04-12,547179,ESTABLISHED,76.8173546661222,85.0,20.060252926740826,25.0,14.418926168289323,17.0,starter-role-runtime-state-v1
2025-04-12,608372,ESTABLISHED,81.553287961089,73.0,20.627507699937652,21.0,14.095673613540171,14.0,starter-role-runtime-state-v1
2025-04-12,645261,ESTABLISHED,91.84564984995933,87.0,25.36746235313171,25.0,19.016011293853015,17.0,starter-role-runtime-state-v1
2025-04-12,650911,ESTABLISHED,92.16277596628206,95.0,24.368842375862535,26.0,17.491014207724287,19.0,starter-role-runtime-state-v1
2025-04-12,656849,ESTABLISHED,91.02266645482766,89.0,24.290362253970493,24.0,17.189494814968583,18.0,starter-role-runtime-state-v1
2025-04-12,656876,RESTRICTED,63.288544549070416,80.0,15.691065689181507,19.0,12.353377298863272,15.0,starter-role-runtime-state-v1
2025-04-12,669372,ESTABLISHED,73.96339707210804,89.0,20.815609710454606,23.0,15.070716453106412,16.0,starter-role-runtime-state-v1
2025-04-12,671096,ESTABLISHED,92.46297294967918,81.0,23.27474114856172,19.0,15.948486405796707,15.0,starter-role-runtime-state-v1
2025-04-12,677958,ESTABLISHED,74.07006893493731,68.0,18.710441763221418,17.0,11.902335574049829,10.0,starter-role-runtime-state-v1
2025-04-12,693433,ESTABLISHED,80.54407675088645,91.0,22.345168141053556,27.0,16.950479598389666,21.0,starter-role-runtime-state-v1
2025-04-12,695549,ESTABLISHED,82.74206348297643,87.0,20.058342259349608,20.0,13.569700791968337,18.0,starter-role-runtime-state-v1
2025-04-12,700363,ESTABLISHED,82.8300049394579,91.0,19.885093656429348,21.0,13.360131386769108,15.0,starter-role-runtime-state-v1
2025-04-12,701542,ESTABLISHED,84.80721028502658,91.0,19.79485189851136,19.0,12.955276689470661,15.0,starter-role-runtime-state-v1
2025-04-12,808963,OPENER_LIKE,62.221162530135956,81.0,14.371769213441077,21.0,8.672751103139433,15.0,starter-role-runtime-state-v1
2025-04-13,519242,ESTABLISHED,89.84026162175172,98.0,22.816855562766108,22.0,16.908478003648945,13.0,starter-role-runtime-state-v1
2025-04-13,554430,ESTABLISHED,98.33931928303794,89.0,24.3148209230643,25.0,18.879767082283877,18.0,starter-role-runtime-state-v1
2025-04-13,607074,ESTABLISHED,97.7964748654687,100.0,23.0494571939107,23.0,16.80165532902093,17.0,starter-role-runtime-state-v1
2025-04-13,607536,ESTABLISHED,84.60413607371386,84.0,23.916734380265567,24.0,17.252882783603447,15.0,starter-role-runtime-state-v1
2025-04-13,615698,ESTABLISHED,82.66963935251657,77.0,20.89007865222496,23.0,13.719183792274416,15.0,starter-role-runtime-state-v1
2025-04-13,642547,ESTABLISHED,91.55455507366662,104.0,21.872524615649,25.0,16.46705516734065,16.0,starter-role-runtime-state-v1
2025-04-13,650633,ESTABLISHED,91.41949461913703,110.0,22.527859656026948,29.0,15.862707554561998,27.0,starter-role-runtime-state-v1
2025-04-13,657277,ESTABLISHED,94.4434727063392,97.0,24.161740576300165,24.0,18.37626512192334,15.0,starter-role-runtime-state-v1
2025-04-13,663554,ESTABLISHED,86.43836733160626,74.0,21.771851455019814,24.0,15.375071511948631,17.0,starter-role-runtime-state-v1
2025-04-13,669022,ESTABLISHED,94.13849683378953,105.0,22.71510989443815,28.0,16.5257355922763,18.0,starter-role-runtime-state-v1
2025-04-13,669302,ESTABLISHED,92.58617977167057,94.0,22.982048387132323,19.0,18.067510007396272,15.0,starter-role-runtime-state-v1
2025-04-13,669387,RESTRICTED,60.0,73.0,12.939697424545471,20.0,8.321814983561598,13.0,starter-role-runtime-state-v1
2025-04-13,669461,RAMPING,75.94869020630343,88.0,19.92454020503942,22.0,13.73702670642757,18.0,starter-role-runtime-state-v1
2025-04-13,669713,ESTABLISHED,81.43037378668812,93.0,21.378383400651817,23.0,15.219704583584527,18.0,starter-role-runtime-state-v1
2025-04-13,700249,ESTABLISHED,87.69571736596754,76.0,22.205768868321787,21.0,15.246646299759446,14.0,starter-role-runtime-state-v1
2025-04-14,543243,ESTABLISHED,84.29106405931279,92.0,22.68581450427915,23.0,17.27646674132665,21.0,starter-role-runtime-state-v1
2025-04-14,592791,ESTABLISHED,88.29169817399551,89.0,24.148240517961824,21.0,17.72334246057702,16.0,starter-role-runtime-state-v1
2025-04-14,605280,ESTABLISHED,86.91527664054672,90.0,22.998534116505912,20.0,14.744199436115526,15.0,starter-role-runtime-state-v1
2025-04-14,607625,ESTABLISHED,93.75420603366652,98.0,23.439325450175843,28.0,17.39076738975767,20.0,starter-role-runtime-state-v1
2025-04-14,656302,ESTABLISHED,90.59831160010144,96.0,22.6599123844946,25.0,16.37016479678558,17.0,starter-role-runtime-state-v1
2025-04-14,656550,ESTABLISHED,80.76710214478103,94.0,19.405772458399795,26.0,13.495531049016495,23.0,starter-role-runtime-state-v1
2025-04-14,664285,ESTABLISHED,92.70359168653036,89.0,24.610398974084703,23.0,18.778906560253404,12.0,starter-role-runtime-state-v1
2025-04-14,669160,RESTRICTED,75.75817090244087,76.0,19.713744280604676,22.0,15.38724859826364,18.0,starter-role-runtime-state-v1
2025-04-14,669358,ESTABLISHED,90.96013804786438,98.0,23.725249192277907,20.0,18.085865251832978,18.0,starter-role-runtime-state-v1
2025-04-14,669373,ESTABLISHED,90.33804867348204,91.0,23.434849444017573,25.0,18.010689531362537,21.0,starter-role-runtime-state-v1
2025-04-14,694738,ESTABLISHED,84.95744830416852,101.0,21.017502232993767,24.0,14.474971340961137,15.0,starter-role-runtime-state-v1
2025-04-14,694973,ESTABLISHED,93.50879488377495,99.0,22.033899631984138,23.0,17.15094634360073,18.0,starter-role-runtime-state-v1
2025-04-15,518876,ESTABLISHED,87.1197660454537,88.0,23.155524832641834,22.0,16.442767530911855,18.0,starter-role-runtime-state-v1
2025-04-15,592332,ESTABLISHED,95.95358803060596,98.0,24.349691873689117,23.0,18.80334831476478,18.0,starter-role-runtime-state-v1
2025-04-15,605488,ESTABLISHED,85.07697200342122,93.0,21.1443762136986,21.0,14.867377942640724,15.0,starter-role-runtime-state-v1
2025-04-15,608331,ESTABLISHED,96.13895255712453,94.0,25.35435428393386,27.0,18.431396991355818,20.0,starter-role-runtime-state-v1
2025-04-15,608379,ESTABLISHED,88.52865193876364,80.0,22.51281549311024,24.0,16.563093990629557,17.0,starter-role-runtime-state-v1
2025-04-15,621111,ESTABLISHED,82.57088088137235,89.0,21.89628637836645,21.0,14.89108562315767,15.0,starter-role-runtime-state-v1
2025-04-15,622491,ESTABLISHED,94.29478158720325,95.0,23.389954388081968,24.0,16.974202105894612,13.0,starter-role-runtime-state-v1
2025-04-15,641816,ESTABLISHED,80.70021498356091,93.0,18.704973172423895,22.0,13.869044185964688,18.0,starter-role-runtime-state-v1
2025-04-15,641927,ESTABLISHED,80.70768582318912,77.0,21.865491673140077,25.0,16.003350696538075,19.0,starter-role-runtime-state-v1
2025-04-15,663372,ESTABLISHED,83.71765452961607,81.0,22.350918808257944,18.0,16.27965685689031,8.0,starter-role-runtime-state-v1
2025-04-15,663623,ESTABLISHED,92.17563613797581,87.0,23.211630161299684,25.0,16.37502662479948,21.0,starter-role-runtime-state-v1
2025-04-15,666157,ESTABLISHED,88.20093106786572,90.0,23.358579706311783,21.0,16.465914074014336,14.0,starter-role-runtime-state-v1
2025-04-15,666200,ESTABLISHED,93.10165179392742,90.0,23.12395192547556,22.0,17.20022722298211,16.0,starter-role-runtime-state-v1
2025-04-15,680732,ESTABLISHED,78.37572625500962,69.0,19.56800711273204,18.0,14.082683770861847,10.0,starter-role-runtime-state-v1
2025-04-15,681190,ESTABLISHED,79.3556764654352,80.0,21.189617860357252,24.0,15.094149704105014,15.0,starter-role-runtime-state-v1
2025-04-15,684007,ESTABLISHED,87.72147020126356,93.0,23.858806556698106,22.0,18.24398461962567,15.0,starter-role-runtime-state-v1
2025-04-15,686613,ESTABLISHED,96.02328992009843,97.0,23.043245030943936,22.0,17.693257294698924,18.0,starter-role-runtime-state-v1
2025-04-16,571510,ESTABLISHED,85.11740503821746,97.0,21.199884818710633,24.0,14.966032042826901,16.0,starter-role-runtime-state-v1
2025-04-16,571927,ESTABLISHED,85.68564685751454,71.0,21.050610208664757,17.0,14.596405531872527,15.0,starter-role-runtime-state-v1
2025-04-16,592662,ESTABLISHED,86.68349222726009,93.0,19.254041412460964,23.0,13.48532817101514,12.0,starter-role-runtime-state-v1
2025-04-16,605135,ESTABLISHED,94.23647653836852,90.0,24.40867479350103,20.0,16.662294010979462,15.0,starter-role-runtime-state-v1
2025-04-16,605400,ESTABLISHED,94.59438504877083,99.0,24.12619293739489,28.0,16.96827025491569,16.0,starter-role-runtime-state-v1
2025-04-16,607259,ESTABLISHED,86.94522415825168,83.0,22.676420868513937,24.0,16.913391590503956,14.0,starter-role-runtime-state-v1
2025-04-16,656794,RAMPING,79.57742196636889,71.0,19.36024932067916,18.0,11.953262596319924,14.0,starter-role-runtime-state-v1
2025-04-16,665152,ESTABLISHED,86.76332835926246,96.0,22.768720673500354,21.0,15.64228601890762,16.0,starter-role-runtime-state-v1
2025-04-16,667755,ESTABLISHED,84.12718004150824,89.0,22.783681084888883,28.0,17.0909629778119,17.0,starter-role-runtime-state-v1
2025-04-16,668909,ESTABLISHED,82.22765690216364,102.0,19.774521882565914,27.0,13.774365179160242,20.0,starter-role-runtime-state-v1
2025-04-16,672456,ESTABLISHED,76.14327134610247,85.0,21.027510563400703,24.0,15.55413160257452,15.0,starter-role-runtime-state-v1
2025-04-16,682243,ESTABLISHED,90.84906075953874,78.0,22.394640949212572,18.0,17.10528804721398,15.0,starter-role-runtime-state-v1
2025-04-16,694297,ESTABLISHED,86.60911344411002,92.0,22.456326845885123,24.0,16.18705240107735,17.0,starter-role-runtime-state-v1
2025-04-17,547179,ESTABLISHED,81.17690743848544,102.0,20.99044806055797,24.0,14.811553441386787,14.0,starter-role-runtime-state-v1
2025-04-17,593958,ESTABLISHED,89.8877959474937,93.0,22.950437414785476,28.0,16.020812381108836,16.0,starter-role-runtime-state-v1
2025-04-17,608372,ESTABLISHED,77.12004838920838,87.0,20.61207909481835,25.0,14.018603792324933,21.0,starter-role-runtime-state-v1
2025-04-17,650911,ESTABLISHED,91.23646058723656,97.0,24.408135337143804,28.0,17.629962821157662,21.0,starter-role-runtime-state-v1
2025-04-17,663436,ESTABLISHED,87.5565662362462,90.0,22.066692828446307,25.0,15.055240537653729,16.0,starter-role-runtime-state-v1
2025-04-17,663903,ESTABLISHED,92.26573115497783,95.0,23.581494149921262,22.0,16.73723516010051,13.0,starter-role-runtime-state-v1
2025-04-17,665795,ESTABLISHED,82.2859362290856,88.0,20.971378362885012,21.0,14.762639803881509,12.0,starter-role-runtime-state-v1
2025-04-17,669467,ESTABLISHED,90.13955300400083,95.0,23.193106188518964,23.0,17.075407531169674,18.0,starter-role-runtime-state-v1
2025-04-17,671737,ESTABLISHED,87.37321258889699,90.0,22.749805653408718,27.0,16.358061433599914,16.0,starter-role-runtime-state-v1
2025-04-17,676106,ESTABLISHED,73.69970506508018,73.0,19.43710568719134,18.0,12.781164662612033,15.0,starter-role-runtime-state-v1
2025-04-17,676440,ESTABLISHED,90.96694459865607,99.0,22.715046438052216,24.0,16.511643168385415,17.0,starter-role-runtime-state-v1
2025-04-17,677958,ESTABLISHED,71.64826248598459,78.0,18.211882181716792,27.0,11.450638130156648,21.0,starter-role-runtime-state-v1
2025-04-17,701542,ESTABLISHED,86.68732831161607,53.0,19.72549433660808,10.0,13.352088169082174,5.0,starter-role-runtime-state-v1
2025-04-18,527048,ESTABLISHED,88.01611572233598,52.0,22.476630539158066,16.0,15.75945788939796,9.0,starter-role-runtime-state-v1
2025-04-18,554430,ESTABLISHED,96.68696144584217,96.0,24.319207889099605,26.0,18.76289511181958,21.0,starter-role-runtime-state-v1
2025-04-18,594798,RAMPING,75.72854185820222,96.0,18.866917464537373,24.0,13.78142538978077,21.0,starter-role-runtime-state-v1
2025-04-18,607074,ESTABLISHED,97.49165291693599,102.0,22.988536880702473,23.0,16.814665080593336,18.0,starter-role-runtime-state-v1
2025-04-18,642547,ESTABLISHED,94.23260965099334,93.0,22.362599876607547,22.0,16.462271902184742,15.0,starter-role-runtime-state-v1
2025-04-18,645261,ESTABLISHED,90.49360943326724,61.0,25.231457885481255,12.0,18.763954105760945,6.0,starter-role-runtime-state-v1
2025-04-18,656849,ESTABLISHED,89.28659957207697,99.0,24.084028051515144,23.0,17.237448859416713,16.0,starter-role-runtime-state-v1
2025-04-18,656876,ESTABLISHED,66.4538648726998,84.0,16.253524910492928,22.0,12.749521549023559,17.0,starter-role-runtime-state-v1
2025-04-18,657277,ESTABLISHED,95.0635660393325,105.0,24.201336872065347,23.0,18.038560975339312,18.0,starter-role-runtime-state-v1
2025-04-18,669372,ESTABLISHED,77.71244403661171,96.0,21.355512437088077,20.0,15.288636833971282,14.0,starter-role-runtime-state-v1
2025-04-18,669387,ESTABLISHED,60.0,64.0,13.905219988047122,21.0,9.099543018125257,12.0,starter-role-runtime-state-v1
2025-04-18,671096,ESTABLISHED,89.35486395153414,93.0,22.56284593557968,21.0,15.795635180446338,18.0,starter-role-runtime-state-v1
2025-04-18,693433,ESTABLISHED,83.40518470241439,97.0,23.053338839536362,30.0,17.46721146788141,21.0,starter-role-runtime-state-v1
2025-04-18,693821,ESTABLISHED,85.209460585459,91.0,22.36974768077219,24.0,15.059226243750926,15.0,starter-role-runtime-state-v1
2025-04-18,695549,ESTABLISHED,84.36075666732609,87.0,20.03964413229704,22.0,15.220985511960686,15.0,starter-role-runtime-state-v1
2025-04-18,700249,ESTABLISHED,84.41345599277419,84.0,21.850216391404466,20.0,15.03450452680173,10.0,starter-role-runtime-state-v1
2025-04-18,808967,ESTABLISHED,89.02184224041602,102.0,20.594406908547587,25.0,15.43904943084491,21.0,starter-role-runtime-state-v1
2025-04-19,519242,ESTABLISHED,94.46706254759945,98.0,23.139557580680474,22.0,16.590588779355585,13.0,starter-role-runtime-state-v1
2025-04-19,607625,ESTABLISHED,94.82659381893163,105.0,23.99063389818582,27.0,17.701471759998856,20.0,starter-role-runtime-state-v1
2025-04-19,615698,ESTABLISHED,82.89941639423863,89.0,21.20220264069055,21.0,13.87940552814341,10.0,starter-role-runtime-state-v1
2025-04-19,650633,ESTABLISHED,97.26286410965128,90.0,23.643589791357837,23.0,17.152106882181172,17.0,starter-role-runtime-state-v1
2025-04-19,663554,ESTABLISHED,83.61077392537086,88.0,21.85164896491945,27.0,15.512631390966371,21.0,starter-role-runtime-state-v1
2025-04-19,669022,ESTABLISHED,96.45397237393335,104.0,23.39509569459772,24.0,16.732015654285014,18.0,starter-role-runtime-state-v1
2025-04-19,669302,ESTABLISHED,94.68366785242445,102.0,22.71935053588912,24.0,17.79143174351388,14.0,starter-role-runtime-state-v1
2025-04-19,669358,ESTABLISHED,91.02418118464738,83.0,23.10196990631853,18.0,18.047072230923973,10.0,starter-role-runtime-state-v1
2025-04-19,669461,RAMPING,79.40274890842747,100.0,20.417639031854172,27.0,14.306428406031085,20.0,starter-role-runtime-state-v1
2025-04-19,669713,ESTABLISHED,82.36497832491196,85.0,21.52071384940063,22.0,15.529114286050165,15.0,starter-role-runtime-state-v1
2025-04-19,694738,ESTABLISHED,85.64159025415262,96.0,21.33744249338099,26.0,14.518495931195922,21.0,starter-role-runtime-state-v1
2025-04-19,694973,ESTABLISHED,93.53709885676898,103.0,22.084387212126565,25.0,17.232543719430314,21.0,starter-role-runtime-state-v1
2025-04-19,808963,RAMPING,67.93226759379311,78.0,16.268046778625827,22.0,10.454287927707945,18.0,starter-role-runtime-state-v1
2025-04-20,518876,ESTABLISHED,86.01130675524676,81.0,22.878479095746354,20.0,16.572522616008513,17.0,starter-role-runtime-state-v1
2025-04-20,543243,ESTABLISHED,87.22249198685984,102.0,22.97877804991404,26.0,17.782179478215443,18.0,starter-role-runtime-state-v1
2025-04-20,592791,ESTABLISHED,89.47150140544112,87.0,23.918517994646034,20.0,17.567044868514763,15.0,starter-role-runtime-state-v1
2025-04-20,605280,ESTABLISHED,87.8548071923263,91.0,22.067786517969658,24.0,14.833936288272623,18.0,starter-role-runtime-state-v1
2025-04-20,605488,ESTABLISHED,85.84763234449251,68.0,21.086178375104552,15.0,14.874228897519199,7.0,starter-role-runtime-state-v1
2025-04-20,607536,ESTABLISHED,88.7299752977931,36.0,24.439637201008207,10.0,17.140454649293737,6.0,starter-role-runtime-state-v1
2025-04-20,608331,ESTABLISHED,94.58825169952986,102.0,25.371945884959864,27.0,18.554204917316987,23.0,starter-role-runtime-state-v1
2025-04-20,608379,ESTABLISHED,87.15167845049558,89.0,22.623845308824006,24.0,16.604531863346132,16.0,starter-role-runtime-state-v1
2025-04-20,622491,ESTABLISHED,95.28694398452033,102.0,23.555650477677034,27.0,16.56664686982418,15.0,starter-role-runtime-state-v1
2025-04-20,641816,ESTABLISHED,84.97049267478046,91.0,19.437444000886533,26.0,14.529842298410172,21.0,starter-role-runtime-state-v1
2025-04-20,656302,ESTABLISHED,91.4554647807035,88.0,22.940440146981874,22.0,16.448646162468005,15.0,starter-role-runtime-state-v1
2025-04-20,656550,ESTABLISHED,87.60800626922429,105.0,20.92077131108276,26.0,15.07994401296366,17.0,starter-role-runtime-state-v1
2025-04-20,663623,ESTABLISHED,91.67476447086948,83.0,23.413150085926716,23.0,16.87861318578858,19.0,starter-role-runtime-state-v1
2025-04-20,664285,ESTABLISHED,92.47167968005691,87.0,24.453295616264633,25.0,18.013080082812255,18.0,starter-role-runtime-state-v1
2025-04-20,666200,ESTABLISHED,91.58280010949389,88.0,22.867253075937786,29.0,17.013485773283556,21.0,starter-role-runtime-state-v1
2025-04-20,669373,ESTABLISHED,91.32543183069176,91.0,23.728223835819094,22.0,18.386778178691817,15.0,starter-role-runtime-state-v1
2025-04-20,680732,ESTABLISHED,75.39905392915648,94.0,19.13975670124908,25.0,13.233996312848157,15.0,starter-role-runtime-state-v1
2025-04-20,695418,RESTRICTED,60.0,65.0,15.964439258559974,20.0,11.190471955148144,12.0,starter-role-runtime-state-v1
2025-04-21,592332,ESTABLISHED,97.11703404605802,96.0,24.30407035504983,25.0,18.737689517248192,18.0,starter-role-runtime-state-v1
2025-04-21,592662,ESTABLISHED,87.07096244429734,92.0,19.72530363429436,22.0,13.279578714388851,15.0,starter-role-runtime-state-v1
2025-04-21,605400,ESTABLISHED,95.28857549897536,101.0,24.56622085972514,26.0,16.8867027893136,19.0,starter-role-runtime-state-v1
2025-04-21,621111,ESTABLISHED,86.31042447203555,100.0,22.126944428704164,27.0,14.994856638540119,21.0,starter-role-runtime-state-v1
2025-04-21,666157,ESTABLISHED,88.46744693061663,99.0,23.08804223988917,26.0,16.18397226324897,17.0,starter-role-runtime-state-v1
2025-04-21,668909,ESTABLISHED,86.2592657012404,104.0,20.731960612305336,26.0,14.485402294096076,19.0,starter-role-runtime-state-v1
2025-04-21,672456,RESTRICTED,74.886761526935,92.0,21.110010634946306,22.0,15.415104640128671,13.0,starter-role-runtime-state-v1
2025-04-21,681190,ESTABLISHED,78.35781323946382,68.0,21.358227434517133,15.0,15.048270127270193,6.0,starter-role-runtime-state-v1
2025-04-21,686613,ESTABLISHED,96.19446443153417,96.0,22.925987595996606,23.0,17.730033193238114,21.0,starter-role-runtime-state-v1
2025-04-22,605135,ESTABLISHED,92.37284070504825,96.0,23.718361631092762,26.0,16.420474128056796,16.0,starter-role-runtime-state-v1
2025-04-22,607259,ESTABLISHED,86.01693968838147,79.0,22.759659161523743,22.0,16.568552853927777,17.0,starter-role-runtime-state-v1
2025-04-22,641927,ESTABLISHED,82.55653209780277,87.0,22.459432831751414,25.0,16.396354242868533,18.0,starter-role-runtime-state-v1
2025-04-22,650911,ESTABLISHED,91.61294691102475,58.0,24.761865755996855,11.0,17.977199947493208,6.0,starter-role-runtime-state-v1
2025-04-22,663372,ESTABLISHED,85.00528066387899,87.0,22.028231390301077,24.0,15.35844271731304,21.0,starter-role-runtime-state-v1
2025-04-22,663436,ESTABLISHED,85.44425039021215,88.0,22.16858576968692,22.0,15.108100746494648,15.0,starter-role-runtime-state-v1
2025-04-22,665152,ESTABLISHED,90.35881191702163,101.0,22.849494095993116,26.0,15.760147425268691,16.0,starter-role-runtime-state-v1
2025-04-22,665795,ESTABLISHED,83.41979195462358,87.0,21.025598617364423,22.0,14.465797634025916,15.0,starter-role-runtime-state-v1
2025-04-22,667755,ESTABLISHED,87.33766988585661,84.0,23.677077935545686,21.0,17.188575401120296,10.0,starter-role-runtime-state-v1
2025-04-22,669160,ESTABLISHED,82.106756364731,95.0,20.75190688275027,27.0,15.982064256367586,15.0,starter-role-runtime-state-v1
2025-04-22,669467,ESTABLISHED,92.44320701942073,83.0,23.36925487617708,23.0,17.24064475336864,13.0,starter-role-runtime-state-v1
2025-04-22,676440,ESTABLISHED,92.09487131772816,106.0,22.888188173485197,24.0,16.577555019158986,18.0,starter-role-runtime-state-v1
2025-04-22,682243,ESTABLISHED,89.2362710021755,100.0,21.88356345730451,23.0,16.889962251334666,14.0,starter-role-runtime-state-v1
2025-04-22,684007,ESTABLISHED,89.09039705075064,101.0,23.73515088661453,25.0,17.901135121451926,17.0,starter-role-runtime-state-v1
2025-04-22,694297,ESTABLISHED,90.61673833523005,93.0,23.036301610637697,22.0,16.400869853466162,18.0,starter-role-runtime-state-v1
2025-04-22,701542,ESTABLISHED,79.02899385930537,82.0,17.77143822352056,20.0,11.765634873262567,15.0,starter-role-runtime-state-v1
2025-04-23,554430,ESTABLISHED,95.20792605183486,107.0,24.337806570782973,25.0,18.959083540640975,18.0,starter-role-runtime-state-v1
2025-04-23,571510,ESTABLISHED,88.65858545876316,92.0,21.762077629190465,28.0,15.154147985277305,18.0,starter-role-runtime-state-v1
2025-04-23,593958,ESTABLISHED,91.65723455897634,92.0,23.648577895439796,27.0,16.069269818857673,20.0,starter-role-runtime-state-v1
2025-04-23,607074,ESTABLISHED,98.09809834527758,90.0,22.997767614512576,27.0,16.949238122562775,21.0,starter-role-runtime-state-v1
2025-04-23,608372,ESTABLISHED,80.94456235302722,94.0,21.981246201161703,26.0,16.03751619263874,21.0,starter-role-runtime-state-v1
2025-04-23,642547,ESTABLISHED,93.29350176190557,95.0,22.23327096956379,22.0,16.27183256389818,15.0,starter-role-runtime-state-v1
2025-04-23,645261,ESTABLISHED,84.10356092439834,102.0,23.2020098881976,25.0,17.064132482245935,18.0,starter-role-runtime-state-v1
2025-04-23,656794,RAMPING,82.44509031178295,97.0,19.5878157492629,24.0,12.55110564388627,15.0,starter-role-runtime-state-v1
2025-04-23,656849,ESTABLISHED,90.78283666582483,89.0,24.003932874426727,25.0,17.111535250251208,16.0,starter-role-runtime-state-v1
2025-04-23,657277,ESTABLISHED,96.50976841544573,106.0,24.091801416728615,27.0,18.04215052615287,19.0,starter-role-runtime-state-v1
2025-04-23,663903,ESTABLISHED,92.58158862075092,88.0,23.39505207053608,22.0,16.303850348188206,18.0,starter-role-runtime-state-v1
2025-04-23,671737,ESTABLISHED,89.80443195365855,103.0,23.44841214529196,25.0,16.404605880886074,18.0,starter-role-runtime-state-v1
2025-04-23,676106,RESTRICTED,73.35781820095512,92.0,19.226446474855003,25.0,13.071974137547041,18.0,starter-role-runtime-state-v1
2025-04-23,677958,ESTABLISHED,74.12698759403104,63.0,19.90205157502278,13.0,13.23188387249035,5.0,starter-role-runtime-state-v1
2025-04-23,687473,ESTABLISHED,68.81375283958184,80.0,19.333944582732677,21.0,13.511970386143664,17.0,starter-role-runtime-state-v1
2025-04-23,693821,ESTABLISHED,84.4189538227015,99.0,22.38317122841239,25.0,15.007518841497916,18.0,starter-role-runtime-state-v1
2025-04-24,547179,ESTABLISHED,85.73327017966093,96.0,21.610551608572464,26.0,14.82009619736588,18.0,starter-role-runtime-state-v1
2025-04-24,594798,RAMPING,79.64084724578986,83.0,19.714319848359064,22.0,14.800846695775967,16.0,starter-role-runtime-state-v1
2025-04-24,656876,ESTABLISHED,69.68380175785596,82.0,17.100129857316446,21.0,13.342317869684145,15.0,starter-role-runtime-state-v1
2025-04-24,669022,ESTABLISHED,96.7099668356543,99.0,23.403111618477283,23.0,16.846688269705293,18.0,starter-role-runtime-state-v1
2025-04-24,669372,ESTABLISHED,83.09732476762143,71.0,21.327654153920214,20.0,15.116330112616662,11.0,starter-role-runtime-state-v1
2025-04-24,669387,ESTABLISHED,60.0,77.0,14.915834183457509,22.0,9.582707299886291,15.0,starter-role-runtime-state-v1
2025-04-24,693433,ESTABLISHED,87.99220046481052,91.0,24.169876453106525,23.0,17.97088524500051,18.0,starter-role-runtime-state-v1
2025-04-24,694738,ESTABLISHED,87.69511110454592,78.0,22.17297800614297,20.0,15.65289215212465,11.0,starter-role-runtime-state-v1
2025-04-24,700249,ESTABLISHED,84.50550789003748,87.0,21.63713929716168,25.0,14.412054259925885,20.0,starter-role-runtime-state-v1
2025-04-25,519242,ESTABLISHED,96.38719426613154,104.0,23.18937359492181,22.0,16.24613987666423,15.0,starter-role-runtime-state-v1
2025-04-25,607536,ESTABLISHED,76.94689252449164,89.0,22.080676483535566,25.0,15.643428920774584,13.0,starter-role-runtime-state-v1
2025-04-25,607625,ESTABLISHED,98.15056292457038,94.0,24.57365882432994,27.0,18.03627721979258,24.0,starter-role-runtime-state-v1
2025-04-25,615698,ESTABLISHED,82.3247548317591,78.0,21.044863956277773,22.0,13.412442925263406,17.0,starter-role-runtime-state-v1
2025-04-25,650633,ESTABLISHED,96.79308397287359,90.0,23.61659525845087,21.0,17.157927990795272,15.0,starter-role-runtime-state-v1
2025-04-25,663623,ESTABLISHED,90.38747293876817,98.0,23.334471349871432,27.0,17.10188722576305,22.0,starter-role-runtime-state-v1
2025-04-25,669302,ESTABLISHED,96.90102422142151,29.0,23.00794600397235,9.0,17.420729588116416,9.0,starter-role-runtime-state-v1
2025-04-25,669358,ESTABLISHED,90.37716626859209,97.0,22.46324280588677,25.0,16.98909068068159,21.0,starter-role-runtime-state-v1
2025-04-25,669461,ESTABLISHED,82.10793356526374,89.0,21.226633312163415,23.0,14.9785563179464,18.0,starter-role-runtime-state-v1
2025-04-25,669713,ESTABLISHED,82.54010023030804,80.0,21.557607547559677,22.0,15.45686686131271,15.0,starter-role-runtime-state-v1
2025-04-25,671096,ESTABLISHED,89.31478443056884,84.0,22.340327468606354,21.0,16.031887813256546,12.0,starter-role-runtime-state-v1
2025-04-25,694973,ESTABLISHED,96.75251718191626,108.0,22.649049211264874,24.0,17.732248398429462,19.0,starter-role-runtime-state-v1
2025-04-25,808967,ESTABLISHED,91.4593059578618,94.0,21.206815133475576,24.0,16.10609331788724,15.0,starter-role-runtime-state-v1
2025-04-26,518876,ESTABLISHED,86.07259272024706,93.0,22.61893400400843,23.0,16.651431617369347,18.0,starter-role-runtime-state-v1
2025-04-26,543243,ESTABLISHED,90.3074002001672,91.0,23.480815103349556,27.0,17.85968728726847,18.0,starter-role-runtime-state-v1
2025-04-26,592662,ESTABLISHED,89.13361660250004,97.0,20.17839539464599,27.0,13.554309121426838,21.0,starter-role-runtime-state-v1
2025-04-26,605280,ESTABLISHED,88.66933261787295,70.0,22.543517251145225,18.0,15.608005323149456,15.0,starter-role-runtime-state-v1
2025-04-26,605488,ESTABLISHED,83.36873286597017,100.0,20.2273338449982,28.0,13.74787527619924,18.0,starter-role-runtime-state-v1
2025-04-26,608379,ESTABLISHED,88.41174104040773,92.0,22.88970430194653,24.0,16.56761195482067,18.0,starter-role-runtime-state-v1
2025-04-26,621111,ESTABLISHED,88.82870477446728,87.0,22.802563596269373,25.0,15.716396176971099,18.0,starter-role-runtime-state-v1
2025-04-26,622491,ESTABLISHED,98.96524416446128,90.0,24.276735899061375,21.0,16.532684409514932,18.0,starter-role-runtime-state-v1
2025-04-26,641816,ESTABLISHED,87.70640516958044,87.0,20.491857285099933,21.0,15.455368751190118,15.0,starter-role-runtime-state-v1
2025-04-26,656302,ESTABLISHED,91.19876582843648,95.0,22.851304278496812,23.0,16.28967311668811,13.0,starter-role-runtime-state-v1
2025-04-26,656550,ESTABLISHED,91.35264364954614,93.0,21.809023515557648,24.0,15.423244417135685,17.0,starter-role-runtime-state-v1
2025-04-26,663554,ESTABLISHED,84.790103165354,87.0,22.492588209842452,23.0,16.1464317732674,16.0,starter-role-runtime-state-v1
2025-04-26,664285,ESTABLISHED,92.07944004774521,96.0,24.535397709559682,29.0,18.01529184648868,24.0,starter-role-runtime-state-v1
2025-04-26,666200,ESTABLISHED,91.75757776802371,102.0,23.547954137873695,25.0,17.471461098551814,18.0,starter-role-runtime-state-v1
2025-04-26,672456,ESTABLISHED,80.07984227020458,77.0,21.601065567194297,18.0,15.226569079162848,13.0,starter-role-runtime-state-v1
2025-04-26,695418,RESTRICTED,60.0,80.0,17.182295357145136,16.0,11.456116079389606,12.0,starter-role-runtime-state-v1
2025-04-26,808963,RAMPING,70.53000827433095,93.0,17.6205563854054,24.0,12.226749712005685,17.0,starter-role-runtime-state-v1
2025-04-27,592332,ESTABLISHED,95.76904993978896,71.0,24.26107850309002,16.0,18.62773953694373,8.0,starter-role-runtime-state-v1
2025-04-27,592791,ESTABLISHED,87.8675219839141,88.0,23.29618702066884,25.0,17.237000983603934,21.0,starter-role-runtime-state-v1
2025-04-27,605135,ESTABLISHED,90.93565132725112,92.0,23.75580845305845,25.0,16.32702863216933,17.0,starter-role-runtime-state-v1
2025-04-27,605400,ESTABLISHED,97.87976051573794,99.0,24.952671692475082,24.0,17.182288851947742,21.0,starter-role-runtime-state-v1
2025-04-27,608331,ESTABLISHED,97.20379461597899,101.0,25.774794434026518,25.0,19.10766189580786,18.0,starter-role-runtime-state-v1
2025-04-27,665152,ESTABLISHED,91.3463321411846,97.0,23.178194980103974,24.0,15.784409348425317,17.0,starter-role-runtime-state-v1
2025-04-27,666157,ESTABLISHED,89.57230344431017,91.0,23.407105831118077,25.0,16.27919800470898,21.0,starter-role-runtime-state-v1
2025-04-27,667755,ESTABLISHED,85.31536013490877,90.0,23.152651050108823,22.0,16.26803222570852,15.0,starter-role-runtime-state-v1
2025-04-27,669373,ESTABLISHED,91.2582642182856,91.0,23.536804132553286,23.0,18.00523422025585,18.0,starter-role-runtime-state-v1
2025-04-27,681190,RESTRICTED,76.31003314085329,77.0,20.485751190453804,21.0,13.910449601156104,14.0,starter-role-runtime-state-v1
2025-04-27,686613,ESTABLISHED,96.75405565678,100.0,23.00932773532247,24.0,18.132663601394306,18.0,starter-role-runtime-state-v1
2025-04-27,694297,ESTABLISHED,87.9524556572275,100.0,22.569863053444877,27.0,16.48379024021991,18.0,starter-role-runtime-state-v1
2025-04-28,607259,ESTABLISHED,83.39845033500825,76.0,22.45160998258747,22.0,16.549665849595925,18.0,starter-role-runtime-state-v1
2025-04-28,608372,ESTABLISHED,83.06094068785171,95.0,22.833654083098974,22.0,17.200686495093628,15.0,starter-role-runtime-state-v1
2025-04-28,641927,ESTABLISHED,83.79327474652145,102.0,22.84060004582153,31.0,16.639047365125204,23.0,starter-role-runtime-state-v1
2025-04-28,663372,ESTABLISHED,84.87715123716723,95.0,22.212530101588577,25.0,15.977763286069347,14.0,starter-role-runtime-state-v1
2025-04-28,665795,ESTABLISHED,86.49782193054014,97.0,21.434047103455875,23.0,14.613492590681656,12.0,starter-role-runtime-state-v1
2025-04-28,668909,ESTABLISHED,92.79416183102161,61.0,21.792832960749656,14.0,15.090385995659243,6.0,starter-role-runtime-state-v1
2025-04-28,669160,ESTABLISHED,85.75979777872462,83.0,21.812429243900787,22.0,15.965871177382208,16.0,starter-role-runtime-state-v1
2025-04-28,669467,ESTABLISHED,91.52313419304419,90.0,23.348212970100192,25.0,16.752342273193676,18.0,starter-role-runtime-state-v1
2025-04-28,693821,ESTABLISHED,89.65404337715268,90.0,23.09549333439057,25.0,15.443513224628168,18.0,starter-role-runtime-state-v1
2025-04-28,701542,ESTABLISHED,79.47474007824142,72.0,18.110407796359326,18.0,12.266128638291223,10.0,starter-role-runtime-state-v1
2025-04-29,547179,ESTABLISHED,86.38581999384712,88.0,22.018890378345116,24.0,15.136588406366016,18.0,starter-role-runtime-state-v1
2025-04-29,554430,ESTABLISHED,97.66034994969488,106.0,24.535556816904013,27.0,18.88795546647799,20.0,starter-role-runtime-state-v1
2025-04-29,593958,ESTABLISHED,93.2141034816107,69.0,24.189242092501342,22.0,16.54230785352534,12.0,starter-role-runtime-state-v1
2025-04-29,594798,RAMPING,79.54077522450216,65.0,19.95575817280814,20.0,14.945090185950274,18.0,starter-role-runtime-state-v1
2025-04-29,607074,ESTABLISHED,97.10804957922447,91.0,23.386759783142217,21.0,17.37066541878969,18.0,starter-role-runtime-state-v1
2025-04-29,642547,ESTABLISHED,96.45345771102991,93.0,22.51935192400461,24.0,16.216126729161925,18.0,starter-role-runtime-state-v1
2025-04-29,645261,ESTABLISHED,91.21267128065178,79.0,24.012761337720118,20.0,17.35015359858999,8.0,starter-role-runtime-state-v1
2025-04-29,656849,ESTABLISHED,90.02520118038834,85.0,24.06895010994044,20.0,16.991878465451947,15.0,starter-role-runtime-state-v1
2025-04-29,657277,ESTABLISHED,99.78376484954441,79.0,24.65976868145303,24.0,18.22353783701065,15.0,starter-role-runtime-state-v1
2025-04-29,669022,ESTABLISHED,96.33867659628007,96.0,23.298275913376862,23.0,16.954042209146245,18.0,starter-role-runtime-state-v1
2025-04-29,671737,ESTABLISHED,95.09557767397423,101.0,24.085104465524843,27.0,16.7261058789179,21.0,starter-role-runtime-state-v1
2025-04-29,676440,ESTABLISHED,97.06852654039858,92.0,23.394862452004062,25.0,16.859074308137675,21.0,starter-role-runtime-state-v1
2025-04-29,682052,ESTABLISHED,79.446712038911,84.0,22.624490507520942,18.0,15.587979003746739,8.0,starter-role-runtime-state-v1
2025-04-29,682243,ESTABLISHED,91.67221838104099,83.0,22.148122878394304,20.0,16.626226569841243,15.0,starter-role-runtime-state-v1
2025-04-29,684007,ESTABLISHED,91.66629163388421,87.0,24.028999952625274,21.0,17.850767581971215,15.0,starter-role-runtime-state-v1
2025-04-29,687473,ESTABLISHED,73.72081172561973,90.0,20.054497756381046,20.0,14.82164528230017,13.0,starter-role-runtime-state-v1
2025-04-29,700363,ESTABLISHED,83.81196905382347,59.0,20.03315536198781,21.0,13.624159478516614,16.0,starter-role-runtime-state-v1
2025-04-30,519242,ESTABLISHED,98.08089765918922,100.0,23.15503838539618,25.0,16.143209906998724,21.0,starter-role-runtime-state-v1
2025-04-30,571510,ESTABLISHED,88.27407612207438,83.0,22.32901963821404,22.0,15.450001563546964,15.0,starter-role-runtime-state-v1
2025-04-30,571927,ESTABLISHED,81.8863524564449,73.0,20.353974017851122,17.0,14.612664389459198,12.0,starter-role-runtime-state-v1
2025-04-30,615698,ESTABLISHED,83.37154757989286,72.0,21.326136487869466,18.0,13.862185557178154,11.0,starter-role-runtime-state-v1
2025-04-30,650633,ESTABLISHED,93.60504603427827,91.0,23.05552112863377,21.0,16.850197098605197,17.0,starter-role-runtime-state-v1
2025-04-30,650911,ESTABLISHED,87.08151842347998,87.0,22.921940699016506,23.0,16.47146224593865,15.0,starter-role-runtime-state-v1
2025-04-30,656876,ESTABLISHED,72.06371947961786,72.0,17.688019352065645,21.0,13.596944244405869,15.0,starter-role-runtime-state-v1
2025-04-30,663623,ESTABLISHED,88.57537304218978,90.0,23.41984666849409,29.0,17.533548385245076,18.0,starter-role-runtime-state-v1
2025-04-30,663903,ESTABLISHED,91.61537491244175,92.0,23.191918459043094,23.0,16.478763881859187,18.0,starter-role-runtime-state-v1
2025-04-30,669387,ESTABLISHED,60.55646865814223,65.0,15.743836162433642,18.0,10.356291171369532,12.0,starter-role-runtime-state-v1
2025-04-30,676106,RESTRICTED,75.40581258226192,99.0,19.894830565655155,28.0,13.658385777470746,18.0,starter-role-runtime-state-v1
2025-04-30,694738,ESTABLISHED,87.32314363858305,92.0,21.950366425339766,22.0,14.886482008807494,13.0,starter-role-runtime-state-v1
2025-04-30,695549,ESTABLISHED,85.16116563723072,77.0,20.608355740085187,20.0,15.165080175689146,12.0,starter-role-runtime-state-v1
2025-04-30,700249,ESTABLISHED,84.7332225581144,87.0,22.011166707394942,20.0,15.0547287420256,14.0,starter-role-runtime-state-v1
2025-05-01,605488,ESTABLISHED,83.11207988807264,68.0,20.912729822947608,21.0,14.226670714393748,18.0,starter-role-runtime-state-v1
2025-05-01,607536,RESTRICTED,77.80269456363523,91.0,22.34170396787308,26.0,15.35306469976703,18.0,starter-role-runtime-state-v1
2025-05-01,607625,ESTABLISHED,94.67595386857232,93.0,24.485732963429072,23.0,18.57046195664296,18.0,starter-role-runtime-state-v1
2025-05-01,641816,ESTABLISHED,85.07614717675669,90.0,20.28799671394115,24.0,15.310077297234503,18.0,starter-role-runtime-state-v1
2025-05-01,663554,ESTABLISHED,82.4028864671474,95.0,22.2332555786111,28.0,16.034533839358147,21.0,starter-role-runtime-state-v1
2025-05-01,669358,ESTABLISHED,90.5921819450774,93.0,22.704287163629978,28.0,17.451180463792525,17.0,starter-role-runtime-state-v1
2025-05-01,669461,ESTABLISHED,83.14615954572035,42.0,21.459946917161172,12.0,15.330891930623004,9.0,starter-role-runtime-state-v1
2025-05-01,671096,ESTABLISHED,88.87859142025492,74.0,22.215155413358723,18.0,15.58418184095818,12.0,starter-role-runtime-state-v1
2025-05-01,680732,ESTABLISHED,81.47695649391912,94.0,20.476979673820264,22.0,13.656185958083157,18.0,starter-role-runtime-state-v1
2025-05-01,694973,ESTABLISHED,95.28453077239402,86.0,22.51217185796392,23.0,17.783563802375717,15.0,starter-role-runtime-state-v1
2025-05-01,695418,RESTRICTED,64.72723573049134,69.0,16.661910271728004,21.0,11.576571995000336,15.0,starter-role-runtime-state-v1
2025-05-02,518876,ESTABLISHED,87.88154251207848,60.0,22.785381162796128,18.0,16.837779799495827,15.0,starter-role-runtime-state-v1
2025-05-02,543243,ESTABLISHED,93.48919235283196,96.0,24.22358842345883,23.0,17.993533661742667,13.0,starter-role-runtime-state-v1
2025-05-02,592662,ESTABLISHED,89.13524615752951,86.0,20.928664762986436,24.0,14.482653083298509,21.0,starter-role-runtime-state-v1
2025-05-02,605135,ESTABLISHED,91.32181391182247,98.0,23.922548030183663,23.0,16.420400972126664,16.0,starter-role-runtime-state-v1
2025-05-02,605280,ESTABLISHED,83.73043460950088,92.0,21.458404604739616,25.0,15.491351090045315,18.0,starter-role-runtime-state-v1
2025-05-02,608331,ESTABLISHED,96.58308837739033,92.0,25.569406157446284,24.0,18.943894606044225,21.0,starter-role-runtime-state-v1
2025-05-02,608379,ESTABLISHED,88.79059563411083,83.0,23.006215437542913,25.0,16.7157686873929,19.0,starter-role-runtime-state-v1
2025-05-02,656302,ESTABLISHED,93.95891981107788,91.0,23.128967997791126,18.0,15.997242754126074,12.0,starter-role-runtime-state-v1
2025-05-02,656550,ESTABLISHED,91.21107801557837,94.0,22.079258998347804,23.0,15.638214402402813,18.0,starter-role-runtime-state-v1
2025-05-02,664285,ESTABLISHED,92.49401083245834,87.0,24.998457327798697,23.0,18.662814085590007,15.0,starter-role-runtime-state-v1
2025-05-02,665152,ESTABLISHED,92.86994023683292,82.0,23.36914638686232,25.0,15.940397462463338,21.0,starter-role-runtime-state-v1
2025-05-02,666200,ESTABLISHED,92.06526715526974,95.0,23.614654792151878,25.0,17.49793625155419,16.0,starter-role-runtime-state-v1
2025-05-02,667755,ESTABLISHED,84.57553913328358,94.0,22.859225733513835,23.0,16.077812332190387,18.0,starter-role-runtime-state-v1
2025-05-02,669373,ESTABLISHED,91.17211195205661,73.0,23.47065487282751,21.0,18.003975201449656,18.0,starter-role-runtime-state-v1
2025-05-02,693433,ESTABLISHED,88.3205713203294,87.0,24.022055804572624,20.0,17.968783117571334,19.0,starter-role-runtime-state-v1
2025-05-02,808967,ESTABLISHED,90.62749374607179,91.0,21.403299063584967,21.0,15.952430357768808,18.0,starter-role-runtime-state-v1
2025-05-03,592332,ESTABLISHED,91.2853126981157,94.0,23.13775787063927,20.0,17.334324128140707,18.0,starter-role-runtime-state-v1
2025-05-03,592791,ESTABLISHED,88.31691331455157,88.0,23.533406348644867,22.0,17.662813326381755,18.0,starter-role-runtime-state-v1
2025-05-03,605400,ESTABLISHED,98.68222973755252,109.0,24.916513349184434,23.0,17.624104443351705,18.0,starter-role-runtime-state-v1
2025-05-03,608372,ESTABLISHED,88.44836500902397,79.0,22.970935074498847,23.0,16.808876305389873,18.0,starter-role-runtime-state-v1
2025-05-03,622491,ESTABLISHED,94.38722599711049,88.0,23.50074293899927,23.0,16.609864802880693,18.0,starter-role-runtime-state-v1
2025-05-03,641927,ESTABLISHED,87.18640674569701,94.0,23.87964929531895,25.0,17.381440154808697,18.0,starter-role-runtime-state-v1
2025-05-03,663436,ESTABLISHED,86.88751118405926,88.0,22.27043607691974,22.0,15.12612720948817,15.0,starter-role-runtime-state-v1
2025-05-03,666157,ESTABLISHED,90.49455018533216,98.0,23.673109988801002,31.0,16.819991805200445,16.0,starter-role-runtime-state-v1
2025-05-03,668909,ESTABLISHED,85.10962569439215,100.0,20.45203408305219,23.0,13.864078421191566,12.0,starter-role-runtime-state-v1
2025-05-03,681190,ESTABLISHED,78.89016565598764,89.0,20.83478356132091,26.0,14.000170647101749,15.0,starter-role-runtime-state-v1
2025-05-03,686613,ESTABLISHED,97.67215966538299,98.0,23.19221562268882,24.0,18.151440299524477,18.0,starter-role-runtime-state-v1
2025-05-03,690928,ESTABLISHED,85.51587303404712,92.0,23.474952469768535,27.0,16.60279860193161,17.0,starter-role-runtime-state-v1
2025-05-03,694297,ESTABLISHED,90.37900615251498,93.0,23.176244847928288,27.0,16.69498356149454,14.0,starter-role-runtime-state-v1
2025-05-03,808963,RAMPING,79.46054152688886,98.0,19.4405747792975,24.0,13.367661847163605,15.0,starter-role-runtime-state-v1
2025-05-04,547179,ESTABLISHED,83.66454945443527,85.0,21.879155245563524,22.0,15.325546725091913,14.0,starter-role-runtime-state-v1
2025-05-04,593958,ESTABLISHED,84.85409190103344,101.0,23.275547464670343,25.0,15.826244349012338,16.0,starter-role-runtime-state-v1
2025-05-04,594798,RAMPING,74.08665061538713,89.0,19.547075714672815,20.0,15.219792316079872,15.0,starter-role-runtime-state-v1
2025-05-04,607259,ESTABLISHED,81.32924664854822,86.0,22.2479069148076,22.0,16.664980541148793,18.0,starter-role-runtime-state-v1
2025-05-04,624133,ESTABLISHED,84.68952963802806,82.0,22.18354472044288,20.0,14.790165753874417,11.0,starter-role-runtime-state-v1
2025-05-04,642547,ESTABLISHED,93.23244145693523,89.0,22.373328672128416,21.0,16.318662832023705,18.0,starter-role-runtime-state-v1
2025-05-04,657277,ESTABLISHED,93.32047423038182,96.0,24.126858314433832,28.0,17.722883443073016,21.0,starter-role-runtime-state-v1
2025-05-04,665795,ESTABLISHED,90.86354743231978,86.0,21.96523109774893,23.0,14.422756663580742,17.0,starter-role-runtime-state-v1
2025-05-04,669022,ESTABLISHED,94.86275890731443,100.0,23.115782088869977,22.0,17.032281145410934,15.0,starter-role-runtime-state-v1
2025-05-04,669160,ESTABLISHED,85.98151493517221,97.0,21.90769617555312,25.0,15.992620779703286,17.0,starter-role-runtime-state-v1
2025-05-04,669467,ESTABLISHED,89.95363511524758,72.0,23.369805850980697,21.0,16.847431906417924,10.0,starter-role-runtime-state-v1
2025-05-04,671737,ESTABLISHED,93.6832356348543,88.0,24.16158634598616,22.0,17.124787103183678,16.0,starter-role-runtime-state-v1
2025-05-04,676440,ESTABLISHED,94.38748358463377,86.0,23.329789824178707,23.0,17.241685550460986,15.0,starter-role-runtime-state-v1
2025-05-04,684007,ESTABLISHED,90.0790254785574,84.0,23.56356795166989,22.0,17.491481736758253,17.0,starter-role-runtime-state-v1
2025-05-04,693821,ESTABLISHED,90.97827717055195,86.0,23.44117036407492,21.0,15.745650600926384,15.0,starter-role-runtime-state-v1
2025-05-04,701542,RESTRICTED,76.0701811285096,102.0,17.862625975129994,26.0,11.8630904809941,14.0,starter-role-runtime-state-v1
2025-05-05,571510,ESTABLISHED,84.77121994165368,94.0,21.95214820662727,23.0,15.301868968948803,18.0,starter-role-runtime-state-v1
2025-05-05,607074,ESTABLISHED,95.049014859749,95.0,22.974651025954337,24.0,17.415856605757696,20.0,starter-role-runtime-state-v1
2025-05-05,645261,ESTABLISHED,89.55411662968329,87.0,23.53984119830855,22.0,16.264252901887048,15.0,starter-role-runtime-state-v1
2025-05-05,663903,ESTABLISHED,91.14907192669551,102.0,23.1180882044422,27.0,16.637763880577673,18.0,starter-role-runtime-state-v1
2025-05-05,669387,RESTRICTED,60.0,88.0,15.925186467856834,18.0,10.557857916385302,14.0,starter-role-runtime-state-v1
2025-05-05,682243,ESTABLISHED,89.23780190141765,94.0,21.742916963060274,20.0,16.38970474266096,12.0,starter-role-runtime-state-v1
2025-05-05,694738,ESTABLISHED,86.1103520423749,77.0,21.735889978246192,22.0,14.526844104205017,15.0,starter-role-runtime-state-v1
2025-05-05,700363,ESTABLISHED,79.44209108648718,99.0,20.117089440300717,28.0,13.979068164083674,24.0,starter-role-runtime-state-v1
2025-05-06,519242,ESTABLISHED,99.0858373975991,112.0,23.445362286958616,28.0,16.705043633712336,20.0,starter-role-runtime-state-v1
2025-05-06,554430,ESTABLISHED,100.25599682143265,84.0,24.995278380690912,24.0,19.08105898385999,21.0,starter-role-runtime-state-v1
2025-05-06,605488,ESTABLISHED,78.66236094565512,98.0,20.627333571415924,22.0,14.62314382222498,15.0,starter-role-runtime-state-v1
2025-05-06,607625,ESTABLISHED,92.05944590386031,98.0,24.03895653266996,29.0,18.429539475897386,20.0,starter-role-runtime-state-v1
2025-05-06,615698,ESTABLISHED,82.49688932617708,79.0,21.000464769069534,18.0,13.555303861304013,15.0,starter-role-runtime-state-v1
2025-05-06,650633,ESTABLISHED,91.23267129270614,90.0,22.588000116741625,22.0,16.79392992054631,18.0,starter-role-runtime-state-v1
2025-05-06,656849,ESTABLISHED,89.59713841409767,104.0,23.62369550565618,28.0,16.792159209598832,18.0,starter-role-runtime-state-v1
2025-05-06,656876,RAMPING,69.64203716848975,86.0,17.80405654447303,20.0,13.690128914801603,13.0,starter-role-runtime-state-v1
2025-05-06,663623,ESTABLISHED,89.84196639746519,95.0,24.11669065361523,23.0,17.641887951065414,16.0,starter-role-runtime-state-v1
2025-05-06,669461,ESTABLISHED,72.5201973902624,99.0,19.68317848989753,27.0,14.40228937886555,21.0,starter-role-runtime-state-v1
2025-05-06,669713,ESTABLISHED,82.24375365758748,80.0,21.604717984484225,19.0,15.398474276028175,12.0,starter-role-runtime-state-v1
2025-05-06,671096,ESTABLISHED,86.49366362789682,91.0,21.668759195851948,19.0,15.170453067012463,15.0,starter-role-runtime-state-v1
2025-05-06,676106,ESTABLISHED,85.81794915167156,71.0,21.72126378241316,22.0,14.417290290957292,18.0,starter-role-runtime-state-v1
2025-05-06,680732,ESTABLISHED,84.06736188187097,78.0,20.79392036072541,25.0,14.393910843030412,19.0,starter-role-runtime-state-v1
2025-05-06,694973,ESTABLISHED,91.6237776184775,102.0,22.282237835151136,25.0,17.383320309789063,18.0,starter-role-runtime-state-v1
2025-05-06,695418,RAMPING,65.55387983802997,93.0,17.643292803589528,23.0,12.392534370890607,18.0,starter-role-runtime-state-v1
2025-05-06,700249,ESTABLISHED,85.84834413512623,103.0,21.85958335693239,24.0,14.954092537397429,18.0,starter-role-runtime-state-v1
2025-05-07,518876,ESTABLISHED,81.04692846603228,98.0,21.845250984075307,26.0,16.518915598647617,19.0,starter-role-runtime-state-v1
2025-05-07,543243,ESTABLISHED,92.00347784293896,89.0,23.88493148895008,25.0,17.38225290301238,21.0,starter-role-runtime-state-v1
2025-05-07,592662,ESTABLISHED,86.05657830359884,98.0,21.018927714993424,23.0,15.226715338491111,18.0,starter-role-runtime-state-v1
2025-05-07,608331,ESTABLISHED,95.86596720736092,100.0,25.414335496698023,27.0,19.22399231756225,21.0,starter-role-runtime-state-v1
2025-05-07,608379,ESTABLISHED,87.36864022851857,84.0,23.12969996391944,25.0,16.941895346569655,21.0,starter-role-runtime-state-v1
2025-05-07,641816,ESTABLISHED,84.78523184415165,88.0,20.654368682902003,20.0,15.625865833773624,15.0,starter-role-runtime-state-v1
2025-05-07,647336,ESTABLISHED,83.97405721068573,78.0,21.42114933889878,22.0,14.654441347599095,15.0,starter-role-runtime-state-v1
2025-05-07,650911,ESTABLISHED,86.33829911202169,85.0,22.853799278864933,22.0,16.302785657499335,18.0,starter-role-runtime-state-v1
2025-05-07,656302,ESTABLISHED,91.78704503553602,89.0,22.30575680265158,24.0,15.46959051631762,20.0,starter-role-runtime-state-v1
2025-05-07,656550,ESTABLISHED,87.79913798215222,88.0,21.785425236533854,23.0,15.842357904892094,16.0,starter-role-runtime-state-v1
2025-05-07,664285,ESTABLISHED,90.36717581829146,101.0,24.5973261769576,25.0,18.214040058835028,21.0,starter-role-runtime-state-v1
2025-05-07,669358,ESTABLISHED,89.8325213366494,83.0,23.180217804217392,21.0,17.381326015766064,10.0,starter-role-runtime-state-v1
2025-05-07,693433,ESTABLISHED,85.68457738394034,100.0,23.225007504337274,27.0,17.99694806599693,18.0,starter-role-runtime-state-v1
2025-05-07,695549,ESTABLISHED,83.04146648255974,87.0,20.450380765672577,20.0,14.370084739549625,11.0,starter-role-runtime-state-v1
2025-05-08,605135,ESTABLISHED,94.97256793596856,101.0,24.15054651545649,29.0,16.45791965895645,18.0,starter-role-runtime-state-v1
2025-05-08,607536,ESTABLISHED,78.72381325069361,65.0,22.6731281360884,21.0,15.622709185462556,9.0,starter-role-runtime-state-v1
2025-05-08,641927,ESTABLISHED,89.49901603131681,91.0,24.19996719948803,25.0,17.502903187783364,15.0,starter-role-runtime-state-v1
2025-05-08,663436,ESTABLISHED,85.43341009440287,86.0,22.049858721513484,21.0,15.058456393563226,13.0,starter-role-runtime-state-v1
2025-05-08,663554,ESTABLISHED,87.58189343070016,86.0,23.313998010719576,21.0,16.712357252987214,18.0,starter-role-runtime-state-v1
2025-05-08,665152,ESTABLISHED,90.88593338914336,86.0,23.453017193096787,25.0,16.467507827294327,21.0,starter-role-runtime-state-v1
2025-05-08,666157,ESTABLISHED,90.59850177296896,93.0,24.344301189235253,23.0,16.743796413169342,18.0,starter-role-runtime-state-v1
2025-05-08,666200,ESTABLISHED,93.00353495520321,105.0,23.835895175346728,22.0,17.343182110618343,16.0,starter-role-runtime-state-v1
2025-05-08,667755,ESTABLISHED,86.26927877162618,90.0,22.948824569266595,26.0,16.318735139327153,15.0,starter-role-runtime-state-v1
2025-05-08,672456,ESTABLISHED,83.6020002165547,92.0,21.59820246925179,29.0,15.083049039554044,24.0,starter-role-runtime-state-v1
2025-05-08,685299,RESTRICTED,70.86819866571476,89.0,18.68854343566972,28.0,11.722517357835475,19.0,starter-role-runtime-state-v1
2025-05-08,694297,ESTABLISHED,88.61376809589187,99.0,23.332567863472477,26.0,16.343054530284174,19.0,starter-role-runtime-state-v1
2025-05-08,808967,ESTABLISHED,88.09369060217861,88.0,21.07590602251964,22.0,16.10295472097347,15.0,starter-role-runtime-state-v1
2025-05-09,547179,ESTABLISHED,82.47827912473544,90.0,21.74050560919506,25.0,15.150595172937697,21.0,starter-role-runtime-state-v1
2025-05-09,592332,ESTABLISHED,91.32943839386854,99.0,22.752163535096884,23.0,17.438668373910687,16.0,starter-role-runtime-state-v1
2025-05-09,592791,ESTABLISHED,87.67815623022561,100.0,23.28970939840196,22.0,17.680680838132943,12.0,starter-role-runtime-state-v1
2025-05-09,593958,ESTABLISHED,86.66172000388111,76.0,23.46914121774314,21.0,15.838147890726733,8.0,starter-role-runtime-state-v1
2025-05-09,605280,ESTABLISHED,85.39051462631132,93.0,22.1424669386655,22.0,15.981118211428205,18.0,starter-role-runtime-state-v1
2025-05-09,605400,ESTABLISHED,100.58347064917407,87.0,24.75873173481697,23.0,17.67306835133473,15.0,starter-role-runtime-state-v1
2025-05-09,607259,ESTABLISHED,80.62704659650484,84.0,22.06951791980666,26.0,16.76583484358926,18.0,starter-role-runtime-state-v1
2025-05-09,608372,ESTABLISHED,86.42632445314173,93.0,22.957546616503866,25.0,17.036273755970015,22.0,starter-role-runtime-state-v1
2025-05-09,622491,ESTABLISHED,92.38315324752777,94.0,23.29438269491569,24.0,16.72741361941933,15.0,starter-role-runtime-state-v1
2025-05-09,668909,ESTABLISHED,86.33367058063888,98.0,20.681768061108443,21.0,13.65356725887267,15.0,starter-role-runtime-state-v1
2025-05-09,669373,ESTABLISHED,88.15985860068291,96.0,23.10964337959206,24.0,17.99375571128816,21.0,starter-role-runtime-state-v1
2025-05-09,681190,ESTABLISHED,81.64247262394761,95.0,21.57857066851743,25.0,14.175416222236784,18.0,starter-role-runtime-state-v1
2025-05-09,686613,ESTABLISHED,97.81117234408721,101.0,23.294996401438674,23.0,18.15995446831672,17.0,starter-role-runtime-state-v1
2025-05-09,690928,ESTABLISHED,87.98678929295734,81.0,24.769989300765616,22.0,16.771506211837654,18.0,starter-role-runtime-state-v1
2025-05-09,693821,ESTABLISHED,88.41007303596328,99.0,22.928907268759637,22.0,15.594432459863299,18.0,starter-role-runtime-state-v1
2025-05-09,701542,ESTABLISHED,83.6418594499968,87.0,19.38751390935282,27.0,12.305598318975093,22.0,starter-role-runtime-state-v1
2025-05-09,808963,RAMPING,84.33232092404036,61.0,20.476936952798546,20.0,13.739808019781613,12.0,starter-role-runtime-state-v1
2025-05-10,594798,ESTABLISHED,75.48255558416525,90.0,19.546776554572375,20.0,15.171041459198282,15.0,starter-role-runtime-state-v1
2025-05-10,607074,ESTABLISHED,92.73541893587284,98.0,22.829154073947684,27.0,17.60708876943459,18.0,starter-role-runtime-state-v1
2025-05-10,624133,ESTABLISHED,81.47324212949243,82.0,21.589669613095893,23.0,14.273166921856877,21.0,starter-role-runtime-state-v1
2025-05-10,657277,ESTABLISHED,93.97796213854167,103.0,24.56617927790696,27.0,18.076367160086615,21.0,starter-role-runtime-state-v1
2025-05-10,663903,ESTABLISHED,92.68690989756519,51.0,23.58874637505877,16.0,16.810868086871558,7.0,starter-role-runtime-state-v1
2025-05-10,665795,ESTABLISHED,89.17750082047024,85.0,21.93866049710435,18.0,14.658400324057876,15.0,starter-role-runtime-state-v1
2025-05-10,669160,ESTABLISHED,86.36759015087087,88.0,22.192763696737217,27.0,16.099412976053515,20.0,starter-role-runtime-state-v1
2025-05-10,669467,ESTABLISHED,85.08397383162158,91.0,22.776436038561563,27.0,15.952781116841972,22.0,starter-role-runtime-state-v1
2025-05-10,671737,ESTABLISHED,93.42434190814268,84.0,23.94986262868337,22.0,17.003229044258447,18.0,starter-role-runtime-state-v1
2025-05-10,676440,ESTABLISHED,92.8410709587749,96.0,23.230063506023455,26.0,16.98162744066818,21.0,starter-role-runtime-state-v1
2025-05-10,700363,ESTABLISHED,81.45301775074738,97.0,21.149048967925786,24.0,15.385530522040956,17.0,starter-role-runtime-state-v1
2025-05-11,519242,ESTABLISHED,99.71777530272185,99.0,23.867353614402607,27.0,17.051955286077014,17.0,starter-role-runtime-state-v1
2025-05-11,554430,ESTABLISHED,96.5127564423284,93.0,24.666057798067374,25.0,19.22161813674539,21.0,starter-role-runtime-state-v1
2025-05-11,571510,ESTABLISHED,86.5317461540337,92.0,22.149292055348266,24.0,15.621112327890572,18.0,starter-role-runtime-state-v1
2025-05-11,607625,ESTABLISHED,91.02241182060128,96.0,24.361735889739677,22.0,18.54239304864284,18.0,starter-role-runtime-state-v1
2025-05-11,645261,ESTABLISHED,93.79730944441611,107.0,23.901679661168103,26.0,16.281848413848135,17.0,starter-role-runtime-state-v1
2025-05-11,656876,RAMPING,70.21854870666992,72.0,17.920067540233866,20.0,13.570035100658181,15.0,starter-role-runtime-state-v1
2025-05-11,669022,ESTABLISHED,95.91390757783972,101.0,23.040841212899892,26.0,16.809997273224727,20.0,starter-role-runtime-state-v1
2025-05-11,669387,RAMPING,64.20684765505861,83.0,16.268726941414286,22.0,11.054031461967845,17.0,starter-role-runtime-state-v1
2025-05-11,680732,RAMPING,84.09787022060544,91.0,21.519221066910035,19.0,15.127394373795514,12.0,starter-role-runtime-state-v1
2025-05-11,682243,ESTABLISHED,91.44563079141469,92.0,21.717235766586015,25.0,15.941067383324572,15.0,starter-role-runtime-state-v1
2025-05-11,694738,ESTABLISHED,83.7036244418892,75.0,21.65385946495961,21.0,14.565920477773357,15.0,starter-role-runtime-state-v1
2025-05-12,518876,ESTABLISHED,83.97667185741354,103.0,22.422811002685116,27.0,16.84140004143853,21.0,starter-role-runtime-state-v1
2025-05-12,608379,ESTABLISHED,86.73475174084741,88.0,23.296583751253586,28.0,17.36077495705399,19.0,starter-role-runtime-state-v1
2025-05-12,615698,ESTABLISHED,81.54586266248884,83.0,20.589319849086635,18.0,13.721788854091887,13.0,starter-role-runtime-state-v1
2025-05-12,641816,ESTABLISHED,83.27260400333378,88.0,20.357701171663035,23.0,15.478678416444302,19.0,starter-role-runtime-state-v1
2025-05-12,642547,ESTABLISHED,93.91312844641023,95.0,22.33912388437398,23.0,16.55365189003479,16.0,starter-role-runtime-state-v1
2025-05-12,650633,ESTABLISHED,90.73740458168771,91.0,22.48332074290687,23.0,16.9232817129062,17.0,starter-role-runtime-state-v1
2025-05-12,650911,ESTABLISHED,83.67299867239758,98.0,22.468237248248492,26.0,16.41704539939998,18.0,starter-role-runtime-state-v1
2025-05-12,656550,ESTABLISHED,85.7087949209867,79.0,21.70794130760607,23.0,15.793123582279222,19.0,starter-role-runtime-state-v1
2025-05-12,656849,ESTABLISHED,91.19797152646787,100.0,24.11800149069593,26.0,16.955648201129257,18.0,starter-role-runtime-state-v1
2025-05-12,663623,ESTABLISHED,91.51967348130196,83.0,24.120132712823022,27.0,17.489696351181017,18.0,starter-role-runtime-state-v1
2025-05-12,669461,ESTABLISHED,75.57704521382074,80.0,20.523038396725987,24.0,15.145298093951354,16.0,starter-role-runtime-state-v1
2025-05-12,676106,RAMPING,84.21530731668126,88.0,21.776536030696086,27.0,14.854198955875525,15.0,starter-role-runtime-state-v1
2025-05-12,687473,ESTABLISHED,78.67239904863061,68.0,20.056578694805793,18.0,14.289160606404458,7.0,starter-role-runtime-state-v1
2025-05-12,694973,ESTABLISHED,94.05761431804629,92.0,22.723155567976402,25.0,17.50228702186157,18.0,starter-role-runtime-state-v1
2025-05-12,695549,ESTABLISHED,82.62793765662732,100.0,20.21034844002697,26.0,13.59275319780037,17.0,starter-role-runtime-state-v1
2025-05-13,592662,ESTABLISHED,88.99209696507198,108.0,21.423081536787812,28.0,15.616584263697952,18.0,starter-role-runtime-state-v1
2025-05-13,605488,ESTABLISHED,84.6919157338973,102.0,21.21507702053913,28.0,14.785933088265777,21.0,starter-role-runtime-state-v1
2025-05-13,607536,ESTABLISHED,80.53992193337773,84.0,22.926126885117835,25.0,14.990559303782478,18.0,starter-role-runtime-state-v1
2025-05-13,608331,ESTABLISHED,97.32693703252198,91.0,25.707270227925846,20.0,19.4674820141258,15.0,starter-role-runtime-state-v1
2025-05-13,647336,ESTABLISHED,81.5167048991682,81.0,21.295749963568497,16.0,14.643710467916122,12.0,starter-role-runtime-state-v1
2025-05-13,656302,ESTABLISHED,93.10333472848446,103.0,22.65305138028312,25.0,16.0090742310392,20.0,starter-role-runtime-state-v1
2025-05-13,664285,ESTABLISHED,94.01884542830854,89.0,24.944578053430995,29.0,18.625118469798615,24.0,starter-role-runtime-state-v1
2025-05-13,667755,ESTABLISHED,86.16204708722258,107.0,23.217603522570883,27.0,16.163540892481677,21.0,starter-role-runtime-state-v1
2025-05-13,669358,ESTABLISHED,89.51567335678244,86.0,22.97415233899295,19.0,16.487472059145425,14.0,starter-role-runtime-state-v1
2025-05-13,671096,ESTABLISHED,88.09605438492714,96.0,21.48880350070118,22.0,15.210852257750808,18.0,starter-role-runtime-state-v1
2025-05-13,693433,ESTABLISHED,87.62450825817406,88.0,23.691634555156504,23.0,18.03359504874329,19.0,starter-role-runtime-state-v1
2025-05-13,694297,ESTABLISHED,90.10832513939116,95.0,23.67145449081707,21.0,16.647738484177374,12.0,starter-role-runtime-state-v1
2025-05-14,543243,ESTABLISHED,91.24555116789146,77.0,23.964464920715482,20.0,17.770748044776525,11.0,starter-role-runtime-state-v1
2025-05-14,547179,ESTABLISHED,82.44048637441941,84.0,21.977650858405905,27.0,15.743551085372722,22.0,starter-role-runtime-state-v1
2025-05-14,592791,ESTABLISHED,89.30054998368857,84.0,23.18037046007489,22.0,17.05362985964404,18.0,starter-role-runtime-state-v1
2025-05-14,593958,ESTABLISHED,83.89294134527223,76.0,23.010164346993683,20.0,14.897459218217042,12.0,starter-role-runtime-state-v1
2025-05-14,605135,ESTABLISHED,95.99389463583691,96.0,24.711190636257864,25.0,16.640287461029246,17.0,starter-role-runtime-state-v1
2025-05-14,605280,ESTABLISHED,85.20103853132778,90.0,21.938088887264627,25.0,16.293130472007228,18.0,starter-role-runtime-state-v1
2025-05-14,605400,ESTABLISHED,96.22897345588713,83.0,24.233059139124784,24.0,17.265405049130997,11.0,starter-role-runtime-state-v1
2025-05-14,622491,ESTABLISHED,90.04703995028854,93.0,23.08725127032732,25.0,16.46666643680463,18.0,starter-role-runtime-state-v1
2025-05-14,641927,ESTABLISHED,91.42323623097128,102.0,24.507529056583916,20.0,17.287166743124494,14.0,starter-role-runtime-state-v1
2025-05-14,663436,ESTABLISHED,86.39608094166694,95.0,22.014413771254887,26.0,14.819615939112934,20.0,starter-role-runtime-state-v1
2025-05-14,665152,ESTABLISHED,88.52933898722009,95.0,23.401300414768713,26.0,16.90322205465977,17.0,starter-role-runtime-state-v1
2025-05-14,666157,ESTABLISHED,90.67892900749399,98.0,24.16868015483189,24.0,16.883081615536298,16.0,starter-role-runtime-state-v1
2025-05-14,666200,ESTABLISHED,96.20406606158006,100.0,23.824820170388335,27.0,17.24253550450566,21.0,starter-role-runtime-state-v1
2025-05-14,668909,ESTABLISHED,84.46251986673114,95.0,20.381945802109804,20.0,13.714034133365447,15.0,starter-role-runtime-state-v1
2025-05-14,669373,ESTABLISHED,88.21771095716642,95.0,23.111030587547468,27.0,18.294799576305152,19.0,starter-role-runtime-state-v1
2025-05-14,677960,ESTABLISHED,86.59773871751955,76.0,22.19916954025458,18.0,15.737373018376598,15.0,starter-role-runtime-state-v1
2025-05-14,681190,ESTABLISHED,85.53428291746563,90.0,22.24335819742626,23.0,14.669142403469692,18.0,starter-role-runtime-state-v1
2025-05-14,690928,ESTABLISHED,84.57235237998098,88.0,23.774706702993768,23.0,17.113874670697918,15.0,starter-role-runtime-state-v1
2025-05-14,693821,ESTABLISHED,87.81749566526443,82.0,22.61590120159811,21.0,15.807237995286922,18.0,starter-role-runtime-state-v1
2025-05-14,701542,ESTABLISHED,85.02875822251328,92.0,20.442498381503917,21.0,13.596386679930802,15.0,starter-role-runtime-state-v1
2025-05-14,808967,ESTABLISHED,86.5394442192188,88.0,21.011772283771627,24.0,15.925179801835654,18.0,starter-role-runtime-state-v1
2025-05-15,592332,ESTABLISHED,91.87367247345004,101.0,22.764495519972712,26.0,17.28630212057849,17.0,starter-role-runtime-state-v1
2025-05-15,594798,ESTABLISHED,76.46884071969467,96.0,19.510271294528835,30.0,15.11859495350572,24.0,starter-role-runtime-state-v1
2025-05-15,607259,ESTABLISHED,82.98213159309495,96.0,22.720394964689817,23.0,16.97228388606274,21.0,starter-role-runtime-state-v1
2025-05-15,608372,ESTABLISHED,87.53339932109552,103.0,23.31552437561724,25.0,17.91224127663956,19.0,starter-role-runtime-state-v1
2025-05-15,686613,ESTABLISHED,98.43699016256652,91.0,23.301781116952384,27.0,18.083200807539328,24.0,starter-role-runtime-state-v1
2025-05-15,700363,ESTABLISHED,83.8898141464053,86.0,21.587119356001892,23.0,15.625592320549929,18.0,starter-role-runtime-state-v1
2025-05-16,519242,ESTABLISHED,98.06166893283968,99.0,24.013530457220167,25.0,16.995361189985744,21.0,starter-role-runtime-state-v1
2025-05-16,607074,ESTABLISHED,95.74503706268388,102.0,23.53485456395948,21.0,17.731470352750627,15.0,starter-role-runtime-state-v1
2025-05-16,624133,ESTABLISHED,80.25479546385847,98.0,21.591622512097366,28.0,14.970435192354005,21.0,starter-role-runtime-state-v1
2025-05-16,657277,ESTABLISHED,94.31060361883513,107.0,24.764531859562386,30.0,18.394906284077273,24.0,starter-role-runtime-state-v1
2025-05-16,663903,ESTABLISHED,86.24323699233733,90.0,22.599678502320174,20.0,15.599248533495388,15.0,starter-role-runtime-state-v1
2025-05-16,669022,ESTABLISHED,95.16941929282581,102.0,23.215709081520018,23.0,17.114431825878597,11.0,starter-role-runtime-state-v1
2025-05-16,669160,RAMPING,85.42881262589619,95.0,22.640571415218474,24.0,16.55242269212922,15.0,starter-role-runtime-state-v1
2025-05-16,669467,ESTABLISHED,86.63426501065905,100.0,23.337352833852016,28.0,16.64442994460163,21.0,starter-role-runtime-state-v1
2025-05-16,671737,ESTABLISHED,89.76503736975124,82.0,23.43243913774851,22.0,17.039440086815272,12.0,starter-role-runtime-state-v1
2025-05-16,676440,ESTABLISHED,91.57844670952849,105.0,23.348924446074683,28.0,17.366946122316143,18.0,starter-role-runtime-state-v1
2025-05-16,700249,ESTABLISHED,90.25832488200084,99.0,22.3904062023111,21.0,15.381611195997177,17.0,starter-role-runtime-state-v1
2025-05-17,554430,ESTABLISHED,96.2549550242578,97.0,24.724519662501145,21.0,19.42411290609509,18.0,starter-role-runtime-state-v1
2025-05-17,571510,ESTABLISHED,86.67957323730967,92.0,22.29525514787499,22.0,15.862922385070522,18.0,starter-role-runtime-state-v1
2025-05-17,641778,ESTABLISHED,79.03783258980746,40.0,20.652410789726247,12.0,12.981778436916885,9.0,starter-role-runtime-state-v1
2025-05-17,641816,ESTABLISHED,84.09961845505772,96.0,20.702531887256345,24.0,15.916733515722663,18.0,starter-role-runtime-state-v1
2025-05-17,645261,ESTABLISHED,93.71840789495862,101.0,23.977565444096,23.0,16.33324562681207,15.0,starter-role-runtime-state-v1
2025-05-17,656550,ESTABLISHED,84.03787497237728,99.0,21.774515705917466,26.0,16.179100217551255,18.0,starter-role-runtime-state-v1
2025-05-17,656876,ESTABLISHED,70.57023987840661,81.0,18.177203970977914,22.0,13.745641937265654,18.0,starter-role-runtime-state-v1
2025-05-17,663623,ESTABLISHED,88.45517837487786,98.0,24.162025034035885,26.0,17.477191451680643,19.0,starter-role-runtime-state-v1
2025-05-17,669387,ESTABLISHED,68.3710192327281,78.0,17.226377784558426,18.0,11.90240760276221,10.0,starter-role-runtime-state-v1
2025-05-17,676106,ESTABLISHED,84.05636449122599,88.0,22.292860762548056,21.0,14.867184539680615,14.0,starter-role-runtime-state-v1
2025-05-17,680732,ESTABLISHED,85.26241024193176,97.0,21.115141510412805,27.0,14.637185718733225,14.0,starter-role-runtime-state-v1
2025-05-17,694738,ESTABLISHED,82.00809482333112,92.0,21.509485437200542,25.0,14.617331143591297,18.0,starter-role-runtime-state-v1
2025-05-18,518876,ESTABLISHED,87.96551888105247,109.0,23.150432991822967,24.0,17.36277068804231,21.0,starter-role-runtime-state-v1
2025-05-18,605488,ESTABLISHED,86.14030588442083,84.0,21.93840107311917,22.0,15.501487962143768,20.0,starter-role-runtime-state-v1
2025-05-18,608331,ESTABLISHED,94.18544600897216,102.0,24.742578904037707,23.0,18.866349561373667,18.0,starter-role-runtime-state-v1
2025-05-18,608379,ESTABLISHED,87.56718048785555,83.0,23.85377529833162,23.0,17.5622230701364,15.0,starter-role-runtime-state-v1
2025-05-18,615698,ESTABLISHED,81.32376081214436,85.0,20.256739511659884,19.0,13.64504170050588,15.0,starter-role-runtime-state-v1
2025-05-18,642547,ESTABLISHED,93.37041187711559,90.0,22.34716695517551,23.0,16.471243468931405,15.0,starter-role-runtime-state-v1
2025-05-18,647336,ESTABLISHED,80.66432677791082,82.0,20.470839585874508,25.0,14.282546568940228,17.0,starter-role-runtime-state-v1
2025-05-18,650633,ESTABLISHED,91.19485736870386,96.0,22.583391409269417,24.0,16.929583486998308,16.0,starter-role-runtime-state-v1
2025-05-18,656849,ESTABLISHED,93.18664348875433,101.0,24.45436278361987,26.0,17.115896080895567,18.0,starter-role-runtime-state-v1
2025-05-18,664285,ESTABLISHED,91.49481161043936,98.0,25.113849042421393,28.0,19.113543614457342,21.0,starter-role-runtime-state-v1
2025-05-18,669358,ESTABLISHED,86.89017057105055,96.0,22.227691520402512,28.0,16.120033758693836,18.0,starter-role-runtime-state-v1
2025-05-18,669461,ESTABLISHED,75.2543856935895,92.0,20.80010408038534,26.0,15.210055922498475,18.0,starter-role-runtime-state-v1
2025-05-18,671096,ESTABLISHED,88.49107067523532,96.0,21.49339544280076,22.0,15.498382864870322,15.0,starter-role-runtime-state-v1
2025-05-18,693433,ESTABLISHED,86.00632673334856,87.0,23.40974152614136,25.0,18.069999473922174,21.0,starter-role-runtime-state-v1
2025-05-18,694973,ESTABLISHED,92.16560114069556,102.0,22.782213905444653,28.0,17.503123986300167,24.0,starter-role-runtime-state-v1
2025-05-18,695549,ESTABLISHED,87.57620553637084,90.0,21.488691113922357,25.0,14.306118463414789,18.0,starter-role-runtime-state-v1
2025-05-18,805673,ESTABLISHED,81.10403288555138,71.0,19.57804347485942,17.0,12.28030154690244,9.0,starter-role-runtime-state-v1
2025-05-19,543243,ESTABLISHED,86.02259701648806,90.0,23.09602353368207,21.0,16.863779675941757,18.0,starter-role-runtime-state-v1
2025-05-19,592662,ESTABLISHED,92.46296892831997,94.0,22.341971311710175,26.0,15.959081015871915,21.0,starter-role-runtime-state-v1
2025-05-19,607536,ESTABLISHED,82.87674560325635,94.0,23.410809422773525,24.0,15.391825665926028,16.0,starter-role-runtime-state-v1
2025-05-19,622491,ESTABLISHED,90.91443972652141,94.0,23.355552510279146,24.0,16.65199346100022,21.0,starter-role-runtime-state-v1
2025-05-19,641927,ESTABLISHED,89.61291683022,42.0,23.564044665859434,12.0,16.785801271533543,9.0,starter-role-runtime-state-v1
2025-05-19,650911,ESTABLISHED,90.84240014823007,89.0,23.504947654617958,24.0,16.779553267652194,18.0,starter-role-runtime-state-v1
2025-05-19,663436,ESTABLISHED,86.69716957457328,92.0,22.406050049833546,27.0,15.419799834520347,22.0,starter-role-runtime-state-v1
2025-05-19,665152,ESTABLISHED,87.10250080870095,97.0,23.438783924983,26.0,16.845970361775038,16.0,starter-role-runtime-state-v1
2025-05-19,665795,ESTABLISHED,88.05064292020036,90.0,21.385834204352044,21.0,14.683514453558697,15.0,starter-role-runtime-state-v1
2025-05-19,666157,ESTABLISHED,90.43304126076129,89.0,24.01629751095233,24.0,16.735488467270947,18.0,starter-role-runtime-state-v1
2025-05-19,667755,ESTABLISHED,91.48284413656641,100.0,24.006601646638025,28.0,16.798953604304103,18.0,starter-role-runtime-state-v1
2025-05-19,669372,ESTABLISHED,82.52596615882887,79.0,21.285314759731836,18.0,14.45983428277222,12.0,starter-role-runtime-state-v1
2025-05-19,690928,ESTABLISHED,85.12222785371992,66.0,23.54214028800478,18.0,16.57313299103364,14.0,starter-role-runtime-state-v1
2025-05-19,694297,ESTABLISHED,91.20404719852266,95.0,23.41959086372363,22.0,16.127421907605274,18.0,starter-role-runtime-state-v1
2025-05-20,547179,ESTABLISHED,83.15099401432201,97.0,22.54378784550736,23.0,16.412059738849287,14.0,starter-role-runtime-state-v1
2025-05-20,592791,ESTABLISHED,89.41974319336636,87.0,23.12920925065222,27.0,17.191124825285442,21.0,starter-role-runtime-state-v1
2025-05-20,605135,ESTABLISHED,96.00560244292028,100.0,24.747214391308802,23.0,16.681987188653736,18.0,starter-role-runtime-state-v1
2025-05-20,605280,ESTABLISHED,89.50699562541791,90.0,22.840662492380417,25.0,16.696864719156714,18.0,starter-role-runtime-state-v1
2025-05-20,605288,ESTABLISHED,79.75270570812762,90.0,21.940932389188404,21.0,14.599161111348419,18.0,starter-role-runtime-state-v1
2025-05-20,607259,ESTABLISHED,85.87460776205342,91.0,22.923897554097216,22.0,17.46646416450478,18.0,starter-role-runtime-state-v1
2025-05-20,621111,ESTABLISHED,88.54629585901574,52.0,23.04330588574284,11.0,15.973778548430616,7.0,starter-role-runtime-state-v1
2025-05-20,656302,ESTABLISHED,93.88245607673856,100.0,22.88343765581451,24.0,16.42571818612808,21.0,starter-role-runtime-state-v1
2025-05-20,666200,ESTABLISHED,96.47503821308533,105.0,24.146084637006428,23.0,17.63976591098008,18.0,starter-role-runtime-state-v1
2025-05-20,669373,ESTABLISHED,90.24572356232501,94.0,23.68654704127035,23.0,18.42936046230185,17.0,starter-role-runtime-state-v1
2025-05-20,677960,ESTABLISHED,87.09279920443088,80.0,21.899096811115534,19.0,15.721694748458425,15.0,starter-role-runtime-state-v1
2025-05-20,701542,ESTABLISHED,89.24284197344794,101.0,20.86693978197961,23.0,13.876468113688821,17.0,starter-role-runtime-state-v1
2025-05-20,701656,ESTABLISHED,77.1196145267513,90.0,19.944739242660454,19.0,16.4012989186307,15.0,starter-role-runtime-state-v1
2025-05-20,808967,ESTABLISHED,86.26424586201837,110.0,21.285499278492246,24.0,16.140095982790463,21.0,starter-role-runtime-state-v1
2025-05-21,592332,ESTABLISHED,96.47591471361217,92.0,23.50701856982269,24.0,17.382306519345413,21.0,starter-role-runtime-state-v1
2025-05-21,594798,ESTABLISHED,83.38944036085458,103.0,21.23010273499178,25.0,16.337314238294752,21.0,starter-role-runtime-state-v1
2025-05-21,608372,ESTABLISHED,89.55363429949664,88.0,23.538695705594115,24.0,18.075552762929817,18.0,starter-role-runtime-state-v1
2025-05-21,657277,ESTABLISHED,97.19361335000882,77.0,25.50830386080616,23.0,19.068346612061585,12.0,starter-role-runtime-state-v1
2025-05-21,663738,ESTABLISHED,83.63560087876871,40.0,23.347656806084363,9.0,15.95510552142279,5.0,starter-role-runtime-state-v1
2025-05-21,663903,ESTABLISHED,84.91789901638006,102.0,22.102239231525168,23.0,15.49012032650874,15.0,starter-role-runtime-state-v1
2025-05-21,668909,ESTABLISHED,90.76429664999839,98.0,20.875365793002516,22.0,14.006593956572202,18.0,starter-role-runtime-state-v1
2025-05-21,669160,ESTABLISHED,86.62053402414712,88.0,22.81070091351426,24.0,16.360328506254568,18.0,starter-role-runtime-state-v1
2025-05-21,669467,ESTABLISHED,87.77811940160548,90.0,23.807604601501808,24.0,17.112083031808766,17.0,starter-role-runtime-state-v1
2025-05-21,671737,ESTABLISHED,85.7526792099221,84.0,22.91638928891702,23.0,16.370804699993332,18.0,starter-role-runtime-state-v1
2025-05-21,681190,ESTABLISHED,87.30666958309882,73.0,22.475452969575038,19.0,15.075053497052599,14.0,starter-role-runtime-state-v1
2025-05-21,686613,ESTABLISHED,96.80875296588339,91.0,23.590762585734232,24.0,18.683337470930258,15.0,starter-role-runtime-state-v1
2025-05-22,607074,ESTABLISHED,97.91242115075752,105.0,23.388441893508382,22.0,17.47523470718773,18.0,starter-role-runtime-state-v1
2025-05-22,624133,ESTABLISHED,86.2401944290828,99.0,22.744112507850893,29.0,15.742614243444107,20.0,starter-role-runtime-state-v1
2025-05-22,669923,ESTABLISHED,90.52790752006581,72.0,23.38382327552526,19.0,17.416235243479562,11.0,starter-role-runtime-state-v1
2025-05-22,676440,ESTABLISHED,94.13034667989261,96.0,23.96740251033158,25.0,17.484027220710068,21.0,starter-role-runtime-state-v1
2025-05-22,700363,ESTABLISHED,88.66030653577644,82.0,22.293686417747686,20.0,16.099135475024525,9.0,starter-role-runtime-state-v1
2025-05-23,519242,ESTABLISHED,99.37319465689912,95.0,24.242834646330667,25.0,17.46235962577093,21.0,starter-role-runtime-state-v1
2025-05-23,554430,ESTABLISHED,94.6656879441084,108.0,24.103827628543,25.0,19.21868049535899,20.0,starter-role-runtime-state-v1
2025-05-23,571510,ESTABLISHED,88.65535784478593,93.0,22.413001802026386,22.0,16.141662434571636,12.0,starter-role-runtime-state-v1
2025-05-23,641778,RESTRICTED,71.72359407126754,85.0,19.222870911806616,21.0,12.399357162066355,13.0,starter-role-runtime-state-v1
2025-05-23,641816,ESTABLISHED,87.39795445008171,96.0,21.30349893039059,22.0,16.23130587248073,15.0,starter-role-runtime-state-v1
2025-05-23,642547,ESTABLISHED,91.9261942435838,101.0,22.301655845934945,21.0,16.27942154621422,13.0,starter-role-runtime-state-v1
2025-05-23,645261,ESTABLISHED,97.3080122938012,100.0,24.175858519966454,25.0,16.255034479732082,16.0,starter-role-runtime-state-v1
2025-05-23,656876,ESTABLISHED,72.83976170921848,76.0,18.741153481254827,22.0,14.277486614067616,18.0,starter-role-runtime-state-v1
2025-05-23,669022,ESTABLISHED,98.2014411107878,91.0,23.444544460726213,21.0,16.520256631145873,18.0,starter-role-runtime-state-v1
2025-05-23,676106,ESTABLISHED,81.11684299445119,92.0,21.7216233459067,28.0,14.651287754648418,18.0,starter-role-runtime-state-v1
2025-05-23,680732,ESTABLISHED,86.51974527446436,89.0,21.88374228760513,23.0,14.57162171219814,18.0,starter-role-runtime-state-v1
2025-05-23,682052,ESTABLISHED,81.18332059621609,91.0,20.77484946281797,26.0,12.623410020138111,21.0,starter-role-runtime-state-v1
2025-05-23,685299,ESTABLISHED,78.47491494473353,75.0,20.662890462420656,24.0,13.004342287693701,18.0,starter-role-runtime-state-v1
2025-05-23,687473,ESTABLISHED,75.89459385155456,79.0,19.53766730872174,19.0,12.42643852421487,13.0,starter-role-runtime-state-v1
2025-05-23,694738,ESTABLISHED,83.76375057507524,76.0,22.03011915055386,24.0,15.092698251096415,18.0,starter-role-runtime-state-v1
2025-05-23,694973,ESTABLISHED,93.53631200972895,101.0,23.36536466547109,24.0,18.209347048614653,18.0,starter-role-runtime-state-v1
2025-05-23,695549,ESTABLISHED,88.29200402703425,89.0,22.12625162703739,22.0,14.963311081918121,15.0,starter-role-runtime-state-v1
2025-05-23,700249,ESTABLISHED,92.68972520612425,98.0,22.371142262297692,23.0,15.615159680904426,15.0,starter-role-runtime-state-v1
2025-05-23,702070,ESTABLISHED,80.06916099513612,82.0,22.79811028066867,25.0,19.028769288929475,20.0,starter-role-runtime-state-v1
2025-05-24,518876,ESTABLISHED,95.32275946191474,100.0,23.83230260871715,25.0,17.947339617290687,18.0,starter-role-runtime-state-v1
2025-05-24,605488,ESTABLISHED,90.03119806063955,105.0,22.413889435373545,25.0,16.178960138692183,18.0,starter-role-runtime-state-v1
2025-05-24,607536,ESTABLISHED,83.10327573561611,85.0,23.34389220888331,25.0,15.42231498140966,14.0,starter-role-runtime-state-v1
2025-05-24,608331,ESTABLISHED,97.12628099710669,83.0,24.78257527189978,26.0,18.851957809450063,22.0,starter-role-runtime-state-v1
2025-05-24,608379,ESTABLISHED,86.74226269952374,62.0,23.718937092433,23.0,17.259779128827653,15.0,starter-role-runtime-state-v1
2025-05-24,615698,ESTABLISHED,82.98248100635341,46.0,20.24897887447737,12.0,13.833438233028332,10.0,starter-role-runtime-state-v1
2025-05-24,650911,ESTABLISHED,90.26355046481177,83.0,23.530466970467977,23.0,16.929278886872208,14.0,starter-role-runtime-state-v1
2025-05-24,656550,ESTABLISHED,87.29523901845809,94.0,22.461961699376083,29.0,16.460994344959847,21.0,starter-role-runtime-state-v1
2025-05-24,656849,ESTABLISHED,95.63894286259115,99.0,24.80947409070463,28.0,17.257083736622533,23.0,starter-role-runtime-state-v1
2025-05-24,663554,ESTABLISHED,87.01363227641966,77.0,22.98768248159974,21.0,16.84796940374407,15.0,starter-role-runtime-state-v1
2025-05-24,663623,ESTABLISHED,91.20868063141401,96.0,24.5668857370164,29.0,17.692421888391802,24.0,starter-role-runtime-state-v1
2025-05-24,664285,ESTABLISHED,94.57975828674952,101.0,25.72999031864113,25.0,19.416673903437086,18.0,starter-role-runtime-state-v1
2025-05-24,667755,ESTABLISHED,91.45993489912372,97.0,24.325087182266806,23.0,16.905380305455452,14.0,starter-role-runtime-state-v1
2025-05-24,669358,ESTABLISHED,89.62527680323504,82.0,23.054206993490634,23.0,16.403494566952375,17.0,starter-role-runtime-state-v1
2025-05-24,669432,ESTABLISHED,89.00621712915347,87.0,22.003950100961475,22.0,14.823287469170499,19.0,starter-role-runtime-state-v1
2025-05-24,669461,ESTABLISHED,82.9820037953109,88.0,22.092295236139222,27.0,15.728773828950949,21.0,starter-role-runtime-state-v1
2025-05-24,671096,ESTABLISHED,92.83683282883075,83.0,21.936841755821966,23.0,15.56426120883878,17.0,starter-role-runtime-state-v1
2025-05-24,690928,ESTABLISHED,78.7339230224049,72.0,22.059173444155,18.0,15.961600299749925,12.0,starter-role-runtime-state-v1
2025-05-24,690986,ESTABLISHED,88.2930277553155,57.0,21.41565038017869,17.0,14.627178697461918,12.0,starter-role-runtime-state-v1
2025-05-24,693433,ESTABLISHED,87.41307304413921,93.0,23.725189840477633,27.0,18.436674944197478,18.0,starter-role-runtime-state-v1
2025-05-24,805673,ESTABLISHED,78.74183334992979,81.0,19.083179828792872,18.0,11.724732515377147,12.0,starter-role-runtime-state-v1
2025-05-25,543243,ESTABLISHED,86.90311945876186,89.0,22.905486914107307,27.0,17.013166410776588,18.0,starter-role-runtime-state-v1
2025-05-25,592662,ESTABLISHED,93.74220897080441,90.0,22.88863736329617,21.0,16.592281603342826,18.0,starter-role-runtime-state-v1
2025-05-25,605135,ESTABLISHED,94.8556169610442,82.0,24.370079713295677,22.0,16.80667830851585,12.0,starter-role-runtime-state-v1
2025-05-25,621111,ESTABLISHED,79.50703026944399,85.0,20.94455185656703,20.0,14.697168745372974,15.0,starter-role-runtime-state-v1
2025-05-25,622491,ESTABLISHED,93.27195307212062,114.0,23.65605167340704,27.0,17.187647715455274,18.0,starter-role-runtime-state-v1
2025-05-25,641927,ESTABLISHED,80.48960782386507,89.0,21.86800534679162,27.0,15.824299409167534,20.0,starter-role-runtime-state-v1
2025-05-25,647336,ESTABLISHED,80.84887442738712,91.0,20.989326223072,24.0,14.609552474447678,18.0,starter-role-runtime-state-v1
2025-05-25,656302,ESTABLISHED,94.21115236701881,88.0,22.970367390909413,20.0,16.903344172139015,15.0,starter-role-runtime-state-v1
2025-05-25,663436,ESTABLISHED,88.90591475273868,100.0,23.11878857474617,24.0,16.24146353014506,18.0,starter-role-runtime-state-v1
2025-05-25,665152,ESTABLISHED,91.0718524876453,95.0,24.064908731012096,23.0,16.87053613230917,16.0,starter-role-runtime-state-v1
2025-05-25,665795,ESTABLISHED,86.71167778739951,87.0,21.16921398104211,21.0,14.660133684343933,17.0,starter-role-runtime-state-v1
2025-05-25,666157,ESTABLISHED,90.36614358819891,91.0,24.024144770982815,23.0,16.88101915098653,15.0,starter-role-runtime-state-v1
2025-05-25,666200,ESTABLISHED,96.61475139710487,105.0,23.913668274498914,31.0,17.642946949846497,21.0,starter-role-runtime-state-v1
2025-05-25,669373,ESTABLISHED,92.02668801958983,94.0,23.764092204082132,29.0,18.31188302141537,27.0,starter-role-runtime-state-v1
2025-05-25,694297,ESTABLISHED,91.72578164023798,91.0,23.252439135028773,23.0,16.34041257254829,17.0,starter-role-runtime-state-v1
2025-05-25,701542,ESTABLISHED,87.67901853552584,57.0,20.819864062784326,16.0,14.191894504231296,12.0,starter-role-runtime-state-v1
2025-05-25,701656,ESTABLISHED,80.79357067357707,89.0,19.45174970096982,22.0,15.83133005298848,15.0,starter-role-runtime-state-v1
2025-05-26,547179,ESTABLISHED,86.44284862095523,102.0,22.790292565186785,29.0,16.194541476502437,15.0,starter-role-runtime-state-v1
2025-05-26,592332,ESTABLISHED,94.92243951016232,96.0,23.442705821867136,29.0,17.741886149295077,24.0,starter-role-runtime-state-v1
2025-05-26,592791,ESTABLISHED,89.20441246695823,82.0,23.527463637415295,23.0,17.590265546420632,19.0,starter-role-runtime-state-v1
2025-05-26,594798,ESTABLISHED,86.69089244309572,81.0,21.80088300623928,23.0,16.92767671152522,16.0,starter-role-runtime-state-v1
2025-05-26,605280,ESTABLISHED,89.59428284223824,102.0,23.176159993612668,24.0,16.902263211134876,17.0,starter-role-runtime-state-v1
2025-05-26,605288,ESTABLISHED,81.28587590836347,99.0,21.873664334623747,22.0,15.003279811703942,18.0,starter-role-runtime-state-v1
2025-05-26,607259,ESTABLISHED,88.0331466051608,79.0,23.002033641574194,26.0,17.577102563246005,21.0,starter-role-runtime-state-v1
2025-05-26,668909,ESTABLISHED,90.54805354090587,109.0,20.90529398754848,24.0,14.42092367514059,14.0,starter-role-runtime-state-v1
2025-05-26,672456,RAMPING,86.31316292394524,79.0,22.643564818494525,18.0,16.169583264766338,15.0,starter-role-runtime-state-v1
2025-05-26,677960,ESTABLISHED,87.22171871192822,94.0,21.6669147415194,24.0,15.67260055660002,17.0,starter-role-runtime-state-v1
2025-05-26,681190,ESTABLISHED,82.66761389777896,89.0,21.72433813314099,24.0,14.862466652688454,19.0,starter-role-runtime-state-v1
2025-05-26,808967,ESTABLISHED,90.95256250681382,88.0,21.82241732396983,23.0,16.745958991158368,18.0,starter-role-runtime-state-v1
2025-05-27,607074,ESTABLISHED,98.6860529053008,105.0,23.21440345163976,26.0,17.525923386122777,21.0,starter-role-runtime-state-v1
2025-05-27,608372,ESTABLISHED,90.37816805975898,91.0,23.737494497501835,24.0,18.100051062183546,16.0,starter-role-runtime-state-v1
2025-05-27,624133,ESTABLISHED,89.67283317972628,103.0,23.65964875615332,26.0,16.287191263859153,18.0,starter-role-runtime-state-v1
2025-05-27,657277,ESTABLISHED,95.2739253239943,104.0,25.27165386884289,26.0,18.268716714423785,18.0,starter-role-runtime-state-v1
2025-05-27,663738,RESTRICTED,76.57420615821557,42.0,21.054202372826694,10.0,14.258760509415676,8.0,starter-role-runtime-state-v1
2025-05-27,663903,ESTABLISHED,87.59201487919772,99.0,22.308313386895747,29.0,15.465114330336904,21.0,starter-role-runtime-state-v1
2025-05-27,669160,ESTABLISHED,86.15639369763424,90.0,22.87810208192132,20.0,16.539681720021754,15.0,starter-role-runtime-state-v1
2025-05-27,669467,ESTABLISHED,92.1562727924371,96.0,24.323203971932834,27.0,17.237601621761755,17.0,starter-role-runtime-state-v1
2025-05-27,671737,ESTABLISHED,86.23739761487161,91.0,22.98846832638163,28.0,16.56149676529992,21.0,starter-role-runtime-state-v1
2025-05-27,676440,ESTABLISHED,94.33727309238608,95.0,24.080053592315522,23.0,17.854994702877363,15.0,starter-role-runtime-state-v1
2025-05-27,686613,ESTABLISHED,95.53860667186518,88.0,23.580956353331086,21.0,18.270593731601537,18.0,starter-role-runtime-state-v1
2025-05-28,571510,ESTABLISHED,88.00442857708246,95.0,22.231924900658726,21.0,15.634036214026398,18.0,starter-role-runtime-state-v1
2025-05-28,641816,ESTABLISHED,88.00786059539487,92.0,21.339241844762714,24.0,16.06348891744461,18.0,starter-role-runtime-state-v1
2025-05-28,642547,ESTABLISHED,93.94108524752853,108.0,22.247830231186214,24.0,15.934145145006262,15.0,starter-role-runtime-state-v1
2025-05-28,645261,ESTABLISHED,95.53702003325124,71.0,24.04168260495672,21.0,16.191150477625307,12.0,starter-role-runtime-state-v1
2025-05-28,656876,ESTABLISHED,71.41587901444038,74.0,18.895836359681375,20.0,14.637516545089719,18.0,starter-role-runtime-state-v1
2025-05-28,669923,ESTABLISHED,87.07099133573686,78.0,22.740434907533704,23.0,16.62852732418622,15.0,starter-role-runtime-state-v1
2025-05-28,685299,ESTABLISHED,76.60883454576559,79.0,20.994736382439616,19.0,13.7243822552839,14.0,starter-role-runtime-state-v1
2025-05-28,694738,ESTABLISHED,82.24662917908118,81.0,22.2206216237516,21.0,15.459545858741112,12.0,starter-role-runtime-state-v1
2025-05-28,694973,ESTABLISHED,94.28088411116981,96.0,23.423559069210665,26.0,18.179535004012237,20.0,starter-role-runtime-state-v1
2025-05-28,695549,ESTABLISHED,88.63407281782597,95.0,22.128161316429406,23.0,14.974944588190901,14.0,starter-role-runtime-state-v1
2025-05-28,700249,ESTABLISHED,92.28258448879328,96.0,22.33245985407722,24.0,15.511931023184394,14.0,starter-role-runtime-state-v1
2025-05-28,702070,ESTABLISHED,79.59141666629013,92.0,23.44382065872187,27.0,19.340431068063104,19.0,starter-role-runtime-state-v1
2025-05-29,519242,ESTABLISHED,96.89783561570586,102.0,24.09897885861207,24.0,17.77511750364738,18.0,starter-role-runtime-state-v1
2025-05-29,554430,ESTABLISHED,98.38262726086657,107.0,24.45545187475483,24.0,19.37988800790482,16.0,starter-role-runtime-state-v1
2025-05-29,650911,ESTABLISHED,90.34926559242503,88.0,23.58189934466649,24.0,16.641734690257856,17.0,starter-role-runtime-state-v1
2025-05-29,669022,ESTABLISHED,96.87700919340774,95.0,23.105865876706048,22.0,16.67582364428972,18.0,starter-role-runtime-state-v1
2025-05-29,669358,ESTABLISHED,87.1158519197172,86.0,22.858090140318716,24.0,16.42118361013693,17.0,starter-role-runtime-state-v1
2025-05-29,676106,RAMPING,83.86796501754274,65.0,22.591768808874015,19.0,15.083306425383785,16.0,starter-role-runtime-state-v1
2025-05-29,682052,ESTABLISHED,84.1722356403861,43.0,22.264712577246737,12.0,14.989850885351903,5.0,starter-role-runtime-state-v1
2025-05-29,687473,ESTABLISHED,77.7896463722588,83.0,19.556657671614303,18.0,12.589588401735755,11.0,starter-role-runtime-state-v1
2025-05-29,700363,ESTABLISHED,85.61150057842725,38.0,21.726083119872115,11.0,15.028580607734803,8.0,starter-role-runtime-state-v1
2025-05-30,518876,ESTABLISHED,96.41908272760355,95.0,24.02220340771518,24.0,17.970871801366656,15.0,starter-role-runtime-state-v1
2025-05-30,605135,ESTABLISHED,91.55203598811839,82.0,23.895932608331467,23.0,16.199741374671685,15.0,starter-role-runtime-state-v1
2025-05-30,605488,ESTABLISHED,90.69582358443957,72.0,22.598327179311248,18.0,16.35677888581358,6.0,starter-role-runtime-state-v1
2025-05-30,607536,RAMPING,83.85358254488068,90.0,23.58838443459385,24.0,15.287415529509367,18.0,starter-role-runtime-state-v1
2025-05-30,607625,ESTABLISHED,93.63429438637121,69.0,24.328668504712734,17.0,18.550666521600977,10.0,starter-role-runtime-state-v1
2025-05-30,608331,ESTABLISHED,94.29564880410052,75.0,24.749893680336427,22.0,19.12537055977384,15.0,starter-role-runtime-state-v1
2025-05-30,615698,ESTABLISHED,76.68728561910788,95.0,19.119605312574137,24.0,13.391980825154668,15.0,starter-role-runtime-state-v1
2025-05-30,656550,ESTABLISHED,89.3839137350223,97.0,23.372755912535553,24.0,17.059107489594187,17.0,starter-role-runtime-state-v1
2025-05-30,656849,ESTABLISHED,95.66211883833469,94.0,25.12202648106454,24.0,17.877651528459545,17.0,starter-role-runtime-state-v1
2025-05-30,663554,ESTABLISHED,85.21181831740884,79.0,22.681418364105415,20.0,16.606743855890937,10.0,starter-role-runtime-state-v1
2025-05-30,663623,ESTABLISHED,91.16305609869383,93.0,24.965708397328097,24.0,18.349084838014296,15.0,starter-role-runtime-state-v1
2025-05-30,664285,ESTABLISHED,94.61564249763305,83.0,25.56145858541806,29.0,19.2383756569182,27.0,starter-role-runtime-state-v1
2025-05-30,667755,ESTABLISHED,93.61685409064478,96.0,24.344709822882507,23.0,16.619240634967696,18.0,starter-role-runtime-state-v1
2025-05-30,669461,ESTABLISHED,83.30229276019743,91.0,22.591405287017267,23.0,16.293403329889305,15.0,starter-role-runtime-state-v1
2025-05-30,671096,ESTABLISHED,91.42063240899087,93.0,22.023209718044335,23.0,15.727036142752883,21.0,starter-role-runtime-state-v1
2025-05-30,690986,ESTABLISHED,79.82393929644131,80.0,20.403377951989757,18.0,14.200378462699101,15.0,starter-role-runtime-state-v1
2025-05-30,693433,ESTABLISHED,87.44138758783578,95.0,24.005031861345806,27.0,18.371527799455627,20.0,starter-role-runtime-state-v1
2025-05-30,805673,ESTABLISHED,78.99878236648843,94.0,18.90502025166403,27.0,11.767863383514653,21.0,starter-role-runtime-state-v1
2025-05-31,543243,ESTABLISHED,87.6590927357472,91.0,23.391086680883852,25.0,17.144902212820767,21.0,starter-role-runtime-state-v1
2025-05-31,592662,ESTABLISHED,92.4416484214576,98.0,22.552704456536162,25.0,16.7387341073121,21.0,starter-role-runtime-state-v1
2025-05-31,608379,ESTABLISHED,82.34185352581808,99.0,23.43697741590961,23.0,16.959949605672136,21.0,starter-role-runtime-state-v1
2025-05-31,621111,ESTABLISHED,79.31564171272741,106.0,20.740005456483473,28.0,14.707256362713874,17.0,starter-role-runtime-state-v1
2025-05-31,641927,ESTABLISHED,80.95885247428801,97.0,22.36077072392185,19.0,16.26694785407761,12.0,starter-role-runtime-state-v1
2025-05-31,647336,ESTABLISHED,84.68130104110006,94.0,21.650902926591282,23.0,15.095842616709152,16.0,starter-role-runtime-state-v1
2025-05-31,656302,ESTABLISHED,94.63662613974886,95.0,22.753072466266236,22.0,16.724434293097175,14.0,starter-role-runtime-state-v1
2025-05-31,663436,ESTABLISHED,91.74297049352198,82.0,23.39790786565821,23.0,16.496861387235434,18.0,starter-role-runtime-state-v1
2025-05-31,665152,ESTABLISHED,93.21439235417218,102.0,24.149402625143086,26.0,16.826749260798152,18.0,starter-role-runtime-state-v1
2025-05-31,665795,ESTABLISHED,86.87401711193552,89.0,21.165577501936696,24.0,14.919093552594711,17.0,starter-role-runtime-state-v1
2025-05-31,666157,ESTABLISHED,90.56400185244318,94.0,23.91075768157858,22.0,16.677674678333407,18.0,starter-role-runtime-state-v1
2025-05-31,666200,ESTABLISHED,97.98687582290032,76.0,24.704844297119095,23.0,18.04316492805571,10.0,starter-role-runtime-state-v1
2025-05-31,669373,ESTABLISHED,93.25879056035438,90.0,24.429162266357345,22.0,19.27042682076804,21.0,starter-role-runtime-state-v1
2025-05-31,682243,ESTABLISHED,90.5533845459404,71.0,21.96735380938123,19.0,15.820714411688552,12.0,starter-role-runtime-state-v1
2025-05-31,694297,ESTABLISHED,90.72036202038613,31.0,23.113873417271563,8.0,16.380781047990656,0.0,starter-role-runtime-state-v1
2025-05-31,701542,ESTABLISHED,82.19398562918197,57.0,20.067412617855755,14.0,13.885932431003305,4.0,starter-role-runtime-state-v1
2025-06-01,592332,ESTABLISHED,96.14955662196478,96.0,24.15402106885322,24.0,18.45475358863008,14.0,starter-role-runtime-state-v1
2025-06-01,592791,ESTABLISHED,86.30504202476668,97.0,23.224875870725025,23.0,17.67268809434888,19.0,starter-role-runtime-state-v1
2025-06-01,594798,ESTABLISHED,86.2298482627282,81.0,21.96228314001899,23.0,16.818058811773014,18.0,starter-role-runtime-state-v1
2025-06-01,605280,ESTABLISHED,92.409237741745,85.0,23.411778145246014,24.0,16.948772427052006,21.0,starter-role-runtime-state-v1
2025-06-01,605288,ESTABLISHED,85.37804313617939,95.0,22.13643015438967,27.0,15.409240471097117,19.0,starter-role-runtime-state-v1
2025-06-01,607259,ESTABLISHED,86.27120268397364,94.0,23.201616041465435,23.0,17.898107701267634,14.0,starter-role-runtime-state-v1
2025-06-01,622491,ESTABLISHED,97.96241521661173,97.0,24.311056977665935,23.0,17.364199737982076,18.0,starter-role-runtime-state-v1
2025-06-01,624133,ESTABLISHED,92.58574553635692,97.0,24.09201958739675,25.0,16.518230775630393,18.0,starter-role-runtime-state-v1
2025-06-01,668909,ESTABLISHED,95.62497911351556,103.0,21.564885471713414,24.0,14.46854193780373,20.0,starter-role-runtime-state-v1
2025-06-01,671737,ESTABLISHED,86.73740554099822,104.0,23.502876672348474,27.0,17.030688851532375,21.0,starter-role-runtime-state-v1
2025-06-01,672456,ESTABLISHED,82.89059432037422,72.0,21.74631151592675,20.0,15.952943509085376,14.0,starter-role-runtime-state-v1
2025-06-01,677960,ESTABLISHED,84.33642471043377,99.0,21.51257870167109,26.0,15.69979060763783,18.0,starter-role-runtime-state-v1
2025-06-01,681190,ESTABLISHED,82.54355892740301,78.0,21.870867071293915,18.0,15.283083110434358,10.0,starter-role-runtime-state-v1
2025-06-01,686613,ESTABLISHED,91.94425415148945,93.0,22.993920945859827,21.0,18.158831130634006,18.0,starter-role-runtime-state-v1
2025-06-01,693821,ESTABLISHED,87.7442387370789,81.0,22.506049899778198,25.0,16.072522370503336,16.0,starter-role-runtime-state-v1
2025-06-01,808967,ESTABLISHED,91.3974513154755,96.0,22.032973202133537,21.0,16.905759963497882,11.0,starter-role-runtime-state-v1
2025-06-02,657277,ESTABLISHED,96.75496538644711,102.0,25.416867237615698,30.0,18.260456691253438,24.0,starter-role-runtime-state-v1
2025-06-02,663903,ESTABLISHED,94.71211047048172,97.0,23.680022437936422,21.0,16.24523684936944,15.0,starter-role-runtime-state-v1
2025-06-02,669160,ESTABLISHED,87.21066494599391,88.0,22.56375323544146,26.0,16.364237118768322,18.0,starter-role-runtime-state-v1
2025-06-03,547179,ESTABLISHED,89.64451730374293,74.0,23.635370850510135,16.0,16.15022003522254,8.0,starter-role-runtime-state-v1
2025-06-03,607074,ESTABLISHED,100.96057503748033,93.0,23.68234794275875,26.0,17.949636209000627,21.0,starter-role-runtime-state-v1
2025-06-03,608372,ESTABLISHED,90.57831890149575,90.0,23.78856556640421,25.0,17.784437851627253,21.0,starter-role-runtime-state-v1
2025-06-03,641816,ESTABLISHED,90.01177640892737,85.0,21.814420828060875,23.0,16.340340263353305,16.0,starter-role-runtime-state-v1
2025-06-03,642547,ESTABLISHED,98.03471143486495,103.0,22.712962961625173,27.0,15.917964584267423,18.0,starter-role-runtime-state-v1
2025-06-03,645261,ESTABLISHED,91.11985574225251,70.0,23.53366956149637,24.0,15.678019196686805,18.0,starter-role-runtime-state-v1
2025-06-03,650911,ESTABLISHED,86.61686676799727,96.0,23.21340120754064,26.0,16.56060125600591,18.0,starter-role-runtime-state-v1
2025-06-03,656876,ESTABLISHED,73.30319529984051,79.0,19.20621092899089,16.0,15.079414492050532,15.0,starter-role-runtime-state-v1
2025-06-03,669467,ESTABLISHED,92.74083847786781,71.0,24.63363857474874,20.0,17.220416977406163,13.0,starter-role-runtime-state-v1
2025-06-03,669923,ESTABLISHED,85.39024717761994,95.0,22.695689213440964,23.0,16.425815287354688,15.0,starter-role-runtime-state-v1
2025-06-03,676440,ESTABLISHED,96.41808820657805,107.0,24.18357338848095,26.0,17.602644387881487,19.0,starter-role-runtime-state-v1
2025-06-03,694738,ESTABLISHED,83.706141917178,92.0,22.249692273630863,24.0,15.043786271973813,19.0,starter-role-runtime-state-v1
2025-06-03,694973,ESTABLISHED,97.07331170248061,99.0,23.985367895010274,27.0,18.464528921133702,24.0,starter-role-runtime-state-v1
2025-06-04,518876,ESTABLISHED,93.93498455671849,98.0,23.74654346730783,23.0,17.555940612852872,21.0,starter-role-runtime-state-v1
2025-06-04,519242,ESTABLISHED,97.83671125209821,103.0,24.133587947589326,25.0,17.81786969189056,18.0,starter-role-runtime-state-v1
2025-06-04,571510,ESTABLISHED,90.28582775266653,95.0,22.25094400735512,26.0,15.946590348384788,22.0,starter-role-runtime-state-v1
2025-06-04,607536,RAMPING,84.31707317588186,90.0,23.600562349775103,23.0,15.575512914995535,19.0,starter-role-runtime-state-v1
2025-06-04,615698,ESTABLISHED,78.28367563400552,86.0,19.603127245552272,20.0,13.565605779854623,15.0,starter-role-runtime-state-v1
2025-06-04,667755,ESTABLISHED,90.84599947660446,99.0,23.82687806871859,22.0,16.676476206011728,11.0,starter-role-runtime-state-v1
2025-06-04,669022,ESTABLISHED,96.07938483183511,94.0,22.91888932885562,26.0,16.799265705951605,21.0,starter-role-runtime-state-v1
2025-06-04,669358,ESTABLISHED,88.75226878805188,85.0,23.189144835159453,22.0,16.546516154122237,15.0,starter-role-runtime-state-v1
2025-06-04,671096,ESTABLISHED,89.43951337083291,100.0,21.907928249226366,26.0,16.244548784073416,18.0,starter-role-runtime-state-v1
2025-06-04,676106,ESTABLISHED,80.12127535278543,89.0,21.992235530023713,20.0,15.164195578650888,17.0,starter-role-runtime-state-v1
2025-06-04,677958,RESTRICTED,70.73298756528024,66.0,18.37319972506652,19.0,11.563919179115814,10.0,starter-role-runtime-state-v1
2025-06-04,687473,ESTABLISHED,77.41489877548926,83.0,19.077124440651378,23.0,12.230676977938312,13.0,starter-role-runtime-state-v1
2025-06-04,690986,ESTABLISHED,76.21440464967816,87.0,19.72691819072093,23.0,14.194872545423184,13.0,starter-role-runtime-state-v1
2025-06-04,700249,ESTABLISHED,92.45129322307015,86.0,22.493585945334765,20.0,15.335730015679363,16.0,starter-role-runtime-state-v1
2025-06-04,805673,ESTABLISHED,79.9316783830115,77.0,19.869193012623654,21.0,12.994446631142331,15.0,starter-role-runtime-state-v1
2025-06-05,592662,ESTABLISHED,90.54134702784972,101.0,22.554578054939718,25.0,17.149171882173892,21.0,starter-role-runtime-state-v1
2025-06-05,605135,ESTABLISHED,90.29449439666273,99.0,23.779508671010255,28.0,16.05639789593509,21.0,starter-role-runtime-state-v1
2025-06-05,608331,ESTABLISHED,91.2370153668322,103.0,24.366723899100073,20.0,18.631988824935874,18.0,starter-role-runtime-state-v1
2025-06-05,656302,ESTABLISHED,92.34737204219182,92.0,22.410456802651694,23.0,16.35689525554826,15.0,starter-role-runtime-state-v1
2025-06-05,656550,ESTABLISHED,92.608961256858,64.0,23.71241834056105,15.0,17.123550978600157,10.0,starter-role-runtime-state-v1
2025-06-05,656849,ESTABLISHED,94.41485071487273,91.0,24.8632269821686,28.0,17.738381109732224,21.0,starter-role-runtime-state-v1
2025-06-05,663554,ESTABLISHED,82.12450748471254,93.0,22.08598250014419,24.0,15.747778847698811,14.0,starter-role-runtime-state-v1
2025-06-05,663623,ESTABLISHED,93.06376832754466,94.0,25.054782066865794,26.0,18.022092679584773,15.0,starter-role-runtime-state-v1
2025-06-05,664285,ESTABLISHED,93.16120275800269,99.0,25.87704978883572,28.0,20.0493270671636,21.0,starter-role-runtime-state-v1
2025-06-05,666200,ESTABLISHED,92.24463267070192,61.0,24.13767100647047,18.0,17.01364666455811,7.0,starter-role-runtime-state-v1
2025-06-05,669461,ESTABLISHED,86.1518119934001,71.0,22.871966567241806,21.0,16.205590254343022,12.0,starter-role-runtime-state-v1
2025-06-05,680732,ESTABLISHED,87.08857994225075,96.0,22.061897874400024,27.0,15.052729594962347,21.0,starter-role-runtime-state-v1
2025-06-05,693433,ESTABLISHED,88.90221399043955,88.0,24.40837219058274,24.0,18.577506304098616,18.0,starter-role-runtime-state-v1
2025-06-05,694297,ESTABLISHED,78.17094294886857,74.0,20.77102596583005,17.0,13.966997475148089,9.0,starter-role-runtime-state-v1
2025-06-05,702070,ESTABLISHED,84.21017909580962,82.0,24.61474544421986,21.0,19.313865490628693,18.0,starter-role-runtime-state-v1
2025-06-06,543243,ESTABLISHED,89.75978980394012,90.0,23.770107964601216,27.0,17.61765259868865,19.0,starter-role-runtime-state-v1
2025-06-06,593958,ESTABLISHED,85.77367318176404,72.0,22.999360388170707,21.0,14.660965401331705,15.0,starter-role-runtime-state-v1
2025-06-06,607625,ESTABLISHED,89.18974335780204,97.0,23.29787442560422,21.0,17.48553752613942,15.0,starter-role-runtime-state-v1
2025-06-06,621111,ESTABLISHED,83.65866758382009,67.0,21.709459747367173,17.0,15.032800024226535,6.0,starter-role-runtime-state-v1
2025-06-06,641927,ESTABLISHED,82.2758975866688,87.0,21.906922399050842,28.0,15.755344205447349,21.0,starter-role-runtime-state-v1
2025-06-06,647336,ESTABLISHED,86.36074371555826,85.0,21.880248117355542,22.0,15.221659427520427,18.0,starter-role-runtime-state-v1
2025-06-06,663436,ESTABLISHED,89.20254955612141,92.0,23.188049746748753,23.0,16.627117050146154,18.0,starter-role-runtime-state-v1
2025-06-06,665152,ESTABLISHED,95.23231531551835,82.0,24.478838143039724,24.0,16.990210725901093,16.0,starter-role-runtime-state-v1
2025-06-06,665795,ESTABLISHED,87.45117397721842,63.0,21.50740911489308,21.0,15.159894507220693,12.0,starter-role-runtime-state-v1
2025-06-06,666157,ESTABLISHED,90.26854548430812,86.0,23.614588491342047,21.0,16.819949896631897,18.0,starter-role-runtime-state-v1
2025-06-06,669373,ESTABLISHED,92.38380731567477,94.0,24.081397658573128,29.0,19.450749232201662,23.0,starter-role-runtime-state-v1
2025-06-06,680736,ESTABLISHED,86.52757232065561,104.0,22.71093385286061,26.0,15.339875525983604,18.0,starter-role-runtime-state-v1
2025-06-06,681190,ESTABLISHED,79.1694929386271,78.0,21.083959453600578,20.0,14.570109607543099,14.0,starter-role-runtime-state-v1
2025-06-06,682243,ESTABLISHED,88.23131237271116,70.0,21.64274241704573,23.0,15.403850237323642,15.0,starter-role-runtime-state-v1
2025-06-06,701542,ESTABLISHED,75.4472638000852,84.0,18.915502824954025,23.0,12.424485165225882,16.0,starter-role-runtime-state-v1
2025-06-07,592332,ESTABLISHED,93.98304547075013,104.0,23.90489127484318,24.0,17.91397595050764,18.0,starter-role-runtime-state-v1
2025-06-07,592791,ESTABLISHED,88.60960580721182,84.0,23.334268867440144,25.0,17.875868744699396,21.0,starter-role-runtime-state-v1
2025-06-07,594798,ESTABLISHED,82.69322011927136,81.0,21.73462735379755,23.0,16.844835690450203,21.0,starter-role-runtime-state-v1
2025-06-07,605280,ESTABLISHED,89.71986553048626,95.0,23.306147281445398,27.0,17.474854563903865,18.0,starter-role-runtime-state-v1
2025-06-07,605288,ESTABLISHED,89.00413938300068,92.0,22.965434329070618,23.0,15.88855608759848,18.0,starter-role-runtime-state-v1
2025-06-07,607259,ESTABLISHED,85.86848138161237,102.0,23.024216938876368,24.0,17.419721518010654,18.0,starter-role-runtime-state-v1
2025-06-07,608379,ESTABLISHED,85.31178075394624,95.0,23.520418076443143,25.0,17.452109913671073,18.0,starter-role-runtime-state-v1
2025-06-07,622491,ESTABLISHED,98.10015592771789,95.0,24.18631940903063,24.0,17.43368898607047,15.0,starter-role-runtime-state-v1
2025-06-07,624133,ESTABLISHED,92.96881594549737,97.0,24.175944776540277,26.0,16.673688121286062,21.0,starter-role-runtime-state-v1
2025-06-07,657277,ESTABLISHED,93.93561610654801,100.0,25.5002736743809,24.0,18.75977131045068,18.0,starter-role-runtime-state-v1
2025-06-07,668909,ESTABLISHED,94.91664581249009,92.0,21.66778890566985,25.0,15.001989976792068,18.0,starter-role-runtime-state-v1
2025-06-07,671737,ESTABLISHED,92.89073541760584,77.0,24.40711605241308,19.0,17.612400265001583,12.0,starter-role-runtime-state-v1
2025-06-07,677960,ESTABLISHED,87.66602826651832,57.0,22.199533695773514,15.0,16.01403055251492,9.0,starter-role-runtime-state-v1
2025-06-07,686613,ESTABLISHED,93.76877216586364,101.0,22.957789633104106,25.0,18.218329483907638,16.0,starter-role-runtime-state-v1
2025-06-07,693821,ESTABLISHED,86.70544893070557,107.0,22.72263008976532,27.0,16.040176800504664,24.0,starter-role-runtime-state-v1
2025-06-07,808967,ESTABLISHED,93.03559558038764,94.0,22.027770751447164,24.0,16.25861118441557,18.0,starter-role-runtime-state-v1
2025-06-08,547179,ESTABLISHED,86.00660776718202,92.0,22.485885310986426,21.0,15.108356176824321,18.0,starter-role-runtime-state-v1
2025-06-08,607074,ESTABLISHED,97.25036375634949,90.0,23.61491330767148,22.0,18.178775664969812,15.0,starter-role-runtime-state-v1
2025-06-08,608372,ESTABLISHED,87.89086151094929,87.0,23.648650320184238,22.0,18.149306433698786,13.0,starter-role-runtime-state-v1
2025-06-08,642547,ESTABLISHED,98.5361724800262,90.0,23.156734798984473,20.0,16.136034937469397,18.0,starter-role-runtime-state-v1
2025-06-08,650911,ESTABLISHED,87.87408129164866,100.0,23.54123624625079,28.0,16.731808437981137,21.0,starter-role-runtime-state-v1
2025-06-08,656876,ESTABLISHED,72.25688726283158,74.0,18.59027940819046,24.0,15.006610147859337,18.0,starter-role-runtime-state-v1
2025-06-08,663903,ESTABLISHED,96.15886371993473,77.0,23.493679638619465,21.0,16.146472026696735,15.0,starter-role-runtime-state-v1
2025-06-08,669923,ESTABLISHED,85.17033357453194,96.0,22.584700384870665,23.0,16.22292692289805,21.0,starter-role-runtime-state-v1
2025-06-08,676440,ESTABLISHED,95.76748150773507,88.0,24.19127757856808,24.0,17.71060495305214,19.0,starter-role-runtime-state-v1
2025-06-08,682052,ESTABLISHED,73.49255716034256,91.0,19.715089058237297,17.0,12.318758670771327,12.0,starter-role-runtime-state-v1
2025-06-08,690928,ESTABLISHED,78.06403912149736,64.0,21.318009536574152,18.0,15.18600151564489,15.0,starter-role-runtime-state-v1
2025-06-08,694738,ESTABLISHED,83.71391302846833,95.0,22.349544926870614,25.0,15.511556937009995,18.0,starter-role-runtime-state-v1
2025-06-08,694973,ESTABLISHED,94.75035254355353,97.0,24.023702620998613,25.0,18.982864559499248,23.0,starter-role-runtime-state-v1
2025-06-08,700241,ESTABLISHED,90.6611065621869,101.0,25.220819407031776,26.0,20.016277896703343,18.0,starter-role-runtime-state-v1
2025-06-09,518876,ESTABLISHED,90.61641680571634,92.0,23.22690600276634,22.0,17.80617823970617,18.0,starter-role-runtime-state-v1
2025-06-09,519242,ESTABLISHED,97.1865070274074,103.0,24.09232701191054,27.0,17.796363866319226,21.0,starter-role-runtime-state-v1
2025-06-09,554430,ESTABLISHED,101.531737566888,103.0,24.650626958528466,23.0,19.096270440090294,18.0,starter-role-runtime-state-v1
2025-06-09,571510,ESTABLISHED,89.15426772949823,73.0,22.460758969411174,25.0,16.534288692550227,18.0,starter-role-runtime-state-v1
2025-06-09,669160,ESTABLISHED,86.14170762101402,89.0,22.819552204367383,25.0,16.521007803926565,15.0,starter-role-runtime-state-v1
2025-06-09,669358,ESTABLISHED,86.024527426577,76.0,22.783208626075865,22.0,16.292738423454246,16.0,starter-role-runtime-state-v1
2025-06-09,669467,ESTABLISHED,87.41820995040877,92.0,23.769275364682407,27.0,16.64122083421119,18.0,starter-role-runtime-state-v1
2025-06-09,676106,ESTABLISHED,80.72013055121658,85.0,21.691645527028207,23.0,15.36710081598368,15.0,starter-role-runtime-state-v1
2025-06-09,691587,ESTABLISHED,79.58887052285401,70.0,19.32367281416971,15.0,13.866264141795991,9.0,starter-role-runtime-state-v1
2025-06-10,605135,ESTABLISHED,89.62963536296452,89.0,24.042898457782442,29.0,16.535863632528592,21.0,starter-role-runtime-state-v1
2025-06-10,608331,ESTABLISHED,90.67561425697978,91.0,23.608290943529205,27.0,18.497275262762926,21.0,starter-role-runtime-state-v1
2025-06-10,641816,ESTABLISHED,88.29913841142228,91.0,21.823551455886694,26.0,16.259279315798455,17.0,starter-role-runtime-state-v1
2025-06-10,645261,ESTABLISHED,85.238301484349,85.0,23.166573136383178,22.0,15.832308856544271,18.0,starter-role-runtime-state-v1
2025-06-10,656302,ESTABLISHED,91.01432153216923,103.0,22.323638655279865,29.0,16.15837554713866,21.0,starter-role-runtime-state-v1
2025-06-10,656550,ESTABLISHED,84.79047882850101,100.0,22.098821566938973,23.0,16.065527082863756,16.0,starter-role-runtime-state-v1
2025-06-10,667755,ESTABLISHED,92.61027889234119,110.0,23.70540843810819,25.0,16.05105958870396,21.0,starter-role-runtime-state-v1
2025-06-10,669022,ESTABLISHED,94.82400927969003,89.0,23.121817854770093,23.0,17.202092053012294,18.0,starter-role-runtime-state-v1
2025-06-10,671096,ESTABLISHED,91.03834726301116,110.0,22.415270274649316,31.0,16.481243150730492,27.0,starter-role-runtime-state-v1
2025-06-10,690986,ESTABLISHED,79.76449353521122,87.0,20.349962016089847,21.0,14.156205910325879,15.0,starter-role-runtime-state-v1
2025-06-10,694297,RESTRICTED,76.95285185928715,99.0,20.261382507852876,24.0,13.380998631767978,15.0,starter-role-runtime-state-v1
2025-06-10,700249,ESTABLISHED,90.05930586694896,98.0,22.020606624571315,24.0,15.369807900242202,14.0,starter-role-runtime-state-v1
2025-06-10,702070,ESTABLISHED,82.37626034135305,102.0,23.51273673323194,25.0,18.940666685509694,17.0,starter-role-runtime-state-v1
2025-06-11,592662,ESTABLISHED,92.9854262999941,93.0,22.971572956688654,21.0,17.63064771532192,12.0,starter-role-runtime-state-v1
2025-06-11,593958,ESTABLISHED,80.38277035135854,81.0,22.318857214623463,25.0,14.586219751455634,19.0,starter-role-runtime-state-v1
2025-06-11,607536,ESTABLISHED,85.9371561293902,90.0,23.64853687953267,25.0,15.986210180157777,18.0,starter-role-runtime-state-v1
2025-06-11,615698,ESTABLISHED,79.53893388186766,99.0,19.692704592349884,22.0,13.738584698309648,15.0,starter-role-runtime-state-v1
2025-06-11,621111,ESTABLISHED,83.23053878792862,97.0,21.336946408107003,28.0,13.973665175403706,21.0,starter-role-runtime-state-v1
2025-06-11,641778,RESTRICTED,75.21302596800643,72.0,19.674346401043394,19.0,12.541526493146055,13.0,starter-role-runtime-state-v1
2025-06-11,656849,ESTABLISHED,92.34262830985782,106.0,24.98401919461901,31.0,18.029447748329616,27.0,starter-role-runtime-state-v1
2025-06-11,663554,ESTABLISHED,83.88410925545122,90.0,22.366390465277114,25.0,15.577230458284081,16.0,starter-role-runtime-state-v1
2025-06-11,663623,ESTABLISHED,92.52633269021806,100.0,25.088519824667333,24.0,17.664907044211745,15.0,starter-role-runtime-state-v1
2025-06-11,666157,ESTABLISHED,88.62146624233907,76.0,23.186080667126728,17.0,16.927103323108,10.0,starter-role-runtime-state-v1
2025-06-11,666200,ESTABLISHED,86.15229413986123,99.0,23.178585254064906,23.0,15.762490483026646,18.0,starter-role-runtime-state-v1
2025-06-11,669461,ESTABLISHED,79.57167844488336,90.0,22.058084478326503,25.0,15.543422529484864,15.0,starter-role-runtime-state-v1
2025-06-11,680732,ESTABLISHED,89.08498401422767,73.0,22.7958279392319,20.0,15.856538866352889,11.0,starter-role-runtime-state-v1
2025-06-11,681190,ESTABLISHED,79.81591570436463,70.0,21.053030394425786,18.0,14.5305477825485,14.0,starter-role-runtime-state-v1
2025-06-11,687473,ESTABLISHED,79.37676745702633,91.0,19.86210262700846,25.0,12.406141123244584,18.0,starter-role-runtime-state-v1
2025-06-11,693433,ESTABLISHED,88.77840964552954,79.0,24.370914534340983,26.0,18.528761731327624,18.0,starter-role-runtime-state-v1
2025-06-12,543243,ESTABLISHED,90.30432433496709,76.0,24.172339481071816,20.0,17.795614732772485,13.0,starter-role-runtime-state-v1
2025-06-12,592791,ESTABLISHED,86.4964607247506,92.0,23.32724960840212,24.0,18.16589838287946,19.0,starter-role-runtime-state-v1
2025-06-12,607625,ESTABLISHED,90.28938008221559,73.0,23.05106604703793,21.0,17.200339319522094,17.0,starter-role-runtime-state-v1
2025-06-12,641927,ESTABLISHED,88.73988198537732,98.0,23.237941488766044,26.0,16.527824274442104,14.0,starter-role-runtime-state-v1
2025-06-12,647336,ESTABLISHED,86.68695358513526,102.0,21.950078560147368,22.0,15.564219725861053,15.0,starter-role-runtime-state-v1
2025-06-12,663436,ESTABLISHED,89.34026968211744,100.0,23.139420898655928,27.0,16.77777514418065,18.0,starter-role-runtime-state-v1
2025-06-12,664285,ESTABLISHED,93.30894752476108,95.0,26.050023089180577,24.0,20.12692853257149,15.0,starter-role-runtime-state-v1
2025-06-12,669373,ESTABLISHED,91.3597137794056,98.0,24.458708494663853,25.0,19.787641072046338,21.0,starter-role-runtime-state-v1
2025-06-12,701542,RESTRICTED,75.9068357866021,77.0,19.33153803672728,21.0,12.83727578760157,17.0,starter-role-runtime-state-v1
2025-06-13,592332,ESTABLISHED,96.11876199836725,95.0,24.030238463400206,22.0,17.960899160590593,15.0,starter-role-runtime-state-v1
2025-06-13,605280,ESTABLISHED,91.02023010587463,79.0,23.87212751609197,19.0,17.57505204609304,15.0,starter-role-runtime-state-v1
2025-06-13,605288,ESTABLISHED,89.82478517067914,92.0,23.022704030717293,24.0,16.136160320256366,15.0,starter-role-runtime-state-v1
2025-06-13,607259,ESTABLISHED,88.27848971007792,89.0,23.20052452016227,25.0,17.499627234631134,15.0,starter-role-runtime-state-v1
2025-06-13,608379,ESTABLISHED,87.3645950804464,93.0,23.810638297345164,28.0,17.56600562972495,16.0,starter-role-runtime-state-v1
2025-06-13,622491,ESTABLISHED,97.53926762613426,99.0,24.13555385230318,23.0,17.14712920977977,18.0,starter-role-runtime-state-v1
2025-06-13,624133,ESTABLISHED,92.38310594299857,94.0,24.239623303771715,26.0,17.098288499544402,21.0,starter-role-runtime-state-v1
2025-06-13,642547,ESTABLISHED,95.86245780305664,93.0,22.618112354282804,24.0,16.310862392844346,18.0,starter-role-runtime-state-v1
2025-06-13,657277,ESTABLISHED,98.51387837940146,98.0,25.79006958503936,25.0,18.801789104236295,21.0,starter-role-runtime-state-v1
2025-06-13,665795,ESTABLISHED,82.94879484315231,64.0,21.253732428812185,14.0,14.747090115148726,9.0,starter-role-runtime-state-v1
2025-06-13,668909,ESTABLISHED,94.33045664555786,89.0,21.98645242757526,21.0,15.310232641803191,12.0,starter-role-runtime-state-v1
2025-06-13,671737,ESTABLISHED,90.81194664326864,84.0,23.74074033808766,21.0,16.93919852234747,12.0,starter-role-runtime-state-v1
2025-06-13,693821,ESTABLISHED,89.729080931271,70.0,23.28631439440937,21.0,16.91030817715243,10.0,starter-role-runtime-state-v1
2025-06-13,694973,ESTABLISHED,94.61386587974138,95.0,24.09624373357305,20.0,19.403767361309068,15.0,starter-role-runtime-state-v1
2025-06-13,808967,ESTABLISHED,90.97905405644903,102.0,22.005838846278586,24.0,16.379101587655956,14.0,starter-role-runtime-state-v1
2025-06-14,547179,ESTABLISHED,86.87016797618877,89.0,22.330232060186713,25.0,15.438080665612862,18.0,starter-role-runtime-state-v1
2025-06-14,571510,ESTABLISHED,85.69248600277275,93.0,22.515865195784755,19.0,16.63196906312777,18.0,starter-role-runtime-state-v1
2025-06-14,594798,ESTABLISHED,80.27742146970284,82.0,21.609817223836338,22.0,17.23741271000579,18.0,starter-role-runtime-state-v1
2025-06-14,607074,ESTABLISHED,96.04829657696875,92.0,23.391241314843228,24.0,17.80099090321658,15.0,starter-role-runtime-state-v1
2025-06-14,608372,ESTABLISHED,88.18707584214327,80.0,23.461738852962526,24.0,17.42407298533064,14.0,starter-role-runtime-state-v1
2025-06-14,650911,ESTABLISHED,91.85980201010584,98.0,24.33276538417877,27.0,17.27337709443902,21.0,starter-role-runtime-state-v1
2025-06-14,656876,ESTABLISHED,73.80088255796551,87.0,19.311905889011015,21.0,15.390934239447885,15.0,starter-role-runtime-state-v1
2025-06-14,663903,ESTABLISHED,92.25419713652397,96.0,23.021343519379105,25.0,15.966026703650314,18.0,starter-role-runtime-state-v1
2025-06-14,669467,ESTABLISHED,85.70630657844683,82.0,23.84255190924157,20.0,16.71742416817294,13.0,starter-role-runtime-state-v1
2025-06-14,669923,ESTABLISHED,90.12246701006993,101.0,23.0678374975057,22.0,16.896983972513066,15.0,starter-role-runtime-state-v1
2025-06-14,676440,ESTABLISHED,94.88122977906593,104.0,24.171950833416357,23.0,17.85471237091211,15.0,starter-role-runtime-state-v1
2025-06-14,682052,ESTABLISHED,76.32842214767426,98.0,18.942040492461565,23.0,12.224743080927972,18.0,starter-role-runtime-state-v1
2025-06-14,686613,ESTABLISHED,95.71258747294326,98.0,23.314442506189366,26.0,18.032039373016524,21.0,starter-role-runtime-state-v1
2025-06-14,690928,RESTRICTED,73.21425401026131,82.0,20.447909476020776,21.0,15.099136302168205,18.0,starter-role-runtime-state-v1
2025-06-14,694738,ESTABLISHED,87.90920799161091,45.0,23.014627159202135,13.0,15.913217144461601,5.0,starter-role-runtime-state-v1
2025-06-15,518876,ESTABLISHED,91.19306591893456,93.0,23.138503973516734,23.0,17.846158697553463,15.0,starter-role-runtime-state-v1
2025-06-15,554430,ESTABLISHED,103.12152999248384,94.0,24.610316160538673,22.0,19.013586602505193,18.0,starter-role-runtime-state-v1
2025-06-15,605488,ESTABLISHED,86.16260538938923,89.0,21.784823389595722,24.0,14.976230160050626,18.0,starter-role-runtime-state-v1
2025-06-15,608331,ESTABLISHED,91.8259321857753,106.0,24.095207858050767,27.0,18.802182920644277,21.0,starter-role-runtime-state-v1
2025-06-15,656550,ESTABLISHED,86.60001805268593,93.0,22.20998167033264,24.0,16.057929024071306,19.0,starter-role-runtime-state-v1
2025-06-15,669022,ESTABLISHED,92.85864020791271,97.0,22.96642791271254,26.0,17.24547109374841,18.0,starter-role-runtime-state-v1
2025-06-15,669160,ESTABLISHED,87.00045159116254,94.0,23.131516712645556,30.0,16.363779682133327,18.0,starter-role-runtime-state-v1
2025-06-15,669358,ESTABLISHED,85.40323782088248,106.0,22.75645587401639,27.0,16.279762393323708,20.0,starter-role-runtime-state-v1
2025-06-15,676106,ESTABLISHED,80.61214163903826,85.0,21.766087776167474,22.0,15.302817567348658,21.0,starter-role-runtime-state-v1
2025-06-15,677958,RESTRICTED,69.8860751403533,82.0,18.464412737616968,20.0,11.299548760539185,15.0,starter-role-runtime-state-v1
2025-06-15,691587,ESTABLISHED,77.27567054838772,79.0,18.65408464094278,19.0,13.219415234246258,12.0,starter-role-runtime-state-v1
2025-06-15,702070,ESTABLISHED,88.96124516693311,83.0,24.14003042511898,19.0,18.624570171500956,15.0,starter-role-runtime-state-v1
2025-06-16,645261,ESTABLISHED,83.67384144288658,100.0,22.863692968029167,21.0,16.04665487076351,15.0,starter-role-runtime-state-v1
2025-06-16,656302,ESTABLISHED,94.66089003651801,101.0,23.279421353522466,25.0,16.755365701681118,15.0,starter-role-runtime-state-v1
2025-06-16,663623,ESTABLISHED,92.3432852352818,91.0,24.840935010884245,23.0,17.32686915472386,18.0,starter-role-runtime-state-v1
2025-06-16,667755,ESTABLISHED,95.13543965527826,101.0,23.920946191551756,27.0,16.614448743626383,21.0,starter-role-runtime-state-v1
2025-06-16,669302,ESTABLISHED,82.0941888241031,84.0,20.79840364731829,19.0,16.411417621254337,15.0,starter-role-runtime-state-v1
2025-06-16,687473,ESTABLISHED,81.2398243641225,87.0,20.687848252379126,20.0,13.312153903144196,15.0,starter-role-runtime-state-v1
2025-06-17,592662,ESTABLISHED,93.52201127647132,102.0,22.782798787296137,26.0,16.95227255380144,18.0,starter-role-runtime-state-v1
2025-06-17,605135,ESTABLISHED,92.0324453192143,97.0,24.83707889925887,27.0,17.07784208400463,18.0,starter-role-runtime-state-v1
2025-06-17,607625,ESTABLISHED,85.042140255792,96.0,22.457854998668545,24.0,17.081310522263315,18.0,starter-role-runtime-state-v1
2025-06-17,615698,ESTABLISHED,87.39948040742946,74.0,20.574244996813306,17.0,14.035476806920105,12.0,starter-role-runtime-state-v1
2025-06-17,621111,ESTABLISHED,88.5294777105861,93.0,22.493120226747266,21.0,14.854370101374888,10.0,starter-role-runtime-state-v1
2025-06-17,647336,ESTABLISHED,87.51780442491139,93.0,21.84553826600748,27.0,15.46375222111509,18.0,starter-role-runtime-state-v1
2025-06-17,656849,ESTABLISHED,94.64098635925998,93.0,25.73747645987088,28.0,19.021758729081068,21.0,starter-role-runtime-state-v1
2025-06-17,663554,ESTABLISHED,86.00392058053164,92.0,22.824549471085312,23.0,15.674600114410335,18.0,starter-role-runtime-state-v1
2025-06-17,665152,ESTABLISHED,91.62346311525458,81.0,24.16645196155991,19.0,16.794290472285354,15.0,starter-role-runtime-state-v1
2025-06-17,666200,ESTABLISHED,86.9543515017465,103.0,23.089820603657643,24.0,15.998220869735071,15.0,starter-role-runtime-state-v1
2025-06-17,669461,ESTABLISHED,81.48152357304964,86.0,22.472285355730392,23.0,15.511611172575478,18.0,starter-role-runtime-state-v1
2025-06-17,671096,ESTABLISHED,95.83550101807893,90.0,23.620981313431137,26.0,17.674559290275692,17.0,starter-role-runtime-state-v1
2025-06-17,681190,ESTABLISHED,78.71095413153175,68.0,20.72445947135784,20.0,14.495648450382753,15.0,starter-role-runtime-state-v1
2025-06-17,693433,ESTABLISHED,86.98757173940936,86.0,24.463247579221047,24.0,18.45930057222678,21.0,starter-role-runtime-state-v1
2025-06-17,694297,RESTRICTED,80.2662944430386,81.0,20.775014048395576,23.0,13.580424265772493,15.0,starter-role-runtime-state-v1
2025-06-17,701542,ESTABLISHED,76.33027537287411,93.0,19.557034963223046,24.0,13.342326305474838,18.0,starter-role-runtime-state-v1
2025-06-18,519242,ESTABLISHED,100.8037201922668,116.0,24.729244039810496,32.0,18.228932769336023,26.0,starter-role-runtime-state-v1
2025-06-18,593958,ESTABLISHED,82.58097474062275,98.0,22.87367295084284,23.0,15.141796046563165,14.0,starter-role-runtime-state-v1
2025-06-18,622491,ESTABLISHED,94.13495221260426,86.0,23.60700803650891,24.0,17.126007466413768,18.0,starter-role-runtime-state-v1
2025-06-18,624133,ESTABLISHED,89.41879876346457,95.0,24.051999394407716,26.0,17.41863848510786,21.0,starter-role-runtime-state-v1
2025-06-18,641778,RESTRICTED,74.14335683842296,75.0,19.508710242983398,20.0,12.595329913118428,15.0,starter-role-runtime-state-v1
2025-06-18,641927,ESTABLISHED,91.19095134591211,88.0,23.71392998988181,25.0,16.32079863128631,17.0,starter-role-runtime-state-v1
2025-06-18,664285,ESTABLISHED,93.11432055793404,97.0,25.763620465134274,26.0,19.53646979103572,18.0,starter-role-runtime-state-v1
2025-06-18,666157,ESTABLISHED,87.26013029566556,87.0,22.470410435664206,24.0,16.130428121396754,18.0,starter-role-runtime-state-v1
2025-06-18,669432,ESTABLISHED,88.38566169699811,71.0,21.959267798194723,15.0,15.280995230594538,7.0,starter-role-runtime-state-v1
2025-06-18,671737,ESTABLISHED,87.77584081939895,47.0,23.175653182903048,12.0,16.304713365026444,4.0,starter-role-runtime-state-v1
2025-06-19,592332,ESTABLISHED,96.13495599933391,81.0,23.825376516856302,24.0,17.633600870567868,13.0,starter-role-runtime-state-v1
2025-06-19,592791,ESTABLISHED,90.17874933615062,68.0,23.767049768432372,20.0,18.372685283040887,12.0,starter-role-runtime-state-v1
2025-06-19,605280,ESTABLISHED,87.21901527627077,104.0,22.92968585052342,24.0,17.150117465606456,14.0,starter-role-runtime-state-v1
2025-06-19,607074,ESTABLISHED,92.79590814770201,92.0,23.149099836028448,24.0,17.396071925196537,18.0,starter-role-runtime-state-v1
2025-06-19,607259,ESTABLISHED,89.29165946916822,52.0,23.49843501999058,17.0,17.248875271402923,8.0,starter-role-runtime-state-v1
2025-06-19,608379,ESTABLISHED,92.10262601921866,97.0,24.758682299136204,23.0,17.557522338750655,18.0,starter-role-runtime-state-v1
2025-06-19,642547,ESTABLISHED,95.03246448336562,86.0,22.71765807782747,20.0,16.482389847692595,15.0,starter-role-runtime-state-v1
2025-06-19,650911,ESTABLISHED,92.84509470188496,91.0,24.657850881585603,28.0,17.691021665368645,24.0,starter-role-runtime-state-v1
2025-06-19,656876,ESTABLISHED,75.08596841055721,92.0,19.480619944134055,22.0,15.338281986323242,16.0,starter-role-runtime-state-v1
2025-06-19,657277,ESTABLISHED,98.08905657575853,97.0,25.65452940966987,28.0,19.028246779106098,21.0,starter-role-runtime-state-v1
2025-06-19,665795,ESTABLISHED,78.944742561199,82.0,20.21081129452341,22.0,14.049695826636613,19.0,starter-role-runtime-state-v1
2025-06-19,668909,ESTABLISHED,91.71171579453147,104.0,21.65479463393902,23.0,14.873640546153828,18.0,starter-role-runtime-state-v1
2025-06-19,669373,ESTABLISHED,92.54985403673739,103.0,24.579861770395354,26.0,19.94611562820017,17.0,starter-role-runtime-state-v1
2025-06-19,680732,ESTABLISHED,85.0536739767966,100.0,22.209916647754333,22.0,15.133162314559844,16.0,starter-role-runtime-state-v1
2025-06-19,682052,ESTABLISHED,79.614980746196,95.0,19.647053954335675,27.0,13.296448095388305,18.0,starter-role-runtime-state-v1
2025-06-19,694973,ESTABLISHED,95.54497029562907,105.0,23.703740795157874,25.0,18.921475402577794,18.0,starter-role-runtime-state-v1
2025-06-19,700241,ESTABLISHED,93.8105031612435,76.0,25.469062542397566,19.0,19.433617737317185,15.0,starter-role-runtime-state-v1
2025-06-19,808967,ESTABLISHED,93.1951774804899,100.0,22.33366524899004,25.0,16.153555064831867,19.0,starter-role-runtime-state-v1
2025-06-20,547179,ESTABLISHED,85.5099081372342,89.0,22.42295237328174,23.0,15.657058335174728,16.0,starter-role-runtime-state-v1
2025-06-20,554430,ESTABLISHED,98.0368127099641,98.0,23.863817910418753,21.0,18.759088630237954,15.0,starter-role-runtime-state-v1
2025-06-20,571510,ESTABLISHED,87.34665677844828,76.0,22.178968722317805,19.0,16.829350399914794,15.0,starter-role-runtime-state-v1
2025-06-20,594798,ESTABLISHED,80.60766906397593,84.0,21.6639038426111,24.0,17.322124357100932,18.0,starter-role-runtime-state-v1
2025-06-20,605488,ESTABLISHED,84.51387102249912,104.0,21.80849392734725,26.0,15.259496867506265,22.0,starter-role-runtime-state-v1
2025-06-20,608331,ESTABLISHED,96.82523965889143,105.0,24.817968019550865,27.0,19.184267814208393,18.0,starter-role-runtime-state-v1
2025-06-20,608372,ESTABLISHED,86.21985025406921,89.0,23.426640306166696,21.0,16.930645279434763,11.0,starter-role-runtime-state-v1
2025-06-20,663903,ESTABLISHED,89.52734095180315,102.0,22.886060588688828,24.0,16.095424605235188,18.0,starter-role-runtime-state-v1
2025-06-20,669022,ESTABLISHED,93.58258855578674,100.0,23.313747394949893,27.0,17.345439326448208,17.0,starter-role-runtime-state-v1
2025-06-20,669358,ESTABLISHED,88.00335301081805,105.0,23.27525759861375,24.0,16.709419160029686,16.0,starter-role-runtime-state-v1
2025-06-20,669467,ESTABLISHED,85.06193707536758,87.0,23.36635102164534,21.0,16.28437692549619,18.0,starter-role-runtime-state-v1
2025-06-20,669923,ESTABLISHED,93.97679040144881,85.0,23.251271478259778,22.0,16.78644739714708,15.0,starter-role-runtime-state-v1
2025-06-20,676440,ESTABLISHED,96.63464593727826,105.0,24.109901078423142,35.0,17.543511160936774,24.0,starter-role-runtime-state-v1
2025-06-20,686613,ESTABLISHED,97.6556049822797,87.0,23.7901230924452,20.0,18.41371410358866,15.0,starter-role-runtime-state-v1
2025-06-20,690928,ESTABLISHED,76.55777759725221,75.0,20.77228557462909,20.0,15.655429895949334,12.0,starter-role-runtime-state-v1
2025-06-21,518876,ESTABLISHED,91.50965585109304,94.0,23.138170445657472,25.0,17.521645909776105,18.0,starter-role-runtime-state-v1
2025-06-21,543243,ESTABLISHED,87.65436674066075,79.0,23.56703622488188,21.0,17.208547607347654,15.0,starter-role-runtime-state-v1
2025-06-21,656302,ESTABLISHED,94.93652078568662,110.0,23.42189086721837,27.0,16.549750537806762,20.0,starter-role-runtime-state-v1
2025-06-21,656550,ESTABLISHED,87.1846082023445,96.0,22.3997456479701,25.0,16.396475919625438,17.0,starter-role-runtime-state-v1
2025-06-21,663623,ESTABLISHED,91.25555767235977,92.0,24.518852008154383,23.0,17.372344954122354,16.0,starter-role-runtime-state-v1
2025-06-21,667755,ESTABLISHED,95.39202746657148,96.0,24.206516629613418,26.0,17.073734856409313,20.0,starter-role-runtime-state-v1
2025-06-21,669160,ESTABLISHED,88.02539820076684,84.0,23.908183356523452,25.0,16.57835266418177,18.0,starter-role-runtime-state-v1
2025-06-21,676106,ESTABLISHED,83.66478647825139,94.0,22.094445055041376,21.0,16.03500762936119,12.0,starter-role-runtime-state-v1
2025-06-21,677958,ESTABLISHED,71.85858627893712,89.0,18.720606529386117,23.0,11.879159153676312,16.0,starter-role-runtime-state-v1
2025-06-21,691587,ESTABLISHED,76.4518398701563,89.0,18.587605134830355,20.0,13.048663711098163,14.0,starter-role-runtime-state-v1
2025-06-21,694738,ESTABLISHED,79.16126234927268,90.0,21.39603979764265,23.0,14.317302421822763,18.0,starter-role-runtime-state-v1
2025-06-21,702070,ESTABLISHED,87.63553152914038,88.0,23.04139693634479,22.0,17.888982817807786,16.0,starter-role-runtime-state-v1
2025-06-22,592662,ESTABLISHED,94.13267184435304,88.0,23.105899511209117,24.0,17.059652957209444,15.0,starter-role-runtime-state-v1
2025-06-22,605135,ESTABLISHED,93.26440330162274,82.0,25.15742346660807,20.0,17.204402430227884,18.0,starter-role-runtime-state-v1
2025-06-22,605288,ESTABLISHED,88.67274968740068,90.0,22.964750145174825,29.0,15.961779134366328,19.0,starter-role-runtime-state-v1
2025-06-22,607625,ESTABLISHED,89.06926738264015,90.0,22.949193450818335,21.0,17.276115009271713,19.0,starter-role-runtime-state-v1
2025-06-22,645261,ESTABLISHED,88.5418583909749,95.0,22.99025031985436,26.0,16.0147546829314,18.0,starter-role-runtime-state-v1
2025-06-22,647336,ESTABLISHED,87.29878562970883,85.0,22.31368119837363,21.0,15.728479894770947,16.0,starter-role-runtime-state-v1
2025-06-22,656849,ESTABLISHED,93.13438150722182,72.0,25.80856724363044,20.0,19.172908164733514,12.0,starter-role-runtime-state-v1
2025-06-22,663554,ESTABLISHED,87.58032118980302,80.0,22.94928248492601,21.0,15.962832755094107,15.0,starter-role-runtime-state-v1
2025-06-22,665152,ESTABLISHED,87.46411066516595,85.0,23.211944645283054,23.0,16.5172849419014,17.0,starter-role-runtime-state-v1
2025-06-22,666200,ESTABLISHED,90.05195557169152,107.0,23.356355001666742,24.0,15.953365292933942,20.0,starter-role-runtime-state-v1
2025-06-22,669302,ESTABLISHED,80.8824844690439,90.0,20.441082534429633,22.0,16.20981036186626,15.0,starter-role-runtime-state-v1
2025-06-22,671096,ESTABLISHED,93.86315115746066,100.0,23.71543861188193,25.0,17.55790669384689,21.0,starter-role-runtime-state-v1
2025-06-22,681190,ESTABLISHED,76.10305057662114,89.0,20.49281706278323,28.0,14.518098926782589,21.0,starter-role-runtime-state-v1
2025-06-22,687473,ESTABLISHED,84.32456389920449,79.0,20.81652759276188,24.0,13.646894275684915,18.0,starter-role-runtime-state-v1
2025-06-22,693821,ESTABLISHED,86.7940024817059,92.0,22.942092169449342,27.0,16.083526243523345,16.0,starter-role-runtime-state-v1
2025-06-22,694297,ESTABLISHED,85.61685839241386,81.0,21.607672255307666,22.0,13.880932086425224,15.0,starter-role-runtime-state-v1
2025-06-22,701542,ESTABLISHED,83.13358315903135,86.0,20.62302759509877,27.0,14.030969151157427,19.0,starter-role-runtime-state-v1
2025-06-23,593958,ESTABLISHED,84.25515806325743,92.0,22.894185316297158,24.0,15.020134503423211,18.0,starter-role-runtime-state-v1
2025-06-23,621111,ESTABLISHED,87.0778553444637,94.0,22.086597580585256,24.0,14.230643975504535,12.0,starter-role-runtime-state-v1
2025-06-23,641927,ESTABLISHED,89.6630874577962,102.0,23.709579837186737,29.0,16.36428366377701,21.0,starter-role-runtime-state-v1
2025-06-23,666157,ESTABLISHED,85.53522858818312,94.0,22.447935913092493,20.0,16.279920873131672,13.0,starter-role-runtime-state-v1
2025-06-23,669432,ESTABLISHED,85.05699198966111,101.0,20.98303590173514,27.0,14.236019111708474,24.0,starter-role-runtime-state-v1
2025-06-23,669461,ESTABLISHED,80.9907995149803,85.0,22.401219022211826,27.0,15.747916158516574,21.0,starter-role-runtime-state-v1
2025-06-23,693433,ESTABLISHED,85.82148032751553,91.0,24.291917153099703,26.0,18.710626214543275,18.0,starter-role-runtime-state-v1
2025-06-24,592791,ESTABLISHED,83.36077843299523,81.0,22.84073567434247,22.0,17.484797776527543,12.0,starter-role-runtime-state-v1
2025-06-24,607074,ESTABLISHED,92.67293384717345,88.0,23.241112729848396,21.0,17.456952625805975,18.0,starter-role-runtime-state-v1
2025-06-24,615698,ESTABLISHED,84.41385759311243,82.0,20.002798933752736,20.0,13.754593122608332,14.0,starter-role-runtime-state-v1
2025-06-24,622491,ESTABLISHED,93.30143270064103,91.0,23.650109796671785,22.0,17.220099312063184,15.0,starter-role-runtime-state-v1
2025-06-24,624133,ESTABLISHED,91.1311188278959,101.0,24.407121169857326,27.0,17.846154600223137,23.0,starter-role-runtime-state-v1
2025-06-24,641778,ESTABLISHED,78.75432015665405,86.0,20.104912428178835,23.0,13.071227389121422,16.0,starter-role-runtime-state-v1
2025-06-24,642547,ESTABLISHED,90.58961824426285,94.0,22.056647137010884,22.0,16.230840736296507,15.0,starter-role-runtime-state-v1
2025-06-24,664285,ESTABLISHED,94.8369975320084,92.0,25.943836410076074,29.0,19.41515854436986,21.0,starter-role-runtime-state-v1
2025-06-24,669373,ESTABLISHED,93.68902534967609,97.0,24.734979467877615,25.0,19.61811689423145,18.0,starter-role-runtime-state-v1
2025-06-24,671737,RESTRICTED,79.01413423159009,87.0,21.42954783913132,23.0,14.665905145542137,20.0,starter-role-runtime-state-v1
2025-06-24,700241,ESTABLISHED,87.85148553311281,77.0,23.63760885769802,21.0,18.27829478850886,14.0,starter-role-runtime-state-v1
2025-06-25,453286,RESTRICTED,72.69537713184599,83.0,19.09544617750025,22.0,14.186301263859434,15.0,starter-role-runtime-state-v1
2025-06-25,554430,ESTABLISHED,96.41449287846204,100.0,23.369177988853565,24.0,18.2809884736753,18.0,starter-role-runtime-state-v1
2025-06-25,571510,ESTABLISHED,83.09159601078954,79.0,21.484635531959455,22.0,16.52470722652005,18.0,starter-role-runtime-state-v1
2025-06-25,594798,ESTABLISHED,80.50492099336252,89.0,21.8609719271753,24.0,17.37486339825862,21.0,starter-role-runtime-state-v1
2025-06-25,605280,ESTABLISHED,91.02021757097418,96.0,23.26092981042595,22.0,16.79390223713854,15.0,starter-role-runtime-state-v1
2025-06-25,608331,ESTABLISHED,98.15162598178695,106.0,25.09855692174113,25.0,19.053983989771243,21.0,starter-role-runtime-state-v1
2025-06-25,608379,ESTABLISHED,92.18639024502515,93.0,24.492733318689567,27.0,17.58759611891375,18.0,starter-role-runtime-state-v1
2025-06-25,656876,ESTABLISHED,79.39517759252612,62.0,20.046197662326044,18.0,15.50204692731923,15.0,starter-role-runtime-state-v1
2025-06-25,657277,ESTABLISHED,98.05490350230052,102.0,25.91201381452926,25.0,19.237232524050725,18.0,starter-role-runtime-state-v1
2025-06-25,663903,ESTABLISHED,89.58052836177654,103.0,22.86642662587672,26.0,16.278675990373216,15.0,starter-role-runtime-state-v1
2025-06-25,665795,RESTRICTED,78.41897556974627,90.0,20.317857995379853,22.0,14.574299864068205,16.0,starter-role-runtime-state-v1
2025-06-25,668909,ESTABLISHED,92.67569017535156,85.0,21.75620601352637,24.0,15.204130361228327,16.0,starter-role-runtime-state-v1
2025-06-25,669022,ESTABLISHED,95.07228945125104,103.0,23.795171893420328,25.0,17.34498707743306,18.0,starter-role-runtime-state-v1
2025-06-25,669923,ESTABLISHED,91.17452993666726,90.0,22.914441364768294,22.0,16.52789103656881,18.0,starter-role-runtime-state-v1
2025-06-25,680732,ESTABLISHED,87.16593043243091,83.0,22.20041961854068,21.0,15.250016669272087,15.0,starter-role-runtime-state-v1
2025-06-25,682052,ESTABLISHED,88.58619003313501,103.0,21.588728907408523,25.0,14.30281357198448,21.0,starter-role-runtime-state-v1
2025-06-25,687064,ESTABLISHED,88.48412696595288,61.0,21.109158263115653,18.0,13.064919187847906,12.0,starter-role-runtime-state-v1
2025-06-25,694819,ESTABLISHED,82.4178089505227,74.0,18.921569428577378,18.0,16.52542812882813,15.0,starter-role-runtime-state-v1
2025-06-25,694973,ESTABLISHED,97.26601843755294,78.0,23.9254844239662,19.0,18.844054849473263,12.0,starter-role-runtime-state-v1
2025-06-25,808967,ESTABLISHED,93.79621019949694,56.0,22.60473813859539,16.0,16.458140462385053,15.0,starter-role-runtime-state-v1
2025-06-26,547179,ESTABLISHED,87.23217581797459,81.0,22.63463711788233,24.0,15.728846132915706,17.0,starter-role-runtime-state-v1
2025-06-26,592332,ESTABLISHED,93.56760602028376,104.0,23.748662157995685,28.0,17.095299765902826,24.0,starter-role-runtime-state-v1
2025-06-26,605488,ESTABLISHED,87.58894356145663,89.0,22.387605314645228,21.0,16.041137094414736,15.0,starter-role-runtime-state-v1
2025-06-26,650911,ESTABLISHED,93.22081850322112,99.0,25.0786495383131,24.0,18.38311319739206,18.0,starter-role-runtime-state-v1
2025-06-26,656550,ESTABLISHED,91.13322795415115,97.0,23.033083871072833,24.0,16.564503434670833,15.0,starter-role-runtime-state-v1
2025-06-26,669358,ESTABLISHED,93.6908638745123,97.0,23.79775130441363,27.0,16.75543627649485,24.0,starter-role-runtime-state-v1
2025-06-26,669467,ESTABLISHED,87.79736827513533,94.0,23.394931391568434,23.0,16.57474095508052,15.0,starter-role-runtime-state-v1
2025-06-26,676083,ESTABLISHED,79.0,73.0,21.804136251692086,19.0,14.573502985274246,11.0,starter-role-runtime-state-v1
2025-06-26,676106,ESTABLISHED,84.14684251473975,84.0,21.877732704838813,23.0,15.538285949042635,15.0,starter-role-runtime-state-v1
2025-06-26,676440,ESTABLISHED,97.46725489093997,96.0,25.175199752768343,24.0,18.233634978604204,18.0,starter-role-runtime-state-v1
2025-06-26,684007,ESTABLISHED,90.03280595016707,77.0,23.47949370184194,17.0,17.47694322570502,15.0,starter-role-runtime-state-v1
2025-06-26,686613,ESTABLISHED,95.91451630146372,96.0,23.300158831022408,23.0,18.008753363644107,21.0,starter-role-runtime-state-v1
2025-06-27,518876,ESTABLISHED,92.03072016929436,88.0,23.3569523548482,23.0,17.588097360089066,15.0,starter-role-runtime-state-v1
2025-06-27,543243,ESTABLISHED,84.88911841600593,89.0,23.0671983682549,28.0,16.90219625195598,27.0,starter-role-runtime-state-v1
2025-06-27,607259,ESTABLISHED,82.04360296389356,112.0,22.47431092851801,27.0,16.078577121523026,24.0,starter-role-runtime-state-v1
2025-06-27,607536,ESTABLISHED,85.68864859362893,67.0,23.725717189987186,21.0,16.200234573048224,12.0,starter-role-runtime-state-v1
2025-06-27,608372,ESTABLISHED,87.10706714086702,86.0,23.150315268831974,25.0,16.136389801952582,15.0,starter-role-runtime-state-v1
2025-06-27,656302,ESTABLISHED,100.11134605698956,93.0,24.191607839648825,20.0,17.03023544245874,12.0,starter-role-runtime-state-v1
2025-06-27,656849,ESTABLISHED,89.58721354907667,91.0,25.020974602281548,24.0,18.30521347946656,14.0,starter-role-runtime-state-v1
2025-06-27,663623,ESTABLISHED,92.64150424010353,91.0,24.499299410596844,25.0,17.259759460519255,13.0,starter-role-runtime-state-v1
2025-06-27,667755,ESTABLISHED,96.692919264342,82.0,24.54869206557914,22.0,17.441390800455693,12.0,starter-role-runtime-state-v1
2025-06-27,669160,ESTABLISHED,87.6170475089021,84.0,24.032825617900873,20.0,16.74232002011609,12.0,starter-role-runtime-state-v1
2025-06-27,669302,RESTRICTED,80.26598213458182,84.0,20.44218567315578,23.0,16.034520190838368,16.0,starter-role-runtime-state-v1
2025-06-27,691587,ESTABLISHED,80.1028905080109,93.0,18.991943558691005,18.0,13.229515961134805,13.0,starter-role-runtime-state-v1
2025-06-27,693821,ESTABLISHED,87.18732854490469,66.0,23.355182222439062,19.0,16.09270731979492,6.0,starter-role-runtime-state-v1
2025-06-27,694738,ESTABLISHED,80.42618587096176,94.0,21.59043975542398,26.0,14.761938489150433,16.0,starter-role-runtime-state-v1
2025-06-27,701542,ESTABLISHED,84.90005198193192,100.0,21.486170735183016,21.0,14.641818076116014,15.0,starter-role-runtime-state-v1
2025-06-27,702070,ESTABLISHED,88.1940169253206,84.0,22.908149263805488,19.0,17.562379296318113,12.0,starter-role-runtime-state-v1
2025-06-28,592662,ESTABLISHED,93.27896118224415,101.0,23.183554609702092,23.0,16.810576413115584,18.0,starter-role-runtime-state-v1
2025-06-28,605135,ESTABLISHED,92.07739396201757,70.0,24.56374356303361,19.0,17.33453216474843,6.0,starter-role-runtime-state-v1
2025-06-28,605288,ESTABLISHED,87.12739260737273,88.0,23.37913224177889,25.0,16.235081445961804,21.0,starter-role-runtime-state-v1
2025-06-28,607625,ESTABLISHED,89.99672777176511,107.0,22.81807925983796,26.0,17.509633944752128,17.0,starter-role-runtime-state-v1
2025-06-28,641927,ESTABLISHED,89.06815044693012,96.0,24.04761934679138,29.0,16.80850182256264,17.0,starter-role-runtime-state-v1
2025-06-28,645261,ESTABLISHED,93.29690425723615,91.0,23.771125903945702,30.0,16.351354127177263,18.0,starter-role-runtime-state-v1
2025-06-28,647336,ESTABLISHED,87.99966654103795,86.0,22.267861098961898,20.0,15.789620454799582,18.0,starter-role-runtime-state-v1
2025-06-28,663554,ESTABLISHED,86.5656758250355,94.0,22.709087119272233,26.0,15.849061200660666,20.0,starter-role-runtime-state-v1
2025-06-28,666200,ESTABLISHED,99.5259325327824,97.0,24.292412092141866,23.0,16.655143316950106,15.0,starter-role-runtime-state-v1
2025-06-28,671096,ESTABLISHED,95.82513545703884,102.0,24.000054466182284,24.0,17.960652031925708,15.0,starter-role-runtime-state-v1
2025-06-28,677958,ESTABLISHED,77.38450043263181,97.0,19.703393176875878,24.0,12.570210899716002,18.0,starter-role-runtime-state-v1
2025-06-28,681190,ESTABLISHED,78.99952743284712,94.0,21.44505870447606,23.0,15.254883109340565,13.0,starter-role-runtime-state-v1
2025-06-28,693433,ESTABLISHED,85.12757049828218,97.0,24.323721818616615,24.0,18.588645188102152,18.0,starter-role-runtime-state-v1
2025-06-28,694297,ESTABLISHED,87.85121538467217,86.0,21.961489362290813,22.0,14.087580147019997,15.0,starter-role-runtime-state-v1
2025-06-29,592791,ESTABLISHED,82.77155913948155,107.0,22.703831685032803,21.0,16.866044802172745,14.0,starter-role-runtime-state-v1
2025-06-29,593958,ESTABLISHED,90.16639072793726,108.0,23.62141493823883,24.0,15.495395239186486,16.0,starter-role-runtime-state-v1
2025-06-29,615698,ESTABLISHED,82.7858190318218,87.0,19.85445802926541,20.0,13.732377822495469,15.0,starter-role-runtime-state-v1
2025-06-29,621111,ESTABLISHED,88.86809817809534,72.0,22.416199032932703,18.0,14.018660213794462,12.0,starter-role-runtime-state-v1
2025-06-29,622491,ESTABLISHED,91.1155228571652,106.0,23.24598327991619,26.0,16.91266139299848,18.0,starter-role-runtime-state-v1
2025-06-29,624133,ESTABLISHED,91.25531417789519,96.0,24.574314568879966,26.0,18.3606106913221,21.0,starter-role-runtime-state-v1
2025-06-29,641778,ESTABLISHED,78.06592252207163,85.0,20.3005984784066,20.0,13.413558327498883,13.0,starter-role-runtime-state-v1
2025-06-29,664285,ESTABLISHED,92.61355218576645,92.0,26.02592496701568,25.0,19.51017158642319,18.0,starter-role-runtime-state-v1
2025-06-29,665152,ESTABLISHED,86.70666340631664,93.0,23.13489613278931,24.0,16.552778823885927,21.0,starter-role-runtime-state-v1
2025-06-29,666157,ESTABLISHED,88.29590675296828,95.0,22.361714209172867,26.0,15.958204090710211,16.0,starter-role-runtime-state-v1
2025-06-29,669373,ESTABLISHED,94.25113094718405,93.0,24.782193614654574,23.0,19.445727636916487,21.0,starter-role-runtime-state-v1
2025-06-29,669461,ESTABLISHED,83.44846809478022,96.0,23.130829980607366,25.0,16.375964298174452,18.0,starter-role-runtime-state-v1
2025-06-29,671737,ESTABLISHED,79.21299171657166,95.0,21.540895375201785,24.0,15.234653332442257,16.0,starter-role-runtime-state-v1
2025-06-30,453286,RESTRICTED,74.10276306614749,71.0,19.466087461773196,18.0,14.305669489719824,15.0,starter-role-runtime-state-v1
2025-06-30,554430,ESTABLISHED,95.96123560289631,107.0,23.348383687887914,30.0,18.220197677158467,24.0,starter-role-runtime-state-v1
2025-06-30,607074,ESTABLISHED,93.83656373690052,96.0,23.171475615866843,24.0,17.570685475783854,15.0,starter-role-runtime-state-v1
2025-06-30,608379,ESTABLISHED,90.19395893182616,94.0,24.50121986845172,24.0,17.552102298453384,15.0,starter-role-runtime-state-v1
2025-06-30,656876,ESTABLISHED,75.36403573132375,54.0,19.580963265781442,14.0,15.370927540507484,9.0,starter-role-runtime-state-v1
2025-06-30,657277,ESTABLISHED,95.8424401708071,104.0,25.493004700358938,28.0,19.003900126485945,19.0,starter-role-runtime-state-v1
2025-06-30,669432,ESTABLISHED,89.00862385861265,91.0,21.866658060601768,22.0,15.334247197593122,16.0,starter-role-runtime-state-v1
2025-06-30,669923,ESTABLISHED,88.98766510835146,85.0,22.58641946956257,21.0,16.63509933444278,18.0,starter-role-runtime-state-v1
2025-06-30,682052,ESTABLISHED,90.75533560051143,50.0,22.13853093278606,16.0,15.389501815398248,10.0,starter-role-runtime-state-v1
2025-07-01,547179,ESTABLISHED,84.61192881335668,89.0,22.539198960029402,19.0,15.794793950624992,14.0,starter-role-runtime-state-v1
2025-07-01,571510,ESTABLISHED,84.84565059429424,88.0,21.788925028972663,26.0,16.761025570043078,21.0,starter-role-runtime-state-v1
2025-07-01,592332,ESTABLISHED,92.74656547750293,99.0,23.976782611592583,25.0,17.768496765035273,15.0,starter-role-runtime-state-v1
2025-07-01,594798,ESTABLISHED,84.46362058121447,92.0,22.458580288509932,23.0,17.89148456970221,18.0,starter-role-runtime-state-v1
2025-07-01,605488,ESTABLISHED,89.17170788085242,96.0,22.378884098241684,22.0,15.959861917879579,16.0,starter-role-runtime-state-v1
2025-07-01,608331,ESTABLISHED,101.30195181524468,99.0,25.343862147965492,23.0,19.334929504558374,18.0,starter-role-runtime-state-v1
2025-07-01,656550,ESTABLISHED,91.3723644779541,106.0,23.09387509879415,25.0,16.367637501399614,18.0,starter-role-runtime-state-v1
2025-07-01,663903,ESTABLISHED,95.6463607482861,56.0,23.722777011581186,14.0,16.293461152972064,9.0,starter-role-runtime-state-v1
2025-07-01,665795,ESTABLISHED,82.85970964798658,93.0,20.864315175456596,24.0,14.827784686155189,21.0,starter-role-runtime-state-v1
2025-07-01,668909,ESTABLISHED,91.48359081116038,96.0,21.976123959558002,25.0,15.30895904110706,17.0,starter-role-runtime-state-v1
2025-07-01,669358,ESTABLISHED,95.06059178951483,90.0,24.262826338825697,28.0,17.57855971697136,21.0,starter-role-runtime-state-v1
2025-07-01,669467,ESTABLISHED,87.34859304823524,94.0,23.218874972619865,23.0,16.358557027124817,21.0,starter-role-runtime-state-v1
2025-07-01,676106,ESTABLISHED,84.52879296803505,102.0,22.046560001892818,29.0,15.488559665531147,18.0,starter-role-runtime-state-v1
2025-07-01,687064,ESTABLISHED,78.02158702838936,71.0,19.992764903423677,19.0,12.692677920662666,12.0,starter-role-runtime-state-v1
2025-07-01,694973,ESTABLISHED,93.74250033280923,88.0,23.222185036574608,20.0,18.012496501693406,15.0,starter-role-runtime-state-v1
2025-07-01,808967,ESTABLISHED,87.35964476399991,98.0,21.664628621675618,25.0,16.28636736795592,21.0,starter-role-runtime-state-v1
2025-07-02,518876,ESTABLISHED,90.21350157037568,92.0,23.158450570199268,26.0,17.242023916981864,18.0,starter-role-runtime-state-v1
2025-07-02,543243,ESTABLISHED,83.94883914483286,78.0,23.420897680501987,25.0,17.922129712262436,19.0,starter-role-runtime-state-v1
2025-07-02,605280,ESTABLISHED,91.48004549845105,90.0,23.068746552625083,22.0,16.550494500115235,16.0,starter-role-runtime-state-v1
2025-07-02,607259,ESTABLISHED,84.53110147023908,89.0,22.91941990347824,27.0,16.92510890358867,20.0,starter-role-runtime-state-v1
2025-07-02,608372,ESTABLISHED,85.51425542501707,79.0,23.20618900373809,24.0,15.949822427688616,14.0,starter-role-runtime-state-v1
2025-07-02,642547,ESTABLISHED,92.75644062347553,100.0,22.22835367833202,23.0,16.149133091917626,18.0,starter-role-runtime-state-v1
2025-07-02,650911,ESTABLISHED,92.93045623704147,85.0,24.84623045490759,25.0,18.301516659790344,21.0,starter-role-runtime-state-v1
2025-07-02,656302,ESTABLISHED,96.21112899566528,103.0,23.361132833338104,26.0,16.365552521797465,18.0,starter-role-runtime-state-v1
2025-07-02,669022,ESTABLISHED,98.51226084449111,111.0,24.201821010821746,23.0,17.485465488591558,16.0,starter-role-runtime-state-v1
2025-07-02,669302,ESTABLISHED,86.78621581800013,95.0,21.38696677883898,20.0,16.235599346079265,14.0,starter-role-runtime-state-v1
2025-07-02,676083,ESTABLISHED,76.7166789489562,83.0,20.739071936786686,23.0,13.213560499475015,18.0,starter-role-runtime-state-v1
2025-07-02,676440,ESTABLISHED,98.3061247037854,96.0,25.15167395706468,22.0,18.23202918973795,12.0,starter-role-runtime-state-v1
2025-07-02,684007,ESTABLISHED,86.19442527517796,81.0,22.436549444242395,21.0,17.146995809875467,16.0,starter-role-runtime-state-v1
2025-07-02,686613,ESTABLISHED,95.04089041930966,102.0,23.1730873863793,25.0,18.313470487363215,18.0,starter-role-runtime-state-v1
2025-07-02,694738,ESTABLISHED,79.7748036490358,81.0,21.84077746839064,20.0,14.847215454173687,12.0,starter-role-runtime-state-v1
2025-07-02,694819,ESTABLISHED,79.99064586849724,72.0,18.65794219693838,19.0,15.981549405459242,11.0,starter-role-runtime-state-v1
2025-07-02,701542,ESTABLISHED,87.44912866218515,99.0,21.50269550673369,25.0,14.70051937088741,12.0,starter-role-runtime-state-v1
2025-07-02,702070,ESTABLISHED,83.88090629335495,80.0,21.80034047797953,19.0,16.461023374416456,14.0,starter-role-runtime-state-v1
2025-07-03,592662,ESTABLISHED,93.12978286793559,102.0,23.04172149207811,31.0,16.90920132040783,27.0,starter-role-runtime-state-v1
2025-07-03,605135,ESTABLISHED,86.19138379012836,113.0,23.530656040649486,28.0,15.863215450604063,17.0,starter-role-runtime-state-v1
2025-07-03,607536,ESTABLISHED,81.56113163962966,92.0,23.18424741034582,26.0,15.680433227719991,18.0,starter-role-runtime-state-v1
2025-07-03,607625,ESTABLISHED,95.1447490425354,101.0,23.54324164511838,27.0,17.581819367040435,19.0,starter-role-runtime-state-v1
2025-07-03,656849,ESTABLISHED,89.51077522752661,103.0,24.865622844927664,28.0,17.80348871739414,20.0,starter-role-runtime-state-v1
2025-07-03,663623,ESTABLISHED,91.56236700819764,107.0,24.453205233686383,24.0,16.76864113133162,18.0,starter-role-runtime-state-v1
2025-07-03,667755,ESTABLISHED,92.21815433755819,101.0,23.949569258633105,26.0,16.734069599570947,21.0,starter-role-runtime-state-v1
2025-07-03,669160,ESTABLISHED,86.7168318385852,86.0,23.47346372183818,26.0,16.14779183447717,21.0,starter-role-runtime-state-v1
2025-07-03,676282,ESTABLISHED,86.38474787939796,68.0,19.682732494532374,15.0,13.836734584986234,10.0,starter-role-runtime-state-v1
2025-07-03,691587,ESTABLISHED,84.74519306217422,80.0,19.192219472844805,21.0,13.294949472823648,18.0,starter-role-runtime-state-v1
2025-07-03,693821,ESTABLISHED,82.53754111646174,101.0,22.618472632041218,27.0,14.862988499014392,15.0,starter-role-runtime-state-v1
2025-07-03,694297,ESTABLISHED,86.26959971793484,97.0,21.80482031676874,25.0,14.147342723078884,18.0,starter-role-runtime-state-v1
2025-07-04,593958,ESTABLISHED,92.42319101790866,98.0,23.694018002874955,26.0,15.565117158129537,13.0,starter-role-runtime-state-v1
2025-07-04,605288,ESTABLISHED,86.7435541659488,96.0,23.49010052937051,29.0,16.72956708893075,24.0,starter-role-runtime-state-v1
2025-07-04,641778,RAMPING,81.08115815005337,94.0,20.50224820717982,22.0,13.422668598775513,18.0,starter-role-runtime-state-v1
2025-07-04,645261,ESTABLISHED,94.98773294208848,96.0,24.636585524843774,25.0,16.60772125775284,18.0,starter-role-runtime-state-v1
2025-07-04,647336,ESTABLISHED,86.07871455166897,93.0,21.80555979967778,24.0,15.998280967689569,12.0,starter-role-runtime-state-v1
2025-07-04,666200,ESTABLISHED,99.82031841331889,60.0,24.216986781489467,15.0,16.484414026491848,6.0,starter-role-runtime-state-v1
2025-07-04,671096,ESTABLISHED,94.4545262672039,66.0,23.761846156791233,19.0,17.554096361315843,10.0,starter-role-runtime-state-v1
2025-07-04,677958,RAMPING,82.77183929260934,84.0,20.625669594276708,21.0,13.409596349089195,16.0,starter-role-runtime-state-v1
2025-07-04,681190,ESTABLISHED,83.85673973265185,93.0,22.021722225526993,25.0,15.138782574856561,18.0,starter-role-runtime-state-v1
2025-07-04,693433,ESTABLISHED,89.71504439703897,93.0,24.699323880105787,23.0,18.642654684514074,18.0,starter-role-runtime-state-v1
2025-07-05,453286,RESTRICTED,72.33373915123622,72.0,19.1645945926032,19.0,14.369413302284972,12.0,starter-role-runtime-state-v1
2025-07-05,607074,ESTABLISHED,93.67985690001674,97.0,23.216504031301,24.0,17.28141990512263,15.0,starter-role-runtime-state-v1
2025-07-05,608379,ESTABLISHED,88.67160520111337,98.0,24.211110883563283,21.0,17.196672900536647,12.0,starter-role-runtime-state-v1
2025-07-05,615698,ESTABLISHED,80.4733910649747,71.0,19.573457716317456,18.0,13.779789715531376,11.0,starter-role-runtime-state-v1
2025-07-05,621111,ESTABLISHED,84.38113566741342,100.0,21.618982099459174,23.0,13.72650418974696,15.0,starter-role-runtime-state-v1
2025-07-05,622491,ESTABLISHED,95.35081113561125,99.0,23.84335244956798,23.0,17.117947913452557,21.0,starter-role-runtime-state-v1
2025-07-05,624133,ESTABLISHED,93.63958960999075,80.0,24.957235524964368,22.0,18.706373209677956,15.0,starter-role-runtime-state-v1
2025-07-05,657277,ESTABLISHED,97.36217901122797,108.0,25.83329625469098,28.0,19.021047257979163,20.0,starter-role-runtime-state-v1
2025-07-05,663554,ESTABLISHED,87.02283421842758,102.0,23.022360499289594,26.0,16.285346578465358,21.0,starter-role-runtime-state-v1
2025-07-05,664285,ESTABLISHED,93.93344394393831,102.0,26.07058656714596,28.0,19.36958328469968,18.0,starter-role-runtime-state-v1
2025-07-05,665152,ESTABLISHED,88.66260052296742,87.0,23.39182221634091,22.0,17.085320268937828,13.0,starter-role-runtime-state-v1
2025-07-05,666157,ESTABLISHED,91.35983269290185,85.0,23.0166437673728,24.0,16.05315986768072,18.0,starter-role-runtime-state-v1
2025-07-05,669461,ESTABLISHED,85.40644942572025,94.0,23.40508207839529,23.0,16.567027892284806,15.0,starter-role-runtime-state-v1
2025-07-05,671737,ESTABLISHED,82.94266461281151,88.0,22.048148530848188,24.0,15.37827928237123,17.0,starter-role-runtime-state-v1
2025-07-06,547179,ESTABLISHED,85.7190733455417,82.0,22.181108571048178,24.0,15.596179945197333,21.0,starter-role-runtime-state-v1
2025-07-06,554430,ESTABLISHED,100.16572654320224,108.0,24.3630990116488,28.0,18.93600344363444,27.0,starter-role-runtime-state-v1
2025-07-06,571510,ESTABLISHED,83.6039743295313,87.0,22.033675321740734,19.0,17.15086303592392,15.0,starter-role-runtime-state-v1
2025-07-06,592332,ESTABLISHED,93.51931257488988,107.0,24.083221910579685,27.0,17.44631886619906,17.0,starter-role-runtime-state-v1
2025-07-06,608331,ESTABLISHED,97.09524827091333,98.0,24.618529108094165,23.0,19.03785751306404,15.0,starter-role-runtime-state-v1
2025-07-06,656550,ESTABLISHED,94.60667755909073,96.0,23.49203648292128,23.0,16.605612803572374,18.0,starter-role-runtime-state-v1
2025-07-06,656876,RESTRICTED,70.72536715536646,32.0,18.686453124032283,8.0,14.532736056936084,6.0,starter-role-runtime-state-v1
2025-07-06,665795,ESTABLISHED,86.91836043605889,90.0,21.53641261164167,27.0,15.583811368820962,21.0,starter-role-runtime-state-v1
2025-07-06,668909,ESTABLISHED,92.07656931584467,97.0,22.308485802397893,22.0,15.492061862005922,18.0,starter-role-runtime-state-v1
2025-07-06,669373,ESTABLISHED,94.85421545913019,93.0,24.65868622777228,24.0,19.64753301719294,21.0,starter-role-runtime-state-v1
2025-07-06,669432,ESTABLISHED,89.99544835734385,88.0,21.965617943790694,24.0,15.428633300520953,20.0,starter-role-runtime-state-v1
2025-07-06,669923,ESTABLISHED,87.26700134264438,93.0,22.266388062676565,24.0,16.74299771439357,19.0,starter-role-runtime-state-v1
2025-07-06,682052,ESTABLISHED,82.28066946867193,88.0,21.022136459072854,20.0,14.470303700088062,13.0,starter-role-runtime-state-v1
2025-07-06,687473,ESTABLISHED,82.36858644147479,80.0,21.134450343362996,22.0,14.2464840473169,18.0,starter-role-runtime-state-v1
2025-07-06,694973,ESTABLISHED,91.07737938552484,78.0,22.634092515254046,20.0,17.602855015847172,15.0,starter-role-runtime-state-v1
2025-07-06,695505,RESTRICTED,60.0,91.0,15.24926893229771,19.0,7.305028762477088,14.0,starter-role-runtime-state-v1
2025-07-07,594798,ESTABLISHED,86.16518163581661,95.0,22.615372694430413,22.0,17.92690898113237,15.0,starter-role-runtime-state-v1
2025-07-07,642547,ESTABLISHED,93.41084689314481,98.0,22.299805973658977,23.0,16.344584979323407,18.0,starter-role-runtime-state-v1
2025-07-07,650911,ESTABLISHED,89.16221603899128,105.0,24.518890872729088,29.0,18.507358070661425,21.0,starter-role-runtime-state-v1
2025-07-07,663903,ESTABLISHED,88.16693587031095,96.0,22.29362552200785,23.0,15.368279280714624,15.0,starter-role-runtime-state-v1
2025-07-07,669358,ESTABLISHED,93.37966533499102,94.0,24.520872381931984,27.0,17.908543900736657,18.0,starter-role-runtime-state-v1
2025-07-07,672456,ESTABLISHED,79.7332176506061,68.0,21.324046136558927,21.0,15.657210149416969,18.0,starter-role-runtime-state-v1
2025-07-07,676083,ESTABLISHED,77.45192575290413,82.0,21.26291816469729,20.0,14.557959173075936,18.0,starter-role-runtime-state-v1
2025-07-07,676440,ESTABLISHED,95.5074326392641,86.0,24.491605887803964,19.0,17.434651693662804,14.0,starter-role-runtime-state-v1
2025-07-07,680732,ESTABLISHED,85.36346850439604,85.0,21.900976502794578,24.0,15.17860307548953,15.0,starter-role-runtime-state-v1
2025-07-07,694738,ESTABLISHED,84.16951750185483,100.0,22.12011315596445,21.0,14.632250105773966,15.0,starter-role-runtime-state-v1
2025-07-07,702070,ESTABLISHED,83.11969691765088,109.0,21.330408847955336,25.0,16.063106398085047,21.0,starter-role-runtime-state-v1
2025-07-07,808967,ESTABLISHED,87.51297518866073,41.0,21.912676625434663,9.0,16.75843484160968,2.0,starter-role-runtime-state-v1
2025-07-08,518876,ESTABLISHED,91.55383579452317,77.0,23.58847201721676,23.0,17.36695013758841,21.0,starter-role-runtime-state-v1
2025-07-08,543243,ESTABLISHED,85.04182237817504,70.0,23.800801941864727,20.0,18.10791063177527,15.0,starter-role-runtime-state-v1
2025-07-08,592662,ESTABLISHED,93.80136324233774,99.0,23.83647240209456,24.0,17.981379447495918,17.0,starter-role-runtime-state-v1
2025-07-08,605135,ESTABLISHED,89.43466823484044,78.0,24.079277638044815,21.0,16.01884568512859,18.0,starter-role-runtime-state-v1
2025-07-08,605280,ESTABLISHED,93.59716353834192,87.0,23.191337253319606,23.0,16.55573607647022,15.0,starter-role-runtime-state-v1
2025-07-08,605488,ESTABLISHED,91.52269618083085,93.0,22.505024790702223,24.0,16.009510933521156,18.0,starter-role-runtime-state-v1
2025-07-08,607259,ESTABLISHED,85.5681862537645,85.0,23.43670554412789,25.0,17.293974408006616,15.0,starter-role-runtime-state-v1
2025-07-08,607536,ESTABLISHED,81.88008836372866,88.0,23.389216602909872,23.0,15.923924154960819,17.0,starter-role-runtime-state-v1
2025-07-08,607625,ESTABLISHED,94.32765864205902,82.0,23.739684001437155,22.0,17.686396193658688,18.0,starter-role-runtime-state-v1
2025-07-08,663623,ESTABLISHED,93.19764830627652,98.0,24.39813098144424,26.0,16.903243484691828,18.0,starter-role-runtime-state-v1
2025-07-08,667755,ESTABLISHED,91.4054342470097,82.0,23.964451984180997,19.0,17.13428924893165,12.0,starter-role-runtime-state-v1
2025-07-08,669302,ESTABLISHED,91.23473552842586,88.0,21.616185713062393,24.0,16.12196802242206,16.0,starter-role-runtime-state-v1
2025-07-08,676282,ESTABLISHED,81.47802762609395,84.0,18.702370845115148,20.0,13.128637267163779,12.0,starter-role-runtime-state-v1
2025-07-08,684007,ESTABLISHED,84.3720246639475,83.0,22.140999029692175,23.0,16.98117906430357,18.0,starter-role-runtime-state-v1
2025-07-08,686613,ESTABLISHED,95.56987904975045,91.0,23.346271746022936,26.0,18.275738399892475,18.0,starter-role-runtime-state-v1
2025-07-08,687064,ESTABLISHED,75.89257129365312,66.0,19.697446197324794,20.0,12.487481381108399,16.0,starter-role-runtime-state-v1
2025-07-08,691587,ESTABLISHED,83.76383928129947,88.0,19.350867872884237,17.0,13.818940600420746,15.0,starter-role-runtime-state-v1
2025-07-08,694819,ESTABLISHED,77.56142629996243,91.0,18.74684775377304,23.0,14.517995720743563,18.0,starter-role-runtime-state-v1
2025-07-08,701542,ESTABLISHED,88.61264743847967,85.0,21.886124645787167,23.0,14.40114148778504,17.0,starter-role-runtime-state-v1
2025-07-09,605288,ESTABLISHED,87.11342548205856,96.0,23.992625794495893,26.0,17.47691731898247,21.0,starter-role-runtime-state-v1
2025-07-09,641778,RAMPING,81.7650120316545,68.0,20.589576776707585,17.0,13.976410823872884,12.0,starter-role-runtime-state-v1
2025-07-09,645261,ESTABLISHED,91.75685029086382,108.0,24.28081188434822,26.0,16.65448805149674,15.0,starter-role-runtime-state-v1
2025-07-09,656302,ESTABLISHED,98.15140719564187,95.0,23.781273042445463,26.0,16.58940417627999,18.0,starter-role-runtime-state-v1
2025-07-09,666200,ESTABLISHED,89.1506153121287,106.0,22.503552573211064,24.0,15.034851164434002,21.0,starter-role-runtime-state-v1
2025-07-09,669022,ESTABLISHED,101.16800947028747,89.0,24.184630768537815,24.0,17.356178509682906,18.0,starter-role-runtime-state-v1
2025-07-09,669467,ESTABLISHED,91.3734855350595,100.0,23.59043480599191,27.0,17.010238524044155,18.0,starter-role-runtime-state-v1
2025-07-09,671096,ESTABLISHED,88.03086372615519,100.0,22.893075575595144,30.0,16.584270141138163,23.0,starter-role-runtime-state-v1
2025-07-09,677958,ESTABLISHED,82.32700569720214,67.0,20.60522084836979,21.0,13.748992860938863,13.0,starter-role-runtime-state-v1
2025-07-09,693821,ESTABLISHED,87.31681028321957,100.0,23.438809954901252,29.0,14.974599878528908,20.0,starter-role-runtime-state-v1
2025-07-09,694297,RAMPING,86.39553310956563,99.0,22.028911227537982,28.0,14.525140176704534,24.0,starter-role-runtime-state-v1
2025-07-10,593958,ESTABLISHED,93.8497050394687,87.0,24.040134844337274,22.0,15.313749329244159,12.0,starter-role-runtime-state-v1
2025-07-10,608372,ESTABLISHED,86.21281959979137,99.0,23.485437741465397,25.0,15.756379176652983,18.0,starter-role-runtime-state-v1
2025-07-10,615698,ESTABLISHED,78.71079121370141,84.0,19.326703829943533,22.0,13.435903980985275,15.0,starter-role-runtime-state-v1
2025-07-10,621111,ESTABLISHED,86.33465350564664,92.0,21.80398617929715,25.0,13.87878529278035,18.0,starter-role-runtime-state-v1
2025-07-10,647336,ESTABLISHED,86.88091022174301,91.0,22.05359612762441,18.0,15.557813215166199,12.0,starter-role-runtime-state-v1
2025-07-10,656849,ESTABLISHED,91.67652986280113,90.0,25.294736343486022,24.0,18.075075739050256,21.0,starter-role-runtime-state-v1
2025-07-10,666157,ESTABLISHED,89.69611230495273,91.0,23.01285146599035,21.0,16.225325154965148,18.0,starter-role-runtime-state-v1
2025-07-10,671737,ESTABLISHED,88.55750658693083,88.0,22.85406059043639,23.0,15.71668409850928,18.0,starter-role-runtime-state-v1
2025-07-10,681190,ESTABLISHED,87.64881596961564,86.0,22.694928931274156,21.0,15.548843613919633,13.0,starter-role-runtime-state-v1
2025-07-10,693433,ESTABLISHED,91.4137585497547,103.0,24.657394167271008,25.0,18.61568869199479,22.0,starter-role-runtime-state-v1
2025-07-11,453286,RAMPING,78.19146071957061,90.0,19.842641361589322,24.0,14.330473035450758,18.0,starter-role-runtime-state-v1
2025-07-11,607074,ESTABLISHED,95.8200620954246,109.0,23.49551516613616,29.0,17.105098734110793,24.0,starter-role-runtime-state-v1
2025-07-11,608379,ESTABLISHED,91.23815603416594,83.0,24.005266687323733,20.0,16.646668110710337,15.0,starter-role-runtime-state-v1
2025-07-11,622491,ESTABLISHED,97.34616318357402,100.0,23.91917308137971,22.0,17.595402931750662,15.0,starter-role-runtime-state-v1
2025-07-11,624133,ESTABLISHED,90.92350032983161,96.0,24.46828803582393,28.0,18.211891131285203,20.0,starter-role-runtime-state-v1
2025-07-11,656550,ESTABLISHED,92.58343762243315,86.0,23.18518732410628,19.0,16.69450963560375,9.0,starter-role-runtime-state-v1
2025-07-11,656876,RESTRICTED,62.94766739398673,53.0,17.06815532773844,10.0,13.434738087831127,6.0,starter-role-runtime-state-v1
2025-07-11,657277,ESTABLISHED,101.10630638130174,91.0,26.37100615767102,24.0,19.219428847534346,16.0,starter-role-runtime-state-v1
2025-07-11,665152,ESTABLISHED,89.56538896077284,99.0,23.35725929097139,25.0,16.646200828357532,21.0,starter-role-runtime-state-v1
2025-07-11,665795,ESTABLISHED,88.1329287124448,76.0,22.204669256810018,20.0,16.19731563542915,12.0,starter-role-runtime-state-v1
2025-07-11,668909,ESTABLISHED,91.96507805777277,102.0,22.18866232645126,24.0,15.738165549856271,15.0,starter-role-runtime-state-v1
2025-07-11,669160,ESTABLISHED,85.79336285874713,85.0,23.64460893952438,22.0,16.663015410046768,14.0,starter-role-runtime-state-v1
2025-07-11,669373,ESTABLISHED,91.81148014977343,87.0,24.243070971669592,21.0,19.68797684147973,15.0,starter-role-runtime-state-v1
2025-07-11,669461,ESTABLISHED,87.51764984186077,73.0,23.488978684096722,18.0,16.420370384364,9.0,starter-role-runtime-state-v1
2025-07-11,690928,ESTABLISHED,76.89552191457675,27.0,20.72185763357349,8.0,15.08858721670523,5.0,starter-role-runtime-state-v1
2025-07-11,694973,ESTABLISHED,87.09389601424358,78.0,22.06715280801613,20.0,17.230393570002516,15.0,starter-role-runtime-state-v1
2025-07-11,695505,RESTRICTED,67.88830689117177,95.0,16.328175395255982,25.0,9.402866165549002,18.0,starter-role-runtime-state-v1
2025-07-12,554430,ESTABLISHED,102.50289070356443,105.0,24.91026597916108,26.0,19.865239544891786,18.0,starter-role-runtime-state-v1
2025-07-12,571510,ESTABLISHED,87.03179281019833,85.0,22.016446882274366,27.0,17.00434942531506,24.0,starter-role-runtime-state-v1
2025-07-12,592332,ESTABLISHED,99.21256147996343,96.0,24.88934857393956,23.0,17.54930205622145,15.0,starter-role-runtime-state-v1
2025-07-12,594798,ESTABLISHED,86.72046125393206,90.0,22.48031108018785,23.0,17.56279339115604,18.0,starter-role-runtime-state-v1
2025-07-12,608331,ESTABLISHED,97.99519421063468,73.0,24.527649490796776,18.0,18.61740132546668,9.0,starter-role-runtime-state-v1
2025-07-12,663554,ESTABLISHED,88.79822681337573,68.0,23.367830279067213,16.0,16.797344340867415,9.0,starter-role-runtime-state-v1
2025-07-12,663903,ESTABLISHED,87.1230242360955,93.0,22.167600699890556,25.0,15.278575112174376,19.0,starter-role-runtime-state-v1
2025-07-12,664285,ESTABLISHED,94.52579105798117,94.0,26.248116193839607,24.0,19.231069219047402,18.0,starter-role-runtime-state-v1
2025-07-12,669358,ESTABLISHED,90.1778586778713,98.0,24.39188754342292,24.0,17.80266059783459,19.0,starter-role-runtime-state-v1
2025-07-12,669432,ESTABLISHED,91.52835907152236,99.0,22.376039776757334,24.0,15.974744609724874,20.0,starter-role-runtime-state-v1
2025-07-12,669923,ESTABLISHED,88.83991994299012,99.0,22.568276599600864,23.0,17.021014829933268,15.0,starter-role-runtime-state-v1
2025-07-12,676083,ESTABLISHED,78.3110222363192,85.0,20.90746294948294,26.0,15.4214109235357,21.0,starter-role-runtime-state-v1
2025-07-12,676440,ESTABLISHED,92.94646031964949,91.0,23.68841278628302,22.0,17.007311092659403,17.0,starter-role-runtime-state-v1
2025-07-12,680732,ESTABLISHED,86.0272671848312,97.0,22.230826966747667,20.0,15.179681873972276,15.0,starter-role-runtime-state-v1
2025-07-12,682052,ESTABLISHED,79.81430296153232,87.0,20.481555568219196,21.0,14.141053445405102,15.0,starter-role-runtime-state-v1
2025-07-12,694738,ESTABLISHED,87.42831469159168,104.0,22.131993217999224,25.0,14.717970150376733,18.0,starter-role-runtime-state-v1
2025-07-13,518876,ESTABLISHED,87.35836487103772,98.0,23.219196090078867,19.0,17.688405855250814,15.0,starter-role-runtime-state-v1
2025-07-13,543243,ESTABLISHED,81.95863874045355,36.0,23.219182219220233,12.0,17.721000836799966,9.0,starter-role-runtime-state-v1
2025-07-13,592662,ESTABLISHED,95.78370686938435,92.0,24.003730196629796,23.0,17.90481285760011,18.0,starter-role-runtime-state-v1
2025-07-13,605280,ESTABLISHED,89.07784064266002,81.0,22.749007625518452,19.0,16.24251216467208,15.0,starter-role-runtime-state-v1
2025-07-13,605488,ESTABLISHED,89.82806197342961,91.0,22.46109702477473,23.0,16.16986731327359,20.0,starter-role-runtime-state-v1
2025-07-13,607259,ESTABLISHED,88.96782669852921,84.0,24.04061037640676,22.0,17.17840651027376,16.0,starter-role-runtime-state-v1
2025-07-13,642547,ESTABLISHED,97.20879353266163,103.0,22.732698526178545,25.0,16.633691678386917,20.0,starter-role-runtime-state-v1
2025-07-13,650911,ESTABLISHED,93.43226567454397,86.0,25.313295335849695,29.0,18.863362782630354,22.0,starter-role-runtime-state-v1
2025-07-13,663623,ESTABLISHED,94.16346821553184,93.0,24.63436416589598,21.0,17.037617710757658,15.0,starter-role-runtime-state-v1
2025-07-13,667755,ESTABLISHED,89.17466017953365,91.0,23.27636388223475,25.0,16.539311721046825,15.0,starter-role-runtime-state-v1
2025-07-13,669302,ESTABLISHED,90.03235657224387,94.0,21.781778240670576,24.0,16.088572938223592,16.0,starter-role-runtime-state-v1
2025-07-13,676282,ESTABLISHED,81.50287280074761,89.0,18.866076157243498,23.0,12.944740029098508,16.0,starter-role-runtime-state-v1
2025-07-13,684007,ESTABLISHED,83.09688814765751,91.0,22.099414347589697,22.0,17.053115420947993,21.0,starter-role-runtime-state-v1
2025-07-13,686613,ESTABLISHED,94.14765846069996,93.0,23.516800511051947,22.0,18.209460011045927,15.0,starter-role-runtime-state-v1
2025-07-13,687064,RESTRICTED,72.23724728689177,76.0,19.624494961817547,22.0,13.316538627137403,13.0,starter-role-runtime-state-v1
2025-07-13,691587,ESTABLISHED,82.90338474219527,84.0,18.918184533123174,22.0,13.926142756993567,21.0,starter-role-runtime-state-v1
2025-07-13,701542,ESTABLISHED,86.81948856625813,88.0,21.852139442468314,24.0,14.653438258813214,16.0,starter-role-runtime-state-v1
2025-07-13,702070,ESTABLISHED,89.28717075763126,93.0,22.1615571759234,27.0,16.880309119859138,20.0,starter-role-runtime-state-v1
2025-07-13,808967,RESTRICTED,79.37537488847732,91.0,20.108977588030392,26.0,14.77280766061717,21.0,starter-role-runtime-state-v1
2025-07-18,605135,ESTABLISHED,89.76817296585949,97.0,23.92848055144568,27.0,16.312981562104387,19.0,starter-role-runtime-state-v1
2025-07-18,607536,ESTABLISHED,83.17885888396052,95.0,23.423958383930795,26.0,16.06936242738716,18.0,starter-role-runtime-state-v1
2025-07-18,607625,ESTABLISHED,94.17178137255229,83.0,23.688827365834705,26.0,17.770187840569417,18.0,starter-role-runtime-state-v1
2025-07-18,622491,ESTABLISHED,98.776784763444,100.0,23.821404537714717,25.0,17.340385666115097,20.0,starter-role-runtime-state-v1
2025-07-18,640455,ESTABLISHED,91.99809688261786,69.0,23.48691936265014,16.0,17.90154658846178,12.0,starter-role-runtime-state-v1
2025-07-18,645261,ESTABLISHED,94.43419110267902,97.0,24.57140935250839,26.0,16.504354466795437,18.0,starter-role-runtime-state-v1
2025-07-18,647336,ESTABLISHED,87.63055085674988,85.0,21.57666902418662,19.0,15.140890537051474,15.0,starter-role-runtime-state-v1
2025-07-18,656302,ESTABLISHED,95.67675170884173,94.0,23.78014392797924,19.0,16.664689473081932,16.0,starter-role-runtime-state-v1
2025-07-18,666157,ESTABLISHED,90.48292519544238,97.0,22.859857784721505,26.0,16.458182177498458,21.0,starter-role-runtime-state-v1
2025-07-18,666200,ESTABLISHED,89.76958105162382,92.0,22.542666358546853,22.0,15.650343357449366,14.0,starter-role-runtime-state-v1
2025-07-18,669467,ESTABLISHED,92.54410897006072,89.0,23.999634553934808,25.0,17.137767629902854,14.0,starter-role-runtime-state-v1
2025-07-18,671737,ESTABLISHED,90.15525809052541,87.0,23.070814890490723,22.0,16.027230947902467,18.0,starter-role-runtime-state-v1
2025-07-18,694297,ESTABLISHED,88.88725584989243,91.0,22.78171340439587,26.0,15.54244318828833,21.0,starter-role-runtime-state-v1
2025-07-19,543243,ESTABLISHED,73.76122724630461,66.0,21.65847574807968,21.0,16.65024279236055,10.0,starter-role-runtime-state-v1
2025-07-19,605280,ESTABLISHED,88.0279813346277,92.0,22.269366473409722,24.0,16.097909977541363,16.0,starter-role-runtime-state-v1
2025-07-19,605288,ESTABLISHED,90.03634756612797,78.0,24.452495278182123,22.0,17.93274785664658,13.0,starter-role-runtime-state-v1
2025-07-19,607259,ESTABLISHED,87.16065838200946,90.0,23.662744186212283,23.0,17.00760229630037,15.0,starter-role-runtime-state-v1
2025-07-19,608379,ESTABLISHED,89.65857299823374,78.0,23.476111632000624,20.0,16.454513497529025,18.0,starter-role-runtime-state-v1
2025-07-19,615698,ESTABLISHED,80.64191822379982,69.0,19.760605673999812,19.0,13.652140258455347,18.0,starter-role-runtime-state-v1
2025-07-19,641778,ESTABLISHED,79.8165271605616,81.0,20.107774640619034,20.0,13.720983379161328,18.0,starter-role-runtime-state-v1
2025-07-19,642547,ESTABLISHED,98.50259003672991,93.0,23.045734061087472,23.0,17.007395772732902,15.0,starter-role-runtime-state-v1
2025-07-19,657277,ESTABLISHED,99.03053940792886,80.0,25.98792398821339,29.0,18.814584668128184,18.0,starter-role-runtime-state-v1
2025-07-19,665152,ESTABLISHED,93.07550842719084,98.0,23.83998760477988,25.0,17.200458744003047,21.0,starter-role-runtime-state-v1
2025-07-19,672456,ESTABLISHED,76.2215392058528,82.0,21.030643506685323,20.0,15.859431097422119,13.0,starter-role-runtime-state-v1
2025-07-19,677958,ESTABLISHED,78.35979199319227,96.0,20.435031246573075,23.0,13.585690687272926,19.0,starter-role-runtime-state-v1
2025-07-19,684007,ESTABLISHED,87.48275910250416,96.0,22.496979563088725,27.0,17.613731460821338,21.0,starter-role-runtime-state-v1
2025-07-19,701542,ESTABLISHED,86.01982168676369,78.0,21.980753230561575,18.0,14.773390377157446,11.0,starter-role-runtime-state-v1
2025-07-19,805673,ESTABLISHED,81.26548230966395,77.0,20.215022452760337,21.0,13.319819885710205,12.0,starter-role-runtime-state-v1
2025-07-20,518876,ESTABLISHED,90.57730485588357,97.0,22.920593303477716,24.0,17.44033598937325,18.0,starter-role-runtime-state-v1
2025-07-20,592662,ESTABLISHED,95.49788463194474,95.0,23.898640294481346,22.0,17.91253231285428,13.0,starter-role-runtime-state-v1
2025-07-20,605488,ESTABLISHED,90.21164673962258,83.0,22.54626395450007,21.0,16.60460702441452,12.0,starter-role-runtime-state-v1
2025-07-20,624133,ESTABLISHED,90.9121111749162,100.0,24.77561958919427,26.0,18.372137641010266,13.0,starter-role-runtime-state-v1
2025-07-20,656550,ESTABLISHED,92.4269133352804,100.0,22.74429944584132,28.0,15.77806307492463,18.0,starter-role-runtime-state-v1
2025-07-20,656849,ESTABLISHED,93.64849475386369,93.0,25.416590554064406,23.0,18.482408077048,18.0,starter-role-runtime-state-v1
2025-07-20,667755,ESTABLISHED,92.44927256010723,93.0,23.811786735433877,28.0,16.467350709869777,21.0,starter-role-runtime-state-v1
2025-07-20,668909,ESTABLISHED,95.98834336350272,96.0,22.693060321212535,26.0,15.734772353274533,21.0,starter-role-runtime-state-v1
2025-07-20,669022,ESTABLISHED,98.6052594380311,75.0,24.028084798059474,18.0,17.391082922421617,7.0,starter-role-runtime-state-v1
2025-07-20,669373,ESTABLISHED,91.50857301086529,105.0,23.900654866493245,24.0,19.178238195732213,20.0,starter-role-runtime-state-v1
2025-07-20,669432,ESTABLISHED,91.90364180259101,91.0,22.506145159675526,26.0,16.393352770693603,18.0,starter-role-runtime-state-v1
2025-07-20,671096,ESTABLISHED,90.51672887919564,95.0,23.765620351497734,25.0,17.30399006196753,18.0,starter-role-runtime-state-v1
2025-07-20,676083,ESTABLISHED,82.0920739577356,69.0,22.24499311315563,23.0,16.679493601512494,15.0,starter-role-runtime-state-v1
2025-07-20,686613,ESTABLISHED,95.44525449215625,89.0,23.50102509578996,21.0,17.895292035362456,12.0,starter-role-runtime-state-v1
2025-07-20,693433,ESTABLISHED,93.85778008915109,91.0,24.840894822650753,26.0,19.029029668156674,18.0,starter-role-runtime-state-v1
2025-07-21,554430,ESTABLISHED,103.55761055182231,105.0,25.11482422588658,24.0,19.680497612123872,18.0,starter-role-runtime-state-v1
2025-07-21,592332,ESTABLISHED,98.48071257980833,86.0,24.62410856494267,27.0,17.25225640448412,21.0,starter-role-runtime-state-v1
2025-07-21,607074,ESTABLISHED,99.25932755199712,107.0,24.298290406308606,27.0,17.913461217659094,15.0,starter-role-runtime-state-v1
2025-07-21,608372,ESTABLISHED,88.7712968315511,90.0,23.796121893902633,23.0,16.06923115891768,11.0,starter-role-runtime-state-v1
2025-07-21,621111,ESTABLISHED,86.42614712871828,89.0,22.087300222453642,26.0,14.311366390256063,21.0,starter-role-runtime-state-v1
2025-07-21,663623,ESTABLISHED,96.0980956950593,72.0,24.44135064335751,19.0,16.85661727391687,11.0,starter-role-runtime-state-v1
2025-07-21,663903,ESTABLISHED,86.8470506027423,57.0,22.359269278100903,15.0,15.6384464499676,7.0,starter-role-runtime-state-v1
2025-07-21,669358,ESTABLISHED,91.13139305211766,87.0,24.351710393207732,22.0,17.933703294312814,12.0,starter-role-runtime-state-v1
2025-07-21,669923,ESTABLISHED,91.06872727399336,83.0,22.74818510219918,24.0,16.841845274489074,18.0,starter-role-runtime-state-v1
2025-07-21,676440,ESTABLISHED,92.98417610468302,86.0,23.532060178679924,27.0,17.017924087815253,21.0,starter-role-runtime-state-v1
2025-07-21,680732,ESTABLISHED,87.84356030099494,89.0,21.983946212761303,20.0,15.171279013730643,12.0,starter-role-runtime-state-v1
2025-07-21,681190,ESTABLISHED,87.20989315268938,68.0,22.469003108554027,19.0,15.259658386729111,13.0,starter-role-runtime-state-v1
2025-07-21,682052,ESTABLISHED,79.0760020522215,93.0,20.358742542874058,21.0,14.210738908729368,15.0,starter-role-runtime-state-v1
2025-07-21,691587,ESTABLISHED,82.16814390688177,87.0,19.165471105740387,22.0,14.678273393188107,15.0,starter-role-runtime-state-v1
2025-07-21,693821,ESTABLISHED,88.79684977222227,108.0,24.04119223171225,25.0,15.503508450794556,15.0,starter-role-runtime-state-v1
2025-07-21,694973,ESTABLISHED,87.72237972399294,86.0,22.015086676993576,23.0,17.03271866097252,18.0,starter-role-runtime-state-v1
2025-07-21,700241,ESTABLISHED,85.19385399581957,91.0,23.03368221162973,26.0,17.319724792354553,21.0,starter-role-runtime-state-v1
2025-07-21,702070,ESTABLISHED,91.7654645391032,101.0,23.046361725799137,25.0,17.39482655425549,18.0,starter-role-runtime-state-v1
2025-07-22,453286,ESTABLISHED,79.51821323500491,90.0,20.311825702521936,21.0,14.7449285027949,15.0,starter-role-runtime-state-v1
2025-07-22,571510,ESTABLISHED,86.93583201855878,93.0,22.556499334468487,25.0,17.780016685641186,21.0,starter-role-runtime-state-v1
2025-07-22,593958,ESTABLISHED,91.39721525368033,90.0,23.603103510972627,27.0,14.87383643473571,19.0,starter-role-runtime-state-v1
2025-07-22,594798,ESTABLISHED,87.96913574435779,86.0,22.636705417837277,22.0,17.637935103618993,18.0,starter-role-runtime-state-v1
2025-07-22,650911,ESTABLISHED,91.69024868251743,106.0,25.575372499251706,31.0,19.1498631638281,27.0,starter-role-runtime-state-v1
2025-07-22,656876,RESTRICTED,62.17766538882166,75.0,16.218869117989236,16.0,12.54022743511625,12.0,starter-role-runtime-state-v1
2025-07-22,663436,ESTABLISHED,89.88681709109194,76.0,23.499279599482854,20.0,16.898383170490398,15.0,starter-role-runtime-state-v1
2025-07-22,663554,ESTABLISHED,86.10043784018882,86.0,22.467598245575942,23.0,15.868008597981877,12.0,starter-role-runtime-state-v1
2025-07-22,664285,ESTABLISHED,94.99967035132386,93.0,26.058387739840406,28.0,19.11606889893762,21.0,starter-role-runtime-state-v1
2025-07-22,665795,ESTABLISHED,85.63832970835001,86.0,21.828711293131928,23.0,15.670369818214528,17.0,starter-role-runtime-state-v1
2025-07-22,669302,ESTABLISHED,89.31576106088396,86.0,21.887494753209502,21.0,16.050883112582298,19.0,starter-role-runtime-state-v1
2025-07-22,669372,ESTABLISHED,80.28506438276206,58.0,20.536468941852824,19.0,14.004451816858598,15.0,starter-role-runtime-state-v1
2025-07-22,676282,ESTABLISHED,83.69655718225495,95.0,19.571771878993516,19.0,13.426937185353097,15.0,starter-role-runtime-state-v1
2025-07-22,687064,ESTABLISHED,72.46490149973384,73.0,20.055934744504263,20.0,13.238008899762209,13.0,starter-role-runtime-state-v1
2025-07-22,694738,ESTABLISHED,92.2335689187639,87.0,22.804898804932776,22.0,15.187459187253516,15.0,starter-role-runtime-state-v1
2025-07-22,694819,ESTABLISHED,81.05212382888779,64.0,19.803834098901618,14.0,15.380970893431533,11.0,starter-role-runtime-state-v1
2025-07-22,695418,RAMPING,76.24735791466694,50.0,19.390845518581266,16.0,13.749114234344704,12.0,starter-role-runtime-state-v1
2025-07-22,695505,ESTABLISHED,76.8540541544271,98.0,18.92374764831059,26.0,11.802618779408938,17.0,starter-role-runtime-state-v1
2025-07-22,808967,ESTABLISHED,82.8168175364197,101.0,20.968794346452704,21.0,15.500815524279549,15.0,starter-role-runtime-state-v1
2025-07-23,605135,ESTABLISHED,92.57966220677851,94.0,24.50178541140671,27.0,16.66062068478694,22.0,starter-role-runtime-state-v1
2025-07-23,607625,ESTABLISHED,87.77848174482575,95.0,23.32196441277391,24.0,17.611056150330995,18.0,starter-role-runtime-state-v1
2025-07-23,608331,ESTABLISHED,91.81590988831049,102.0,23.42603226279295,26.0,17.38107519630533,16.0,starter-role-runtime-state-v1
2025-07-23,622491,ESTABLISHED,96.75694264986386,90.0,23.71663408940681,26.0,17.559068999676352,15.0,starter-role-runtime-state-v1
2025-07-23,640455,ESTABLISHED,87.05713061641089,82.0,22.359279899313155,19.0,17.158835031796798,15.0,starter-role-runtime-state-v1
2025-07-23,645261,ESTABLISHED,93.45580820131059,98.0,24.574902026600547,23.0,16.61975709569299,21.0,starter-role-runtime-state-v1
2025-07-23,647336,ESTABLISHED,86.7973449169802,88.0,21.217937212288504,24.0,15.114899605000096,17.0,starter-role-runtime-state-v1
2025-07-23,656302,ESTABLISHED,94.4829950047728,95.0,23.10162806880202,23.0,16.58964729084801,15.0,starter-role-runtime-state-v1
2025-07-23,666157,ESTABLISHED,88.91153244260462,105.0,22.936307132566938,30.0,16.868564206775396,27.0,starter-role-runtime-state-v1
2025-07-23,666200,ESTABLISHED,88.16352936365249,88.0,22.27151135655742,22.0,15.418574993835938,15.0,starter-role-runtime-state-v1
2025-07-23,669467,ESTABLISHED,90.52125327424694,97.0,23.93401642172519,24.0,16.759633765159347,15.0,starter-role-runtime-state-v1
2025-07-23,671737,ESTABLISHED,87.33547829291257,55.0,22.667121029979135,12.0,16.16933382917155,5.0,starter-role-runtime-state-v1
2025-07-23,685299,ESTABLISHED,80.94983684930128,96.0,21.153453623886577,24.0,13.895642901430069,18.0,starter-role-runtime-state-v1
2025-07-23,694297,ESTABLISHED,89.33772847258456,89.0,23.140857938650605,24.0,16.12198144681558,16.0,starter-role-runtime-state-v1
2025-07-24,543243,RESTRICTED,71.31648358841709,84.0,21.37819472953892,27.0,15.836951246193271,15.0,starter-role-runtime-state-v1
2025-07-24,641778,ESTABLISHED,77.80366533900191,97.0,19.849499372543463,29.0,14.185771265601947,24.0,starter-role-runtime-state-v1
2025-07-25,605280,ESTABLISHED,87.88620486372997,104.0,22.406172006707408,21.0,16.07069665009333,15.0,starter-role-runtime-state-v1
2025-07-25,605288,ESTABLISHED,88.05939243824685,83.0,24.104402766957506,27.0,17.33567137090135,20.0,starter-role-runtime-state-v1
2025-07-25,605488,ESTABLISHED,86.628222456646,88.0,22.057291973289068,22.0,15.979288966516261,18.0,starter-role-runtime-state-v1
2025-07-25,607259,ESTABLISHED,87.6243833327462,93.0,23.605367219575143,21.0,16.79341821062063,15.0,starter-role-runtime-state-v1
2025-07-25,607536,ESTABLISHED,87.88761845594448,93.0,24.141619385797668,25.0,16.403191548157075,18.0,starter-role-runtime-state-v1
2025-07-25,615698,ESTABLISHED,78.57021376127346,65.0,19.59610109305836,18.0,14.11612912004248,15.0,starter-role-runtime-state-v1
2025-07-25,642547,ESTABLISHED,96.98004085524168,98.0,22.949133588017652,22.0,16.767029703646685,15.0,starter-role-runtime-state-v1
2025-07-25,657277,ESTABLISHED,94.62406187593123,81.0,26.003051735507224,21.0,18.6388134716417,12.0,starter-role-runtime-state-v1
2025-07-25,665152,ESTABLISHED,93.4849703800804,92.0,23.948615328905518,26.0,17.608167042725313,18.0,starter-role-runtime-state-v1
2025-07-25,667755,ESTABLISHED,90.5659414424522,87.0,24.02115993485641,24.0,16.89641367817248,18.0,starter-role-runtime-state-v1
2025-07-25,669022,ESTABLISHED,91.4891996069624,101.0,22.863809222574385,20.0,16.01834721363337,15.0,starter-role-runtime-state-v1
2025-07-25,672456,ESTABLISHED,77.57374210443496,76.0,20.992000529870232,22.0,15.546530747940672,12.0,starter-role-runtime-state-v1
2025-07-25,684007,ESTABLISHED,90.2072082864886,85.0,23.179731716546335,21.0,18.04205416219382,9.0,starter-role-runtime-state-v1
2025-07-25,687473,ESTABLISHED,80.60345693519714,81.0,21.089538291234792,20.0,14.736712470882189,10.0,starter-role-runtime-state-v1
2025-07-25,693433,ESTABLISHED,90.6184708474332,96.0,24.61629066618065,24.0,18.806198704792656,18.0,starter-role-runtime-state-v1
2025-07-25,701542,ESTABLISHED,83.24757138880065,89.0,21.291111282047986,26.0,14.265615939088708,17.0,starter-role-runtime-state-v1
2025-07-25,805673,ESTABLISHED,80.9092577078324,81.0,20.34270660217844,20.0,13.146812432246001,18.0,starter-role-runtime-state-v1
2025-07-26,518876,ESTABLISHED,91.71569997612437,99.0,23.09945177359954,27.0,17.524911807533027,20.0,starter-role-runtime-state-v1
2025-07-26,592332,ESTABLISHED,94.40109289669627,96.0,24.55049179102734,20.0,17.56751015639205,18.0,starter-role-runtime-state-v1
2025-07-26,592662,ESTABLISHED,94.94267508881744,102.0,23.615917751397724,25.0,17.318956912849814,17.0,starter-role-runtime-state-v1
2025-07-26,608379,ESTABLISHED,86.97444064337088,80.0,22.925849888473305,20.0,16.612368793075994,16.0,starter-role-runtime-state-v1
2025-07-26,624133,ESTABLISHED,92.01632289953608,108.0,24.91766706107085,26.0,17.76675115971672,17.0,starter-role-runtime-state-v1
2025-07-26,656550,ESTABLISHED,92.22214806904456,81.0,23.193503196263137,21.0,16.00191060783409,12.0,starter-role-runtime-state-v1
2025-07-26,656849,ESTABLISHED,94.9222888755486,91.0,25.307193342691768,26.0,18.491230521331055,18.0,starter-role-runtime-state-v1
2025-07-26,668909,ESTABLISHED,95.63538800161997,79.0,22.99749362224717,24.0,16.290148184267927,18.0,starter-role-runtime-state-v1
2025-07-26,669373,ESTABLISHED,94.11942487527381,96.0,24.036786327770972,24.0,19.305180824550636,18.0,starter-role-runtime-state-v1
2025-07-26,669432,ESTABLISHED,91.66256663184492,96.0,22.856682016710852,22.0,16.565999196198888,21.0,starter-role-runtime-state-v1
2025-07-26,669461,ESTABLISHED,83.96304002763436,77.0,22.609094081786697,22.0,15.473971653388919,13.0,starter-role-runtime-state-v1
2025-07-26,669923,ESTABLISHED,89.58485444881595,106.0,22.80641161097327,26.0,16.93832230703277,18.0,starter-role-runtime-state-v1
2025-07-26,671096,ESTABLISHED,90.86847366133148,95.0,23.88267828370482,23.0,17.376380935684605,18.0,starter-role-runtime-state-v1
2025-07-26,676083,ESTABLISHED,78.36400616312878,86.0,22.237525152638383,21.0,16.306554192255938,15.0,starter-role-runtime-state-v1
2025-07-26,676440,ESTABLISHED,90.27254342697051,93.0,23.65529545738717,22.0,17.37526012216596,15.0,starter-role-runtime-state-v1
2025-07-26,677958,ESTABLISHED,79.10129926168705,95.0,20.599226529316844,19.0,14.233044380107195,12.0,starter-role-runtime-state-v1
2025-07-26,681190,ESTABLISHED,80.18700792735498,67.0,21.504597330814313,17.0,14.84429110950478,14.0,starter-role-runtime-state-v1
2025-07-26,682052,ESTABLISHED,84.68344696490038,95.0,20.861100169410864,19.0,14.432935298252513,13.0,starter-role-runtime-state-v1
2025-07-26,686613,ESTABLISHED,93.53912582794878,98.0,23.089643803741225,21.0,17.184281744249088,15.0,starter-role-runtime-state-v1
2025-07-27,453286,RAMPING,81.53931494635977,96.0,20.49670805311541,24.0,14.804646497084995,21.0,starter-role-runtime-state-v1
2025-07-27,554430,ESTABLISHED,102.83979868345978,103.0,24.88574941031819,26.0,19.45625529018547,17.0,starter-role-runtime-state-v1
2025-07-27,607074,ESTABLISHED,101.05047981970763,90.0,24.70343420493078,21.0,17.640838418590178,16.0,starter-role-runtime-state-v1
2025-07-27,608372,ESTABLISHED,89.36575505443224,91.0,23.748404283956475,23.0,15.455257171874194,18.0,starter-role-runtime-state-v1
2025-07-27,621111,ESTABLISHED,89.2895981409748,104.0,22.793640050866873,23.0,15.101884939234003,14.0,starter-role-runtime-state-v1
2025-07-27,663623,ESTABLISHED,89.76229770015078,86.0,23.410116621459785,26.0,16.067636731106244,21.0,starter-role-runtime-state-v1
2025-07-27,663903,ESTABLISHED,84.89133451454397,97.0,21.720731016610237,26.0,14.66654155608078,22.0,starter-role-runtime-state-v1
2025-07-27,669160,ESTABLISHED,85.83659623441945,77.0,23.46467554122814,22.0,16.353968292212137,15.0,starter-role-runtime-state-v1
2025-07-27,669302,RAMPING,86.42571130755566,88.0,21.513308891877692,22.0,16.302040309079345,15.0,starter-role-runtime-state-v1
2025-07-27,669358,ESTABLISHED,91.08562278341034,100.0,24.13011504564603,22.0,17.263724148501666,15.0,starter-role-runtime-state-v1
2025-07-27,669372,RESTRICTED,72.14542241430215,77.0,19.75754561427005,21.0,14.012969009127175,18.0,starter-role-runtime-state-v1
2025-07-27,676282,ESTABLISHED,86.55489654131358,76.0,19.60859226016769,19.0,13.692565704044185,12.0,starter-role-runtime-state-v1
2025-07-27,691587,ESTABLISHED,83.09437320011102,92.0,19.51705455415202,21.0,14.728841322829048,15.0,starter-role-runtime-state-v1
2025-07-27,693821,ESTABLISHED,95.9536363939553,63.0,24.751853530374163,19.0,15.610112265537026,8.0,starter-role-runtime-state-v1
2025-07-27,694973,ESTABLISHED,87.524291507565,99.0,22.120286198065422,23.0,17.141364217987984,18.0,starter-role-runtime-state-v1
2025-07-27,700241,ESTABLISHED,85.403902387238,99.0,23.48874380377601,26.0,17.994072589494955,14.0,starter-role-runtime-state-v1
2025-07-27,702070,ESTABLISHED,95.28680655326102,83.0,23.575219230019236,20.0,17.560132380292785,15.0,starter-role-runtime-state-v1
2025-07-28,571510,ESTABLISHED,88.56789144427769,90.0,22.936588403016103,25.0,18.15847380007527,15.0,starter-role-runtime-state-v1
2025-07-28,593958,ESTABLISHED,88.51576975583859,95.0,23.629764729565238,27.0,15.23642546979761,18.0,starter-role-runtime-state-v1
2025-07-28,594798,ESTABLISHED,86.73001251600331,91.0,22.43991254783637,24.0,17.63568961443884,16.0,starter-role-runtime-state-v1
2025-07-28,605135,ESTABLISHED,90.42419151529397,69.0,24.490517567334255,15.0,17.15460095947811,7.0,starter-role-runtime-state-v1
2025-07-28,622491,ESTABLISHED,94.34627402467045,89.0,23.768758506531917,26.0,17.23605900093297,21.0,starter-role-runtime-state-v1
2025-07-28,650911,ESTABLISHED,95.70302311227064,88.0,26.453228776999723,28.0,20.048932794633686,20.0,starter-role-runtime-state-v1
2025-07-28,656302,ESTABLISHED,93.60223195212753,102.0,22.981773718665554,24.0,16.372256494887708,14.0,starter-role-runtime-state-v1
2025-07-28,656876,RESTRICTED,63.71144417248102,81.0,16.216644693287456,21.0,12.493835190473446,15.0,starter-role-runtime-state-v1
2025-07-28,663436,ESTABLISHED,88.28271880984921,94.0,23.090875878555536,25.0,16.676789986295287,17.0,starter-role-runtime-state-v1
2025-07-28,664285,ESTABLISHED,95.00804994763702,97.0,26.286605907525892,23.0,19.324649474503214,18.0,starter-role-runtime-state-v1
2025-07-28,665795,ESTABLISHED,83.42979493967341,94.0,21.68770960536034,25.0,15.73754419033036,18.0,starter-role-runtime-state-v1
2025-07-28,669467,ESTABLISHED,90.70282103179612,81.0,23.87844199595343,23.0,16.550896473703943,21.0,starter-role-runtime-state-v1
2025-07-28,693645,ESTABLISHED,83.01870746352094,86.0,22.612996500522137,23.0,15.519558430162713,13.0,starter-role-runtime-state-v1
2025-07-28,694819,ESTABLISHED,76.23511926070643,80.0,18.369733642655078,17.0,14.377338682364654,12.0,starter-role-runtime-state-v1
2025-07-28,695418,ESTABLISHED,68.53082225728659,59.0,18.465013368442918,18.0,13.335919754604685,16.0,starter-role-runtime-state-v1
2025-07-28,695505,ESTABLISHED,82.32013036132282,91.0,20.66454799241408,26.0,13.049852443190021,17.0,starter-role-runtime-state-v1
2025-07-28,808967,ESTABLISHED,85.43473284214147,101.0,21.042962570665953,27.0,15.469061625810102,21.0,starter-role-runtime-state-v1
2025-07-29,543243,RESTRICTED,72.96004435077315,91.0,22.008636530790092,23.0,15.777315589277828,15.0,starter-role-runtime-state-v1
2025-07-29,607625,ESTABLISHED,89.04071614879433,92.0,23.456280422136714,27.0,17.6705417156183,17.0,starter-role-runtime-state-v1
2025-07-29,608331,ESTABLISHED,93.35241590440128,111.0,23.762868065497422,27.0,17.258405389895493,20.0,starter-role-runtime-state-v1
2025-07-29,640455,ESTABLISHED,87.29176891980158,86.0,22.066885821096147,18.0,16.93897911797121,15.0,starter-role-runtime-state-v1
2025-07-29,641778,ESTABLISHED,79.31882657231266,77.0,20.805953185342887,21.0,15.294981024814678,15.0,starter-role-runtime-state-v1
2025-07-29,645261,ESTABLISHED,95.83702548067411,94.0,24.605324995839098,21.0,17.16915388802193,15.0,starter-role-runtime-state-v1
2025-07-29,647336,ESTABLISHED,87.78304680289763,74.0,21.61060544459958,15.0,15.350148857286648,10.0,starter-role-runtime-state-v1
2025-07-29,663554,ESTABLISHED,85.33008341103422,59.0,22.4398922207802,12.0,15.420475515695424,5.0,starter-role-runtime-state-v1
2025-07-29,666157,ESTABLISHED,93.65518097829118,94.0,24.029782699989834,22.0,18.03575314429908,16.0,starter-role-runtime-state-v1
2025-07-29,666200,ESTABLISHED,93.40048282185631,90.0,22.822095962945504,26.0,15.529431005037605,21.0,starter-role-runtime-state-v1
2025-07-29,685299,ESTABLISHED,80.87648509306923,71.0,21.308956612484565,19.0,14.40898877341161,9.0,starter-role-runtime-state-v1
2025-07-29,687064,ESTABLISHED,72.99134340017159,86.0,20.096533071750756,25.0,13.204377579122816,18.0,starter-role-runtime-state-v1
2025-07-29,694297,ESTABLISHED,89.11921234252954,90.0,23.213882522988865,25.0,16.10368502853229,14.0,starter-role-runtime-state-v1
2025-07-30,605280,ESTABLISHED,90.6032471264731,79.0,22.313025157974007,24.0,15.9653208558416,11.0,starter-role-runtime-state-v1
2025-07-30,605488,ESTABLISHED,86.74773624620258,89.0,22.044246912421656,21.0,16.202502177681502,18.0,starter-role-runtime-state-v1
2025-07-30,607259,ESTABLISHED,85.46533718439812,103.0,22.96110526232216,23.0,16.501452207363226,18.0,starter-role-runtime-state-v1
2025-07-30,607536,ESTABLISHED,87.43088886625202,40.0,24.113952922990453,12.0,16.537124829100435,9.0,starter-role-runtime-state-v1
2025-07-30,615698,ESTABLISHED,75.28794691785333,74.0,19.225245090815875,20.0,14.153572027528039,15.0,starter-role-runtime-state-v1
2025-07-30,642547,ESTABLISHED,94.96403641454214,85.0,22.612439355097038,21.0,16.50495346175296,12.0,starter-role-runtime-state-v1
2025-07-30,657277,ESTABLISHED,89.12524369088756,109.0,24.954510594978846,26.0,17.746541062742466,17.0,starter-role-runtime-state-v1
2025-07-30,665152,ESTABLISHED,92.00528335430687,87.0,24.01977641740018,22.0,17.617506339751596,15.0,starter-role-runtime-state-v1
2025-07-30,667755,ESTABLISHED,91.07950724341218,96.0,24.13206164255572,27.0,17.050018217994513,21.0,starter-role-runtime-state-v1
2025-07-30,669022,ESTABLISHED,90.98286943003967,97.0,22.36063727677428,25.0,15.879770950936765,16.0,starter-role-runtime-state-v1
2025-07-30,684007,ESTABLISHED,88.64433046205032,89.0,22.823740625068762,20.0,16.981940488960262,15.0,starter-role-runtime-state-v1
2025-07-30,687473,ESTABLISHED,78.7323850444737,102.0,20.708982816971016,22.0,13.997998034761448,18.0,starter-role-runtime-state-v1
2025-07-30,693433,ESTABLISHED,90.98278399072669,84.0,24.528430465230493,27.0,18.721465574162714,19.0,starter-role-runtime-state-v1
2025-07-30,701542,ESTABLISHED,82.74920296075261,102.0,21.659679673619124,24.0,14.53246403349792,18.0,starter-role-runtime-state-v1
2025-07-30,805673,ESTABLISHED,78.08088718432758,74.0,19.97450968917721,21.0,13.705818827087601,13.0,starter-role-runtime-state-v1
2025-07-31,669923,ESTABLISHED,92.0136432068468,94.0,23.224398739622572,22.0,17.080492682208586,18.0,starter-role-runtime-state-v1
2025-07-31,671096,ESTABLISHED,93.23917624640346,96.0,24.003964923543563,25.0,17.512793551478687,16.0,starter-role-runtime-state-v1
2025-07-31,677958,ESTABLISHED,80.50839331989984,91.0,20.296673516006432,22.0,13.910340270277452,14.0,starter-role-runtime-state-v1
2025-08-01,592332,ESTABLISHED,93.56558380135762,93.0,23.88484879442152,24.0,17.617294637015807,18.0,starter-role-runtime-state-v1
2025-08-01,592662,ESTABLISHED,95.2908183999616,102.0,23.71778545581782,26.0,17.266239851127118,21.0,starter-role-runtime-state-v1
2025-08-01,607074,ESTABLISHED,97.53955816707999,107.0,24.041214076872155,21.0,17.403467365703158,14.0,starter-role-runtime-state-v1
2025-08-01,608379,ESTABLISHED,84.70135372474923,100.0,22.4255281070591,28.0,16.502283093176313,24.0,starter-role-runtime-state-v1
2025-08-01,624133,ESTABLISHED,96.78306770553064,92.0,25.3907803134718,25.0,17.779120880745666,21.0,starter-role-runtime-state-v1
2025-08-01,656849,ESTABLISHED,93.08108021174444,97.0,25.209051600512396,24.0,18.382575460606144,18.0,starter-role-runtime-state-v1
2025-08-01,663903,ESTABLISHED,85.57028792692509,97.0,22.101047545223587,23.0,15.41626566013239,18.0,starter-role-runtime-state-v1
2025-08-01,668909,ESTABLISHED,92.76197273021222,96.0,22.98252784549872,23.0,16.434024190018167,18.0,starter-role-runtime-state-v1
2025-08-01,669302,ESTABLISHED,86.57317102964953,88.0,21.559408790791665,24.0,16.160143714343196,18.0,starter-role-runtime-state-v1
2025-08-01,669358,ESTABLISHED,91.8013840221866,98.0,23.842298008795545,25.0,16.99478284539525,15.0,starter-role-runtime-state-v1
2025-08-01,669432,ESTABLISHED,91.70183637185141,88.0,22.708023436297832,28.0,17.04836847419806,24.0,starter-role-runtime-state-v1
2025-08-01,669461,ESTABLISHED,81.41260415951285,85.0,22.327765882164297,20.0,15.138742296038593,13.0,starter-role-runtime-state-v1
2025-08-01,676083,ESTABLISHED,79.9291528000816,95.0,22.024431369921142,22.0,16.071044828936294,15.0,starter-role-runtime-state-v1
2025-08-01,682052,ESTABLISHED,88.60853055731117,95.0,20.856678720568794,21.0,14.305370426806629,15.0,starter-role-runtime-state-v1
2025-08-01,686613,ESTABLISHED,94.24455454433615,97.0,22.87241708451742,27.0,16.9471189917062,21.0,starter-role-runtime-state-v1
2025-08-01,693821,ESTABLISHED,87.10320764400394,83.0,23.514257184874317,25.0,14.57301934763126,20.0,starter-role-runtime-state-v1
2025-08-02,453286,ESTABLISHED,84.67799726144655,84.0,21.058330194327446,24.0,15.516084914619139,18.0,starter-role-runtime-state-v1
2025-08-02,518876,ESTABLISHED,95.42681068651878,69.0,23.84103147733461,22.0,17.886858192792438,17.0,starter-role-runtime-state-v1
2025-08-02,554430,ESTABLISHED,101.92546865666544,98.0,24.899954587434827,27.0,19.15822516102387,18.0,starter-role-runtime-state-v1
2025-08-02,571510,ESTABLISHED,87.01285062461568,92.0,22.960825708854472,24.0,17.76047516937026,21.0,starter-role-runtime-state-v1
2025-08-02,605483,ESTABLISHED,90.82254020674682,86.0,21.459818083674406,20.0,15.470235159003298,15.0,starter-role-runtime-state-v1
2025-08-02,608372,ESTABLISHED,90.62695585298519,95.0,23.781548763175508,22.0,15.805096496793404,15.0,starter-role-runtime-state-v1
2025-08-02,621111,ESTABLISHED,91.1710025597157,84.0,22.841387238930114,23.0,14.982914827872134,13.0,starter-role-runtime-state-v1
2025-08-02,622491,ESTABLISHED,92.16927789774417,87.0,23.81916303990827,19.0,17.591010960892383,13.0,starter-role-runtime-state-v1
2025-08-02,641927,ESTABLISHED,90.5245985900993,91.0,24.657895448657396,22.0,16.874251665511437,15.0,starter-role-runtime-state-v1
2025-08-02,656876,RESTRICTED,71.07669863913087,73.0,17.341535221949357,19.0,12.963473142532294,16.0,starter-role-runtime-state-v1
2025-08-02,663623,ESTABLISHED,88.0156594922577,75.0,23.524799010830165,21.0,16.569662853786777,12.0,starter-role-runtime-state-v1
2025-08-02,669372,ESTABLISHED,73.63364233900953,85.0,20.0302742785213,22.0,14.610965753089133,13.0,starter-role-runtime-state-v1
2025-08-02,669373,ESTABLISHED,95.12476519479621,98.0,24.12737463692069,26.0,19.19246783996344,21.0,starter-role-runtime-state-v1
2025-08-02,676440,ESTABLISHED,93.18012324734667,93.0,23.77305385498012,24.0,17.191052754145907,14.0,starter-role-runtime-state-v1
2025-08-02,681190,ESTABLISHED,76.57707697496244,71.0,20.747593036334536,20.0,14.702966440969773,12.0,starter-role-runtime-state-v1
2025-08-02,691587,ESTABLISHED,84.54712247290361,88.0,19.732573171773463,21.0,14.772798016644366,18.0,starter-role-runtime-state-v1
2025-08-02,693645,ESTABLISHED,82.88740512955947,92.0,22.606306990990944,20.0,14.547305196839588,15.0,starter-role-runtime-state-v1
2025-08-02,694973,ESTABLISHED,92.11930285162067,94.0,22.58443580152379,22.0,17.344938749173302,15.0,starter-role-runtime-state-v1
2025-08-02,695505,ESTABLISHED,87.17527907159526,18.0,22.120825910559184,3.0,13.960919600506728,3.0,starter-role-runtime-state-v1
2025-08-02,700241,ESTABLISHED,89.57149531484163,90.0,24.15523915657213,25.0,17.365999485160202,18.0,starter-role-runtime-state-v1
2025-08-02,702070,ESTABLISHED,90.50220056888317,94.0,22.726638930444214,27.0,17.10252499068499,19.0,starter-role-runtime-state-v1
2025-08-03,593958,ESTABLISHED,88.92104265328679,92.0,23.954846246185554,23.0,15.514760348501078,15.0,starter-role-runtime-state-v1
2025-08-03,594798,ESTABLISHED,86.32260713094567,95.0,22.505749509877333,22.0,17.420464244761316,15.0,starter-role-runtime-state-v1
2025-08-03,605135,ESTABLISHED,88.48175887086461,91.0,23.390626492692604,23.0,15.933238367357475,18.0,starter-role-runtime-state-v1
2025-08-03,607625,ESTABLISHED,88.84457491937455,91.0,23.768719003957898,20.0,17.58815004717328,14.0,starter-role-runtime-state-v1
2025-08-03,650911,ESTABLISHED,92.80249439551395,84.0,26.35659217374097,29.0,19.97286579425008,24.0,starter-role-runtime-state-v1
2025-08-03,656302,ESTABLISHED,97.0915672459519,90.0,23.376514465712678,18.0,16.187652800579006,15.0,starter-role-runtime-state-v1
2025-08-03,664285,ESTABLISHED,94.6609159131622,94.0,25.825816378832677,26.0,19.16977603014852,18.0,starter-role-runtime-state-v1
2025-08-03,665795,ESTABLISHED,84.50408520797252,94.0,22.038745851785404,21.0,15.985218227092258,18.0,starter-role-runtime-state-v1
2025-08-03,669467,ESTABLISHED,88.6743874975725,93.0,23.671833379274478,22.0,17.02403792179411,15.0,starter-role-runtime-state-v1
2025-08-03,676282,ESTABLISHED,85.80668103687803,91.0,19.601725313879818,25.0,13.47445337250209,17.0,starter-role-runtime-state-v1
2025-08-03,680732,ESTABLISHED,89.23460361911066,84.0,21.87146615451406,22.0,14.813717212394945,15.0,starter-role-runtime-state-v1
2025-08-03,687064,ESTABLISHED,77.81384124444541,80.0,21.270395230471607,21.0,14.129206824539915,14.0,starter-role-runtime-state-v1
2025-08-03,695418,ESTABLISHED,65.39129802915913,92.0,18.20835883039218,21.0,13.769025050489333,14.0,starter-role-runtime-state-v1
2025-08-03,701656,ESTABLISHED,84.14417912672182,76.0,20.2949287185983,18.0,15.642130831881111,13.0,starter-role-runtime-state-v1
2025-08-03,808967,ESTABLISHED,93.171418891846,88.0,22.349127911382315,23.0,16.255679047435095,17.0,starter-role-runtime-state-v1
2025-08-04,543243,ESTABLISHED,83.25463711164355,90.0,23.201587400553457,23.0,16.01136785143646,21.0,starter-role-runtime-state-v1
2025-08-04,605288,ESTABLISHED,86.31136962229658,93.0,24.25613226613576,28.0,17.572306014377602,17.0,starter-role-runtime-state-v1
2025-08-04,608331,ESTABLISHED,96.5414903754725,105.0,24.26214731547395,25.0,17.606413714253748,15.0,starter-role-runtime-state-v1
2025-08-04,640455,ESTABLISHED,87.53306537330612,85.0,21.63216046874696,26.0,16.74114682272468,17.0,starter-role-runtime-state-v1
2025-08-04,641778,ESTABLISHED,81.5473014819945,97.0,21.118756672507807,24.0,15.337428080456775,18.0,starter-role-runtime-state-v1
2025-08-04,645261,ESTABLISHED,93.96564563590896,100.0,23.98642046370734,31.0,16.872829546603107,21.0,starter-role-runtime-state-v1
2025-08-04,647336,ESTABLISHED,84.46886777666775,31.0,20.62068022343139,8.0,14.667519851381627,6.0,starter-role-runtime-state-v1
2025-08-04,663554,ESTABLISHED,78.64952086407592,67.0,20.72961738187508,21.0,14.008239822330303,18.0,starter-role-runtime-state-v1
2025-08-04,666157,ESTABLISHED,94.25509070671839,23.0,23.848585314702348,5.0,17.81466704394019,5.0,starter-role-runtime-state-v1
2025-08-04,666200,ESTABLISHED,92.14521749791186,91.0,23.065366404451204,23.0,16.094440174891194,18.0,starter-role-runtime-state-v1
2025-08-04,685299,ESTABLISHED,79.7129845217476,67.0,21.01276607929922,18.0,13.634309941714044,8.0,starter-role-runtime-state-v1
2025-08-04,694297,ESTABLISHED,87.59548960436543,97.0,23.21957063845247,26.0,15.815399422835304,17.0,starter-role-runtime-state-v1
2025-08-04,700249,ESTABLISHED,90.34925369083267,90.0,22.177798791033617,22.0,15.203444832606337,17.0,starter-role-runtime-state-v1
2025-08-05,605280,ESTABLISHED,91.13185765055593,75.0,22.710553183289623,19.0,15.450884213653806,15.0,starter-role-runtime-state-v1
2025-08-05,615698,ESTABLISHED,75.18779519514095,81.0,19.303220027398147,25.0,14.242244865174287,13.0,starter-role-runtime-state-v1
2025-08-05,642547,ESTABLISHED,93.19529833351191,108.0,22.3683223710714,22.0,15.972177212721213,15.0,starter-role-runtime-state-v1
2025-08-05,657277,ESTABLISHED,94.07664193284582,110.0,25.406745890742545,25.0,17.763188924280726,18.0,starter-role-runtime-state-v1
2025-08-05,663436,ESTABLISHED,89.11323647188364,93.0,23.326815512693827,24.0,16.717747611357417,15.0,starter-role-runtime-state-v1
2025-08-05,665152,ESTABLISHED,90.99599903855449,103.0,23.749551665319913,26.0,17.30849438331594,18.0,starter-role-runtime-state-v1
2025-08-05,667755,ESTABLISHED,92.68897406813377,65.0,24.550596782658175,21.0,17.493518408405787,12.0,starter-role-runtime-state-v1
2025-08-05,669022,ESTABLISHED,93.67289950286921,60.0,22.8706294933208,21.0,15.967127089686537,9.0,starter-role-runtime-state-v1
2025-08-05,684007,ESTABLISHED,88.95275753577086,92.0,22.518594337082803,21.0,16.760680085029747,19.0,starter-role-runtime-state-v1
2025-08-05,693433,ESTABLISHED,89.42045775886167,83.0,24.70636342198331,23.0,18.74805927933677,21.0,starter-role-runtime-state-v1
2025-08-05,701542,ESTABLISHED,87.70746089086495,98.0,22.246871400789935,21.0,15.000784554468098,15.0,starter-role-runtime-state-v1
2025-08-05,805673,ESTABLISHED,77.84900423357296,86.0,20.13227311565041,21.0,13.621101448922321,15.0,starter-role-runtime-state-v1
2025-08-06,592332,ESTABLISHED,92.07696026879293,102.0,23.730387285092245,27.0,17.61266481335258,21.0,starter-role-runtime-state-v1
2025-08-06,592662,ESTABLISHED,95.78208857825453,104.0,23.936047461688094,25.0,17.66272173145321,18.0,starter-role-runtime-state-v1
2025-08-06,605488,ESTABLISHED,87.77591625979272,92.0,22.00970976971564,19.0,16.43072872871066,18.0,starter-role-runtime-state-v1
2025-08-06,607074,ESTABLISHED,97.20838082231737,93.0,23.5335012717986,23.0,16.98328640615952,15.0,starter-role-runtime-state-v1
2025-08-06,607536,ESTABLISHED,79.47039066281012,76.0,22.459397066127863,25.0,15.63731487691496,14.0,starter-role-runtime-state-v1
2025-08-06,608379,ESTABLISHED,86.66380920413042,74.0,23.057128387861333,22.0,17.31700304119416,18.0,starter-role-runtime-state-v1
2025-08-06,624133,ESTABLISHED,94.95382039009388,95.0,25.187320611027623,28.0,18.07911332011799,19.0,starter-role-runtime-state-v1
2025-08-06,656849,ESTABLISHED,91.52814224115916,89.0,24.841716100477328,25.0,18.283059832213176,18.0,starter-role-runtime-state-v1
2025-08-06,668909,ESTABLISHED,90.32367592266165,126.0,22.67655387616269,31.0,16.513288728686845,26.0,starter-role-runtime-state-v1
2025-08-06,669160,ESTABLISHED,84.4066338958984,91.0,23.245674155644444,20.0,16.18433330333763,11.0,starter-role-runtime-state-v1
2025-08-06,669358,ESTABLISHED,92.347711675197,81.0,23.94969146680026,19.0,16.770944320253662,12.0,starter-role-runtime-state-v1
2025-08-06,669432,ESTABLISHED,89.27988693996257,104.0,23.006050568055166,27.0,17.696547997493447,18.0,starter-role-runtime-state-v1
2025-08-06,669461,ESTABLISHED,79.42462139638988,72.0,21.764907691404993,19.0,14.819055901621201,12.0,starter-role-runtime-state-v1
2025-08-06,669923,ESTABLISHED,92.69586031598207,104.0,23.129516598943354,25.0,17.19661487980651,18.0,starter-role-runtime-state-v1
2025-08-06,671096,ESTABLISHED,94.74724878647126,100.0,24.24423177534557,29.0,17.37323875891559,20.0,starter-role-runtime-state-v1
2025-08-06,676083,ESTABLISHED,81.32897618321338,78.0,21.883573252273674,20.0,15.850163006195004,15.0,starter-role-runtime-state-v1
2025-08-07,663903,ESTABLISHED,89.20591612554735,86.0,22.4916732739375,21.0,15.80048862423606,11.0,starter-role-runtime-state-v1
2025-08-07,669302,ESTABLISHED,86.91370653301186,94.0,21.834583650099386,20.0,16.36018194212763,15.0,starter-role-runtime-state-v1
2025-08-07,682052,ESTABLISHED,91.84146534691372,114.0,21.12947321254466,25.0,14.467130827999844,23.0,starter-role-runtime-state-v1
2025-08-07,691587,ESTABLISHED,84.57461966243454,82.0,19.83490698894235,23.0,15.116728170490877,16.0,starter-role-runtime-state-v1
2025-08-07,694973,ESTABLISHED,92.35982722421188,97.0,22.524018612600116,24.0,17.07739033043999,18.0,starter-role-runtime-state-v1
2025-08-08,453286,ESTABLISHED,84.02384300437828,98.0,21.299767517851425,26.0,15.755460778175294,18.0,starter-role-runtime-state-v1
2025-08-08,518876,ESTABLISHED,89.50771258186415,94.0,23.30818963559709,23.0,17.68023154368272,13.0,starter-role-runtime-state-v1
2025-08-08,571510,ESTABLISHED,88.97727876185434,92.0,23.22918137398412,21.0,18.157104568494,15.0,starter-role-runtime-state-v1
2025-08-08,607625,ESTABLISHED,90.82108179171743,82.0,23.52237218720959,23.0,17.235940511248423,12.0,starter-role-runtime-state-v1
2025-08-08,608372,ESTABLISHED,90.46863979510836,91.0,23.474036203908263,28.0,15.687568523862325,21.0,starter-role-runtime-state-v1
2025-08-08,621111,ESTABLISHED,89.92753758348287,96.0,22.80434780724705,25.0,14.747064743924682,18.0,starter-role-runtime-state-v1
2025-08-08,622491,ESTABLISHED,92.09196449385624,99.0,23.312681445622733,25.0,17.084287063868867,21.0,starter-role-runtime-state-v1
2025-08-08,650911,ESTABLISHED,90.88691534192102,101.0,26.502231848068185,26.0,20.359477220315412,18.0,starter-role-runtime-state-v1
2025-08-08,656876,RAMPING,72.77870686532252,79.0,17.691351877820473,21.0,13.349979929603567,18.0,starter-role-runtime-state-v1
2025-08-08,663623,ESTABLISHED,84.83494409420346,94.0,23.043240229076538,25.0,15.987684250364548,16.0,starter-role-runtime-state-v1
2025-08-08,665795,ESTABLISHED,86.34628633517796,109.0,22.016983854933486,27.0,16.244988546555252,24.0,starter-role-runtime-state-v1
2025-08-08,669372,ESTABLISHED,75.89272812737589,87.0,20.390616095065354,20.0,14.420829554365438,15.0,starter-role-runtime-state-v1
2025-08-08,669373,ESTABLISHED,97.00141173071391,92.0,24.508218898627256,21.0,19.44264918374774,14.0,starter-role-runtime-state-v1
2025-08-08,676440,ESTABLISHED,93.5581923668967,98.0,23.846775421425786,24.0,16.861473196051698,16.0,starter-role-runtime-state-v1
2025-08-08,686613,ESTABLISHED,94.98022643672222,89.0,23.335963715808745,21.0,17.398361679946014,16.0,starter-role-runtime-state-v1
2025-08-08,693645,RAMPING,86.53519967813989,97.0,21.895041728044703,23.0,14.71959118549311,15.0,starter-role-runtime-state-v1
2025-08-08,693821,ESTABLISHED,86.15195678322243,100.0,23.614633662563563,27.0,15.13389852014905,18.0,starter-role-runtime-state-v1
2025-08-08,695505,RESTRICTED,69.62705347257521,97.0,17.255726838174983,22.0,11.970721677356217,18.0,starter-role-runtime-state-v1
2025-08-08,700241,ESTABLISHED,91.53943863512377,87.0,24.52618988392949,25.0,17.539815471629602,18.0,starter-role-runtime-state-v1
2025-08-09,593958,ESTABLISHED,89.65218713769083,82.0,23.890431296019827,27.0,15.471967407098306,16.0,starter-role-runtime-state-v1
2025-08-09,594798,ESTABLISHED,87.57400528564155,99.0,22.473482681476263,26.0,17.15124655354085,20.0,starter-role-runtime-state-v1
2025-08-09,605135,ESTABLISHED,86.79916762963899,68.0,23.12165532425336,22.0,16.107890381680843,14.0,starter-role-runtime-state-v1
2025-08-09,605483,ESTABLISHED,87.10752229848431,90.0,20.9588621229044,21.0,15.330625673978243,15.0,starter-role-runtime-state-v1
2025-08-09,607259,ESTABLISHED,91.82553239334378,94.0,23.47361491472175,26.0,16.8143262174071,21.0,starter-role-runtime-state-v1
2025-08-09,641927,ESTABLISHED,91.35271926273896,89.0,24.437118092358077,22.0,16.682018480995318,18.0,starter-role-runtime-state-v1
2025-08-09,645261,ESTABLISHED,93.07422702793508,91.0,24.50802227321327,24.0,17.25822412668911,15.0,starter-role-runtime-state-v1
2025-08-09,650633,ESTABLISHED,93.2696335237546,57.0,22.908071909783928,11.0,16.895446805619898,6.0,starter-role-runtime-state-v1
2025-08-09,664285,ESTABLISHED,94.42868582540277,91.0,25.825357471863512,27.0,19.03817933232111,17.0,starter-role-runtime-state-v1
2025-08-09,666200,ESTABLISHED,90.96293318983967,82.0,22.9325859481618,24.0,16.25915148191853,18.0,starter-role-runtime-state-v1
2025-08-09,669467,ESTABLISHED,89.61913455263105,53.0,23.53320726369895,13.0,16.799714257331164,5.0,starter-role-runtime-state-v1
2025-08-09,676282,ESTABLISHED,87.21691220293533,82.0,20.363375466317024,24.0,13.964049561299781,17.0,starter-role-runtime-state-v1
2025-08-09,680732,ESTABLISHED,87.72262340840629,88.0,21.787965262899583,18.0,14.81008126364557,10.0,starter-role-runtime-state-v1
2025-08-09,687064,ESTABLISHED,78.72931433603367,74.0,21.28926403970734,17.0,14.123316711670325,9.0,starter-role-runtime-state-v1
2025-08-09,687473,ESTABLISHED,84.78735735529499,98.0,21.226620513600082,26.0,14.626240673113157,18.0,starter-role-runtime-state-v1
2025-08-09,687931,ESTABLISHED,79.65419502431936,78.0,21.473193959432635,20.0,15.5372448192323,12.0,starter-role-runtime-state-v1
2025-08-09,695418,ESTABLISHED,68.45488143599214,86.0,18.54516322247439,23.0,13.780219755051013,18.0,starter-role-runtime-state-v1
2025-08-09,702070,ESTABLISHED,90.5220560436146,91.0,23.21365060639662,25.0,17.340688291313967,17.0,starter-role-runtime-state-v1
2025-08-10,543243,RAMPING,84.81152771511626,92.0,23.285915717041725,26.0,16.60690945298426,21.0,starter-role-runtime-state-v1
2025-08-10,554430,ESTABLISHED,100.66082028596296,83.0,25.031321085020515,21.0,19.016136151329786,15.0,starter-role-runtime-state-v1
2025-08-10,605288,ESTABLISHED,86.4464987585039,94.0,24.56815466152371,25.0,17.50074761257779,15.0,starter-role-runtime-state-v1
2025-08-10,608331,ESTABLISHED,102.06680677214872,94.0,24.843841174131065,26.0,17.469190366915385,15.0,starter-role-runtime-state-v1
2025-08-10,615698,ESTABLISHED,76.41080143252483,47.0,19.94304439901945,15.0,14.144404215761337,12.0,starter-role-runtime-state-v1
2025-08-10,640455,ESTABLISHED,89.1987912820879,87.0,22.298180050534757,20.0,16.841226931880946,12.0,starter-role-runtime-state-v1
2025-08-10,641778,ESTABLISHED,85.13913677757631,71.0,21.670579954055853,18.0,15.70829007003972,9.0,starter-role-runtime-state-v1
2025-08-10,656302,ESTABLISHED,95.79529209009077,89.0,22.683140558309333,22.0,16.04682607686908,18.0,starter-role-runtime-state-v1
2025-08-10,663436,ESTABLISHED,87.77997455331618,97.0,23.192727722675187,24.0,16.459717238368512,15.0,starter-role-runtime-state-v1
2025-08-10,663554,ESTABLISHED,77.25254662239196,91.0,20.735588631078826,21.0,14.44191733774723,15.0,starter-role-runtime-state-v1
2025-08-10,669022,ESTABLISHED,88.51243200848377,96.0,22.55393029532086,22.0,15.173736759328715,18.0,starter-role-runtime-state-v1
2025-08-10,684007,ESTABLISHED,86.89981544155293,92.0,22.077786141739892,24.0,16.950512874030018,20.0,starter-role-runtime-state-v1
2025-08-10,685299,ESTABLISHED,76.33115980260095,77.0,20.410165763868967,27.0,12.79378502999613,14.0,starter-role-runtime-state-v1
2025-08-10,693433,ESTABLISHED,86.96813413102821,99.0,24.30758040323778,26.0,18.96395587168662,18.0,starter-role-runtime-state-v1
2025-08-10,694297,ESTABLISHED,88.75502970141872,77.0,23.536919126842655,24.0,15.932901714771743,15.0,starter-role-runtime-state-v1
2025-08-10,700249,ESTABLISHED,90.13136664487389,94.0,22.137414373024264,24.0,15.400954487808907,18.0,starter-role-runtime-state-v1
2025-08-11,605488,ESTABLISHED,88.1972757752742,88.0,21.641460936007363,17.0,16.61739626599343,10.0,starter-role-runtime-state-v1
2025-08-11,657277,ESTABLISHED,99.48774957530388,98.0,25.785902570105144,28.0,17.92018362033817,19.0,starter-role-runtime-state-v1
2025-08-11,664299,RESTRICTED,79.41553230043675,85.0,20.738148848385034,19.0,14.469411733571373,15.0,starter-role-runtime-state-v1
2025-08-11,667755,ESTABLISHED,87.72594259316595,91.0,23.957165715030413,21.0,16.80439363101261,18.0,starter-role-runtime-state-v1
2025-08-11,671096,ESTABLISHED,95.05471303584284,104.0,24.708768102854396,28.0,17.638704065624275,23.0,starter-role-runtime-state-v1
2025-08-11,701542,ESTABLISHED,91.89404461773037,85.0,22.4282257493511,23.0,15.08553078837057,20.0,starter-role-runtime-state-v1
2025-08-11,805673,ESTABLISHED,79.65389225485707,99.0,20.331772114265142,24.0,13.816489922887115,17.0,starter-role-runtime-state-v1
2025-08-11,808967,ESTABLISHED,93.0314212096402,99.0,22.45642000823638,25.0,16.34453375499307,14.0,starter-role-runtime-state-v1
2025-08-12,592662,ESTABLISHED,99.23339780078506,113.0,24.332519980346884,25.0,17.77699791715956,18.0,starter-role-runtime-state-v1
2025-08-12,605280,ESTABLISHED,87.77209365011623,85.0,22.112781107473495,20.0,15.372613753383476,11.0,starter-role-runtime-state-v1
2025-08-12,607074,ESTABLISHED,96.36062511798688,96.0,23.430246129972474,25.0,16.742475629835926,21.0,starter-role-runtime-state-v1
2025-08-12,607536,RESTRICTED,76.2833331227153,93.0,22.35648132451812,27.0,15.35593542333249,22.0,starter-role-runtime-state-v1
2025-08-12,608379,ESTABLISHED,86.75216490295044,79.0,23.122284597361443,23.0,17.43989597478897,17.0,starter-role-runtime-state-v1
2025-08-12,624133,ESTABLISHED,95.78593381618327,92.0,25.58486328692298,28.0,18.21143896352612,16.0,starter-role-runtime-state-v1
2025-08-12,642547,ESTABLISHED,96.30871353998764,89.0,22.47032311845203,22.0,15.908726247647262,18.0,starter-role-runtime-state-v1
2025-08-12,663903,ESTABLISHED,89.51129434923124,71.0,22.391385598355303,20.0,15.265496829086795,18.0,starter-role-runtime-state-v1
2025-08-12,665152,ESTABLISHED,92.56145300417127,101.0,24.026946015571838,27.0,17.40786666770134,24.0,starter-role-runtime-state-v1
2025-08-12,669160,ESTABLISHED,86.01422714109928,92.0,22.94622198756996,24.0,15.596422915856898,18.0,starter-role-runtime-state-v1
2025-08-12,669358,ESTABLISHED,91.92967115855578,93.0,23.47957549435489,30.0,16.261392264687167,21.0,starter-role-runtime-state-v1
2025-08-12,669461,ESTABLISHED,79.74706847101238,80.0,21.595604239644118,16.0,14.547855657751297,12.0,starter-role-runtime-state-v1
2025-08-12,669923,ESTABLISHED,95.77330386464571,87.0,23.54276160082972,23.0,17.345839571486596,21.0,starter-role-runtime-state-v1
2025-08-12,676083,ESTABLISHED,83.3518917258415,86.0,21.883652819046176,21.0,15.804439756643948,15.0,starter-role-runtime-state-v1
2025-08-12,682052,ESTABLISHED,92.37273552293136,96.0,21.398129030219188,24.0,15.465118461730508,21.0,starter-role-runtime-state-v1
2025-08-12,694973,ESTABLISHED,94.11914277596208,93.0,22.81235097603608,20.0,17.20417461720539,12.0,starter-role-runtime-state-v1
2025-08-13,518876,ESTABLISHED,88.21707584326249,99.0,23.059068089793243,25.0,17.08615288954412,18.0,starter-role-runtime-state-v1
2025-08-13,592332,ESTABLISHED,96.20294161022271,84.0,24.422038052978408,25.0,18.073439330131546,21.0,starter-role-runtime-state-v1
2025-08-13,607625,ESTABLISHED,89.14157190614931,92.0,23.381750529089384,23.0,16.63755004758552,12.0,starter-role-runtime-state-v1
2025-08-13,621111,ESTABLISHED,88.78335896028854,96.0,22.843626011527192,26.0,15.051479678395708,18.0,starter-role-runtime-state-v1
2025-08-13,650911,ESTABLISHED,90.41798533778969,81.0,26.24296104703597,25.0,20.0300581722972,18.0,starter-role-runtime-state-v1
2025-08-13,656849,ESTABLISHED,91.95600987802102,80.0,24.94641785691203,20.0,18.27665634289973,10.0,starter-role-runtime-state-v1
2025-08-13,656876,RAMPING,73.01861441857092,76.0,18.001093681557045,22.0,13.837932372590515,18.0,starter-role-runtime-state-v1
2025-08-13,663623,ESTABLISHED,87.55153658835745,83.0,23.472581804430888,22.0,16.05298363662585,12.0,starter-role-runtime-state-v1
2025-08-13,668909,ESTABLISHED,97.9050108602738,75.0,23.996991269873803,16.0,17.64800053202617,9.0,starter-role-runtime-state-v1
2025-08-13,669302,ESTABLISHED,88.80150331535195,79.0,21.732896475252545,25.0,16.236362644903778,19.0,starter-role-runtime-state-v1
2025-08-13,669372,ESTABLISHED,80.86028677417964,70.0,20.740752134036793,14.0,14.615542134807999,6.0,starter-role-runtime-state-v1
2025-08-13,669432,ESTABLISHED,93.30041759641175,95.0,23.73677721583981,25.0,17.835220218183693,21.0,starter-role-runtime-state-v1
2025-08-13,675512,ESTABLISHED,88.39625850729581,56.0,23.997899655126087,16.0,18.17138998843112,15.0,starter-role-runtime-state-v1
2025-08-13,686613,ESTABLISHED,93.66681452823013,93.0,23.000234652113534,27.0,17.224139314656767,20.0,starter-role-runtime-state-v1
2025-08-13,691587,ESTABLISHED,84.62644474301757,91.0,20.201076614578167,19.0,15.222681258838215,15.0,starter-role-runtime-state-v1
2025-08-13,693645,ESTABLISHED,87.90317525110437,86.0,22.03800323487942,19.0,14.75604157709865,15.0,starter-role-runtime-state-v1
2025-08-13,700241,ESTABLISHED,90.19897316072327,74.0,24.5246584783089,23.0,17.591970235220998,18.0,starter-role-runtime-state-v1
2025-08-14,453286,ESTABLISHED,85.28199709069003,78.0,21.769275470198412,27.0,15.998192974130585,21.0,starter-role-runtime-state-v1
2025-08-14,571510,ESTABLISHED,89.08202751520481,78.0,22.948838048840308,23.0,17.787638849928786,21.0,starter-role-runtime-state-v1
2025-08-14,593958,ESTABLISHED,87.70905127700581,93.0,24.067166304776162,27.0,15.48211941126874,21.0,starter-role-runtime-state-v1
2025-08-14,608372,ESTABLISHED,90.4219058142475,81.0,23.965110728610124,20.0,16.29225011665502,16.0,starter-role-runtime-state-v1
2025-08-14,641927,ESTABLISHED,87.98618777913036,89.0,23.768867650766772,20.0,16.707891036526316,16.0,starter-role-runtime-state-v1
2025-08-14,665795,ESTABLISHED,92.84819784434525,95.0,23.049314286656553,27.0,17.236754174189286,16.0,starter-role-runtime-state-v1
2025-08-14,666200,ESTABLISHED,87.56351668611299,97.0,22.77894617679136,24.0,16.37476645985643,18.0,starter-role-runtime-state-v1
2025-08-14,669373,ESTABLISHED,94.78939969788992,99.0,23.919671599839567,28.0,18.759830911863475,21.0,starter-role-runtime-state-v1
2025-08-14,676440,ESTABLISHED,95.67583342122909,102.0,24.041090316852383,26.0,16.809874860033315,17.0,starter-role-runtime-state-v1
2025-08-14,693821,ESTABLISHED,85.08960218098859,87.0,23.67866622937539,26.0,15.365117590497235,21.0,starter-role-runtime-state-v1
2025-08-14,695418,ESTABLISHED,74.06873794140972,92.0,19.590702757142388,25.0,14.540272238245883,18.0,starter-role-runtime-state-v1
2025-08-15,554430,ESTABLISHED,95.4994898552949,97.0,24.227773011475485,20.0,18.45276635185054,15.0,starter-role-runtime-state-v1
2025-08-15,594798,ESTABLISHED,90.19988113632627,84.0,23.015497740401713,18.0,17.511876498816086,15.0,starter-role-runtime-state-v1
2025-08-15,605135,ESTABLISHED,83.5602930686898,100.0,22.85829313009432,22.0,15.827872879992258,15.0,starter-role-runtime-state-v1
2025-08-15,607259,ESTABLISHED,92.55284224884913,63.0,23.796797057196883,16.0,17.289143750733537,8.0,starter-role-runtime-state-v1
2025-08-15,622491,ESTABLISHED,93.81258078199934,95.0,23.609943034744987,22.0,17.535687705507144,12.0,starter-role-runtime-state-v1
2025-08-15,640455,ESTABLISHED,88.54793613771247,86.0,21.999005068101116,23.0,16.284138032064646,15.0,starter-role-runtime-state-v1
2025-08-15,645261,ESTABLISHED,93.3706760933887,86.0,24.50520869913094,21.0,17.010507972507817,18.0,starter-role-runtime-state-v1
2025-08-15,664285,ESTABLISHED,93.7428606966825,99.0,25.9144554298548,30.0,18.8007836702351,20.0,starter-role-runtime-state-v1
2025-08-15,669022,ESTABLISHED,89.52868634144414,91.0,22.510284946315565,24.0,15.505766808609785,18.0,starter-role-runtime-state-v1
2025-08-15,669467,ESTABLISHED,81.92848060640439,99.0,21.912839706155673,23.0,15.228929501512876,15.0,starter-role-runtime-state-v1
2025-08-15,676282,ESTABLISHED,83.95556699693121,96.0,20.527970214100208,21.0,14.27456363219472,15.0,starter-role-runtime-state-v1
2025-08-15,677952,RESTRICTED,60.0,61.0,14.405087641153528,18.0,10.19193870214129,15.0,starter-role-runtime-state-v1
2025-08-15,678022,ESTABLISHED,73.76077094649739,103.0,19.68427885438802,23.0,13.62505807103798,15.0,starter-role-runtime-state-v1
2025-08-15,685299,ESTABLISHED,73.64750636318577,78.0,20.85299583089438,21.0,12.880276525827512,15.0,starter-role-runtime-state-v1
2025-08-15,687064,RAMPING,78.12821996397216,93.0,20.57176513095033,25.0,13.265832203042311,24.0,starter-role-runtime-state-v1
2025-08-15,694297,ESTABLISHED,85.55464032625633,100.0,23.3461105477622,27.0,15.757144420486345,18.0,starter-role-runtime-state-v1
2025-08-15,694738,ESTABLISHED,89.4823942047874,66.0,22.46433082004951,15.0,15.099140828235724,9.0,starter-role-runtime-state-v1
2025-08-15,694819,ESTABLISHED,77.94113880417456,54.0,18.192245399376993,11.0,13.932620385727592,4.0,starter-role-runtime-state-v1
2025-08-15,702070,ESTABLISHED,88.69182098875227,79.0,23.217782011798036,23.0,17.234976174362853,16.0,starter-role-runtime-state-v1
2025-08-16,543243,ESTABLISHED,86.36822733542422,88.0,23.67471844920088,25.0,17.105578648488336,15.0,starter-role-runtime-state-v1
2025-08-16,547179,ESTABLISHED,84.90008953793658,82.0,22.32058775910272,17.0,16.1549835478447,12.0,starter-role-runtime-state-v1
2025-08-16,605288,ESTABLISHED,88.80975972111602,69.0,24.800249958845846,19.0,17.2595939531704,15.0,starter-role-runtime-state-v1
2025-08-16,605483,ESTABLISHED,87.36026714319775,96.0,20.952350705091376,22.0,15.290525415243263,18.0,starter-role-runtime-state-v1
2025-08-16,608331,ESTABLISHED,100.55319663274155,94.0,24.90077654548123,24.0,17.186165840955248,15.0,starter-role-runtime-state-v1
2025-08-16,615698,RESTRICTED,72.73939936111728,80.0,19.379916020503444,21.0,13.914428042569208,11.0,starter-role-runtime-state-v1
2025-08-16,641778,ESTABLISHED,81.44292044593178,102.0,20.995398235156586,23.0,14.805596077057178,15.0,starter-role-runtime-state-v1
2025-08-16,656302,ESTABLISHED,94.91915757988308,85.0,22.58723665785029,19.0,16.236751909614128,10.0,starter-role-runtime-state-v1
2025-08-16,663554,ESTABLISHED,79.36980426563316,89.0,20.840019158103733,23.0,14.528635668602135,19.0,starter-role-runtime-state-v1
2025-08-16,676917,ESTABLISHED,86.68,90.0,21.368040443298547,26.0,14.0147154226912,21.0,starter-role-runtime-state-v1
2025-08-16,680732,ESTABLISHED,87.36426302885369,85.0,21.26075766329396,17.0,14.200739507789091,11.0,starter-role-runtime-state-v1
2025-08-16,684007,ESTABLISHED,89.0707482802844,85.0,22.474990514664903,26.0,17.35310389824424,21.0,starter-role-runtime-state-v1
2025-08-16,693433,ESTABLISHED,89.52559195011057,101.0,24.656367802879686,26.0,18.912197489732645,18.0,starter-role-runtime-state-v1
2025-08-16,805673,ESTABLISHED,83.21937607471766,92.0,20.927590587384643,21.0,14.243549449815653,12.0,starter-role-runtime-state-v1
2025-08-17,605280,ESTABLISHED,83.85714541658163,88.0,21.4614110373847,21.0,14.744222550347164,15.0,starter-role-runtime-state-v1
2025-08-17,605400,ESTABLISHED,94.39396377928462,53.0,24.179939225211136,15.0,16.57423077388914,7.0,starter-role-runtime-state-v1
2025-08-17,605488,ESTABLISHED,89.66471380039435,100.0,21.233384502953207,26.0,15.876117872958261,14.0,starter-role-runtime-state-v1
2025-08-17,657277,ESTABLISHED,102.86716135299682,86.0,26.423530812472464,24.0,18.13415869118734,21.0,starter-role-runtime-state-v1
2025-08-17,663436,ESTABLISHED,91.85270003696618,87.0,23.63637106824615,21.0,16.3909413594992,18.0,starter-role-runtime-state-v1
2025-08-17,664299,ESTABLISHED,84.1586427080127,50.0,21.00951198171284,13.0,14.665514868316023,9.0,starter-role-runtime-state-v1
2025-08-17,665152,ESTABLISHED,92.49886565079771,114.0,24.23989442188968,24.0,18.089386518594793,21.0,starter-role-runtime-state-v1
2025-08-17,667755,ESTABLISHED,87.96438390344441,102.0,23.588696582467485,26.0,16.943220057201692,17.0,starter-role-runtime-state-v1
2025-08-17,669387,ESTABLISHED,71.42070778538518,44.0,17.523267161586496,14.0,11.693821832576191,12.0,starter-role-runtime-state-v1
2025-08-17,669923,ESTABLISHED,91.26924100387664,97.0,23.089418476359757,28.0,17.638802430509102,14.0,starter-role-runtime-state-v1
2025-08-17,671096,ESTABLISHED,96.2337839085112,92.0,25.077963702963906,24.0,18.215610950300473,21.0,starter-role-runtime-state-v1
2025-08-17,676083,ESTABLISHED,82.50434430689789,87.0,21.597975565054405,28.0,15.637975310491969,21.0,starter-role-runtime-state-v1
2025-08-17,701542,ESTABLISHED,90.659413182409,95.0,22.43569474183984,22.0,15.614317319405181,14.0,starter-role-runtime-state-v1
2025-08-18,592332,ESTABLISHED,93.12409848609306,96.0,24.274233528363496,21.0,18.327055911755455,15.0,starter-role-runtime-state-v1
2025-08-18,592662,ESTABLISHED,101.74213922647235,105.0,24.51044075995189,26.0,17.827610502824133,20.0,starter-role-runtime-state-v1
2025-08-18,607536,ESTABLISHED,77.86769955554355,72.0,22.826428644830067,18.0,16.04794077083269,12.0,starter-role-runtime-state-v1
2025-08-18,608379,ESTABLISHED,86.929938704323,93.0,23.242887509771464,23.0,17.437197151188858,17.0,starter-role-runtime-state-v1
2025-08-18,624133,ESTABLISHED,92.50765605480191,102.0,25.48264993714694,25.0,17.86376512851347,20.0,starter-role-runtime-state-v1
2025-08-18,642547,ESTABLISHED,94.71034181048664,95.0,22.3362325563118,22.0,16.116332603528743,18.0,starter-role-runtime-state-v1
2025-08-18,663903,ESTABLISHED,86.64033452363881,88.0,22.046191985259213,23.0,15.556527394380423,18.0,starter-role-runtime-state-v1
2025-08-18,668909,ESTABLISHED,94.371760151743,99.0,22.937196270322126,22.0,16.573441740781163,16.0,starter-role-runtime-state-v1
2025-08-18,669160,ESTABLISHED,87.20479811851413,100.0,23.12682536647599,27.0,15.884924061188915,18.0,starter-role-runtime-state-v1
2025-08-18,669302,ESTABLISHED,85.61162954109629,65.0,21.81777203615678,15.0,16.443791517730368,6.0,starter-role-runtime-state-v1
2025-08-18,669432,ESTABLISHED,91.56328610640043,98.0,23.642298421538307,25.0,18.10749573411303,21.0,starter-role-runtime-state-v1
2025-08-18,669461,ESTABLISHED,80.83933956356196,75.0,21.01057016513563,21.0,14.290735944751116,15.0,starter-role-runtime-state-v1
2025-08-18,691587,ESTABLISHED,83.85717325014589,86.0,19.89960156185072,20.0,15.145334056916024,13.0,starter-role-runtime-state-v1
2025-08-18,694973,ESTABLISHED,93.50254598649194,96.0,22.424472242194536,24.0,16.588701455084827,18.0,starter-role-runtime-state-v1
2025-08-18,808967,ESTABLISHED,94.17834144266182,103.0,22.78709786965162,27.0,16.10895871053601,21.0,starter-role-runtime-state-v1
2025-08-19,453286,ESTABLISHED,80.63496633087861,104.0,21.83598485097858,24.0,16.40574533053904,18.0,starter-role-runtime-state-v1
2025-08-19,518876,ESTABLISHED,89.37295114363158,71.0,23.27010763990151,20.0,17.186220056471424,18.0,starter-role-runtime-state-v1
2025-08-19,571510,ESTABLISHED,85.38663771551454,90.0,22.6635168826503,25.0,18.052872006954072,16.0,starter-role-runtime-state-v1
2025-08-19,592791,ESTABLISHED,87.2166080770829,92.0,22.703943533132183,24.0,16.600586477705047,18.0,starter-role-runtime-state-v1
2025-08-19,593958,ESTABLISHED,88.20889809409759,96.0,24.367571538905906,28.0,16.0630683263878,20.0,starter-role-runtime-state-v1
2025-08-19,607074,ESTABLISHED,96.89260926443525,102.0,23.658193228055886,25.0,17.220509496832126,18.0,starter-role-runtime-state-v1
2025-08-19,607625,ESTABLISHED,90.04806564297638,102.0,23.395146060504857,24.0,16.118204481180037,19.0,starter-role-runtime-state-v1
2025-08-19,608372,ESTABLISHED,86.45659159465367,85.0,23.145448763136017,20.0,16.180419098322428,15.0,starter-role-runtime-state-v1
2025-08-19,621111,ESTABLISHED,90.14116769833403,75.0,23.255787996807378,20.0,15.398448396477725,12.0,starter-role-runtime-state-v1
2025-08-19,650911,ESTABLISHED,90.76919706025974,96.0,26.27287746888922,27.0,19.851038658426276,19.0,starter-role-runtime-state-v1
2025-08-19,656849,ESTABLISHED,90.37019365597203,96.0,24.354511798704795,27.0,17.30928939395663,24.0,starter-role-runtime-state-v1
2025-08-19,663623,ESTABLISHED,88.63319317520808,101.0,23.504143065720186,28.0,15.649799183757477,18.0,starter-role-runtime-state-v1
2025-08-19,665795,ESTABLISHED,91.87514334473384,99.0,23.340383744675716,26.0,17.0856005163192,13.0,starter-role-runtime-state-v1
2025-08-19,669358,ESTABLISHED,91.25723085964584,65.0,24.058292772736603,18.0,16.76317946624537,9.0,starter-role-runtime-state-v1
2025-08-19,669373,ESTABLISHED,93.8903758323593,95.0,24.17945199070922,24.0,18.952984839087197,21.0,starter-role-runtime-state-v1
2025-08-19,676440,ESTABLISHED,95.34769250074349,92.0,24.15046135961404,25.0,16.805006584933626,17.0,starter-role-runtime-state-v1
2025-08-19,682052,ESTABLISHED,93.94232235722697,94.0,21.83765191608363,24.0,16.178902338578403,18.0,starter-role-runtime-state-v1
2025-08-19,682243,ESTABLISHED,83.33994639433016,85.0,21.453623780999212,22.0,15.26078900178303,15.0,starter-role-runtime-state-v1
2025-08-19,686613,ESTABLISHED,94.09586633528174,101.0,23.469696705174883,23.0,17.542183977885312,18.0,starter-role-runtime-state-v1
2025-08-19,693821,ESTABLISHED,87.0501412625391,84.0,24.13414473255498,24.0,16.019475472285272,14.0,starter-role-runtime-state-v1
2025-08-19,700241,ESTABLISHED,85.65614073975368,80.0,24.043832496708923,25.0,17.58699639437707,18.0,starter-role-runtime-state-v1
2025-08-20,527048,ESTABLISHED,78.85666811921115,74.0,21.180413040576706,20.0,14.801635378751216,16.0,starter-role-runtime-state-v1
2025-08-20,605135,ESTABLISHED,86.66248719595895,107.0,22.917494602219676,25.0,15.782958189332474,17.0,starter-role-runtime-state-v1
2025-08-20,607259,ESTABLISHED,85.05758476904147,90.0,22.428543587332644,23.0,16.054185268487046,18.0,starter-role-runtime-state-v1
2025-08-20,622491,ESTABLISHED,93.560743444285,88.0,23.384555215128714,22.0,16.89273805579986,12.0,starter-role-runtime-state-v1
2025-08-20,641927,ESTABLISHED,88.82851077071541,82.0,23.412511595216266,21.0,16.6580388703572,17.0,starter-role-runtime-state-v1
2025-08-20,645261,ESTABLISHED,91.19704811990745,114.0,23.956235795524005,29.0,17.101662113609457,21.0,starter-role-runtime-state-v1
2025-08-20,656876,RAMPING,72.61581253100904,91.0,18.33113581719947,23.0,14.246567714455129,18.0,starter-role-runtime-state-v1
2025-08-20,664285,ESTABLISHED,93.38999370081304,96.0,26.23815662439266,25.0,18.912021359088442,15.0,starter-role-runtime-state-v1
2025-08-20,666200,ESTABLISHED,91.25119308690411,89.0,23.228677142635917,21.0,16.640827922615536,18.0,starter-role-runtime-state-v1
2025-08-20,669372,ESTABLISHED,79.65952637897249,81.0,19.77080290063077,22.0,13.365816696809551,14.0,starter-role-runtime-state-v1
2025-08-20,669467,ESTABLISHED,84.54078627259527,93.0,22.132812304110136,27.0,15.23219027361948,16.0,starter-role-runtime-state-v1
2025-08-20,685299,ESTABLISHED,74.44943986946818,92.0,20.90046165490373,24.0,13.162644145566155,18.0,starter-role-runtime-state-v1
2025-08-20,693645,ESTABLISHED,90.17739755819987,95.0,21.6418375896026,23.0,14.908490231075973,20.0,starter-role-runtime-state-v1
2025-08-20,694297,ESTABLISHED,88.287125759979,98.0,23.887729898720863,28.0,16.03925775142744,21.0,starter-role-runtime-state-v1
2025-08-20,694738,ESTABLISHED,82.41952270047004,65.0,21.067238505628406,14.0,14.230329708593388,7.0,starter-role-runtime-state-v1
2025-08-20,694819,RESTRICTED,69.67191209181951,78.0,16.424856964497046,16.0,11.838481067967573,12.0,starter-role-runtime-state-v1
2025-08-20,695418,ESTABLISHED,80.34535900085763,92.0,20.83133570421098,23.0,15.194247508567871,16.0,starter-role-runtime-state-v1
2025-08-20,702070,ESTABLISHED,86.90589528318557,89.0,23.12222611178521,20.0,17.058136215051675,14.0,starter-role-runtime-state-v1
2025-08-21,543243,ESTABLISHED,83.75607507450631,92.0,23.45651832952693,22.0,16.766863879800336,15.0,starter-role-runtime-state-v1
2025-08-21,547179,ESTABLISHED,83.80736738110717,89.0,21.582720197637897,25.0,15.641244153318322,13.0,starter-role-runtime-state-v1
2025-08-21,640455,ESTABLISHED,89.99952383642756,91.0,22.29838297304168,22.0,16.22004207024119,14.0,starter-role-runtime-state-v1
2025-08-21,656302,ESTABLISHED,90.6498109389113,95.0,21.851476348369296,22.0,15.421767749737013,15.0,starter-role-runtime-state-v1
2025-08-21,669022,ESTABLISHED,89.9249187428864,94.0,22.697212106950698,22.0,15.789978441188865,13.0,starter-role-runtime-state-v1
2025-08-21,678022,ESTABLISHED,84.88258373221204,90.0,21.007615051751422,22.0,14.169296201971243,15.0,starter-role-runtime-state-v1
2025-08-21,684007,ESTABLISHED,87.07491787966829,98.0,22.65689012525002,25.0,17.683203075665126,21.0,starter-role-runtime-state-v1
2025-08-21,687064,ESTABLISHED,79.93271845903912,84.0,21.186655610048593,27.0,14.806496862779483,16.0,starter-role-runtime-state-v1
2025-08-22,605288,ESTABLISHED,86.0884588220386,93.0,24.088571854975477,28.0,17.018955331578265,19.0,starter-role-runtime-state-v1
2025-08-22,605483,ESTABLISHED,90.55349595662793,97.0,21.306654047856505,26.0,15.66221762428641,21.0,starter-role-runtime-state-v1
2025-08-22,608331,ESTABLISHED,97.88303139873221,99.0,24.594453517212916,24.0,16.909048557120776,18.0,starter-role-runtime-state-v1
2025-08-22,663554,ESTABLISHED,85.45782944164718,87.0,21.649727306043463,25.0,15.173298911552836,17.0,starter-role-runtime-state-v1
2025-08-22,669456,ESTABLISHED,87.08931316488305,87.0,23.961908579504005,21.0,17.743269557542103,18.0,starter-role-runtime-state-v1
2025-08-22,676917,ESTABLISHED,88.7611070170146,95.0,23.10136845133119,28.0,16.55033935956358,18.0,starter-role-runtime-state-v1
2025-08-22,677952,RESTRICTED,60.0,65.0,15.685377887188022,16.0,11.943882751615977,15.0,starter-role-runtime-state-v1
2025-08-22,687473,ESTABLISHED,88.84909477652063,90.0,22.107227668297217,24.0,15.138058789293412,18.0,starter-role-runtime-state-v1
2025-08-22,687931,ESTABLISHED,79.02708458435221,88.0,20.915642982009793,17.0,14.200812169118983,12.0,starter-role-runtime-state-v1
2025-08-22,693433,ESTABLISHED,93.18570056031865,88.0,25.112309786754118,24.0,18.922160887283198,21.0,starter-role-runtime-state-v1
2025-08-22,700249,ESTABLISHED,91.76299578428008,96.0,22.473983516694176,21.0,15.723385805237447,14.0,starter-role-runtime-state-v1
2025-08-22,805673,ESTABLISHED,87.32446904805398,93.0,21.273342405657004,24.0,14.054658721453201,14.0,starter-role-runtime-state-v1
2025-08-23,605280,ESTABLISHED,85.90318053353958,94.0,21.585668472139233,24.0,14.828228754559634,19.0,starter-role-runtime-state-v1
2025-08-23,605400,ESTABLISHED,85.60374114614255,97.0,22.717723122694164,24.0,15.323594250929556,18.0,starter-role-runtime-state-v1
2025-08-23,605488,ESTABLISHED,91.9731378727877,74.0,21.87001616583989,20.0,15.736494825006588,16.0,starter-role-runtime-state-v1
2025-08-23,607536,ESTABLISHED,80.25526129181354,94.0,22.649201875302694,24.0,15.687278390897758,15.0,starter-role-runtime-state-v1
2025-08-23,608379,ESTABLISHED,84.91207472599748,108.0,22.88768361678546,24.0,17.28138214265576,18.0,starter-role-runtime-state-v1
2025-08-23,615698,RESTRICTED,74.6575090620357,92.0,19.692343402657972,24.0,13.638161731408442,14.0,starter-role-runtime-state-v1
2025-08-23,642547,ESTABLISHED,95.08782956177512,96.0,22.333831815143753,20.0,16.341162798413286,15.0,starter-role-runtime-state-v1
2025-08-23,657277,ESTABLISHED,98.10327671803634,94.0,25.819844531989784,25.0,18.37801939578972,18.0,starter-role-runtime-state-v1
2025-08-23,663436,ESTABLISHED,90.697810097662,93.0,23.254996640775417,20.0,16.56574242311374,15.0,starter-role-runtime-state-v1
2025-08-23,664299,RESTRICTED,78.55894722751275,65.0,19.936655327482924,14.0,13.983048046707587,6.0,starter-role-runtime-state-v1
2025-08-23,665152,ESTABLISHED,99.25170038659071,75.0,24.70767395727536,23.0,18.562332548083255,15.0,starter-role-runtime-state-v1
2025-08-23,669923,ESTABLISHED,93.68388501366037,98.0,23.80025472687619,25.0,17.323728004044003,18.0,starter-role-runtime-state-v1
2025-08-23,671096,ESTABLISHED,95.72572143615943,73.0,24.943271422788676,21.0,18.51980014276731,12.0,starter-role-runtime-state-v1
2025-08-23,676083,ESTABLISHED,83.24035767497614,92.0,22.469968168374876,23.0,16.392401063399014,17.0,starter-role-runtime-state-v1
2025-08-23,701542,ESTABLISHED,89.97242312376534,69.0,22.248877359371495,22.0,15.387940347942752,12.0,starter-role-runtime-state-v1
2025-08-24,518876,ESTABLISHED,87.272176330044,96.0,22.921389721117606,26.0,17.306295959674458,21.0,starter-role-runtime-state-v1
2025-08-24,592332,ESTABLISHED,95.10347981647621,94.0,24.056142155917374,26.0,17.97635033742367,18.0,starter-role-runtime-state-v1
2025-08-24,592662,ESTABLISHED,101.82705517496467,80.0,24.63898885105857,23.0,18.051310775162897,15.0,starter-role-runtime-state-v1
2025-08-24,592791,ESTABLISHED,90.0334662759432,62.0,23.1089766640054,18.0,16.834458011366536,15.0,starter-role-runtime-state-v1
2025-08-24,607074,ESTABLISHED,95.78586317232721,103.0,23.632081596964504,22.0,17.25899107506582,17.0,starter-role-runtime-state-v1
2025-08-24,607625,ESTABLISHED,90.41360810448289,79.0,23.349560741742543,21.0,16.404979442401444,13.0,starter-role-runtime-state-v1
2025-08-24,624133,ESTABLISHED,94.32405276474525,90.0,25.516020984594064,24.0,18.122381626951082,21.0,starter-role-runtime-state-v1
2025-08-24,656849,ESTABLISHED,89.19587439340118,98.0,24.43272733680834,26.0,17.978741271940393,17.0,starter-role-runtime-state-v1
2025-08-24,663623,ESTABLISHED,92.29724573008374,69.0,24.27221328214027,16.0,15.99258085206736,7.0,starter-role-runtime-state-v1
2025-08-24,663903,ESTABLISHED,86.03947797303762,95.0,22.05685920660028,24.0,15.786720719485961,18.0,starter-role-runtime-state-v1
2025-08-24,668909,ESTABLISHED,97.04830088585959,90.0,23.068379997930563,17.0,16.573084959547348,10.0,starter-role-runtime-state-v1
2025-08-24,669160,ESTABLISHED,91.09048258564503,70.0,23.849814709317158,21.0,16.205725330760217,13.0,starter-role-runtime-state-v1
2025-08-24,669302,ESTABLISHED,82.9017263959788,93.0,20.976604338959838,22.0,15.152526597906819,18.0,starter-role-runtime-state-v1
2025-08-24,669432,ESTABLISHED,95.0253847870941,93.0,24.10316405967334,28.0,18.51507025892561,21.0,starter-role-runtime-state-v1
2025-08-24,669461,ESTABLISHED,79.92388206964748,73.0,20.984306867483692,19.0,14.372211871293267,13.0,starter-role-runtime-state-v1
2025-08-24,671737,ESTABLISHED,79.64881248433315,88.0,20.919959597607814,24.0,14.653415793448474,15.0,starter-role-runtime-state-v1
2025-08-24,682052,ESTABLISHED,92.1308761233999,65.0,21.90383123845862,18.0,16.33984279053441,6.0,starter-role-runtime-state-v1
2025-08-24,691587,ESTABLISHED,84.80604836877473,94.0,19.983404659912175,22.0,14.923923175114703,18.0,starter-role-runtime-state-v1
2025-08-24,693821,ESTABLISHED,87.67705482672095,95.0,24.230570349719315,24.0,15.815733058808325,18.0,starter-role-runtime-state-v1
2025-08-24,694973,ESTABLISHED,92.9985686338187,101.0,22.51630320041075,24.0,16.726503438278503,21.0,starter-role-runtime-state-v1
2025-08-24,808967,ESTABLISHED,91.41608518315984,92.0,22.818280448763808,23.0,16.510074162130035,18.0,starter-role-runtime-state-v1
2025-08-25,453286,ESTABLISHED,86.19628200415846,97.0,22.424689108750062,23.0,16.664914299630354,18.0,starter-role-runtime-state-v1
2025-08-25,593958,ESTABLISHED,90.25374082495937,65.0,24.901477756123406,14.0,16.520848033946677,7.0,starter-role-runtime-state-v1
2025-08-25,594798,ESTABLISHED,89.22118356356772,90.0,22.37278052030069,20.0,17.21694813399236,15.0,starter-role-runtime-state-v1
2025-08-25,608372,ESTABLISHED,86.89084619203474,87.0,22.8350033492272,26.0,16.06660621608274,18.0,starter-role-runtime-state-v1
2025-08-25,650911,ESTABLISHED,92.25305203622212,94.0,26.468770397884185,27.0,19.792072887481233,16.0,starter-role-runtime-state-v1
2025-08-25,665795,ESTABLISHED,93.3996475550004,100.0,23.72109333517014,25.0,16.690356758215962,21.0,starter-role-runtime-state-v1
2025-08-25,667755,ESTABLISHED,89.74737772286767,91.0,23.888882973492677,20.0,16.96015148955971,17.0,starter-role-runtime-state-v1
2025-08-25,669372,ESTABLISHED,78.21300788022538,84.0,19.869502277913874,23.0,13.40399457179943,16.0,starter-role-runtime-state-v1
2025-08-25,669373,ESTABLISHED,94.36080801914215,99.0,24.189077326913885,28.0,19.187086906763124,20.0,starter-role-runtime-state-v1
2025-08-25,676440,ESTABLISHED,96.22080457803715,98.0,24.39607800027475,29.0,16.871696085997353,18.0,starter-role-runtime-state-v1
2025-08-25,682243,ESTABLISHED,83.25083466455277,81.0,21.477785174056507,21.0,15.223912173627255,15.0,starter-role-runtime-state-v1
2025-08-25,693645,ESTABLISHED,89.15275877806964,96.0,21.69450018892071,22.0,15.832006533362446,18.0,starter-role-runtime-state-v1
2025-08-25,695418,ESTABLISHED,81.6679163736477,78.0,21.10502303356909,23.0,15.301047099683144,13.0,starter-role-runtime-state-v1
2025-08-25,700241,ESTABLISHED,83.2480823380129,92.0,23.97398863164821,24.0,17.58731037014189,18.0,starter-role-runtime-state-v1
2025-08-25,702070,ESTABLISHED,86.51792473867062,88.0,22.635571155856017,23.0,16.644671830506656,15.0,starter-role-runtime-state-v1
2025-08-26,527048,ESTABLISHED,77.58057277969876,85.0,20.96530383085048,22.0,14.911743994517792,21.0,starter-role-runtime-state-v1
2025-08-26,547179,ESTABLISHED,84.20893491880624,78.0,21.921211442219224,21.0,15.353877280479407,15.0,starter-role-runtime-state-v1
2025-08-26,571510,ESTABLISHED,86.50672248590126,92.0,22.980409363473438,24.0,17.850911258004526,16.0,starter-role-runtime-state-v1
2025-08-26,605135,ESTABLISHED,92.07085634724471,93.0,23.53886712162374,24.0,16.03567778231664,17.0,starter-role-runtime-state-v1
2025-08-26,607259,ESTABLISHED,84.89833685044515,104.0,22.415571924681792,24.0,16.252953974672423,16.0,starter-role-runtime-state-v1
2025-08-26,622491,ESTABLISHED,95.10129397438106,87.0,23.460920138345244,23.0,16.39819357770445,15.0,starter-role-runtime-state-v1
2025-08-26,640455,ESTABLISHED,88.27337522578703,90.0,22.066759981535014,19.0,15.92434429727569,14.0,starter-role-runtime-state-v1
2025-08-26,641927,ESTABLISHED,87.00554720830308,96.0,23.01549012441369,23.0,16.666823860353,15.0,starter-role-runtime-state-v1
2025-08-26,645261,ESTABLISHED,95.9914757164616,104.0,24.773985035425703,26.0,17.596738308419603,21.0,starter-role-runtime-state-v1
2025-08-26,656302,ESTABLISHED,91.59441245160573,87.0,21.95065060876295,20.0,15.4257825851589,13.0,starter-role-runtime-state-v1
2025-08-26,666200,ESTABLISHED,90.9005947565747,87.0,22.957227318825822,21.0,16.80466846858289,12.0,starter-role-runtime-state-v1
2025-08-26,669022,ESTABLISHED,92.24987949880662,99.0,22.819955720047474,20.0,15.54079981955734,15.0,starter-role-runtime-state-v1
2025-08-26,669358,ESTABLISHED,85.69000445313684,92.0,23.09105389218682,23.0,15.775668678750057,18.0,starter-role-runtime-state-v1
2025-08-26,669467,ESTABLISHED,86.35116775408851,91.0,22.748663361219652,24.0,15.361715278295804,15.0,starter-role-runtime-state-v1
2025-08-26,680694,ESTABLISHED,83.32662655772513,81.0,20.718096802576596,21.0,15.813409567855608,18.0,starter-role-runtime-state-v1
2025-08-26,685299,ESTABLISHED,80.12674937246418,93.0,21.720896979606103,26.0,13.866108665221711,18.0,starter-role-runtime-state-v1
2025-08-26,686613,ESTABLISHED,95.00959311197492,93.0,23.425746344635655,28.0,17.597880407674694,20.0,starter-role-runtime-state-v1
2025-08-26,694297,ESTABLISHED,90.42055177592869,80.0,24.454594024839054,17.0,16.591679795207956,8.0,starter-role-runtime-state-v1
2025-08-26,694819,ESTABLISHED,73.0723567262551,93.0,16.556621106848585,20.0,11.92754068230023,15.0,starter-role-runtime-state-v1
2025-08-27,543243,ESTABLISHED,84.65589953067884,87.0,23.280022031949613,28.0,16.571601757105203,21.0,starter-role-runtime-state-v1
2025-08-27,608331,ESTABLISHED,94.26369003141514,94.0,24.10575235371926,26.0,16.928017558292474,21.0,starter-role-runtime-state-v1
2025-08-27,641778,ESTABLISHED,85.28310669412951,98.0,21.40533312930599,24.0,14.878585398988683,14.0,starter-role-runtime-state-v1
2025-08-27,656876,RAMPING,74.94945494369082,85.0,18.87319713126543,22.0,14.650043940142826,18.0,starter-role-runtime-state-v1
2025-08-27,663554,RAMPING,86.22909722825277,78.0,22.075230646706544,19.0,15.387160331716757,10.0,starter-role-runtime-state-v1
2025-08-27,664285,ESTABLISHED,95.08761444076855,99.0,26.273456321597088,25.0,18.522143972340892,21.0,starter-role-runtime-state-v1
2025-08-27,666157,ESTABLISHED,80.2556988121586,76.0,20.92965816061053,21.0,16.319772815358,14.0,starter-role-runtime-state-v1
2025-08-27,669387,RESTRICTED,63.36723458366472,46.0,16.579242491024367,13.0,11.623231921668939,9.0,starter-role-runtime-state-v1
2025-08-27,676917,ESTABLISHED,89.29933609878546,76.0,24.325604524572896,18.0,16.94339000831725,7.0,starter-role-runtime-state-v1
2025-08-27,687473,ESTABLISHED,89.13481714682727,96.0,22.36107443921479,24.0,15.50265843447127,11.0,starter-role-runtime-state-v1
2025-08-27,687931,ESTABLISHED,80.53410682709625,82.0,19.518159308899556,22.0,13.495127516389644,15.0,starter-role-runtime-state-v1
2025-08-27,690997,ESTABLISHED,91.21468537031362,95.0,22.897757972765106,27.0,18.542297742514066,24.0,starter-role-runtime-state-v1
2025-08-27,693433,ESTABLISHED,92.09388828949706,95.0,24.922021325213038,25.0,19.13174784094074,17.0,starter-role-runtime-state-v1
2025-08-28,605280,ESTABLISHED,87.78291916452348,88.0,21.9680418379662,24.0,15.330597074770761,15.0,starter-role-runtime-state-v1
2025-08-28,605400,ESTABLISHED,85.93512535401618,95.0,22.749166519732157,23.0,15.569967223205186,18.0,starter-role-runtime-state-v1
2025-08-28,607536,ESTABLISHED,85.00324033586955,90.0,23.216033467648717,26.0,15.7390823783086,18.0,starter-role-runtime-state-v1
2025-08-28,615698,ESTABLISHED,75.84707455364982,53.0,20.101668291015795,19.0,13.697547746398993,10.0,starter-role-runtime-state-v1
2025-08-28,657277,ESTABLISHED,93.21745596963996,94.0,25.19890867102037,25.0,18.179089001186902,21.0,starter-role-runtime-state-v1
2025-08-28,663436,ESTABLISHED,90.16219762980262,81.0,22.76709984020711,18.0,16.35673778344528,11.0,starter-role-runtime-state-v1
2025-08-28,677952,RESTRICTED,60.0,73.0,15.584466197451809,21.0,12.774936144787105,17.0,starter-role-runtime-state-v1
2025-08-28,684007,ESTABLISHED,90.28894035612372,92.0,23.144305990308702,26.0,18.108046243342848,21.0,starter-role-runtime-state-v1
2025-08-28,700249,ESTABLISHED,92.16870242912304,81.0,22.29211443126331,21.0,15.521015993066051,15.0,starter-role-runtime-state-v1
2025-08-28,701542,ESTABLISHED,82.97067856976958,93.0,21.68747072311161,24.0,14.859128772176643,15.0,starter-role-runtime-state-v1
2025-08-29,592662,ESTABLISHED,95.44920515828133,94.0,24.021849607334573,22.0,17.576422777458244,13.0,starter-role-runtime-state-v1
2025-08-29,605288,ESTABLISHED,87.17881010152725,86.0,24.546092015688494,20.0,17.243013053415403,12.0,starter-role-runtime-state-v1
2025-08-29,605483,ESTABLISHED,92.40925565119856,86.0,21.923745902438966,23.0,16.272538281873928,16.0,starter-role-runtime-state-v1
2025-08-29,605488,ESTABLISHED,87.90155035550312,94.0,21.44715612768184,24.0,15.709366483108234,17.0,starter-role-runtime-state-v1
2025-08-29,607074,ESTABLISHED,97.93280299778063,97.0,23.586573545718124,25.0,17.27485107218604,18.0,starter-role-runtime-state-v1
2025-08-29,607625,ESTABLISHED,89.3728592685282,85.0,23.11028375381533,22.0,16.013604017908463,10.0,starter-role-runtime-state-v1
2025-08-29,624133,ESTABLISHED,92.38477114465901,92.0,25.20012178349232,23.0,18.421367515695742,15.0,starter-role-runtime-state-v1
2025-08-29,642547,ESTABLISHED,94.77905287227037,95.0,22.01431869349601,21.0,16.173483707456157,18.0,starter-role-runtime-state-v1
2025-08-29,664299,RESTRICTED,77.64433567746985,85.0,19.304187033262853,21.0,13.044483731638026,18.0,starter-role-runtime-state-v1
2025-08-29,665152,ESTABLISHED,94.02020442505284,76.0,24.23220627133043,19.0,18.06996418827619,9.0,starter-role-runtime-state-v1
2025-08-29,669456,ESTABLISHED,88.25886543662267,92.0,23.748750554499978,20.0,17.829415537187653,16.0,starter-role-runtime-state-v1
2025-08-29,669461,ESTABLISHED,77.96217442206314,88.0,20.64118329867052,25.0,14.2085232068183,15.0,starter-role-runtime-state-v1
2025-08-29,669923,ESTABLISHED,92.57344822254557,98.0,23.74915991189175,28.0,17.341693543955742,21.0,starter-role-runtime-state-v1
2025-08-29,691587,ESTABLISHED,85.70671999256331,39.0,20.192962151299156,7.0,15.253829041500083,2.0,starter-role-runtime-state-v1
2025-08-29,693821,ESTABLISHED,88.84212110901919,96.0,24.239945259315007,27.0,16.052496832207527,21.0,starter-role-runtime-state-v1
2025-08-29,694973,ESTABLISHED,92.23750261622216,95.0,22.496736535846658,25.0,17.138605606140633,18.0,starter-role-runtime-state-v1
2025-08-29,805673,ESTABLISHED,88.31375959684246,96.0,21.631727031512035,24.0,14.062838788297832,18.0,starter-role-runtime-state-v1
2025-08-30,518876,ESTABLISHED,89.94029349162675,79.0,23.464114510841977,25.0,17.774588122376485,19.0,starter-role-runtime-state-v1
2025-08-30,519242,ESTABLISHED,103.65426283559393,78.0,25.625071961123385,21.0,19.08454273581257,18.0,starter-role-runtime-state-v1
2025-08-30,592332,ESTABLISHED,93.4457788973079,96.0,24.089978289843238,24.0,17.938412330064033,21.0,starter-role-runtime-state-v1
2025-08-30,593958,ESTABLISHED,85.03830870840615,96.0,23.290791246345446,24.0,15.303312686981073,18.0,starter-role-runtime-state-v1
2025-08-30,650911,ESTABLISHED,90.96862573221541,97.0,26.33444934105674,26.0,19.316583321723634,21.0,starter-role-runtime-state-v1
2025-08-30,656849,ESTABLISHED,92.2713904721516,65.0,24.86230248150255,17.0,17.94784627438993,6.0,starter-role-runtime-state-v1
2025-08-30,663623,ESTABLISHED,87.28368932815113,83.0,23.01315792390081,22.0,14.836784153655927,18.0,starter-role-runtime-state-v1
2025-08-30,665795,ESTABLISHED,90.9687884570787,79.0,23.493347604999105,22.0,17.056775408230735,12.0,starter-role-runtime-state-v1
2025-08-30,668909,ESTABLISHED,92.0190305532073,95.0,21.87530401124186,26.0,15.675023619618047,21.0,starter-role-runtime-state-v1
2025-08-30,669160,ESTABLISHED,86.71059903573232,97.0,23.301004813108904,28.0,15.777737099723375,16.0,starter-role-runtime-state-v1
2025-08-30,669302,ESTABLISHED,83.52021815529413,93.0,21.03797917683277,23.0,15.449625726923028,18.0,starter-role-runtime-state-v1
2025-08-30,669432,ESTABLISHED,93.3205172228121,92.0,24.329093241852092,26.0,18.726207233460094,21.0,starter-role-runtime-state-v1
2025-08-30,671096,ESTABLISHED,90.73300269439243,96.0,24.225588246555567,22.0,17.690163872018886,15.0,starter-role-runtime-state-v1
2025-08-30,671737,ESTABLISHED,80.39687065622353,83.0,21.22708324324504,19.0,14.682314269672583,15.0,starter-role-runtime-state-v1
2025-08-30,693645,ESTABLISHED,89.78876788920161,100.0,21.686571671926,24.0,16.202468222892424,18.0,starter-role-runtime-state-v1
2025-08-30,700241,ESTABLISHED,83.49501005440705,93.0,23.85635249363466,25.0,17.610225288366937,18.0,starter-role-runtime-state-v1
2025-08-31,453286,ESTABLISHED,87.00682293208892,67.0,22.437178507525907,19.0,16.789399786678405,12.0,starter-role-runtime-state-v1
2025-08-31,527048,ESTABLISHED,75.50794693012969,99.0,20.763317979960547,25.0,15.513727195080053,18.0,starter-role-runtime-state-v1
2025-08-31,571510,ESTABLISHED,85.85408681601312,91.0,22.939550160230816,25.0,17.59751600296516,18.0,starter-role-runtime-state-v1
2025-08-31,594798,ESTABLISHED,88.68168248520686,79.0,22.02202156176766,18.0,16.940236530091795,15.0,starter-role-runtime-state-v1
2025-08-31,608372,ESTABLISHED,86.43253168350375,80.0,23.12526603772853,20.0,16.27087853647786,10.0,starter-role-runtime-state-v1
2025-08-31,608379,ESTABLISHED,91.59204133531009,71.0,23.496035260221213,20.0,17.505967430242734,14.0,starter-role-runtime-state-v1
2025-08-31,645261,ESTABLISHED,96.8625837007037,104.0,24.902214630384623,27.0,17.96360588385307,21.0,starter-role-runtime-state-v1
2025-08-31,663903,ESTABLISHED,85.94493901358138,102.0,22.142958888540264,25.0,15.990539335568503,18.0,starter-role-runtime-state-v1
2025-08-31,666200,ESTABLISHED,89.78254373828847,104.0,22.661928402761674,23.0,16.24116741777942,20.0,starter-role-runtime-state-v1
2025-08-31,667755,ESTABLISHED,93.56758428423771,93.0,23.84630117512447,24.0,17.081328570855565,21.0,starter-role-runtime-state-v1
2025-08-31,669372,ESTABLISHED,78.08458018091478,95.0,20.156740278476537,25.0,13.702845275308547,18.0,starter-role-runtime-state-v1
2025-08-31,669373,ESTABLISHED,96.12970483640731,93.0,24.7282752047523,26.0,19.326615550890075,21.0,starter-role-runtime-state-v1
2025-08-31,669467,ESTABLISHED,91.41489544464677,95.0,23.427005251850765,25.0,15.475194230070137,15.0,starter-role-runtime-state-v1
2025-08-31,676440,ESTABLISHED,95.77596962240683,91.0,24.803007537581088,27.0,16.980329158298908,19.0,starter-role-runtime-state-v1
2025-08-31,682243,ESTABLISHED,83.97484320225684,72.0,21.531235669378823,21.0,15.230899307750633,18.0,starter-role-runtime-state-v1
2025-08-31,685299,ESTABLISHED,83.54464075724357,81.0,22.467633526399776,24.0,14.423418769508277,18.0,starter-role-runtime-state-v1
2025-08-31,686613,ESTABLISHED,93.56901543401592,94.0,23.74787281860953,24.0,17.819722272009656,18.0,starter-role-runtime-state-v1
2025-08-31,694297,ESTABLISHED,88.64785491299023,94.0,23.44871454925689,22.0,15.518167638225817,13.0,starter-role-runtime-state-v1
2025-08-31,695418,ESTABLISHED,80.41560712191142,62.0,21.270548771310068,16.0,14.961916625169511,9.0,starter-role-runtime-state-v1
2025-08-31,808967,ESTABLISHED,91.8383035029697,98.0,22.85786725061233,25.0,16.66081621795945,21.0,starter-role-runtime-state-v1
2025-09-01,543243,ESTABLISHED,82.91815164437385,82.0,23.51660126393432,30.0,16.965428841750764,18.0,starter-role-runtime-state-v1
2025-09-01,605135,ESTABLISHED,95.41026647956681,107.0,23.965702297504986,25.0,16.23401733172553,18.0,starter-role-runtime-state-v1
2025-09-01,622491,ESTABLISHED,92.72147494304392,78.0,23.246766273586907,18.0,16.197250297834067,12.0,starter-role-runtime-state-v1
2025-09-01,640455,ESTABLISHED,89.6391671921588,83.0,21.843454336877514,20.0,15.758704207776537,11.0,starter-role-runtime-state-v1
2025-09-01,641927,ESTABLISHED,89.14025686555482,69.0,23.150253793000513,22.0,16.516853670200575,15.0,starter-role-runtime-state-v1
2025-09-01,656302,ESTABLISHED,92.33428440234539,91.0,21.864485675491245,18.0,15.196422258064901,12.0,starter-role-runtime-state-v1
2025-09-01,669358,ESTABLISHED,87.21585289211183,83.0,23.17960203900504,23.0,16.05550847939112,18.0,starter-role-runtime-state-v1
2025-09-01,680694,ESTABLISHED,83.79479029273112,84.0,20.83173433088096,17.0,16.092611822420725,12.0,starter-role-runtime-state-v1
2025-09-01,694819,ESTABLISHED,76.6999473442005,73.0,17.160224324794907,19.0,12.426397483255299,13.0,starter-role-runtime-state-v1
2025-09-01,800048,ESTABLISHED,91.01870746352094,82.0,24.89864711697764,21.0,20.535345462143383,11.0,starter-role-runtime-state-v1
2025-09-02,547179,ESTABLISHED,84.62036879574205,95.0,21.94708497088206,23.0,15.357366849841643,18.0,starter-role-runtime-state-v1
2025-09-02,607536,ESTABLISHED,85.78856375358652,8.0,23.547788505874518,2.0,15.983264712207907,0.0,starter-role-runtime-state-v1
2025-09-02,608331,ESTABLISHED,95.65792703788257,101.0,24.47122386757914,28.0,17.424353730564324,21.0,starter-role-runtime-state-v1
2025-09-02,656876,RAMPING,76.43257373024441,72.0,19.247234070410695,19.0,15.025874367683256,15.0,starter-role-runtime-state-v1
2025-09-02,657277,ESTABLISHED,91.76905312328587,94.0,24.990944752576542,22.0,18.427342847098487,15.0,starter-role-runtime-state-v1
2025-09-02,663436,ESTABLISHED,86.5105652611062,90.0,21.911424606862727,26.0,15.642049724114258,18.0,starter-role-runtime-state-v1
2025-09-02,664285,ESTABLISHED,96.29272000268998,96.0,26.2223065513775,24.0,18.834465128454827,15.0,starter-role-runtime-state-v1
2025-09-02,669387,RESTRICTED,60.0,50.0,15.993152722372598,8.0,11.241866247057143,6.0,starter-role-runtime-state-v1
2025-09-02,676917,ESTABLISHED,86.85450584806725,75.0,22.790167215322946,20.0,14.338456294487349,15.0,starter-role-runtime-state-v1
2025-09-02,684007,ESTABLISHED,88.79456332315468,78.0,23.25466915814594,22.0,18.38217041987967,18.0,starter-role-runtime-state-v1
2025-09-02,690997,ESTABLISHED,93.51492629085821,90.0,24.467959501235992,22.0,20.55501395683978,18.0,starter-role-runtime-state-v1
2025-09-02,693433,ESTABLISHED,93.40396059297424,84.0,25.04582864565418,22.0,18.92735068204405,15.0,starter-role-runtime-state-v1
2025-09-03,592662,ESTABLISHED,93.19117691855988,99.0,23.568145940672814,22.0,17.008654395521962,14.0,starter-role-runtime-state-v1
2025-09-03,605280,ESTABLISHED,90.73910413075633,85.0,22.523501284871063,21.0,15.39012764807307,14.0,starter-role-runtime-state-v1
2025-09-03,605288,ESTABLISHED,84.14376428142279,87.0,23.644328652982594,26.0,16.534222737849227,21.0,starter-role-runtime-state-v1
2025-09-03,605400,ESTABLISHED,89.41075921822704,95.0,23.06195325517891,24.0,15.910712212749477,15.0,starter-role-runtime-state-v1
2025-09-03,605488,ESTABLISHED,87.70827759339556,87.0,21.634704389130018,22.0,15.81905976078033,18.0,starter-role-runtime-state-v1
2025-09-03,663554,ESTABLISHED,85.48358954439219,69.0,21.749292393548107,19.0,14.766121234378048,15.0,starter-role-runtime-state-v1
2025-09-03,669456,ESTABLISHED,88.68365044653729,98.0,23.28325660172088,24.0,17.617591108170615,18.0,starter-role-runtime-state-v1
2025-09-03,669461,ESTABLISHED,79.46759710945493,81.0,21.152536211620948,21.0,14.325160534206628,16.0,starter-role-runtime-state-v1
2025-09-03,669923,ESTABLISHED,93.55198068889432,54.0,24.233786422683842,17.0,17.73680397510912,6.0,starter-role-runtime-state-v1
2025-09-03,676282,ESTABLISHED,87.35471983176667,104.0,20.7872974329163,25.0,14.421150738918602,18.0,starter-role-runtime-state-v1
2025-09-03,677952,ESTABLISHED,60.27439703686194,71.0,16.539764343901282,15.0,13.705445358328667,9.0,starter-role-runtime-state-v1
2025-09-03,691587,ESTABLISHED,76.39759929768526,76.0,18.133522894041867,20.0,13.36955971992651,12.0,starter-role-runtime-state-v1
2025-09-03,693821,ESTABLISHED,88.65587861178633,101.0,24.418759001745315,24.0,16.55256956032703,21.0,starter-role-runtime-state-v1
2025-09-03,700249,ESTABLISHED,90.45351634678022,85.0,22.10009307207617,24.0,15.448971578532799,15.0,starter-role-runtime-state-v1
2025-09-03,701542,ESTABLISHED,85.73690180627119,67.0,22.128572058254562,19.0,14.92556522454803,15.0,starter-role-runtime-state-v1
2025-09-03,805673,ESTABLISHED,86.8567109287523,84.0,21.644733430638006,23.0,14.450749237159386,18.0,starter-role-runtime-state-v1
2025-09-04,605483,ESTABLISHED,91.64487388610713,90.0,22.03266915637116,26.0,16.235551127962445,15.0,starter-role-runtime-state-v1
2025-09-04,607074,ESTABLISHED,98.85074533699901,109.0,23.86343595097042,24.0,17.408929749314275,18.0,starter-role-runtime-state-v1
2025-09-04,624133,ESTABLISHED,94.481046770055,89.0,25.1976103154433,25.0,18.10426577585521,18.0,starter-role-runtime-state-v1
2025-09-04,642547,ESTABLISHED,95.74460087138942,92.0,21.996644893387156,20.0,16.404957126296274,15.0,starter-role-runtime-state-v1
2025-09-04,664299,RESTRICTED,76.4057284408121,78.0,19.26177977413689,22.0,13.510417194501853,13.0,starter-role-runtime-state-v1
2025-09-04,671737,ESTABLISHED,79.39796680287473,91.0,20.829765426091647,23.0,14.67772561242816,15.0,starter-role-runtime-state-v1
2025-09-04,694973,ESTABLISHED,94.32796141403618,94.0,22.953980919471686,21.0,17.291750472984276,18.0,starter-role-runtime-state-v1
2025-09-04,702070,ESTABLISHED,88.10533104417055,93.0,22.841911010166605,22.0,16.492076137950484,15.0,starter-role-runtime-state-v1
2025-09-05,518876,ESTABLISHED,87.18333804847587,94.0,23.431412936146238,27.0,17.855088090522926,21.0,starter-role-runtime-state-v1
2025-09-05,519242,ESTABLISHED,98.48959912624848,92.0,24.856166874296555,24.0,18.893825446543275,20.0,starter-role-runtime-state-v1
2025-09-05,592332,ESTABLISHED,95.2070570696659,105.0,24.234582714886322,29.0,18.31119913241186,24.0,starter-role-runtime-state-v1
2025-09-05,593958,ESTABLISHED,87.77009247349854,96.0,23.547751731963686,23.0,15.633105648159342,18.0,starter-role-runtime-state-v1
2025-09-05,607536,RESTRICTED,67.68726081621388,88.0,19.88090673121856,26.0,13.322986089996247,24.0,starter-role-runtime-state-v1
2025-09-05,608379,ESTABLISHED,87.24939089200112,83.0,22.87195468363343,23.0,17.03112748466136,17.0,starter-role-runtime-state-v1
2025-09-05,650911,ESTABLISHED,94.5354619518865,82.0,26.661576455829262,27.0,19.623457750851305,21.0,starter-role-runtime-state-v1
2025-09-05,656849,ESTABLISHED,88.41276472438356,91.0,23.888949351882935,24.0,16.490765758898927,16.0,starter-role-runtime-state-v1
2025-09-05,663623,ESTABLISHED,86.92658694379207,79.0,22.91501888057465,20.0,15.201201513090055,10.0,starter-role-runtime-state-v1
2025-09-05,665152,ESTABLISHED,89.5339586933529,56.0,23.357554402897797,11.0,16.92689571826186,9.0,starter-role-runtime-state-v1
2025-09-05,667755,ESTABLISHED,92.3394166145284,80.0,23.740481048878312,17.0,17.487629006188953,7.0,starter-role-runtime-state-v1
2025-09-05,668909,ESTABLISHED,93.62944814016792,95.0,22.431110866324236,29.0,16.269590454156152,21.0,starter-role-runtime-state-v1
2025-09-05,669302,ESTABLISHED,85.95091798286842,86.0,21.402629957221208,24.0,15.776202134515453,18.0,starter-role-runtime-state-v1
2025-09-05,671096,ESTABLISHED,90.23402133328395,98.0,23.84208308551458,25.0,17.351718831453617,14.0,starter-role-runtime-state-v1
2025-09-05,693645,ESTABLISHED,93.72572913307823,66.0,22.315364313198664,13.0,16.574922048789247,5.0,starter-role-runtime-state-v1
2025-09-05,700241,ESTABLISHED,88.60835664460456,75.0,24.492839499634584,22.0,17.804298563887325,12.0,starter-role-runtime-state-v1
2025-09-06,527048,ESTABLISHED,84.93162335323768,89.0,22.056545602979682,21.0,16.03406533261122,12.0,starter-role-runtime-state-v1
2025-09-06,571510,ESTABLISHED,89.37786739520529,87.0,23.552433789407083,26.0,17.79089317326424,21.0,starter-role-runtime-state-v1
2025-09-06,594798,ESTABLISHED,85.3264733890874,97.0,21.30707190214363,24.0,16.651713417480014,16.0,starter-role-runtime-state-v1
2025-09-06,605135,ESTABLISHED,94.99049771173749,80.0,23.89246667548262,22.0,16.388450744288335,15.0,starter-role-runtime-state-v1
2025-09-06,645261,ESTABLISHED,101.05980988271442,102.0,25.519696161169406,26.0,18.40313611345444,18.0,starter-role-runtime-state-v1
2025-09-06,663903,ESTABLISHED,91.65542555707493,99.0,22.909688313157247,25.0,16.34352458088768,18.0,starter-role-runtime-state-v1
2025-09-06,666200,ESTABLISHED,92.90862212457905,100.0,22.87665364754487,26.0,16.704736561164758,18.0,starter-role-runtime-state-v1
2025-09-06,669358,ESTABLISHED,84.92918171284533,82.0,22.950135713028956,22.0,16.226465913555458,15.0,starter-role-runtime-state-v1
2025-09-06,669372,ESTABLISHED,82.45705844738377,91.0,21.01415591168708,20.0,14.298851191871197,15.0,starter-role-runtime-state-v1
2025-09-06,669373,ESTABLISHED,95.1303818278492,90.0,24.783264333344178,23.0,19.478680557887493,21.0,starter-role-runtime-state-v1
2025-09-06,669432,ESTABLISHED,92.96172375257653,96.0,24.483835872689767,24.0,18.955599700643432,16.0,starter-role-runtime-state-v1
2025-09-06,669467,ESTABLISHED,91.74847964097793,89.0,23.59656562146481,24.0,15.427240064556571,18.0,starter-role-runtime-state-v1
2025-09-06,676440,ESTABLISHED,93.93130582063826,92.0,24.877216832580466,24.0,17.156359814142313,20.0,starter-role-runtime-state-v1
2025-09-06,681190,RESTRICTED,74.75229768089872,77.0,20.512018460293703,25.0,14.348598755418532,18.0,starter-role-runtime-state-v1
2025-09-06,682243,ESTABLISHED,84.03240725828023,92.0,21.629841427587493,24.0,15.592365706038283,16.0,starter-role-runtime-state-v1
2025-09-06,686613,ESTABLISHED,95.30541534602105,107.0,23.965769565226367,25.0,17.895160790916297,18.0,starter-role-runtime-state-v1
2025-09-06,694297,ESTABLISHED,89.54428884582174,96.0,23.306558846971047,24.0,15.239440022539364,18.0,starter-role-runtime-state-v1
2025-09-06,695418,ESTABLISHED,74.0037413483025,90.0,20.06766571760256,21.0,13.977172836537239,17.0,starter-role-runtime-state-v1
2025-09-06,808967,ESTABLISHED,92.7167784267994,112.0,23.104102046238204,28.0,17.12987020537426,26.0,starter-role-runtime-state-v1
2025-09-07,453286,ESTABLISHED,84.72772664688978,93.0,22.048702505370485,20.0,16.234138707933816,13.0,starter-role-runtime-state-v1
2025-09-07,543243,ESTABLISHED,83.5899087337608,91.0,24.258524168904074,22.0,17.1068166293538,16.0,starter-role-runtime-state-v1
2025-09-07,547179,ESTABLISHED,85.43234550976663,82.0,22.02186867759346,22.0,15.62152247117835,16.0,starter-role-runtime-state-v1
2025-09-07,608331,ESTABLISHED,96.22032631110828,100.0,24.844675266494114,28.0,17.803449525132798,21.0,starter-role-runtime-state-v1
2025-09-07,608372,ESTABLISHED,85.91533509075488,67.0,22.785818233670746,16.0,15.531166678840979,9.0,starter-role-runtime-state-v1
2025-09-07,622491,ESTABLISHED,89.28240779791575,82.0,22.44316726399994,20.0,15.66667514459974,18.0,starter-role-runtime-state-v1
2025-09-07,641927,ESTABLISHED,85.57278933469917,85.0,22.868855857504318,21.0,16.293967364390394,16.0,starter-role-runtime-state-v1
2025-09-07,656302,ESTABLISHED,93.61601392386898,102.0,21.55718899507751,20.0,14.874235280510753,15.0,starter-role-runtime-state-v1
2025-09-07,656876,ESTABLISHED,74.8733568008492,82.0,19.090838602028786,19.0,14.976980994869074,15.0,starter-role-runtime-state-v1
2025-09-07,663436,ESTABLISHED,87.19360644519564,97.0,22.375357055223652,22.0,15.911621003913375,16.0,starter-role-runtime-state-v1
2025-09-07,663969,RESTRICTED,69.29784573069499,41.0,19.57548000046014,10.0,12.14716823837927,8.0,starter-role-runtime-state-v1
2025-09-07,664285,ESTABLISHED,94.52788647093439,97.0,25.74959834958836,26.0,18.321741344539255,21.0,starter-role-runtime-state-v1
2025-09-07,685299,ESTABLISHED,84.34798088472033,91.0,22.78525814258678,18.0,14.886673479977588,11.0,starter-role-runtime-state-v1
2025-09-07,694819,ESTABLISHED,80.18969800891404,108.0,17.835730060482625,25.0,12.629478781097683,21.0,starter-role-runtime-state-v1
2025-09-07,800048,ESTABLISHED,87.58300777563774,86.0,23.412163470797786,25.0,16.865765042516745,18.0,starter-role-runtime-state-v1
2025-09-08,605400,ESTABLISHED,95.27567070563558,94.0,23.770392384636352,22.0,15.974925032418769,18.0,starter-role-runtime-state-v1
2025-09-08,657277,ESTABLISHED,94.77258314172765,110.0,24.96505268029565,26.0,18.115271122300452,18.0,starter-role-runtime-state-v1
2025-09-08,666157,RESTRICTED,78.32963871162015,79.0,20.76172790732943,18.0,16.010296861056077,15.0,starter-role-runtime-state-v1
2025-09-08,676083,ESTABLISHED,84.92912694079357,86.0,22.600557517265678,23.0,16.492327341845204,13.0,starter-role-runtime-state-v1
2025-09-08,676917,ESTABLISHED,82.8709883240969,61.0,22.02311889810276,21.0,14.468458607873611,15.0,starter-role-runtime-state-v1
2025-09-08,684007,ESTABLISHED,88.35031791761976,80.0,23.20303009741648,23.0,18.367305417266955,18.0,starter-role-runtime-state-v1
2025-09-08,690997,ESTABLISHED,92.44365995169235,91.0,23.722023500696316,24.0,19.791820333707598,16.0,starter-role-runtime-state-v1
2025-09-08,693433,ESTABLISHED,90.0435602982758,95.0,24.42012607097934,21.0,18.390070500372182,18.0,starter-role-runtime-state-v1
2025-09-08,693821,ESTABLISHED,91.19976707541666,89.0,24.52104006606945,25.0,17.096103989687016,19.0,starter-role-runtime-state-v1
2025-09-09,592662,ESTABLISHED,94.33571384371047,95.0,23.452340120739905,19.0,16.689969039501513,15.0,starter-role-runtime-state-v1
2025-09-09,605288,ESTABLISHED,87.49727293701913,83.0,24.270288346701893,21.0,17.11988676576446,16.0,starter-role-runtime-state-v1
2025-09-09,605488,ESTABLISHED,87.22778141691103,92.0,21.619122318566887,23.0,16.031053002668273,15.0,starter-role-runtime-state-v1
2025-09-09,624133,ESTABLISHED,90.906954176138,99.0,24.809728492672697,21.0,17.980240907083655,18.0,starter-role-runtime-state-v1
2025-09-09,640455,ESTABLISHED,88.67829480328795,96.0,21.62225933082415,21.0,15.223441327909205,15.0,starter-role-runtime-state-v1
2025-09-09,650633,ESTABLISHED,86.40142466289498,63.0,21.141907039596617,19.0,15.475121040458754,15.0,starter-role-runtime-state-v1
2025-09-09,663554,ESTABLISHED,80.13089744590071,88.0,21.05543032204242,22.0,14.725908290845853,18.0,starter-role-runtime-state-v1
2025-09-09,669456,ESTABLISHED,92.25460240897164,94.0,23.665616566675748,26.0,17.754919074045013,17.0,starter-role-runtime-state-v1
2025-09-09,669461,ESTABLISHED,82.01911693582805,65.0,21.439363247682756,20.0,14.633482004027623,12.0,starter-role-runtime-state-v1
2025-09-09,669923,ESTABLISHED,86.76795014492602,85.0,23.209084786269543,20.0,16.25906343205606,12.0,starter-role-runtime-state-v1
2025-09-09,676282,ESTABLISHED,90.59535141653261,92.0,21.438419067065485,27.0,14.901046585766286,24.0,starter-role-runtime-state-v1
2025-09-09,680694,ESTABLISHED,82.69889892964768,81.0,20.25833320130835,27.0,15.59364172902018,21.0,starter-role-runtime-state-v1
2025-09-09,701542,ESTABLISHED,81.75781255760697,91.0,21.570126320380247,21.0,14.888976457766672,18.0,starter-role-runtime-state-v1
2025-09-09,702070,ESTABLISHED,88.53076068594066,100.0,22.718354774531242,26.0,16.306141620627482,21.0,starter-role-runtime-state-v1
2025-09-09,805673,ESTABLISHED,86.02547139757526,97.0,21.740040514888634,23.0,14.843498470485791,14.0,starter-role-runtime-state-v1
2025-09-10,518876,ESTABLISHED,88.00458618105887,93.0,23.819491160398623,27.0,18.19653667953648,17.0,starter-role-runtime-state-v1
2025-09-10,519242,ESTABLISHED,95.03460498158442,93.0,24.448724717185222,23.0,18.93370762865617,15.0,starter-role-runtime-state-v1
2025-09-10,592791,ESTABLISHED,86.66830986122838,79.0,22.532309640148465,19.0,16.645199731005523,13.0,starter-role-runtime-state-v1
2025-09-10,593958,ESTABLISHED,87.15763685812806,98.0,23.298362199353708,23.0,15.8339016961277,19.0,starter-role-runtime-state-v1
2025-09-10,605280,ESTABLISHED,89.34363325242062,76.0,22.26640212837857,23.0,15.210341825741923,12.0,starter-role-runtime-state-v1
2025-09-10,605483,ESTABLISHED,90.09724546203128,104.0,22.291263955501943,22.0,16.065360085807846,18.0,starter-role-runtime-state-v1
2025-09-10,607074,ESTABLISHED,101.03704107801286,102.0,23.995482003365602,25.0,17.506966134195615,18.0,starter-role-runtime-state-v1
2025-09-10,607536,ESTABLISHED,70.71605664292565,86.0,20.659634494934966,28.0,14.469995746658649,17.0,starter-role-runtime-state-v1
2025-09-10,642547,ESTABLISHED,94.44374047105,113.0,21.683648531571144,23.0,16.22491042713937,15.0,starter-role-runtime-state-v1
2025-09-10,650911,ESTABLISHED,89.88679683269629,93.0,26.26536449796224,22.0,19.62472097231084,18.0,starter-role-runtime-state-v1
2025-09-10,663623,ESTABLISHED,81.743837126234,74.0,22.092090854716176,21.0,14.483048627035494,15.0,starter-role-runtime-state-v1
2025-09-10,669302,ESTABLISHED,87.69190314591334,95.0,21.859429591760325,22.0,16.056994537667652,14.0,starter-role-runtime-state-v1
2025-09-10,671096,ESTABLISHED,90.15489720102352,102.0,23.86485019578116,30.0,16.95619293561047,24.0,starter-role-runtime-state-v1
2025-09-10,671737,ESTABLISHED,86.39509721069369,98.0,21.72989296903754,24.0,14.891401818896064,19.0,starter-role-runtime-state-v1
2025-09-10,680732,ESTABLISHED,86.35078929464791,68.0,20.64521990437507,20.0,13.794362914281198,13.0,starter-role-runtime-state-v1
2025-09-10,686930,ESTABLISHED,83.9662244437635,76.0,21.56020213949838,20.0,13.563799436758229,11.0,starter-role-runtime-state-v1
2025-09-10,691587,RESTRICTED,76.56306772923952,96.0,18.349310917177107,23.0,13.231351796345377,17.0,starter-role-runtime-state-v1
2025-09-10,694973,ESTABLISHED,94.08436860659717,64.0,22.714501265000543,16.0,17.367104890399013,15.0,starter-role-runtime-state-v1
2025-09-10,700241,ESTABLISHED,85.793170991926,81.0,24.04202650815433,23.0,16.980000507236152,18.0,starter-role-runtime-state-v1
2025-09-10,801139,ESTABLISHED,79.0540674692682,33.0,18.698985239198876,9.0,12.159174753624232,6.0,starter-role-runtime-state-v1
2025-09-11,592332,ESTABLISHED,96.93308292021378,100.0,24.813090783765873,30.0,18.934473732184795,27.0,starter-role-runtime-state-v1
2025-09-11,656849,ESTABLISHED,88.47367052714671,86.0,23.874063245532454,22.0,16.43187177402755,15.0,starter-role-runtime-state-v1
2025-09-11,664299,ESTABLISHED,80.49435136309852,87.0,19.99187651694657,24.0,13.57296594020661,18.0,starter-role-runtime-state-v1
2025-09-11,666200,ESTABLISHED,93.4548192775282,97.0,23.193390268710218,28.0,16.84091033520945,24.0,starter-role-runtime-state-v1
2025-09-11,667755,ESTABLISHED,90.27569906145838,96.0,22.85644561535316,22.0,16.20255062594488,12.0,starter-role-runtime-state-v1
2025-09-11,668909,ESTABLISHED,93.2502883454435,105.0,23.03249258423118,25.0,16.761880144471665,18.0,starter-role-runtime-state-v1
2025-09-11,669022,ESTABLISHED,95.27049921597742,78.0,22.73016424092516,21.0,15.56555117369817,15.0,starter-role-runtime-state-v1
2025-09-11,677960,ESTABLISHED,82.3530763582983,68.0,21.187879574422627,19.0,15.133548204447894,15.0,starter-role-runtime-state-v1
2025-09-11,681190,ESTABLISHED,75.25040613722211,90.0,20.998935644454154,22.0,14.74611965607568,18.0,starter-role-runtime-state-v1
2025-09-11,682243,ESTABLISHED,84.99243129808214,99.0,21.896835226157847,23.0,15.642194240758101,17.0,starter-role-runtime-state-v1
2025-09-11,693645,ESTABLISHED,86.98637819030057,95.0,20.470306964623198,24.0,14.450192480019233,18.0,starter-role-runtime-state-v1
2025-09-11,693855,ESTABLISHED,75.01870746352094,90.0,19.120443520273792,22.0,15.068605041779712,16.0,starter-role-runtime-state-v1
2025-09-11,700249,ESTABLISHED,88.6134003194268,93.0,22.162611355328004,22.0,15.362110144566476,17.0,starter-role-runtime-state-v1
2025-09-12,527048,ESTABLISHED,87.51991296983411,96.0,22.17707921998035,24.0,15.642694028600202,20.0,starter-role-runtime-state-v1
2025-09-12,547179,ESTABLISHED,84.41344628328682,72.0,21.940999808025666,20.0,15.633584868095799,9.0,starter-role-runtime-state-v1
2025-09-12,571510,ESTABLISHED,89.11326955572783,83.0,23.818037756848696,21.0,18.139333961194442,15.0,starter-role-runtime-state-v1
2025-09-12,594798,ESTABLISHED,87.78634593214626,88.0,21.74331196131428,25.0,16.647332376138365,21.0,starter-role-runtime-state-v1
2025-09-12,605135,ESTABLISHED,91.63186123842964,75.0,23.499250319782952,18.0,16.1863675315817,15.0,starter-role-runtime-state-v1
2025-09-12,621111,ESTABLISHED,87.98653252505255,90.0,22.843153575828104,22.0,14.988508269506791,15.0,starter-role-runtime-state-v1
2025-09-12,622491,ESTABLISHED,86.39313872098631,96.0,21.938020901841497,23.0,15.881189473488305,18.0,starter-role-runtime-state-v1
2025-09-12,645261,ESTABLISHED,99.63734975233464,96.0,25.375680865495216,25.0,18.275792676245068,21.0,starter-role-runtime-state-v1
2025-09-12,663903,ESTABLISHED,94.48048630996055,90.0,23.370957690176617,22.0,16.584972490284215,18.0,starter-role-runtime-state-v1
2025-09-12,669358,ESTABLISHED,88.81033694382904,67.0,23.332554823268325,17.0,16.219006145249075,7.0,starter-role-runtime-state-v1
2025-09-12,669372,ESTABLISHED,84.81373929793179,88.0,21.027410120057414,20.0,14.425759226506646,13.0,starter-role-runtime-state-v1
2025-09-12,669373,ESTABLISHED,94.30334393484492,45.0,24.55375097274505,15.0,19.646992389220156,10.0,starter-role-runtime-state-v1
2025-09-12,669432,ESTABLISHED,92.57006980046575,79.0,24.329834999556333,22.0,18.588316192902212,15.0,starter-role-runtime-state-v1
2025-09-12,669467,ESTABLISHED,91.39894519160453,72.0,23.631128726908017,22.0,15.700317814232427,15.0,starter-role-runtime-state-v1
2025-09-12,676440,ESTABLISHED,93.67712573106165,103.0,24.788335202025262,30.0,17.480815435957254,27.0,starter-role-runtime-state-v1
2025-09-12,685299,ESTABLISHED,82.42658056806609,88.0,21.789049624422702,21.0,14.296359180607991,18.0,starter-role-runtime-state-v1
2025-09-12,694297,ESTABLISHED,90.11964428929784,78.0,23.36558850079084,22.0,15.542249227747064,14.0,starter-role-runtime-state-v1
2025-09-12,695418,ESTABLISHED,75.8728109103179,88.0,20.16867324277397,25.0,14.366471806871306,18.0,starter-role-runtime-state-v1
2025-09-12,808967,ESTABLISHED,95.66960476014458,91.0,23.7221538829529,23.0,18.08873972092643,21.0,starter-role-runtime-state-v1
2025-09-13,453286,ESTABLISHED,83.87926472319455,91.0,21.590681865310493,21.0,15.796329022039771,15.0,starter-role-runtime-state-v1
2025-09-13,543243,ESTABLISHED,84.29119767926467,95.0,23.975606907485393,19.0,16.980475939397458,15.0,starter-role-runtime-state-v1
2025-09-13,608331,ESTABLISHED,98.5324657169542,105.0,25.406793168058044,26.0,18.219887576775655,16.0,starter-role-runtime-state-v1
2025-09-13,608372,ESTABLISHED,82.73980404077328,63.0,21.86600957223152,20.0,14.71943933595421,18.0,starter-role-runtime-state-v1
2025-09-13,656302,ESTABLISHED,94.93404364638641,109.0,21.40666009973242,24.0,14.897693469753518,18.0,starter-role-runtime-state-v1
2025-09-13,656876,ESTABLISHED,75.11223807186185,80.0,19.001422949459972,22.0,14.954197995230093,15.0,starter-role-runtime-state-v1
2025-09-13,657277,ESTABLISHED,97.33885256605046,97.0,25.19815817762593,22.0,18.145799145831514,12.0,starter-role-runtime-state-v1
2025-09-13,663436,ESTABLISHED,89.76977094482875,85.0,22.499413632399715,21.0,15.969013820388206,15.0,starter-role-runtime-state-v1
2025-09-13,674841,ESTABLISHED,84.20748298540838,85.0,19.53453678114861,23.0,14.481935027969637,18.0,starter-role-runtime-state-v1
2025-09-13,676083,ESTABLISHED,83.85194693623954,88.0,22.507065623178867,26.0,15.9766588035577,18.0,starter-role-runtime-state-v1
2025-09-13,686613,ESTABLISHED,97.06623120232044,108.0,24.14094515080958,23.0,17.928906228598787,20.0,starter-role-runtime-state-v1
2025-09-13,693433,ESTABLISHED,89.33484590170622,100.0,23.862762465267103,22.0,18.306955795862862,18.0,starter-role-runtime-state-v1
2025-09-13,693821,ESTABLISHED,90.86374784290835,89.0,24.561221187647963,26.0,17.309875443053528,13.0,starter-role-runtime-state-v1
2025-09-13,694819,ESTABLISHED,85.76423087535022,75.0,19.026863123414714,23.0,13.843931466685529,15.0,starter-role-runtime-state-v1
2025-09-13,800048,ESTABLISHED,87.10201139637239,93.0,23.86544283162673,24.0,17.1957996415003,18.0,starter-role-runtime-state-v1
2025-09-14,592662,ESTABLISHED,94.87593187349879,98.0,22.975773051082104,22.0,16.534443875587876,12.0,starter-role-runtime-state-v1
2025-09-14,605288,ESTABLISHED,85.00109950129134,90.0,23.639160094013704,24.0,16.921969042617953,18.0,starter-role-runtime-state-v1
2025-09-14,605400,ESTABLISHED,96.4549567529743,97.0,23.718859596231294,26.0,16.24679644190904,18.0,starter-role-runtime-state-v1
2025-09-14,641927,ESTABLISHED,86.04975366688456,101.0,22.715092453017885,23.0,16.264222500013545,18.0,starter-role-runtime-state-v1
2025-09-14,664285,ESTABLISHED,96.05896228629706,76.0,25.945689904121714,23.0,18.67069395255764,12.0,starter-role-runtime-state-v1
2025-09-14,666157,RESTRICTED,77.96423792985439,91.0,20.396623300396875,25.0,15.88051105845135,16.0,starter-role-runtime-state-v1
2025-09-14,669456,ESTABLISHED,91.5147392572342,97.0,23.821306724003712,22.0,17.6475488107721,18.0,starter-role-runtime-state-v1
2025-09-14,669923,ESTABLISHED,84.48950987016207,101.0,22.58961116227085,22.0,15.70140579466603,19.0,starter-role-runtime-state-v1
2025-09-14,672456,ESTABLISHED,77.72610586454796,76.0,21.145958473985203,18.0,15.156403393501368,15.0,starter-role-runtime-state-v1
2025-09-14,676917,ESTABLISHED,75.76612154056502,67.0,21.488382466694464,21.0,14.490346807846315,15.0,starter-role-runtime-state-v1
2025-09-14,684007,ESTABLISHED,85.74178031043117,91.0,22.975569837935453,22.0,18.260672928901243,15.0,starter-role-runtime-state-v1
2025-09-14,690997,ESTABLISHED,92.06991576878109,92.0,23.788266411353355,24.0,18.851852029836294,18.0,starter-role-runtime-state-v1
2025-09-14,701542,ESTABLISHED,84.43217115128266,89.0,21.693078977441292,26.0,15.287797181780372,15.0,starter-role-runtime-state-v1
2025-09-14,702070,ESTABLISHED,91.0793271539119,97.0,23.242768071904358,24.0,16.89622316889221,21.0,starter-role-runtime-state-v1
2025-09-15,592791,ESTABLISHED,81.70390958596725,88.0,21.64983604962085,22.0,16.091844594574454,18.0,starter-role-runtime-state-v1
2025-09-15,607074,ESTABLISHED,99.00558601101405,95.0,23.87190188859467,23.0,17.49543769597729,18.0,starter-role-runtime-state-v1
2025-09-15,624133,ESTABLISHED,93.898107263264,88.0,24.597843074801773,26.0,18.061317892704615,18.0,starter-role-runtime-state-v1
2025-09-15,669461,ESTABLISHED,79.25116713088252,77.0,21.179886764748456,23.0,14.309270688544895,18.0,starter-role-runtime-state-v1
2025-09-15,677952,RESTRICTED,65.85341675176068,70.0,16.544322767701985,19.0,12.759920259804032,12.0,starter-role-runtime-state-v1
2025-09-15,680694,ESTABLISHED,84.63550776415904,88.0,21.156097522005506,21.0,16.2358495180575,15.0,starter-role-runtime-state-v1
2025-09-16,518876,ESTABLISHED,89.56142964786827,56.0,24.269699371849022,19.0,18.11270986762031,9.0,starter-role-runtime-state-v1
2025-09-16,519242,ESTABLISHED,93.67599672933382,106.0,24.15065927461916,27.0,18.438813982310464,24.0,starter-role-runtime-state-v1
2025-09-16,593958,ESTABLISHED,93.15515843947507,83.0,23.81944692890663,23.0,16.33244417475811,15.0,starter-role-runtime-state-v1
2025-09-16,605280,ESTABLISHED,85.25156146850614,53.0,22.048854179166018,15.0,14.77502656110423,12.0,starter-role-runtime-state-v1
2025-09-16,605488,ESTABLISHED,90.10271042818621,68.0,22.049670971972517,19.0,16.011131734238884,12.0,starter-role-runtime-state-v1
2025-09-16,607536,RESTRICTED,73.14822212125151,73.0,21.516664995646643,27.0,14.775564159706843,17.0,starter-role-runtime-state-v1
2025-09-16,608379,ESTABLISHED,87.85382640369018,47.0,23.018169736333206,17.0,17.064190587304907,8.0,starter-role-runtime-state-v1
2025-09-16,642547,ESTABLISHED,98.75589152999311,94.0,22.07018757557836,22.0,16.16050123683914,18.0,starter-role-runtime-state-v1
2025-09-16,650633,ESTABLISHED,81.43347785766967,57.0,20.666309278478707,18.0,15.36071282983773,9.0,starter-role-runtime-state-v1
2025-09-16,650911,ESTABLISHED,91.83735320742308,102.0,25.953075336782028,27.0,19.506240324664702,21.0,starter-role-runtime-state-v1
2025-09-16,663554,ESTABLISHED,79.97851062753222,87.0,21.0462705224419,24.0,15.060836655747085,16.0,starter-role-runtime-state-v1
2025-09-16,663623,ESTABLISHED,83.21866220607103,102.0,22.2522729714509,27.0,14.628710786020303,18.0,starter-role-runtime-state-v1
2025-09-16,665152,RESTRICTED,82.22169234676868,97.0,21.427456711398605,23.0,15.947299781712488,17.0,starter-role-runtime-state-v1
2025-09-16,669022,ESTABLISHED,91.43498724843515,92.0,22.33197511438324,21.0,15.451878060127443,16.0,starter-role-runtime-state-v1
2025-09-16,669302,ESTABLISHED,90.41815822455773,89.0,22.085404376845492,25.0,15.878438969307828,17.0,starter-role-runtime-state-v1
2025-09-16,671096,ESTABLISHED,96.35536913174518,96.0,25.090342541702906,22.0,17.8738716846887,14.0,starter-role-runtime-state-v1
2025-09-16,676282,ESTABLISHED,92.68791154241694,91.0,22.28763141817285,21.0,16.031284975218608,15.0,starter-role-runtime-state-v1
2025-09-16,691587,ESTABLISHED,78.1839729515067,71.0,18.801310100693154,17.0,13.626136005117017,15.0,starter-role-runtime-state-v1
2025-09-16,693645,ESTABLISHED,86.82005504794162,89.0,20.842783504365883,22.0,14.933424708133622,14.0,starter-role-runtime-state-v1
2025-09-16,694973,ESTABLISHED,87.63253621800793,92.0,21.642664915602214,20.0,17.05415474829377,11.0,starter-role-runtime-state-v1
2025-09-16,700241,ESTABLISHED,85.27694635834438,91.0,23.921500999178253,25.0,17.12204400745578,21.0,starter-role-runtime-state-v1
2025-09-16,805673,ESTABLISHED,87.25463854773037,61.0,21.88099590277244,22.0,14.741675280253281,9.0,starter-role-runtime-state-v1
2025-09-17,527048,ESTABLISHED,87.88444269514369,75.0,22.306381055330775,18.0,16.094789197546458,11.0,starter-role-runtime-state-v1
2025-09-17,571510,ESTABLISHED,86.47624455755854,83.0,23.258536668366173,19.0,17.712977285917937,9.0,starter-role-runtime-state-v1
2025-09-17,592332,ESTABLISHED,98.4356971773893,95.0,25.49541063929143,24.0,19.83656581891083,18.0,starter-role-runtime-state-v1
2025-09-17,594798,ESTABLISHED,86.50646106458964,92.0,21.937083413270493,22.0,17.066299368396,15.0,starter-role-runtime-state-v1
2025-09-17,605483,ESTABLISHED,91.66146671091153,112.0,22.251221652929132,25.0,16.275242942893783,21.0,starter-role-runtime-state-v1
2025-09-17,656849,ESTABLISHED,86.73019246186392,85.0,23.48673356651654,24.0,16.22267884967185,15.0,starter-role-runtime-state-v1
2025-09-17,663903,ESTABLISHED,91.8029483410109,97.0,22.962987496934147,22.0,16.67427570855069,17.0,starter-role-runtime-state-v1
2025-09-17,664299,RAMPING,83.9912205250982,88.0,20.738351871572075,23.0,14.127373399071223,18.0,starter-role-runtime-state-v1
2025-09-17,666200,ESTABLISHED,95.68231615215572,106.0,23.90424080395604,28.0,17.656367218727418,21.0,starter-role-runtime-state-v1
2025-09-17,667755,ESTABLISHED,89.74086781177296,25.0,22.62417146748634,7.0,15.694439979220016,4.0,starter-role-runtime-state-v1
2025-09-17,668909,ESTABLISHED,98.10349974483691,100.0,23.643639077419778,20.0,17.013938461286813,15.0,starter-role-runtime-state-v1
2025-09-17,669467,ESTABLISHED,83.98804071784595,102.0,22.82746946171271,24.0,15.449191019449518,15.0,starter-role-runtime-state-v1
2025-09-17,671737,ESTABLISHED,89.02992732511167,89.0,22.14995396460435,22.0,15.386606434509591,12.0,starter-role-runtime-state-v1
2025-09-17,677960,ESTABLISHED,78.99368340529729,80.0,20.749048797704894,22.0,15.069326635101532,12.0,starter-role-runtime-state-v1
2025-09-17,682243,ESTABLISHED,88.7310766402531,89.0,22.26823840590844,24.0,15.861820283495032,15.0,starter-role-runtime-state-v1
2025-09-17,686930,ESTABLISHED,81.7180821670211,90.0,21.067098941126524,19.0,12.618892540052265,12.0,starter-role-runtime-state-v1
2025-09-17,693855,ESTABLISHED,80.71629197981295,100.0,20.21829496838886,26.0,15.440919267990708,21.0,starter-role-runtime-state-v1
2025-09-17,694297,ESTABLISHED,86.79215041553306,97.0,22.976144640591567,28.0,15.305294968421162,27.0,starter-role-runtime-state-v1
2025-09-17,695418,ESTABLISHED,77.07767798558461,102.0,20.728635366595803,22.0,14.814685864948434,16.0,starter-role-runtime-state-v1
2025-09-18,605135,ESTABLISHED,86.88324203587763,89.0,22.54319491053721,22.0,15.986391911626065,13.0,starter-role-runtime-state-v1
2025-09-18,608331,ESTABLISHED,98.68377686771072,87.0,25.399617388083584,25.0,17.949188797373917,21.0,starter-role-runtime-state-v1
2025-09-18,622491,ESTABLISHED,89.84684534037505,84.0,22.321820291170837,21.0,16.190548089509242,18.0,starter-role-runtime-state-v1
2025-09-18,645261,ESTABLISHED,97.83698479531675,104.0,25.16458756922554,27.0,18.50837763624981,20.0,starter-role-runtime-state-v1
2025-09-18,657277,ESTABLISHED,97.79620570851198,103.0,24.87845034139139,26.0,17.454076492915686,21.0,starter-role-runtime-state-v1
2025-09-18,669358,ESTABLISHED,83.62276901333334,74.0,22.28751807011698,17.0,15.024525221012308,15.0,starter-role-runtime-state-v1
2025-09-18,669372,ESTABLISHED,86.07150058412952,98.0,20.993097478193995,24.0,14.275514829432108,18.0,starter-role-runtime-state-v1
2025-09-18,669373,ESTABLISHED,84.13958580682315,102.0,23.032664954190444,27.0,18.383880888332595,18.0,starter-role-runtime-state-v1
2025-09-18,676440,ESTABLISHED,95.13545998763307,100.0,25.386302568180184,24.0,18.501615392907073,18.0,starter-role-runtime-state-v1
2025-09-18,681190,ESTABLISHED,81.19242829966177,48.0,21.631902405625713,12.0,15.255486453402067,7.0,starter-role-runtime-state-v1
2025-09-18,685299,ESTABLISHED,83.01272450885138,97.0,21.680856071287547,25.0,14.74152487346396,18.0,starter-role-runtime-state-v1
2025-09-18,700249,ESTABLISHED,88.93453598823321,89.0,22.125540798874248,21.0,15.53859578352458,15.0,starter-role-runtime-state-v1
2025-09-18,808967,ESTABLISHED,94.71436557495133,108.0,23.586885721809445,22.0,18.39583868212433,16.0,starter-role-runtime-state-v1
2025-09-19,453286,ESTABLISHED,84.21158760221384,45.0,21.46597034778557,10.0,15.693837211030596,2.0,starter-role-runtime-state-v1
2025-09-19,543243,ESTABLISHED,86.3675615942426,91.0,23.445892759562927,27.0,16.788885934582716,18.0,starter-role-runtime-state-v1
2025-09-19,547179,ESTABLISHED,83.75389196682154,113.0,21.821197118114956,29.0,14.903075473444467,23.0,starter-role-runtime-state-v1
2025-09-19,592662,ESTABLISHED,96.54662152414727,84.0,23.017588969656465,20.0,16.072316291002153,14.0,starter-role-runtime-state-v1
2025-09-19,641816,ESTABLISHED,87.81638642434807,68.0,22.195612252801787,19.0,16.32327874095643,14.0,starter-role-runtime-state-v1
2025-09-19,656302,ESTABLISHED,98.63573718864706,100.0,21.913402878596692,25.0,15.310091285179542,18.0,starter-role-runtime-state-v1
2025-09-19,656876,ESTABLISHED,74.90464608701764,76.0,19.22514446921442,15.0,14.934104651113802,9.0,starter-role-runtime-state-v1
2025-09-19,663436,ESTABLISHED,90.38465308007726,77.0,22.46076419283663,25.0,15.898088305251692,18.0,starter-role-runtime-state-v1
2025-09-19,666157,ESTABLISHED,83.87646520667948,94.0,21.39299171540229,23.0,16.074062460006388,14.0,starter-role-runtime-state-v1
2025-09-19,669432,ESTABLISHED,90.42867543461799,106.0,24.000914247908923,21.0,18.160596580919822,18.0,starter-role-runtime-state-v1
2025-09-19,674841,ESTABLISHED,84.50763854768722,81.0,20.770544588562778,18.0,15.762011633196417,10.0,starter-role-runtime-state-v1
2025-09-19,676083,ESTABLISHED,86.21865012746726,91.0,23.170089060983152,24.0,16.303412466265875,21.0,starter-role-runtime-state-v1
2025-09-19,684007,ESTABLISHED,84.8487435668813,83.0,22.688847227334065,20.0,17.83884226973011,15.0,starter-role-runtime-state-v1
2025-09-19,686613,ESTABLISHED,99.31698815896266,99.0,24.115289765733813,25.0,18.18672348876067,18.0,starter-role-runtime-state-v1
2025-09-19,693433,ESTABLISHED,92.33532093920694,67.0,23.8548790509664,17.0,18.33361899664782,15.0,starter-role-runtime-state-v1
2025-09-19,693821,ESTABLISHED,90.87049195547961,98.0,24.733675419452155,25.0,16.83220238193792,21.0,starter-role-runtime-state-v1
2025-09-19,694819,RAMPING,82.82564820927257,77.0,19.380492731927184,17.0,13.960808373641658,11.0,starter-role-runtime-state-v1
2025-09-19,701542,ESTABLISHED,84.04960515065342,87.0,22.03859898372248,23.0,15.235185668226585,16.0,starter-role-runtime-state-v1
2025-09-19,800048,ESTABLISHED,88.63273965177771,94.0,23.907866903885097,22.0,17.398535246707773,16.0,starter-role-runtime-state-v1
2025-09-20,605288,ESTABLISHED,87.60217323772306,102.0,23.938690545908095,26.0,17.125051718122098,18.0,starter-role-runtime-state-v1
2025-09-20,605400,ESTABLISHED,96.16837392532668,84.0,23.93271230957763,24.0,16.419887885264412,16.0,starter-role-runtime-state-v1
2025-09-20,607074,ESTABLISHED,98.1157096596302,96.0,23.73161054863664,26.0,17.537696232774284,21.0,starter-role-runtime-state-v1
2025-09-20,608372,ESTABLISHED,78.69585364698843,87.0,21.45635638956977,17.0,15.061351773464143,9.0,starter-role-runtime-state-v1
2025-09-20,641927,ESTABLISHED,87.80308879106516,90.0,22.75588128315659,25.0,16.448889256526925,15.0,starter-role-runtime-state-v1
2025-09-20,664285,ESTABLISHED,91.51428529610737,87.0,25.352738503712764,24.0,17.827890895226172,14.0,starter-role-runtime-state-v1
2025-09-20,669456,ESTABLISHED,93.42972975510315,87.0,23.755542059908656,24.0,17.737765403361276,19.0,starter-role-runtime-state-v1
2025-09-20,669923,ESTABLISHED,86.99504311597555,100.0,22.59622989824836,22.0,16.09292034501946,18.0,starter-role-runtime-state-v1
2025-09-20,672456,ESTABLISHED,79.55715600434381,69.0,21.01134926622128,14.0,15.222916051403946,9.0,starter-role-runtime-state-v1
2025-09-20,676917,ESTABLISHED,73.52976243842123,76.0,21.316731483226434,21.0,14.562374495493408,15.0,starter-role-runtime-state-v1
2025-09-20,690986,ESTABLISHED,85.27028955751554,86.0,20.954833980697252,24.0,14.401682177625066,18.0,starter-role-runtime-state-v1
2025-09-20,690997,ESTABLISHED,91.59489415159922,92.0,23.780593284942693,22.0,18.650252153223157,15.0,starter-role-runtime-state-v1
2025-09-20,696149,ESTABLISHED,74.94954646838481,68.0,19.55124190027003,17.0,13.245015148003567,15.0,starter-role-runtime-state-v1
2025-09-20,702070,ESTABLISHED,94.17097126019819,98.0,23.60593447101256,24.0,17.459623181405593,20.0,starter-role-runtime-state-v1
2025-09-21,518876,ESTABLISHED,83.67441542637224,73.0,23.453603257096844,20.0,16.96983254439849,13.0,starter-role-runtime-state-v1
2025-09-21,592791,ESTABLISHED,81.87701166980443,82.0,21.62858872412913,26.0,16.280005700905757,21.0,starter-role-runtime-state-v1
2025-09-21,593958,ESTABLISHED,89.61608513315656,95.0,23.45205853390418,27.0,16.10625137341748,18.0,starter-role-runtime-state-v1
2025-09-21,607536,RAMPING,79.08655580506407,85.0,22.830517562722562,23.0,15.195187872342405,18.0,starter-role-runtime-state-v1
2025-09-21,608379,RESTRICTED,76.28569572778297,89.0,21.569859186313607,24.0,15.77024928538889,15.0,starter-role-runtime-state-v1
2025-09-21,624133,ESTABLISHED,92.82015598320638,79.0,24.690455127274117,21.0,18.036781483739333,12.0,starter-role-runtime-state-v1
2025-09-21,640455,ESTABLISHED,89.67172117594389,50.0,21.57033679681749,13.0,15.207588956177553,9.0,starter-role-runtime-state-v1
2025-09-21,650633,RESTRICTED,76.10698969658927,70.0,20.093470521629484,23.0,14.550037963011707,15.0,starter-role-runtime-state-v1
2025-09-21,663554,ESTABLISHED,80.75878083567038,97.0,21.373811998628675,25.0,15.178095990116857,17.0,starter-role-runtime-state-v1
2025-09-21,663623,ESTABLISHED,85.57304102511569,93.0,22.81227680702767,22.0,15.015724593572035,16.0,starter-role-runtime-state-v1
2025-09-21,669302,ESTABLISHED,87.83492607526962,91.0,22.10792463956215,24.0,15.914522214575904,18.0,starter-role-runtime-state-v1
2025-09-21,669461,ESTABLISHED,77.707888136295,85.0,21.212878888274783,20.0,14.64537754746477,15.0,starter-role-runtime-state-v1
2025-09-21,671096,ESTABLISHED,95.70668867865479,86.0,24.64797901765361,20.0,17.401367784206755,14.0,starter-role-runtime-state-v1
2025-09-21,676282,ESTABLISHED,89.59409503796317,75.0,21.805215915247896,19.0,15.804808692888678,13.0,starter-role-runtime-state-v1
2025-09-21,680694,ESTABLISHED,85.32148783341333,91.0,21.17540723770513,23.0,16.104136809658456,18.0,starter-role-runtime-state-v1
2025-09-21,680732,ESTABLISHED,82.81165827258394,63.0,20.424114445638388,17.0,13.66699993432302,12.0,starter-role-runtime-state-v1
2025-09-21,688107,ESTABLISHED,79.63912733773827,45.0,22.678627955539625,13.0,16.774140501082265,9.0,starter-role-runtime-state-v1
2025-09-21,691587,ESTABLISHED,80.93980144437606,88.0,18.97499478227199,16.0,13.898042501077795,12.0,starter-role-runtime-state-v1
2025-09-21,693645,ESTABLISHED,85.33206811774178,89.0,20.815287077600736,20.0,14.747657693525928,16.0,starter-role-runtime-state-v1
2025-09-22,519242,ESTABLISHED,97.98676001231556,80.0,24.791637363583952,23.0,19.130791652357274,15.0,starter-role-runtime-state-v1
2025-09-22,642547,ESTABLISHED,97.76106035475561,76.0,22.015728222402494,20.0,16.35261332007211,15.0,starter-role-runtime-state-v1
2025-09-22,669022,ESTABLISHED,90.46700890790359,71.0,22.067654007160932,13.0,15.483938673102504,6.0,starter-role-runtime-state-v1
2025-09-22,700241,ESTABLISHED,84.78119532403807,90.0,23.906650220794656,24.0,17.565686139498336,15.0,starter-role-runtime-state-v1
2025-09-23,592332,ESTABLISHED,97.25434705554012,92.0,25.233110704744085,27.0,19.58594383389034,17.0,starter-role-runtime-state-v1
2025-09-23,605488,ESTABLISHED,85.22435745062027,81.0,21.4654835287079,20.0,15.495594115920575,15.0,starter-role-runtime-state-v1
2025-09-23,650911,ESTABLISHED,92.42868604153047,91.0,26.005862715198646,24.0,19.655416937025475,21.0,starter-role-runtime-state-v1
2025-09-23,656849,ESTABLISHED,88.53549047127157,42.0,23.775292025911035,11.0,16.145804823393725,4.0,starter-role-runtime-state-v1
2025-09-23,657277,ESTABLISHED,98.57502008298627,97.0,25.020547967857798,25.0,17.851490856051267,18.0,starter-role-runtime-state-v1
2025-09-23,663903,ESTABLISHED,91.41935779754154,90.0,22.74057478714214,23.0,16.67097203068915,16.0,starter-role-runtime-state-v1
2025-09-23,664299,RAMPING,85.15423121694255,79.0,21.067550112736136,21.0,14.562058179592963,14.0,starter-role-runtime-state-v1
2025-09-23,665152,ESTABLISHED,84.28007011595732,97.0,21.65825442673373,22.0,16.08207427672115,19.0,starter-role-runtime-state-v1
2025-09-23,665795,ESTABLISHED,89.47624774896053,67.0,23.307203905913205,17.0,16.476286425549343,12.0,starter-role-runtime-state-v1
2025-09-23,668909,ESTABLISHED,97.47553368506837,91.0,23.11681411988622,24.0,16.758097229426042,18.0,starter-role-runtime-state-v1
2025-09-23,669373,ESTABLISHED,85.52810791379204,95.0,23.409795397315428,24.0,18.352458214332124,18.0,starter-role-runtime-state-v1
2025-09-23,669467,ESTABLISHED,87.86228204317797,66.0,23.18257223429992,14.0,15.461983683759124,8.0,starter-role-runtime-state-v1
2025-09-23,681190,ESTABLISHED,75.25626353143721,98.0,20.273338271197517,24.0,14.211484372977939,21.0,starter-role-runtime-state-v1
2025-09-23,682243,ESTABLISHED,90.14641588313113,84.0,22.617349948603994,22.0,15.812371496255029,17.0,starter-role-runtime-state-v1
2025-09-23,694297,ESTABLISHED,89.75362324051812,90.0,23.724212674142542,24.0,16.595936331687355,18.0,starter-role-runtime-state-v1
2025-09-23,695418,ESTABLISHED,86.20204758597984,96.0,21.594545905305132,23.0,15.162264227523938,18.0,starter-role-runtime-state-v1
2025-09-23,805673,ESTABLISHED,81.67389673539735,90.0,21.593304624776778,27.0,13.993198957801514,21.0,starter-role-runtime-state-v1
2025-09-24,453286,ESTABLISHED,76.96498705042981,86.0,19.798845087640892,25.0,13.821001955676564,15.0,starter-role-runtime-state-v1
2025-09-24,543243,ESTABLISHED,86.58995322778716,99.0,23.784568500276222,28.0,16.913237864290625,18.0,starter-role-runtime-state-v1
2025-09-24,571510,ESTABLISHED,85.85862554549067,86.0,22.730859841205604,20.0,16.680115942968325,16.0,starter-role-runtime-state-v1
2025-09-24,594798,ESTABLISHED,90.47884174040124,74.0,22.307991809319454,17.0,16.93951862975218,15.0,starter-role-runtime-state-v1
2025-09-24,605483,ESTABLISHED,96.25585862139071,95.0,22.803111640538003,23.0,16.848748069478546,18.0,starter-role-runtime-state-v1
2025-09-24,608331,ESTABLISHED,97.1463638657576,107.0,25.317668611586033,27.0,18.273381609793667,21.0,starter-role-runtime-state-v1
2025-09-24,622491,ESTABLISHED,90.55458192429738,93.0,22.332146354388804,23.0,16.448427229384805,22.0,starter-role-runtime-state-v1
2025-09-24,656302,ESTABLISHED,97.84063017039256,100.0,22.152825851584083,23.0,15.580812831085296,15.0,starter-role-runtime-state-v1
2025-09-24,666200,ESTABLISHED,96.88825632662142,103.0,24.350466634958437,23.0,18.000557464354433,21.0,starter-role-runtime-state-v1
2025-09-24,669358,ESTABLISHED,82.34648519435618,49.0,21.657475854171953,15.0,15.064111156002053,12.0,starter-role-runtime-state-v1
2025-09-24,671737,ESTABLISHED,90.25769042314673,90.0,22.266684488275384,22.0,15.053699012103252,18.0,starter-role-runtime-state-v1
2025-09-24,674841,ESTABLISHED,82.18709569878975,83.0,19.79082452006037,18.0,13.972053987219464,13.0,starter-role-runtime-state-v1
2025-09-24,676440,ESTABLISHED,97.05348483655067,105.0,25.386162988347078,24.0,18.49468788751331,18.0,starter-role-runtime-state-v1
2025-09-24,677960,RESTRICTED,76.62337637191294,88.0,20.595237284408935,23.0,14.655822541010215,14.0,starter-role-runtime-state-v1
2025-09-24,685299,ESTABLISHED,85.69111016724496,70.0,22.193028807541634,19.0,15.150122737876606,10.0,starter-role-runtime-state-v1
2025-09-24,686613,ESTABLISHED,98.18041207909529,86.0,24.090214975886276,23.0,18.12891954635412,15.0,starter-role-runtime-state-v1
2025-09-24,693821,ESTABLISHED,89.19923788771442,95.0,24.462166007234845,26.0,17.20480316938383,21.0,starter-role-runtime-state-v1
2025-09-24,694973,ESTABLISHED,87.61981324825835,85.0,21.403558498811233,22.0,16.358641073099704,18.0,starter-role-runtime-state-v1
2025-09-25,547179,ESTABLISHED,87.9426157826664,84.0,22.723102893686228,22.0,15.800480203466623,17.0,starter-role-runtime-state-v1
2025-09-25,607074,ESTABLISHED,96.39153136876592,82.0,23.801433033329552,24.0,17.860467418638375,18.0,starter-role-runtime-state-v1
2025-09-25,621111,ESTABLISHED,87.33740485052523,74.0,22.6504057978362,20.0,14.956511544603707,15.0,starter-role-runtime-state-v1
2025-09-25,641816,ESTABLISHED,83.31538698085944,78.0,21.581381871801412,19.0,15.978371403693579,15.0,starter-role-runtime-state-v1
2025-09-25,641927,ESTABLISHED,89.43888036931521,78.0,23.164354272502614,19.0,16.33979223316528,18.0,starter-role-runtime-state-v1
2025-09-25,656876,ESTABLISHED,75.26667180223926,57.0,18.72476740844697,11.0,14.228965313868585,7.0,starter-role-runtime-state-v1
2025-09-25,663436,ESTABLISHED,87.62694281339985,85.0,22.571431196421248,21.0,16.082394733332265,13.0,starter-role-runtime-state-v1
2025-09-25,664285,ESTABLISHED,88.96849449728282,92.0,24.96015296985636,30.0,17.33869044798316,21.0,starter-role-runtime-state-v1
2025-09-25,666157,ESTABLISHED,89.10366771306941,81.0,22.052040513100472,22.0,16.01049430294959,19.0,starter-role-runtime-state-v1
2025-09-25,669372,ESTABLISHED,86.40965913264249,81.0,21.232957938145383,21.0,14.679916561671172,11.0,starter-role-runtime-state-v1
2025-09-25,675512,ESTABLISHED,76.06846845392278,49.0,21.030613868678664,15.0,17.12903535025478,11.0,starter-role-runtime-state-v1
2025-09-25,676083,ESTABLISHED,86.02616760704046,61.0,23.178057999277225,19.0,16.875725052190234,14.0,starter-role-runtime-state-v1
2025-09-25,676106,ESTABLISHED,87.85630626658673,51.0,22.961801223535687,14.0,15.827704937145022,12.0,starter-role-runtime-state-v1
2025-09-25,677952,ESTABLISHED,66.47365278411765,72.0,16.995960250461767,21.0,12.623799660518806,13.0,starter-role-runtime-state-v1
2025-09-25,684007,ESTABLISHED,86.26922355026598,91.0,22.567758335768843,26.0,17.5687173805861,17.0,starter-role-runtime-state-v1
2025-09-25,690997,ESTABLISHED,90.40414369091937,94.0,23.2757624417712,23.0,17.8748679072898,16.0,starter-role-runtime-state-v1
2025-09-25,700249,ESTABLISHED,89.84085572428289,99.0,22.097702739604234,26.0,15.50523507164986,17.0,starter-role-runtime-state-v1
2025-09-25,800048,ESTABLISHED,90.54708814424193,89.0,23.55834678712543,23.0,17.11383063137123,15.0,starter-role-runtime-state-v1
2025-09-25,808967,ESTABLISHED,97.14526392912074,94.0,23.48847776900649,24.0,18.141316438118462,18.0,starter-role-runtime-state-v1
2025-09-26,605288,ESTABLISHED,89.3207996534281,96.0,24.188239119668733,26.0,17.224815926645213,18.0,starter-role-runtime-state-v1
2025-09-26,605400,ESTABLISHED,91.13868368035148,90.0,23.521152059633238,26.0,16.274536883334527,24.0,starter-role-runtime-state-v1
2025-09-26,645261,ESTABLISHED,97.4501631522486,100.0,25.238606932427487,28.0,18.628796097710794,21.0,starter-role-runtime-state-v1
2025-09-26,663554,ESTABLISHED,85.93704250300887,80.0,22.167459455866656,24.0,15.492563451510584,19.0,starter-role-runtime-state-v1
2025-09-26,669432,ESTABLISHED,93.43273777065689,52.0,23.7842206826403,15.0,18.212754276213808,9.0,starter-role-runtime-state-v1
2025-09-26,669456,ESTABLISHED,91.00847026425978,90.0,23.590788883636975,22.0,17.823698977570828,15.0,starter-role-runtime-state-v1
2025-09-26,669923,ESTABLISHED,94.18281579956964,85.0,23.179448523666814,20.0,16.49018657956075,15.0,starter-role-runtime-state-v1
2025-09-26,676917,ESTABLISHED,74.1872828961757,72.0,21.294848961035527,21.0,14.64597038655317,12.0,starter-role-runtime-state-v1
2025-09-26,686930,RAMPING,84.2359684518589,97.0,20.42357083431653,22.0,12.434040868420281,17.0,starter-role-runtime-state-v1
2025-09-26,690986,ESTABLISHED,87.34995463276535,65.0,21.518828789442544,19.0,14.871250634544452,9.0,starter-role-runtime-state-v1
2025-09-26,701542,ESTABLISHED,88.96106870980226,81.0,22.6706682358761,22.0,15.467752453910672,15.0,starter-role-runtime-state-v1
2025-09-26,702070,ESTABLISHED,94.27370060324014,96.0,23.611968603753475,22.0,17.743061688934944,14.0,starter-role-runtime-state-v1
2025-09-27,592791,ESTABLISHED,83.8372171453899,83.0,22.308776302998144,22.0,16.85090263205835,18.0,starter-role-runtime-state-v1
2025-09-27,593958,ESTABLISHED,91.59216939500564,95.0,23.99902584939215,25.0,16.356597077444448,18.0,starter-role-runtime-state-v1
2025-09-27,605280,ESTABLISHED,78.62280196672327,78.0,20.938329776639975,22.0,14.418047271620473,18.0,starter-role-runtime-state-v1
2025-09-27,607536,RAMPING,81.49721632249684,87.0,23.07444134045759,22.0,15.558381089621012,18.0,starter-role-runtime-state-v1
2025-09-27,608372,ESTABLISHED,79.99564120249578,73.0,20.940451829051913,18.0,14.348542013057129,13.0,starter-role-runtime-state-v1
2025-09-27,608379,ESTABLISHED,79.33602955351687,83.0,22.032469601422996,22.0,15.751066973255627,18.0,starter-role-runtime-state-v1
2025-09-27,624133,ESTABLISHED,91.12426947064823,84.0,24.259100885827515,21.0,17.347572331879363,13.0,starter-role-runtime-state-v1
2025-09-27,650633,RESTRICTED,76.44988827055145,49.0,20.488000124377542,12.0,14.633849040518827,8.0,starter-role-runtime-state-v1
2025-09-27,663623,ESTABLISHED,90.48745886369656,73.0,23.206429499512993,24.0,15.251341691227925,18.0,starter-role-runtime-state-v1
2025-09-27,669302,ESTABLISHED,88.50235879227934,75.0,22.36293671548455,19.0,16.175775910139052,15.0,starter-role-runtime-state-v1
2025-09-27,671096,ESTABLISHED,94.62714797604363,85.0,24.10700369203532,21.0,17.006297629793266,16.0,starter-role-runtime-state-v1
2025-09-27,672456,ESTABLISHED,77.17900225364589,76.0,19.987448000662376,18.0,14.428868209426788,13.0,starter-role-runtime-state-v1
2025-09-27,676282,ESTABLISHED,86.17258421251303,77.0,21.28531550886668,20.0,15.403949537577608,17.0,starter-role-runtime-state-v1
2025-09-27,688107,ESTABLISHED,69.42116335952294,57.0,20.24539925853932,16.0,14.951868005037458,8.0,starter-role-runtime-state-v1
2025-09-27,691587,ESTABLISHED,85.01552441068166,100.0,18.945343869641768,22.0,13.783201967325375,16.0,starter-role-runtime-state-v1
2025-09-27,693645,ESTABLISHED,89.86858443990161,97.0,21.125527829296008,26.0,15.048273658348489,21.0,starter-role-runtime-state-v1
2025-09-27,696149,ESTABLISHED,72.3017531129257,86.0,18.58251410602341,21.0,13.941761996138933,17.0,starter-role-runtime-state-v1
2025-09-27,700241,ESTABLISHED,85.37203597428653,88.0,23.911914610418066,21.0,17.24421641242497,14.0,starter-role-runtime-state-v1
2025-09-28,592332,ESTABLISHED,93.75866088911691,85.0,25.074950908677565,20.0,19.19958576056135,11.0,starter-role-runtime-state-v1
2025-09-28,640455,ESTABLISHED,81.78642976022857,38.0,20.275751029009044,7.0,14.422597106499264,5.0,starter-role-runtime-state-v1
2025-09-28,642547,ESTABLISHED,94.15312467061645,44.0,21.67962545915649,9.0,16.17616959071026,6.0,starter-role-runtime-state-v1
2025-09-28,650911,ESTABLISHED,92.2563300553862,60.0,25.772716566324483,18.0,19.804304791199293,17.0,starter-role-runtime-state-v1
2025-09-28,657277,ESTABLISHED,96.46486193897087,78.0,24.808644217627045,19.0,17.823884813224545,16.0,starter-role-runtime-state-v1
2025-09-28,663903,ESTABLISHED,88.6024467665482,71.0,22.46752463413148,18.0,16.504602223395466,10.0,starter-role-runtime-state-v1
2025-09-28,665795,ESTABLISHED,83.01766595059499,83.0,22.14306383361663,21.0,15.849479343797745,15.0,starter-role-runtime-state-v1
2025-09-28,669620,ESTABLISHED,75.83775087696857,23.0,20.054088038864727,9.0,13.768862948176663,4.0,starter-role-runtime-state-v1
2025-09-28,680694,ESTABLISHED,86.9997141210423,69.0,21.490094644015546,17.0,16.354769867183826,12.0,starter-role-runtime-state-v1
2025-09-28,682243,ESTABLISHED,87.2648739774541,70.0,22.293932576003343,19.0,15.87793398026177,12.0,starter-role-runtime-state-v1
2025-09-28,693855,ESTABLISHED,86.57711356796918,81.0,21.922496005865753,19.0,17.05986300947139,10.0,starter-role-runtime-state-v1
2025-09-28,694297,ESTABLISHED,88.22581203218732,75.0,23.585089796250227,20.0,16.726322385524156,12.0,starter-role-runtime-state-v1
2025-09-28,695418,ESTABLISHED,87.3767802598873,80.0,21.764074778762158,19.0,15.507894213988976,12.0,starter-role-runtime-state-v1
2026-03-25,608331,ESTABLISHED,98.82722689392615,86.0,25.567046898053498,23.0,18.590389614606565,19.0,starter-role-runtime-state-v1
2026-03-25,657277,ESTABLISHED,93.91113857011553,86.0,24.108865758206903,26.0,17.64324215577867,15.0,starter-role-runtime-state-v1
2026-03-26,571510,ESTABLISHED,85.83601170417266,63.0,22.416922538557394,17.0,16.60861666884187,11.0,starter-role-runtime-state-v1
2026-03-26,642547,ESTABLISHED,83.20178615176441,80.0,19.657853788839446,21.0,14.83179779436724,15.0,starter-role-runtime-state-v1
2026-03-26,650911,ESTABLISHED,87.22933842127537,87.0,24.761123094405644,21.0,19.500370466707526,18.0,starter-role-runtime-state-v1
2026-03-26,656876,ESTABLISHED,71.73237827803595,73.0,17.602868477515724,20.0,13.297889458296002,15.0,starter-role-runtime-state-v1
2026-03-26,667755,RESTRICTED,77.97330018884324,91.0,20.441199852749776,24.0,14.198454000426235,18.0,starter-role-runtime-state-v1
2026-03-26,669302,ESTABLISHED,85.33118232914464,86.0,21.80083891409505,21.0,15.994406870458176,16.0,starter-role-runtime-state-v1
2026-03-26,669373,ESTABLISHED,88.08450864365295,74.0,23.65216676563346,22.0,18.359048559434076,18.0,starter-role-runtime-state-v1
2026-03-26,669432,ESTABLISHED,85.36624815582039,88.0,22.459374711580775,27.0,17.046191730780645,21.0,starter-role-runtime-state-v1
2026-03-26,669461,ESTABLISHED,78.43010546539442,78.0,21.059463770055196,24.0,14.690093523040657,15.0,starter-role-runtime-state-v1
2026-03-26,671096,ESTABLISHED,90.55703340752186,83.0,23.42360439952008,24.0,16.824189517046957,18.0,starter-role-runtime-state-v1
2026-03-26,676440,ESTABLISHED,99.12886174473114,78.0,25.359967605036935,20.0,18.47311153157218,15.0,starter-role-runtime-state-v1
2026-03-26,676917,ESTABLISHED,76.22011216106769,75.0,21.549935338571487,17.0,14.303011634775,11.0,starter-role-runtime-state-v1
2026-03-26,686613,ESTABLISHED,96.24515664661902,102.0,23.9056509227188,22.0,17.752259403757485,14.0,starter-role-runtime-state-v1
2026-03-26,694819,ESTABLISHED,81.0837272092821,94.0,18.944852691072946,20.0,13.517346646798188,15.0,starter-role-runtime-state-v1
2026-03-26,694973,ESTABLISHED,86.51842369665749,37.0,21.37827530769244,9.0,16.513596825295473,2.0,starter-role-runtime-state-v1
2026-03-26,808967,ESTABLISHED,95.00803595238773,95.0,23.33814193130598,21.0,18.046299216792733,18.0,starter-role-runtime-state-v1
2026-03-27,519242,ESTABLISHED,95.5127819074004,88.0,24.563637659329643,23.0,18.655673835091118,18.0,starter-role-runtime-state-v1
2026-03-27,592332,ESTABLISHED,92.43646885974272,83.0,24.44273926024009,19.0,18.22613460068757,18.0,starter-role-runtime-state-v1
2026-03-27,592662,ESTABLISHED,95.62737241588837,89.0,22.733126116020905,21.0,15.85947916775568,16.0,starter-role-runtime-state-v1
2026-03-27,607536,ESTABLISHED,82.83205310780896,81.0,23.047091188144833,21.0,15.859624720983323,13.0,starter-role-runtime-state-v1
2026-03-27,645261,ESTABLISHED,98.0943883534424,73.0,25.555434792058445,25.0,18.866714429067837,21.0,starter-role-runtime-state-v1
2026-03-27,650633,RESTRICTED,73.25027481642947,82.0,19.51033318989447,20.0,13.877677451176307,15.0,starter-role-runtime-state-v1
2026-03-27,664285,ESTABLISHED,89.92789324356283,83.0,25.564219372461785,25.0,17.750810333935252,18.0,starter-role-runtime-state-v1
2026-03-27,668909,ESTABLISHED,96.72629279197139,89.0,23.201846429415106,22.0,16.875863958141736,15.0,starter-role-runtime-state-v1
2026-03-27,669923,ESTABLISHED,94.40915755355321,90.0,22.95959958119593,22.0,16.365256699955733,18.0,starter-role-runtime-state-v1
2026-03-27,693645,ESTABLISHED,91.29057717421884,68.0,21.805525685076994,17.0,15.840073412259915,16.0,starter-role-runtime-state-v1
2026-03-28,543243,ESTABLISHED,90.08029221677411,80.0,24.511416976062293,20.0,17.11292665941665,12.0,starter-role-runtime-state-v1
2026-03-28,547179,ESTABLISHED,88.03586543587049,93.0,22.709634291258574,22.0,15.952348944991918,13.0,starter-role-runtime-state-v1
2026-03-28,593958,ESTABLISHED,89.7964064117271,79.0,23.85639203195744,20.0,16.463325504327727,15.0,starter-role-runtime-state-v1
2026-03-28,605400,ESTABLISHED,90.85660189036423,91.0,23.772005323136874,22.0,17.09756281867135,15.0,starter-role-runtime-state-v1
2026-03-28,605488,ESTABLISHED,84.94175663685871,83.0,21.31925012290865,22.0,15.452064059935008,16.0,starter-role-runtime-state-v1
2026-03-28,608379,ESTABLISHED,79.96556939877456,80.0,22.067583199831525,20.0,16.01845961206643,18.0,starter-role-runtime-state-v1
2026-03-28,641816,ESTABLISHED,82.44554434127802,80.0,21.244619782846286,17.0,15.858155847908236,12.0,starter-role-runtime-state-v1
2026-03-28,656302,ESTABLISHED,99.0524562182804,90.0,22.342020459794426,22.0,15.541842965403353,16.0,starter-role-runtime-state-v1
2026-03-28,656849,ESTABLISHED,79.6512923172852,76.0,21.89908111713518,25.0,14.52474044655252,16.0,starter-role-runtime-state-v1
2026-03-28,663903,ESTABLISHED,86.44611169663709,74.0,21.953430449025433,20.0,15.748392386548323,12.0,starter-role-runtime-state-v1
2026-03-28,664299,RAMPING,82.72453593364118,74.0,20.86664528153188,21.0,14.444111741290605,14.0,starter-role-runtime-state-v1
2026-03-28,671737,ESTABLISHED,87.74417476169594,92.0,21.954168996256335,19.0,15.313990719266702,13.0,starter-role-runtime-state-v1
2026-03-28,672282,ESTABLISHED,89.53616866853393,95.0,22.641763881514912,21.0,14.690625119752962,14.0,starter-role-runtime-state-v1
2026-03-28,676282,ESTABLISHED,83.28822718594239,91.0,20.934096166564018,18.0,15.54101841105928,11.0,starter-role-runtime-state-v1
2026-03-28,680694,ESTABLISHED,83.50596668676374,83.0,20.82412703352682,19.0,15.805525568415652,14.0,starter-role-runtime-state-v1
2026-03-28,680732,ESTABLISHED,78.9132811909387,91.0,19.869331558995082,20.0,13.442473776088713,12.0,starter-role-runtime-state-v1
2026-03-28,681190,ESTABLISHED,80.32214839805785,91.0,21.009893373082193,23.0,15.037652385920651,18.0,starter-role-runtime-state-v1
2026-03-28,691587,ESTABLISHED,87.70005937109613,93.0,19.389556776015702,27.0,14.058473288580396,21.0,starter-role-runtime-state-v1
2026-03-28,693433,ESTABLISHED,88.99546727679669,83.0,23.02816971006959,23.0,17.974398701194144,18.0,starter-role-runtime-state-v1
2026-03-28,700241,ESTABLISHED,88.14440118739525,96.0,23.8335993707259,21.0,16.919748267840394,18.0,starter-role-runtime-state-v1
2026-03-28,701542,ESTABLISHED,85.8112729160783,83.0,22.337621446956597,19.0,15.340538443579948,13.0,starter-role-runtime-state-v1
2026-03-29,571927,ESTABLISHED,80.63109733490445,81.0,19.942977985867998,21.0,14.30709443674289,15.0,starter-role-runtime-state-v1
2026-03-29,607625,ESTABLISHED,89.56288646486628,77.0,23.05971301876516,24.0,15.364171230214136,19.0,starter-role-runtime-state-v1
2026-03-29,641778,ESTABLISHED,86.10689988011559,87.0,21.634689297650578,20.0,14.76616277898538,16.0,starter-role-runtime-state-v1
2026-03-29,641927,ESTABLISHED,88.60707099261859,56.0,22.731223930895673,17.0,16.57033912485325,12.0,starter-role-runtime-state-v1
2026-03-29,656550,ESTABLISHED,89.63159197165429,76.0,22.796567358855505,22.0,15.498057051647574,15.0,starter-role-runtime-state-v1
2026-03-29,663623,ESTABLISHED,88.01952655498566,93.0,23.22405300100824,20.0,15.522412047160842,15.0,starter-role-runtime-state-v1
2026-03-29,666200,ESTABLISHED,97.27733111566702,99.0,24.149449395151287,25.0,18.3198103635288,18.0,starter-role-runtime-state-v1
2026-03-29,669022,ESTABLISHED,85.9295639927409,90.0,20.687937957181695,22.0,14.2486099658404,16.0,starter-role-runtime-state-v1
2026-03-29,669160,ESTABLISHED,88.00689371154878,61.0,23.827963073770803,22.0,15.824430038926838,12.0,starter-role-runtime-state-v1
2026-03-29,669358,RESTRICTED,75.10017528540921,78.0,20.556989137786516,21.0,14.654574996838996,16.0,starter-role-runtime-state-v1
2026-03-29,669387,RESTRICTED,60.0,85.0,14.88848569309446,20.0,10.563826201465105,13.0,starter-role-runtime-state-v1
2026-03-29,676106,ESTABLISHED,80.03181939803629,97.0,21.52971980662621,19.0,15.332321985641158,18.0,starter-role-runtime-state-v1
2026-03-29,684007,ESTABLISHED,88.75610296028084,82.0,23.167277522603676,22.0,17.590782772824046,15.0,starter-role-runtime-state-v1
2026-03-29,690997,ESTABLISHED,92.55906698516705,84.0,23.39712243543862,22.0,17.587384645700148,15.0,starter-role-runtime-state-v1
2026-03-29,695076,ESTABLISHED,84.75133127936147,86.0,21.399460594419274,20.0,15.369183905444554,15.0,starter-role-runtime-state-v1
2026-03-30,605135,ESTABLISHED,85.45809866872952,100.0,22.290705798122296,25.0,15.593219679306554,13.0,starter-role-runtime-state-v1
2026-03-30,605280,ESTABLISHED,77.91783635382889,90.0,20.980671644069794,23.0,14.797860502449343,17.0,starter-role-runtime-state-v1
2026-03-30,607259,ESTABLISHED,87.41581288457218,88.0,22.65340947739658,24.0,16.235615583445835,18.0,starter-role-runtime-state-v1
2026-03-30,608372,ESTABLISHED,80.35341215545647,72.0,20.743928415986808,18.0,14.246079855469794,14.0,starter-role-runtime-state-v1
2026-03-30,621111,ESTABLISHED,84.47716060860112,72.0,22.19024291946311,19.0,14.919646074628073,12.0,starter-role-runtime-state-v1
2026-03-30,622491,ESTABLISHED,92.25064421537576,95.0,22.566579926452782,21.0,17.10522806104394,18.0,starter-role-runtime-state-v1
2026-03-30,624133,ESTABLISHED,88.63029922692117,76.0,23.691409216105974,20.0,16.803882505181445,13.0,starter-role-runtime-state-v1
2026-03-30,647336,RESTRICTED,74.75666485059173,89.0,18.84924536815577,20.0,13.620460279217388,15.0,starter-role-runtime-state-v1
2026-03-30,663436,ESTABLISHED,86.21306421405279,92.0,22.266860208981747,21.0,15.698237099514703,15.0,starter-role-runtime-state-v1
2026-03-30,665795,ESTABLISHED,83.11210426349179,80.0,22.03847973387898,19.0,15.76304824928004,18.0,starter-role-runtime-state-v1
2026-03-30,677952,RAMPING,66.62351005096392,87.0,17.590061209815232,25.0,12.685144773626927,18.0,starter-role-runtime-state-v1
2026-03-30,677960,ESTABLISHED,80.72173875553786,77.0,21.199253503634417,19.0,14.685758469095372,13.0,starter-role-runtime-state-v1
2026-03-30,682052,ESTABLISHED,85.43025241418276,91.0,21.081610836259173,22.0,14.901425544191637,12.0,starter-role-runtime-state-v1
2026-03-30,690986,ESTABLISHED,81.99438703709343,87.0,20.924935004405164,20.0,14.106759082578762,15.0,starter-role-runtime-state-v1
2026-03-30,693821,ESTABLISHED,91.7703596427201,83.0,24.870329839970587,23.0,17.697181309938017,18.0,starter-role-runtime-state-v1
2026-03-30,694738,ESTABLISHED,78.2652824872063,88.0,19.96957941812635,21.0,13.282009378316285,18.0,starter-role-runtime-state-v1
2026-03-30,695505,RESTRICTED,71.80495738029764,78.0,17.8361146293745,19.0,12.945528136092904,15.0,starter-role-runtime-state-v1
2026-03-30,800048,ESTABLISHED,90.35191784168236,76.0,23.461432448947996,20.0,16.699977312822604,18.0,starter-role-runtime-state-v1
2026-03-30,808963,RAMPING,78.21412604386228,78.0,20.181798853787683,18.0,13.365646850376415,12.0,starter-role-runtime-state-v1
2026-03-31,453286,ESTABLISHED,78.98164598291832,83.0,20.44471929493329,22.0,13.983887174227362,18.0,starter-role-runtime-state-v1
2026-03-31,592791,ESTABLISHED,85.90091773225639,85.0,22.53150993476894,20.0,17.058658995061677,14.0,starter-role-runtime-state-v1
2026-03-31,594798,ESTABLISHED,86.09841005480308,79.0,21.430700544154288,20.0,16.66824822856482,14.0,starter-role-runtime-state-v1
2026-03-31,608331,ESTABLISHED,95.24800434320701,90.0,25.03758107188105,25.0,18.571435913675113,21.0,starter-role-runtime-state-v1
2026-03-31,657277,ESTABLISHED,91.19181752401933,104.0,24.100382835874303,25.0,17.300404419503423,18.0,starter-role-runtime-state-v1
2026-03-31,663372,ESTABLISHED,86.47041128805722,47.0,22.577992264563136,11.0,15.793413053875014,9.0,starter-role-runtime-state-v1
2026-03-31,663554,ESTABLISHED,85.97049619249916,93.0,22.442006241926208,22.0,15.887628815321335,18.0,starter-role-runtime-state-v1
2026-03-31,663556,ESTABLISHED,87.58319830198403,79.0,21.64268560393792,19.0,15.45050703119432,14.0,starter-role-runtime-state-v1
2026-03-31,667755,ESTABLISHED,78.95893530979637,90.0,20.799764950771724,21.0,14.626145340573434,18.0,starter-role-runtime-state-v1
2026-03-31,669302,ESTABLISHED,84.03448598987329,95.0,21.551113076050825,23.0,15.93745626857511,16.0,starter-role-runtime-state-v1
2026-03-31,669467,ESTABLISHED,83.65925756997973,88.0,21.869915606379486,21.0,14.531051609283491,15.0,starter-role-runtime-state-v1
2026-03-31,676083,ESTABLISHED,80.82633919719389,79.0,22.42476408174972,19.0,16.445039790612494,13.0,starter-role-runtime-state-v1
2026-03-31,676440,ESTABLISHED,93.0956618800666,74.0,24.34483303259523,18.0,17.971445877180848,12.0,starter-role-runtime-state-v1
2026-03-31,686613,ESTABLISHED,94.22620825557868,78.0,23.39169665159819,21.0,17.23939484738162,18.0,starter-role-runtime-state-v1
2026-03-31,694297,ESTABLISHED,87.49307548795721,85.0,23.278424735275756,24.0,16.195942245064888,18.0,starter-role-runtime-state-v1
2026-03-31,696149,RAMPING,76.47136048853923,81.0,19.32160086528905,19.0,14.838609043383848,13.0,starter-role-runtime-state-v1
2026-04-01,519242,ESTABLISHED,94.30550082720183,79.0,24.35056861351056,19.0,18.562170636663584,18.0,starter-role-runtime-state-v1
2026-04-01,571510,ESTABLISHED,82.00555902988008,98.0,21.679539715157695,20.0,15.928754035953201,17.0,starter-role-runtime-state-v1
2026-04-01,592332,ESTABLISHED,88.93089648811299,89.0,23.510787220897477,21.0,18.14238014671322,18.0,starter-role-runtime-state-v1
2026-04-01,605288,ESTABLISHED,91.93118277958577,86.0,24.620126551619826,25.0,17.37842536213113,16.0,starter-role-runtime-state-v1
2026-04-01,607536,RAMPING,78.34941022705337,88.0,22.274848287114562,22.0,15.384704801255134,15.0,starter-role-runtime-state-v1
2026-04-01,642547,RESTRICTED,82.36654230372278,92.0,19.757436367320935,21.0,14.843428279934912,16.0,starter-role-runtime-state-v1
2026-04-01,645261,ESTABLISHED,92.31481912924562,93.0,25.134539893001914,31.0,18.99007495800152,27.0,starter-role-runtime-state-v1
2026-04-01,650911,ESTABLISHED,85.8444656020165,97.0,24.149658332183858,24.0,19.278198415165235,16.0,starter-role-runtime-state-v1
2026-04-01,656876,RESTRICTED,71.62015609027188,89.0,17.84543292718142,20.0,13.50662141015897,15.0,starter-role-runtime-state-v1
2026-04-01,668909,ESTABLISHED,92.52530110868923,85.0,22.74009647636538,23.0,16.604243032789398,21.0,starter-role-runtime-state-v1
2026-04-01,669373,ESTABLISHED,91.83418125067901,87.0,24.11709820337098,25.0,18.530661715614585,21.0,starter-role-runtime-state-v1
2026-04-01,669432,ESTABLISHED,86.79889218400129,91.0,23.06595575455366,24.0,17.515588796851496,18.0,starter-role-runtime-state-v1
2026-04-01,669461,ESTABLISHED,79.73742769892424,76.0,21.543488227879784,22.0,14.782670302584208,18.0,starter-role-runtime-state-v1
2026-04-01,669923,ESTABLISHED,91.83068851994675,89.0,22.610858793809477,24.0,16.471748351059336,18.0,starter-role-runtime-state-v1
2026-04-01,671096,ESTABLISHED,88.53583639320131,88.0,23.33767251960181,24.0,16.906880136368997,17.0,starter-role-runtime-state-v1
2026-04-01,676917,ESTABLISHED,77.36362015378458,84.0,20.9630976236002,25.0,13.827344524578525,18.0,starter-role-runtime-state-v1
2026-04-01,693645,ESTABLISHED,85.94735159169026,79.0,20.935245685215797,21.0,15.839048518229035,19.0,starter-role-runtime-state-v1
2026-04-01,694819,ESTABLISHED,80.42773538569146,94.0,18.842479240235292,25.0,13.642648231828343,18.0,starter-role-runtime-state-v1
2026-04-01,694973,ESTABLISHED,80.11625343826137,77.0,19.91720062499345,20.0,14.615757160903803,15.0,starter-role-runtime-state-v1
2026-04-01,702070,ESTABLISHED,93.65163641845258,86.0,23.322045563120028,20.0,17.267059387426563,15.0,starter-role-runtime-state-v1
2026-04-01,808967,ESTABLISHED,95.34787040573912,87.0,23.123229047881864,22.0,18.07896392710271,18.0,starter-role-runtime-state-v1
2026-04-02,592662,ESTABLISHED,93.56191027223178,96.0,22.43258868214921,22.0,15.89141516620684,16.0,starter-role-runtime-state-v1
2026-04-02,656849,RESTRICTED,77.78692664008558,68.0,22.03753291967132,24.0,14.642336301039608,13.0,starter-role-runtime-state-v1
2026-04-02,671737,ESTABLISHED,86.04555111999967,100.0,21.35632930380553,24.0,14.978121522013307,18.0,starter-role-runtime-state-v1
2026-04-03,543243,ESTABLISHED,87.31399405626416,87.0,23.783681769582067,22.0,16.45478291760174,18.0,starter-role-runtime-state-v1
2026-04-03,547179,ESTABLISHED,90.71584435037352,77.0,22.868681030651388,23.0,15.687037867998669,9.0,starter-role-runtime-state-v1
2026-04-03,593958,ESTABLISHED,88.75982426442083,90.0,23.45185539821086,26.0,16.323282644751945,21.0,starter-role-runtime-state-v1
2026-04-03,605400,ESTABLISHED,90.31038631002168,95.0,23.500372779099344,25.0,16.829707775675317,19.0,starter-role-runtime-state-v1
2026-04-03,605488,ESTABLISHED,82.98937861671213,103.0,21.199758032443697,21.0,15.459757613630213,18.0,starter-role-runtime-state-v1
2026-04-03,641816,ESTABLISHED,81.42240057770297,91.0,20.637557812469247,23.0,15.371367242314909,15.0,starter-role-runtime-state-v1
2026-04-03,641927,ESTABLISHED,79.95547206438025,82.0,21.547286203303813,18.0,15.89217982868897,12.0,starter-role-runtime-state-v1
2026-04-03,650633,RESTRICTED,79.11576755610407,81.0,20.14356202724489,24.0,14.170898655560576,17.0,starter-role-runtime-state-v1
2026-04-03,656302,ESTABLISHED,95.32708676994719,93.0,22.025412627316364,22.0,15.510838932512815,13.0,starter-role-runtime-state-v1
2026-04-03,656550,ESTABLISHED,86.2529839353656,85.0,22.497263238249634,21.0,15.3880286105132,18.0,starter-role-runtime-state-v1
2026-04-03,663903,ESTABLISHED,83.48302546766581,87.0,21.55754807979452,22.0,15.278983600047894,15.0,starter-role-runtime-state-v1
2026-04-03,664285,ESTABLISHED,90.59490547087987,91.0,25.687096925320954,24.0,17.826090859202132,18.0,starter-role-runtime-state-v1
2026-04-03,664299,ESTABLISHED,79.41445763997879,82.0,20.610413976606537,21.0,14.312087265873604,11.0,starter-role-runtime-state-v1
2026-04-03,669022,ESTABLISHED,86.37174131560333,88.0,20.841289766060463,24.0,14.44148794251201,18.0,starter-role-runtime-state-v1
2026-04-03,672282,ESTABLISHED,89.16035811232213,104.0,22.34645023731197,26.0,14.587671406620446,20.0,starter-role-runtime-state-v1
2026-04-03,676282,ESTABLISHED,84.18712171783888,82.0,20.556025127571758,21.0,14.975542249421558,16.0,starter-role-runtime-state-v1
2026-04-03,680694,ESTABLISHED,82.73947992148189,81.0,20.54446045134818,19.0,15.59576620798621,12.0,starter-role-runtime-state-v1
2026-04-03,690997,ESTABLISHED,89.32636777285121,93.0,22.960475002927204,19.0,17.087776923882686,16.0,starter-role-runtime-state-v1
2026-04-03,691587,ESTABLISHED,87.6999098907481,84.0,20.096370930812995,20.0,14.76952613081392,12.0,starter-role-runtime-state-v1
2026-04-03,693433,ESTABLISHED,86.97754040991738,87.0,22.874173019637926,23.0,17.941919092759594,21.0,starter-role-runtime-state-v1
2026-04-03,700241,ESTABLISHED,89.96966891366816,75.0,23.56140535859629,20.0,17.091200650191873,14.0,starter-role-runtime-state-v1
2026-04-03,701542,ESTABLISHED,85.39083836807613,77.0,21.941391531228028,21.0,15.086087093500206,17.0,starter-role-runtime-state-v1
2026-04-04,571927,ESTABLISHED,81.59668598023782,97.0,20.166089046877033,22.0,14.419156227167857,18.0,starter-role-runtime-state-v1
2026-04-04,605280,ESTABLISHED,79.70819679271243,90.0,21.263821840222892,26.0,15.059791430228882,21.0,starter-role-runtime-state-v1
2026-04-04,607625,ESTABLISHED,85.67086830691501,103.0,22.85993988184152,21.0,15.69921683372295,15.0,starter-role-runtime-state-v1
2026-04-04,647336,RESTRICTED,74.99660555910677,91.0,18.84825675864469,22.0,13.741829644910975,15.0,starter-role-runtime-state-v1
2026-04-04,663623,ESTABLISHED,86.98159131749881,85.0,22.66189004073349,22.0,15.42915960244444,12.0,starter-role-runtime-state-v1
2026-04-04,666200,ESTABLISHED,97.0687440159317,99.0,24.19456370788143,24.0,18.27572209534121,20.0,starter-role-runtime-state-v1
2026-04-04,669160,ESTABLISHED,80.76027831051452,79.0,23.11138880289358,18.0,15.25819291486322,10.0,starter-role-runtime-state-v1
2026-04-04,669358,ESTABLISHED,76.9657495090871,98.0,20.801805686409345,25.0,14.863104405704448,17.0,starter-role-runtime-state-v1
2026-04-04,669387,RESTRICTED,62.20261104777362,84.0,15.4333375041845,21.0,10.85312844035118,14.0,starter-role-runtime-state-v1
2026-04-04,676106,ESTABLISHED,82.89381252520833,82.0,21.32418835101886,24.0,15.675641344779583,20.0,starter-role-runtime-state-v1
2026-04-04,677958,ESTABLISHED,85.93825009101079,80.0,20.970271462835726,23.0,14.043713583628133,15.0,starter-role-runtime-state-v1
2026-04-04,677960,ESTABLISHED,81.32462458650167,88.0,21.080693325501834,19.0,14.532514905866556,11.0,starter-role-runtime-state-v1
2026-04-04,681190,ESTABLISHED,80.2797269149625,83.0,21.086352311653066,23.0,15.309663584752904,18.0,starter-role-runtime-state-v1
2026-04-04,693821,ESTABLISHED,89.26813866919461,89.0,24.47680173727663,24.0,17.67805554348162,21.0,starter-role-runtime-state-v1
2026-04-04,694738,ESTABLISHED,77.65699036732201,95.0,19.90507109253832,23.0,13.7685950815447,14.0,starter-role-runtime-state-v1
2026-04-04,695076,ESTABLISHED,85.80539431249325,82.0,21.20614650455992,23.0,15.323068683010728,18.0,starter-role-runtime-state-v1
2026-04-04,701656,ESTABLISHED,82.02664929177072,35.0,19.711083460124225,9.0,14.973483031231412,6.0,starter-role-runtime-state-v1
2026-04-05,527048,ESTABLISHED,83.77069787566303,75.0,21.505691751822333,20.0,15.423451202774533,15.0,starter-role-runtime-state-v1
2026-04-05,605135,ESTABLISHED,89.52331406671989,62.0,22.867714640860385,15.0,15.402351045663117,6.0,starter-role-runtime-state-v1
2026-04-05,607259,ESTABLISHED,90.76384368913024,81.0,23.170453827894836,20.0,16.533835761036457,18.0,starter-role-runtime-state-v1
2026-04-05,608331,ESTABLISHED,93.96623767992284,103.0,24.95283915788228,27.0,18.815109808119423,20.0,starter-role-runtime-state-v1
2026-04-05,608372,ESTABLISHED,81.66260418638274,78.0,20.698766665009238,23.0,14.308965448381345,18.0,starter-role-runtime-state-v1
2026-04-05,621111,ESTABLISHED,82.92451839497969,61.0,21.827036239440407,14.0,14.602897589897704,8.0,starter-role-runtime-state-v1
2026-04-05,622491,ESTABLISHED,92.12137654554299,84.0,22.33795584021582,20.0,17.192640059662427,11.0,starter-role-runtime-state-v1
2026-04-05,624133,ESTABLISHED,86.24332291879813,75.0,23.16322800050057,18.0,16.344607193671422,12.0,starter-role-runtime-state-v1
2026-04-05,641778,ESTABLISHED,89.12034933364156,49.0,21.761878810107717,12.0,15.002912316945553,6.0,starter-role-runtime-state-v1
2026-04-05,657277,ESTABLISHED,92.27541709447016,92.0,24.173076925721023,28.0,17.37990110034076,21.0,starter-role-runtime-state-v1
2026-04-05,663436,ESTABLISHED,87.05144821206953,85.0,22.151406981363674,23.0,15.641590867667404,18.0,starter-role-runtime-state-v1
2026-04-05,665795,ESTABLISHED,83.03777917557944,97.0,21.715614119302053,22.0,16.034213523169704,17.0,starter-role-runtime-state-v1
2026-04-05,672456,ESTABLISHED,76.78856019101558,63.0,19.733066683160423,17.0,14.26476510965233,13.0,starter-role-runtime-state-v1
2026-04-05,677952,RAMPING,70.8896339343015,87.0,18.902861537758913,21.0,13.602715954989863,18.0,starter-role-runtime-state-v1
2026-04-05,681517,RESTRICTED,60.3832199027225,97.0,16.494381260203934,23.0,12.592085232418817,15.0,starter-role-runtime-state-v1
2026-04-05,682052,ESTABLISHED,85.44189605189632,92.0,21.119912087499067,21.0,14.535147332136141,13.0,starter-role-runtime-state-v1
2026-04-05,684007,ESTABLISHED,87.44862360978263,92.0,22.956774991437282,19.0,17.27402868090812,15.0,starter-role-runtime-state-v1
2026-04-05,690986,ESTABLISHED,80.77778896765822,90.0,20.61423816792174,21.0,14.15171865135137,16.0,starter-role-runtime-state-v1
2026-04-05,694297,ESTABLISHED,84.93766798134511,79.0,23.09578164758242,21.0,16.338316564061277,14.0,starter-role-runtime-state-v1
2026-04-05,695505,RESTRICTED,72.22421902237251,87.0,17.959908861920255,24.0,13.265098950450737,18.0,starter-role-runtime-state-v1
2026-04-05,800048,ESTABLISHED,86.88681896052236,91.0,22.73673798794475,20.0,16.94555715558819,15.0,starter-role-runtime-state-v1
2026-04-05,808963,ESTABLISHED,75.86338807778584,90.0,19.527734481493354,23.0,13.059000379902908,15.0,starter-role-runtime-state-v1
2026-04-06,453286,ESTABLISHED,78.97900678852892,36.0,20.548686735658933,9.0,14.393160960252468,6.0,starter-role-runtime-state-v1
2026-04-06,519242,ESTABLISHED,88.72284667616532,77.0,23.30238136363853,21.0,18.395805462990726,12.0,starter-role-runtime-state-v1
2026-04-06,592791,ESTABLISHED,86.08929679080855,83.0,22.266685235759645,25.0,16.708301803377456,18.0,starter-role-runtime-state-v1
2026-04-06,594798,ESTABLISHED,84.61381171078062,78.0,21.195027586605555,17.0,16.342729810360034,15.0,starter-role-runtime-state-v1
2026-04-06,605288,ESTABLISHED,89.47732601955381,89.0,24.43783230275816,28.0,17.16328815678715,18.0,starter-role-runtime-state-v1
2026-04-06,608379,ESTABLISHED,86.4902213718481,102.0,22.623361072289583,26.0,16.475721212447347,21.0,starter-role-runtime-state-v1
2026-04-06,663372,ESTABLISHED,79.26715325974162,70.0,20.915071720614076,24.0,14.984733134827014,16.0,starter-role-runtime-state-v1
2026-04-06,663554,ESTABLISHED,86.89410449322592,90.0,22.418147433534756,24.0,16.137113257483037,13.0,starter-role-runtime-state-v1
2026-04-06,663556,ESTABLISHED,84.80044200579358,69.0,21.12922762953581,17.0,15.228741941916805,12.0,starter-role-runtime-state-v1
2026-04-06,667755,RESTRICTED,80.44507508912685,97.0,20.858895047686822,26.0,15.012043719656207,24.0,starter-role-runtime-state-v1
2026-04-06,669302,ESTABLISHED,86.36733776207366,96.0,21.829335182658568,23.0,15.975531003312332,18.0,starter-role-runtime-state-v1
2026-04-06,669467,ESTABLISHED,86.15888379324123,88.0,22.000972842993555,22.0,14.65321150176606,15.0,starter-role-runtime-state-v1
2026-04-06,676083,ESTABLISHED,79.74906691448727,87.0,21.87328205797734,28.0,15.971540487731815,22.0,starter-role-runtime-state-v1
2026-04-06,676440,ESTABLISHED,89.64758548441893,87.0,23.471325514945796,20.0,17.242157139020772,14.0,starter-role-runtime-state-v1
2026-04-06,680736,ESTABLISHED,92.37687260073334,78.0,23.628149194485225,21.0,15.907424945129971,15.0,starter-role-runtime-state-v1
2026-04-06,687064,ESTABLISHED,80.69360837628402,66.0,21.995921924698806,18.0,14.996656369002537,15.0,starter-role-runtime-state-v1
2026-04-06,696149,ESTABLISHED,77.63915749934849,83.0,19.24392426245661,21.0,14.379415682769164,13.0,starter-role-runtime-state-v1
2026-04-07,592332,ESTABLISHED,90.46182863458908,84.0,23.41387522521881,24.0,18.195166834173744,16.0,starter-role-runtime-state-v1
2026-04-07,592662,ESTABLISHED,91.98033804654563,109.0,22.189797421696696,26.0,15.84601278306774,20.0,starter-role-runtime-state-v1
2026-04-07,607536,RAMPING,81.07557625958249,81.0,22.439275247262216,24.0,15.38260020112399,19.0,starter-role-runtime-state-v1
2026-04-07,642547,ESTABLISHED,83.35462846382588,101.0,19.898792010516058,22.0,14.974929828059341,14.0,starter-role-runtime-state-v1
2026-04-07,645261,ESTABLISHED,92.69620223332487,95.0,25.751758893420426,30.0,19.828650348976904,25.0,starter-role-runtime-state-v1
2026-04-07,650911,ESTABLISHED,86.86476409888,92.0,24.12292701451954,24.0,18.92051740324633,15.0,starter-role-runtime-state-v1
2026-04-07,668909,ESTABLISHED,91.42779598926812,102.0,22.731588499588717,22.0,17.07885170971096,17.0,starter-role-runtime-state-v1
2026-04-07,669373,ESTABLISHED,89.7974304198948,95.0,24.037209511149353,24.0,18.74994542833624,14.0,starter-role-runtime-state-v1
2026-04-07,669432,ESTABLISHED,85.45420433446623,101.0,22.962615624968052,25.0,17.523233582676447,18.0,starter-role-runtime-state-v1
2026-04-07,669461,ESTABLISHED,80.1068029030135,92.0,21.702209725582094,25.0,15.178416136338981,15.0,starter-role-runtime-state-v1
2026-04-07,669923,ESTABLISHED,88.98319917685818,90.0,22.472819208857153,28.0,16.557842718375262,24.0,starter-role-runtime-state-v1
2026-04-07,671096,ESTABLISHED,88.96061408843028,91.0,23.472405179458065,24.0,16.94857136959933,16.0,starter-role-runtime-state-v1
2026-04-07,671737,ESTABLISHED,87.93071020664499,104.0,21.686463634722507,27.0,15.314092964705477,19.0,starter-role-runtime-state-v1
2026-04-07,676917,ESTABLISHED,79.2497473913586,94.0,21.64661066313738,20.0,14.44932950525497,14.0,starter-role-runtime-state-v1
2026-04-07,693645,ESTABLISHED,84.00231552211301,84.0,20.828333108862637,20.0,16.21124849834665,15.0,starter-role-runtime-state-v1
2026-04-07,694819,ESTABLISHED,84.41043985581624,101.0,19.829296283921998,22.0,14.258143555415172,16.0,starter-role-runtime-state-v1
2026-04-07,694973,RESTRICTED,78.74343063640293,87.0,19.826547908420004,23.0,14.640327168429284,19.0,starter-role-runtime-state-v1
2026-04-07,702070,ESTABLISHED,91.37384124420572,97.0,22.770900765272582,24.0,16.956495407946466,17.0,starter-role-runtime-state-v1
2026-04-07,808967,ESTABLISHED,92.38098624512816,97.0,22.787261378780755,24.0,18.010703585890553,18.0,starter-role-runtime-state-v1
2026-04-08,543243,ESTABLISHED,85.11375869017539,90.0,23.32223795338969,24.0,16.557680314372245,19.0,starter-role-runtime-state-v1
2026-04-08,547179,ESTABLISHED,84.21836018087633,100.0,22.3026831208114,26.0,14.795281533024598,17.0,starter-role-runtime-state-v1
2026-04-08,605400,ESTABLISHED,90.79957622200361,84.0,23.656222253174178,23.0,17.056285321519244,18.0,starter-role-runtime-state-v1
2026-04-08,641816,ESTABLISHED,84.07353330034084,94.0,21.078511115366517,24.0,15.386585816750756,17.0,starter-role-runtime-state-v1
2026-04-08,641927,ESTABLISHED,78.3756239731599,99.0,20.939570078288824,24.0,15.416989145363502,17.0,starter-role-runtime-state-v1
2026-04-08,650633,ESTABLISHED,78.25995296311591,95.0,20.425459190340064,24.0,14.436727942860234,18.0,starter-role-runtime-state-v1
2026-04-08,656302,ESTABLISHED,92.52287714389578,96.0,21.74784497058559,23.0,15.136498937255013,15.0,starter-role-runtime-state-v1
2026-04-08,656550,ESTABLISHED,85.08224357727944,99.0,22.208997873590526,28.0,15.662239161798633,20.0,starter-role-runtime-state-v1
2026-04-08,656849,RESTRICTED,75.97486055515787,85.0,22.138685901281086,23.0,14.45652803671053,15.0,starter-role-runtime-state-v1
2026-04-08,663903,ESTABLISHED,82.59115464677015,73.0,21.45869018550524,17.0,15.209826246404733,8.0,starter-role-runtime-state-v1
2026-04-08,664285,ESTABLISHED,90.13711725647808,87.0,25.433877456165348,29.0,17.832399941284965,15.0,starter-role-runtime-state-v1
2026-04-08,664299,ESTABLISHED,77.97129202139958,20.0,20.445790928496073,6.0,13.89206337275425,3.0,starter-role-runtime-state-v1
2026-04-08,669022,ESTABLISHED,86.22177573436255,82.0,21.13393571034299,17.0,14.829638061087326,15.0,starter-role-runtime-state-v1
2026-04-08,672282,ESTABLISHED,94.07432187825192,92.0,23.11050339658098,22.0,15.261276295954172,13.0,starter-role-runtime-state-v1
2026-04-08,676282,ESTABLISHED,84.36910579185307,88.0,20.651953058206182,21.0,15.106036221235131,17.0,starter-role-runtime-state-v1
2026-04-08,680694,ESTABLISHED,80.15689505187358,96.0,20.114083268199284,23.0,15.121514262439938,15.0,starter-role-runtime-state-v1
2026-04-08,680732,ESTABLISHED,80.76790793664114,92.0,19.94318957499994,20.0,13.297235006653832,15.0,starter-role-runtime-state-v1
2026-04-08,691587,ESTABLISHED,85.03847868640773,95.0,19.842875323354804,24.0,14.390455425553569,15.0,starter-role-runtime-state-v1
2026-04-08,693433,ESTABLISHED,84.41610487209246,83.0,22.595456970390003,22.0,18.185132424279928,15.0,starter-role-runtime-state-v1
2026-04-08,700241,ESTABLISHED,84.74188033554061,91.0,22.72934650072139,21.0,16.60055822417735,18.0,starter-role-runtime-state-v1
2026-04-08,701542,ESTABLISHED,81.21025818326873,85.0,21.466891266315198,23.0,15.20498690943898,14.0,starter-role-runtime-state-v1
2026-04-09,593958,ESTABLISHED,88.59488196157754,102.0,23.68901275588264,25.0,16.825729018354227,18.0,starter-role-runtime-state-v1
2026-04-09,605488,ESTABLISHED,89.34246278788501,93.0,21.637114506155662,25.0,15.880331620799035,21.0,starter-role-runtime-state-v1
2026-04-09,607625,ESTABLISHED,88.0341968702597,92.0,22.677631054312492,24.0,15.626416505835525,19.0,starter-role-runtime-state-v1
2026-04-09,677960,ESTABLISHED,84.5104244615721,101.0,21.105356094773676,30.0,14.196979255965356,24.0,starter-role-runtime-state-v1
2026-04-09,681190,ESTABLISHED,83.47730935264823,92.0,21.642604564448764,23.0,15.700104405520609,17.0,starter-role-runtime-state-v1
2026-04-09,690997,ESTABLISHED,90.99467731950303,100.0,22.39759459362218,23.0,16.959087698043895,19.0,starter-role-runtime-state-v1
2026-04-09,695076,ESTABLISHED,83.35730299996365,95.0,21.316404256387386,26.0,15.737930020389186,16.0,starter-role-runtime-state-v1
2026-04-10,571927,ESTABLISHED,87.01253032795286,88.0,20.784902138831743,20.0,14.940194959563796,15.0,starter-role-runtime-state-v1
2026-04-10,605280,ESTABLISHED,87.24558953804551,81.0,22.526803975122398,23.0,15.913303078368287,16.0,starter-role-runtime-state-v1
2026-04-10,608372,ESTABLISHED,79.04715866238031,81.0,20.694635560422093,22.0,14.64647171917333,18.0,starter-role-runtime-state-v1
2026-04-10,621111,RESTRICTED,77.2328637371863,68.0,20.544772810513585,20.0,13.736013567003434,18.0,starter-role-runtime-state-v1
2026-04-10,647336,ESTABLISHED,79.26199499376352,93.0,19.472932522449998,25.0,13.969128854514167,17.0,starter-role-runtime-state-v1
2026-04-10,663436,ESTABLISHED,86.70866358568306,82.0,22.23282026196234,26.0,15.89159886021142,21.0,starter-role-runtime-state-v1
2026-04-10,663623,ESTABLISHED,85.41593269644238,100.0,22.435577893544682,22.0,15.013770443314016,15.0,starter-role-runtime-state-v1
2026-04-10,666200,ESTABLISHED,96.76245088041178,86.0,24.112302793445856,22.0,18.443922139904203,14.0,starter-role-runtime-state-v1
2026-04-10,669160,ESTABLISHED,81.80654830058701,75.0,22.64987440802677,23.0,14.685917952751531,18.0,starter-role-runtime-state-v1
2026-04-10,669358,ESTABLISHED,81.80660987650468,99.0,21.576669121965708,25.0,15.18370279881791,15.0,starter-role-runtime-state-v1
2026-04-10,669372,ESTABLISHED,84.45405985414106,68.0,21.057386560706178,14.0,14.201181578290317,12.0,starter-role-runtime-state-v1
2026-04-10,669387,ESTABLISHED,69.8265410298603,81.0,16.642685675746666,23.0,11.392010227746638,16.0,starter-role-runtime-state-v1
2026-04-10,672456,RESTRICTED,72.52086159754613,80.0,19.127443079358507,21.0,14.047751809851203,18.0,starter-role-runtime-state-v1
2026-04-10,676106,ESTABLISHED,80.48819177921074,88.0,21.338040239160037,19.0,16.05939940666754,15.0,starter-role-runtime-state-v1
2026-04-10,677958,ESTABLISHED,84.34183775680235,83.0,21.11215112862137,21.0,14.132065111367334,15.0,starter-role-runtime-state-v1
2026-04-10,684007,ESTABLISHED,87.06184892385126,100.0,22.368620625231454,19.0,16.97614170038129,18.0,starter-role-runtime-state-v1
2026-04-10,693821,ESTABLISHED,89.96882581324957,76.0,24.52116270967528,21.0,18.09289794051929,14.0,starter-role-runtime-state-v1
2026-04-10,694738,ESTABLISHED,83.97727395534581,93.0,20.743421543381114,25.0,13.934265790671757,18.0,starter-role-runtime-state-v1
2026-04-10,695505,ESTABLISHED,80.59863337206815,92.0,19.504543124696127,27.0,14.179252594513382,16.0,starter-role-runtime-state-v1
2026-04-11,527048,ESTABLISHED,80.87203428545921,86.0,21.105280047920115,19.0,15.303699572961659,15.0,starter-role-runtime-state-v1
2026-04-11,605135,ESTABLISHED,86.05728704443054,89.0,21.930894870667288,21.0,14.25876078131829,14.0,starter-role-runtime-state-v1
2026-04-11,607259,ESTABLISHED,90.00989884955514,87.0,22.853013296319958,22.0,16.741231993771127,14.0,starter-role-runtime-state-v1
2026-04-11,608331,ESTABLISHED,95.62492865926863,94.0,25.24385662404476,30.0,18.945973588166975,24.0,starter-role-runtime-state-v1
2026-04-11,608379,ESTABLISHED,87.22034069300669,88.0,22.89293069270843,28.0,16.94236640067201,24.0,starter-role-runtime-state-v1
2026-04-11,622491,ESTABLISHED,90.76400161627187,91.0,22.02564779148384,21.0,16.458865896333528,10.0,starter-role-runtime-state-v1
2026-04-11,624133,ESTABLISHED,84.89500235956903,84.0,22.56190862302788,22.0,15.857042827612727,18.0,starter-role-runtime-state-v1
2026-04-11,641778,ESTABLISHED,78.95509148692919,95.0,20.007870657401313,25.0,13.719288813691144,16.0,starter-role-runtime-state-v1
2026-04-11,656492,ESTABLISHED,90.81122447811256,80.0,21.540128631834776,20.0,15.00638121079216,16.0,starter-role-runtime-state-v1
2026-04-11,657277,ESTABLISHED,95.36545826643246,98.0,24.941028811902896,26.0,17.866973788447233,18.0,starter-role-runtime-state-v1
2026-04-11,663372,ESTABLISHED,75.82607723573747,82.0,20.93116362087441,21.0,15.01725369200497,12.0,starter-role-runtime-state-v1
2026-04-11,663554,ESTABLISHED,83.8156490564201,74.0,22.19051643863206,25.0,15.693307162098971,17.0,starter-role-runtime-state-v1
2026-04-11,665795,ESTABLISHED,88.48105524250364,98.0,22.198820974393172,25.0,16.283620812953092,15.0,starter-role-runtime-state-v1
2026-04-11,676083,ESTABLISHED,79.05862023923983,99.0,22.378067453490424,22.0,16.62343837580556,15.0,starter-role-runtime-state-v1
2026-04-11,677952,RAMPING,74.71288359904334,77.0,19.395816192512925,20.0,14.334095641179477,15.0,starter-role-runtime-state-v1
2026-04-11,681517,ESTABLISHED,74.30826691781019,71.0,19.029743499170273,17.0,13.612387319598712,12.0,starter-role-runtime-state-v1
2026-04-11,682052,ESTABLISHED,85.8019421445667,96.0,21.059429649954687,25.0,14.339393074424978,15.0,starter-role-runtime-state-v1
2026-04-11,690986,ESTABLISHED,81.75700983075656,76.0,20.656579941569852,19.0,14.358463091335244,13.0,starter-role-runtime-state-v1
2026-04-11,694297,ESTABLISHED,84.80691316102444,101.0,22.93306474522329,28.0,16.092462105879275,18.0,starter-role-runtime-state-v1
2026-04-11,800048,ESTABLISHED,86.66126637905393,84.0,22.141224470283348,26.0,16.578889043870667,20.0,starter-role-runtime-state-v1
2026-04-12,453286,RESTRICTED,73.78684615237567,68.0,19.2042523807823,15.0,13.438694668640263,7.0,starter-role-runtime-state-v1
2026-04-12,519242,ESTABLISHED,88.5768277209747,97.0,23.188872674569517,26.0,17.715436723758714,18.0,starter-role-runtime-state-v1
2026-04-12,592791,ESTABLISHED,84.51897038259331,102.0,22.416790296172074,26.0,16.82028773755954,18.0,starter-role-runtime-state-v1
2026-04-12,594798,ESTABLISHED,82.1015436424479,93.0,20.5294038650323,24.0,16.162852240558202,18.0,starter-role-runtime-state-v1
2026-04-12,605288,ESTABLISHED,88.88997105829719,88.0,24.746495614857512,21.0,17.24293489515179,14.0,starter-role-runtime-state-v1
2026-04-12,642547,ESTABLISHED,92.41620570989383,100.0,20.879256068365216,25.0,15.097810457974443,18.0,starter-role-runtime-state-v1
2026-04-12,645261,ESTABLISHED,91.06243862604369,100.0,25.956586643922314,30.0,20.301037791189287,18.0,starter-role-runtime-state-v1
2026-04-12,656876,ESTABLISHED,74.3452280633917,76.0,18.199407031216076,19.0,13.71958778007546,18.0,starter-role-runtime-state-v1
2026-04-12,667755,ESTABLISHED,90.43876732657141,106.0,22.345838808693138,26.0,16.228602146108525,21.0,starter-role-runtime-state-v1
2026-04-12,669302,ESTABLISHED,90.1739595511893,85.0,22.264946037694624,24.0,16.293710305658337,21.0,starter-role-runtime-state-v1
2026-04-12,669373,ESTABLISHED,88.972827152082,96.0,23.874581003747743,24.0,18.185136171244253,20.0,starter-role-runtime-state-v1
2026-04-12,669467,ESTABLISHED,85.01135817283578,95.0,21.845217355332583,27.0,14.642627347099161,15.0,starter-role-runtime-state-v1
2026-04-12,671096,ESTABLISHED,89.12064930048403,71.0,23.53072950027842,18.0,16.85554948153625,9.0,starter-role-runtime-state-v1
2026-04-12,671737,ESTABLISHED,90.84490619352964,106.0,22.397836315445048,23.0,15.77769867769062,15.0,starter-role-runtime-state-v1
2026-04-12,676440,ESTABLISHED,87.30613992479181,93.0,22.835723866218494,24.0,16.803265998444786,14.0,starter-role-runtime-state-v1
2026-04-12,693645,ESTABLISHED,81.60693041130878,85.0,20.462190189933125,23.0,15.974424881232459,15.0,starter-role-runtime-state-v1
2026-04-12,696149,RAMPING,81.26162679244082,91.0,19.89929421828915,23.0,14.171907805969031,16.0,starter-role-runtime-state-v1
2026-04-12,700249,ESTABLISHED,92.5571691366998,97.0,22.701615745497023,24.0,15.724540014279864,20.0,starter-role-runtime-state-v1
2026-04-12,702070,ESTABLISHED,90.27520929537296,67.0,22.718620420556828,23.0,16.906814822808677,16.0,starter-role-runtime-state-v1
2026-04-12,808963,ESTABLISHED,76.70410782872838,94.0,19.91611907792858,22.0,13.324755985415365,12.0,starter-role-runtime-state-v1
2026-04-13,641927,ESTABLISHED,82.01787350705514,95.0,21.4501164605357,26.0,15.643126310301156,18.0,starter-role-runtime-state-v1
2026-04-13,650911,ESTABLISHED,91.47122486361232,96.0,24.61519574764266,26.0,18.653546022440707,18.0,starter-role-runtime-state-v1
2026-04-13,656550,ESTABLISHED,88.42414127288427,59.0,23.03320921263581,17.0,16.19343884215176,12.0,starter-role-runtime-state-v1
2026-04-13,656849,ESTABLISHED,80.71730489559721,89.0,22.703407391412902,25.0,14.627226206650512,15.0,starter-role-runtime-state-v1
2026-04-13,665152,ESTABLISHED,88.16854874251307,80.0,21.981187627551424,21.0,16.48946448680646,15.0,starter-role-runtime-state-v1
2026-04-13,668909,ESTABLISHED,93.46152283362234,93.0,22.742482515853553,22.0,17.09947409339111,15.0,starter-role-runtime-state-v1
2026-04-13,669461,ESTABLISHED,82.09029283848183,105.0,22.163233469443796,23.0,15.211952980412985,15.0,starter-role-runtime-state-v1
2026-04-13,669923,ESTABLISHED,89.24105457118664,99.0,23.05315189412382,29.0,17.349949577203084,23.0,starter-role-runtime-state-v1
2026-04-13,676917,RAMPING,82.67114246880332,48.0,21.549396094266115,12.0,14.425271896829896,4.0,starter-role-runtime-state-v1
2026-04-13,680736,ESTABLISHED,87.58558584266824,90.0,22.91100724392139,25.0,15.682127681438473,24.0,starter-role-runtime-state-v1
2026-04-13,691587,ESTABLISHED,85.69630831400254,76.0,20.23573596996755,20.0,14.442997061629036,12.0,starter-role-runtime-state-v1
2026-04-13,694973,RESTRICTED,80.29017098431679,88.0,20.26958194264436,20.0,15.159740848589614,18.0,starter-role-runtime-state-v1
2026-04-13,701542,ESTABLISHED,82.18843870237883,89.0,21.7057333383773,17.0,15.093207507657535,11.0,starter-role-runtime-state-v1
2026-04-14,518876,ESTABLISHED,80.76051308707652,86.0,22.86388520573525,24.0,16.475402238676146,16.0,starter-role-runtime-state-v1
2026-04-14,543243,ESTABLISHED,85.71189167085666,93.0,23.398233948639778,22.0,16.82758338135213,12.0,starter-role-runtime-state-v1
2026-04-14,547179,ESTABLISHED,88.30708223087579,71.0,23.01193993142075,18.0,15.154548515752193,8.0,starter-role-runtime-state-v1
2026-04-14,592332,ESTABLISHED,90.25752427771062,97.0,23.532557645773423,24.0,17.971953081889822,15.0,starter-role-runtime-state-v1
2026-04-14,592662,ESTABLISHED,98.02967050316387,94.0,23.07723564051564,19.0,16.449392866336915,15.0,starter-role-runtime-state-v1
2026-04-14,605400,ESTABLISHED,90.98608819183113,87.0,23.70014410742725,23.0,17.19076528421532,15.0,starter-role-runtime-state-v1
2026-04-14,605488,ESTABLISHED,90.03333402067312,90.0,22.03863473792694,23.0,16.45743301117642,19.0,starter-role-runtime-state-v1
2026-04-14,650633,RAMPING,84.02604483511502,85.0,21.28599924722751,25.0,14.96157294365597,18.0,starter-role-runtime-state-v1
2026-04-14,663556,ESTABLISHED,80.2693540497504,83.0,20.34615627673594,23.0,14.76753892765748,15.0,starter-role-runtime-state-v1
2026-04-14,663903,ESTABLISHED,83.30004931126119,75.0,21.144125621681923,25.0,14.417532967718731,18.0,starter-role-runtime-state-v1
2026-04-14,664285,ESTABLISHED,91.01047076153354,87.0,25.953336733346937,26.0,17.573526696320776,21.0,starter-role-runtime-state-v1
2026-04-14,669022,ESTABLISHED,89.40509057595267,94.0,21.042935981365382,22.0,14.98270767364048,14.0,starter-role-runtime-state-v1
2026-04-14,669432,ESTABLISHED,93.54992341117887,99.0,23.942330132027806,22.0,17.807217646119987,14.0,starter-role-runtime-state-v1
2026-04-14,672282,ESTABLISHED,95.25060235678717,99.0,23.140033011553093,25.0,15.034899678241633,21.0,starter-role-runtime-state-v1
2026-04-14,676282,ESTABLISHED,87.72204627567979,82.0,21.008896311972926,21.0,15.416132183054119,18.0,starter-role-runtime-state-v1
2026-04-14,677960,ESTABLISHED,85.3062064948471,94.0,21.914875442792173,22.0,15.188876016502611,15.0,starter-role-runtime-state-v1
2026-04-14,690997,ESTABLISHED,91.26384831844251,95.0,22.37366101732409,25.0,17.233083583984566,21.0,starter-role-runtime-state-v1
2026-04-14,693433,ESTABLISHED,87.07622054637027,92.0,22.86413609570775,29.0,17.94794856694469,21.0,starter-role-runtime-state-v1
2026-04-14,694819,ESTABLISHED,88.18542531475639,76.0,20.28433869379571,21.0,14.527162680260643,16.0,starter-role-runtime-state-v1
2026-04-14,700241,ESTABLISHED,86.44250002506642,87.0,22.630443385839826,20.0,16.80999108745394,15.0,starter-role-runtime-state-v1
2026-04-14,808967,ESTABLISHED,93.95197204951617,104.0,23.04565308002958,28.0,18.056904810908314,23.0,starter-role-runtime-state-v1
2026-04-15,593958,ESTABLISHED,90.8885570850314,98.0,23.939697470757917,25.0,16.98356302276811,15.0,starter-role-runtime-state-v1
2026-04-15,605280,ESTABLISHED,86.33874096138128,88.0,22.55423813732206,21.0,15.914568520739417,15.0,starter-role-runtime-state-v1
2026-04-15,607625,ESTABLISHED,90.58367263366424,92.0,23.056095187065626,23.0,16.06655401400366,20.0,starter-role-runtime-state-v1
2026-04-15,641816,ESTABLISHED,88.24852863973331,89.0,21.74674697293473,24.0,15.670422016755808,12.0,starter-role-runtime-state-v1
2026-04-15,656302,ESTABLISHED,93.83191794520599,106.0,21.97884993433801,22.0,15.151810171110686,18.0,starter-role-runtime-state-v1
2026-04-15,663623,ESTABLISHED,87.70284123658712,85.0,22.46811616537139,23.0,15.038770512183657,15.0,starter-role-runtime-state-v1
2026-04-15,666200,ESTABLISHED,92.67973256255708,98.0,23.559260775834204,27.0,17.844143634610095,16.0,starter-role-runtime-state-v1
2026-04-15,669160,ESTABLISHED,77.94182618170521,91.0,22.300623076770055,21.0,14.955954862204392,18.0,starter-role-runtime-state-v1
2026-04-15,669372,ESTABLISHED,79.4892617342915,78.0,19.829680053021285,21.0,13.887012532148216,16.0,starter-role-runtime-state-v1
2026-04-15,676106,ESTABLISHED,84.87873765900164,98.0,21.46672312896427,23.0,16.057755550666513,18.0,starter-role-runtime-state-v1
2026-04-15,677958,ESTABLISHED,81.50590889328751,97.0,20.79247975863145,23.0,14.153809080429243,14.0,starter-role-runtime-state-v1
2026-04-15,680694,ESTABLISHED,85.62959592015534,97.0,20.84323342060152,27.0,15.231244187459144,18.0,starter-role-runtime-state-v1
2026-04-15,680732,ESTABLISHED,84.61173601892705,92.0,20.23118579614842,25.0,13.571543446585578,16.0,starter-role-runtime-state-v1
2026-04-15,681190,RAMPING,84.31164214994924,85.0,21.77801880839998,21.0,15.828884050267972,12.0,starter-role-runtime-state-v1
2026-04-15,684007,ESTABLISHED,88.53627379224451,97.0,21.955405416238637,22.0,17.11192593221555,18.0,starter-role-runtime-state-v1
2026-04-15,693821,ESTABLISHED,85.1884269619986,79.0,23.744166159443793,23.0,17.507295409872114,17.0,starter-role-runtime-state-v1
2026-04-15,695076,ESTABLISHED,86.44473617643666,90.0,22.212742965776883,25.0,15.843478449181042,20.0,starter-role-runtime-state-v1
2026-04-16,571927,ESTABLISHED,88.65509423064536,74.0,20.862790951781825,22.0,14.997468879479811,16.0,starter-role-runtime-state-v1
2026-04-16,608331,ESTABLISHED,95.57738139112655,93.0,25.73420797479284,22.0,19.495392173556233,16.0,starter-role-runtime-state-v1
2026-04-16,621111,RESTRICTED,77.55515000894925,88.0,20.643320365954764,20.0,14.267087865844013,15.0,starter-role-runtime-state-v1
2026-04-16,622491,ESTABLISHED,88.77538803802798,98.0,21.708030238167726,26.0,15.691993375490146,16.0,starter-role-runtime-state-v1
2026-04-16,656492,ESTABLISHED,85.39439348365157,89.0,20.823810765094237,24.0,15.349149482013349,16.0,starter-role-runtime-state-v1
2026-04-16,669358,ESTABLISHED,88.22447466748226,99.0,22.49404893286725,26.0,15.324443390030527,18.0,starter-role-runtime-state-v1
2026-04-16,672456,ESTABLISHED,75.84996312822899,83.0,19.62853607756135,25.0,14.574020748843152,18.0,starter-role-runtime-state-v1
2026-04-16,677952,RAMPING,74.70631063775213,90.0,19.44209999810085,25.0,14.418852340059392,17.0,starter-role-runtime-state-v1
2026-04-16,682052,ESTABLISHED,90.32937431735996,85.0,21.872262514639857,22.0,14.52098837005719,15.0,starter-role-runtime-state-v1
2026-04-16,694738,ESTABLISHED,89.97016829085463,87.0,21.763859381858733,21.0,14.530822343584106,18.0,starter-role-runtime-state-v1
2026-04-16,695505,ESTABLISHED,84.23639051602296,87.0,20.768061789907613,18.0,14.5413667431881,18.0,starter-role-runtime-state-v1
2026-04-16,800048,ESTABLISHED,84.24439630085064,112.0,22.477193965438474,27.0,17.03617673545874,24.0,starter-role-runtime-state-v1
2026-04-17,527048,ESTABLISHED,80.12601901417902,94.0,20.696089924825138,26.0,15.207201035715997,18.0,starter-role-runtime-state-v1
2026-04-17,594798,ESTABLISHED,84.51236842079246,88.0,21.048851580616876,17.0,16.42796435971953,12.0,starter-role-runtime-state-v1
2026-04-17,605135,ESTABLISHED,87.65168863725539,100.0,21.97183787958747,22.0,14.287418819470986,15.0,starter-role-runtime-state-v1
2026-04-17,607259,ESTABLISHED,88.02367659910101,88.0,22.588428140213157,26.0,16.402153239129913,16.0,starter-role-runtime-state-v1
2026-04-17,608372,ESTABLISHED,80.62130713249148,91.0,21.001190551613007,23.0,15.064111171609248,12.0,starter-role-runtime-state-v1
2026-04-17,608379,ESTABLISHED,89.33636978666036,97.0,23.676430106660376,24.0,17.766821917992537,18.0,starter-role-runtime-state-v1
2026-04-17,624133,ESTABLISHED,85.55912274065824,93.0,22.603856307743968,26.0,16.135904381689816,24.0,starter-role-runtime-state-v1
2026-04-17,647336,ESTABLISHED,87.33336537173153,94.0,20.77688233330527,26.0,14.511870601637849,21.0,starter-role-runtime-state-v1
2026-04-17,657277,ESTABLISHED,97.90944990493962,99.0,25.326857692896308,27.0,17.95133192082102,18.0,starter-role-runtime-state-v1
2026-04-17,663436,ESTABLISHED,87.93402066882285,89.0,22.813642872926458,24.0,16.48861171845376,21.0,starter-role-runtime-state-v1
2026-04-17,663554,ESTABLISHED,83.65157875001825,94.0,22.59257815657234,23.0,15.861086507488858,20.0,starter-role-runtime-state-v1
2026-04-17,663567,RESTRICTED,74.25798021285577,90.0,20.152840909640567,24.0,13.15747805310873,15.0,starter-role-runtime-state-v1
2026-04-17,665795,ESTABLISHED,92.42749145459474,91.0,22.832668277036184,25.0,16.245007182845395,18.0,starter-role-runtime-state-v1
2026-04-17,667755,ESTABLISHED,91.86466267697395,99.0,22.742427100712277,23.0,16.75765919970266,17.0,starter-role-runtime-state-v1
2026-04-17,669302,ESTABLISHED,88.45376437801396,99.0,22.319452982043593,24.0,16.758466491313825,16.0,starter-role-runtime-state-v1
2026-04-17,676083,ESTABLISHED,86.68725276307278,93.0,22.960188359155108,24.0,16.60580014652649,16.0,starter-role-runtime-state-v1
2026-04-17,676440,ESTABLISHED,88.45169647125005,96.0,23.019994332041094,25.0,16.5083887191679,18.0,starter-role-runtime-state-v1
2026-04-17,681517,ESTABLISHED,73.28017775959518,83.0,18.414509636838954,22.0,13.124911487971914,15.0,starter-role-runtime-state-v1
2026-04-17,693645,ESTABLISHED,83.84999127361101,93.0,20.964585612669346,24.0,15.919742614478603,18.0,starter-role-runtime-state-v1
2026-04-17,696149,ESTABLISHED,81.53468929872791,90.0,20.3210741636152,22.0,14.482024093573573,18.0,starter-role-runtime-state-v1
2026-04-18,453286,RESTRICTED,72.1053273959369,74.0,18.59034250673576,22.0,12.644321069330756,18.0,starter-role-runtime-state-v1
2026-04-18,519242,ESTABLISHED,90.38768791599645,101.0,23.606543885649675,26.0,17.79329966028852,21.0,starter-role-runtime-state-v1
2026-04-18,592791,ESTABLISHED,87.88391173155983,100.0,22.98730644619768,24.0,17.00935580811611,18.0,starter-role-runtime-state-v1
2026-04-18,605288,ESTABLISHED,87.54856803618938,88.0,24.174742272883694,27.0,16.858715549261703,17.0,starter-role-runtime-state-v1
2026-04-18,642547,ESTABLISHED,95.33537145161002,93.0,21.530786905194375,23.0,15.46155116685989,17.0,starter-role-runtime-state-v1
2026-04-18,645261,ESTABLISHED,96.33674358522377,97.0,26.90029729189546,24.0,20.20000155243606,15.0,starter-role-runtime-state-v1
2026-04-18,650911,ESTABLISHED,92.82374865980627,93.0,24.88538703768971,28.0,18.629939697798235,18.0,starter-role-runtime-state-v1
2026-04-18,656876,ESTABLISHED,77.48652476180239,64.0,18.626155886457965,15.0,14.306898661792548,11.0,starter-role-runtime-state-v1
2026-04-18,663372,RESTRICTED,76.07198183684068,87.0,20.881966867588176,23.0,14.671995860490707,17.0,starter-role-runtime-state-v1
2026-04-18,665152,ESTABLISHED,91.00522679675632,95.0,22.287668693398288,22.0,16.447389160032373,18.0,starter-role-runtime-state-v1
2026-04-18,668909,ESTABLISHED,93.11987394582926,100.0,22.628817949983308,26.0,16.85182885928885,21.0,starter-role-runtime-state-v1
2026-04-18,669373,ESTABLISHED,90.64542484325686,89.0,24.002789607580354,23.0,18.41736952142011,18.0,starter-role-runtime-state-v1
2026-04-18,669467,ESTABLISHED,89.8057722459364,87.0,22.81602738056837,21.0,14.796100325391226,15.0,starter-role-runtime-state-v1
2026-04-18,669923,ESTABLISHED,90.29722833078088,96.0,23.66667551450989,26.0,17.96491963101657,17.0,starter-role-runtime-state-v1
2026-04-18,671096,ESTABLISHED,87.93565929694213,97.0,23.014067567883878,24.0,15.97301267355679,14.0,starter-role-runtime-state-v1
2026-04-18,671737,ESTABLISHED,95.5238757514933,99.0,22.78472502559915,25.0,15.76908868606623,18.0,starter-role-runtime-state-v1
2026-04-18,676917,ESTABLISHED,74.06121014034584,92.0,19.762044266425583,19.0,12.732593667352187,12.0,starter-role-runtime-state-v1
2026-04-18,694973,ESTABLISHED,85.47109723668841,64.0,20.727483346539316,16.0,15.627672773219535,12.0,starter-role-runtime-state-v1
2026-04-18,701542,ESTABLISHED,83.59175307103432,93.0,21.198438572109502,25.0,14.641734782182457,21.0,starter-role-runtime-state-v1
2026-04-18,702070,ESTABLISHED,86.68082327798176,74.0,22.6347807840477,22.0,16.770478345416883,12.0,starter-role-runtime-state-v1
2026-04-19,547179,ESTABLISHED,82.21340751469238,88.0,21.956396018816275,22.0,14.191195255059617,15.0,starter-role-runtime-state-v1
2026-04-19,592332,ESTABLISHED,91.42875678785951,86.0,23.64306805797335,25.0,17.66277928521567,18.0,starter-role-runtime-state-v1
2026-04-19,592662,ESTABLISHED,97.03529397565504,93.0,22.54503143924741,26.0,16.281587170582206,18.0,starter-role-runtime-state-v1
2026-04-19,605488,ESTABLISHED,91.5583778379991,85.0,22.32604546024485,25.0,16.789062935354703,15.0,starter-role-runtime-state-v1
2026-04-19,641927,ESTABLISHED,90.62345713399105,102.0,22.76787034976863,26.0,16.13348671466433,19.0,starter-role-runtime-state-v1
2026-04-19,650633,RAMPING,83.4939852464375,105.0,21.61245315400355,19.0,15.276193105135096,15.0,starter-role-runtime-state-v1
2026-04-19,656550,ESTABLISHED,85.17850238103308,81.0,22.389948900983562,19.0,15.734702396970778,14.0,starter-role-runtime-state-v1
2026-04-19,663556,ESTABLISHED,78.67193187776591,90.0,20.430307457529544,21.0,14.744449862786759,13.0,starter-role-runtime-state-v1
2026-04-19,663903,ESTABLISHED,82.37005988930657,104.0,21.522533062302333,26.0,14.784917337460387,18.0,starter-role-runtime-state-v1
2026-04-19,664285,ESTABLISHED,89.01057611404521,98.0,25.757497061615737,23.0,17.904309767594604,18.0,starter-role-runtime-state-v1
2026-04-19,669022,ESTABLISHED,88.29094516179349,90.0,20.979026275861493,23.0,14.81959291013483,15.0,starter-role-runtime-state-v1
2026-04-19,669432,ESTABLISHED,93.3674915739864,95.0,23.61373578906199,24.0,17.34271599592735,15.0,starter-role-runtime-state-v1
2026-04-19,669461,ESTABLISHED,86.32580264434525,82.0,22.477150779273554,23.0,15.257012332708335,18.0,starter-role-runtime-state-v1
2026-04-19,676282,ESTABLISHED,85.18479373185089,89.0,20.80317296059652,22.0,15.651129405189717,14.0,starter-role-runtime-state-v1
2026-04-19,677960,ESTABLISHED,86.99560508868471,95.0,21.99586463953495,26.0,15.180516442303244,22.0,starter-role-runtime-state-v1
2026-04-19,691587,ESTABLISHED,83.20103267654527,84.0,20.053429661610274,21.0,14.116952049960771,18.0,starter-role-runtime-state-v1
2026-04-19,691725,ESTABLISHED,87.20748298540838,84.0,21.00372790253441,19.0,13.88630181253297,12.0,starter-role-runtime-state-v1
2026-04-19,693433,ESTABLISHED,87.81350219350648,85.0,23.516538371911874,26.0,18.296473778847798,21.0,starter-role-runtime-state-v1
2026-04-19,694819,ESTABLISHED,85.16339768269427,97.0,20.205283355609897,23.0,14.658474147707688,15.0,starter-role-runtime-state-v1
2026-04-19,808963,ESTABLISHED,82.16375782606003,78.0,20.562855733556916,22.0,13.219168156998773,14.0,starter-role-runtime-state-v1
2026-04-20,543243,ESTABLISHED,88.14309512822962,40.0,23.436652274977686,11.0,16.339558343969316,8.0,starter-role-runtime-state-v1
2026-04-20,605400,ESTABLISHED,90.60642929793318,88.0,23.633067464682345,22.0,16.943893819659724,13.0,starter-role-runtime-state-v1
2026-04-20,607625,ESTABLISHED,92.45699982762054,93.0,23.23491094930185,24.0,16.549155248227606,21.0,starter-role-runtime-state-v1
2026-04-20,656302,ESTABLISHED,95.91636821002002,110.0,22.067475098327627,22.0,15.498346878256946,15.0,starter-role-runtime-state-v1
2026-04-20,663623,ESTABLISHED,87.36447796632187,68.0,22.5266310221009,19.0,15.038999190104994,15.0,starter-role-runtime-state-v1
2026-04-20,669372,ESTABLISHED,77.58493485887368,92.0,19.76832199349288,23.0,14.075543729090327,16.0,starter-role-runtime-state-v1
2026-04-20,672282,ESTABLISHED,96.69782832567206,90.0,23.45630632793972,26.0,15.699637899521434,18.0,starter-role-runtime-state-v1
2026-04-20,676106,ESTABLISHED,85.77535936998159,85.0,21.579693882663754,20.0,16.25007502236981,15.0,starter-role-runtime-state-v1
2026-04-20,680694,ESTABLISHED,87.28494844887057,104.0,21.53686534655497,27.0,15.564236629927024,16.0,starter-role-runtime-state-v1
2026-04-20,680736,ESTABLISHED,87.9570198790008,97.0,23.232713560566662,29.0,16.972607446336355,21.0,starter-role-runtime-state-v1
2026-04-20,693821,ESTABLISHED,84.10626442436248,98.0,23.61924947156372,27.0,17.439197978551,20.0,starter-role-runtime-state-v1
2026-04-20,695076,ESTABLISHED,85.49641228794013,93.0,22.465109370429424,24.0,16.436250807236995,18.0,starter-role-runtime-state-v1
2026-04-20,700241,ESTABLISHED,85.57867573623886,80.0,22.20332033021763,23.0,16.565270786991178,17.0,starter-role-runtime-state-v1
2026-04-21,518876,ESTABLISHED,80.86034206999216,101.0,22.933068373372205,26.0,16.40904887419922,13.0,starter-role-runtime-state-v1
2026-04-21,571927,ESTABLISHED,85.06151594013919,77.0,20.774044414925164,17.0,15.048271663731171,9.0,starter-role-runtime-state-v1
2026-04-21,622491,ESTABLISHED,90.08802380941667,95.0,22.203636370796232,21.0,15.755977269517544,15.0,starter-role-runtime-state-v1
2026-04-21,656492,ESTABLISHED,86.0880082441408,96.0,21.685155416385037,24.0,15.537484954191378,18.0,starter-role-runtime-state-v1
2026-04-21,666200,ESTABLISHED,94.2176062332205,100.0,24.03567820423427,24.0,17.69109974558426,14.0,starter-role-runtime-state-v1
2026-04-21,669160,ESTABLISHED,84.7668502666684,97.0,22.80017963050802,22.0,15.468324510095837,16.0,starter-role-runtime-state-v1
2026-04-21,669358,ESTABLISHED,88.97754976497575,98.0,22.83263364839877,29.0,15.604537734665714,19.0,starter-role-runtime-state-v1
2026-04-21,669387,RAMPING,71.86923176948952,93.0,17.44132355343836,21.0,11.955260941295712,13.0,starter-role-runtime-state-v1
2026-04-21,672456,ESTABLISHED,76.15439807061898,88.0,20.140296548899357,22.0,14.938671754302252,17.0,starter-role-runtime-state-v1
2026-04-21,677958,ESTABLISHED,83.58704851981985,88.0,21.087684389406157,23.0,14.145591575580788,18.0,starter-role-runtime-state-v1
2026-04-21,680732,ESTABLISHED,89.57341360232307,101.0,21.19764933486517,22.0,13.96949626717422,18.0,starter-role-runtime-state-v1
2026-04-21,681190,ESTABLISHED,84.21628226629197,84.0,21.68527887032759,24.0,15.417421231404006,21.0,starter-role-runtime-state-v1
2026-04-21,682052,ESTABLISHED,89.57488300432027,86.0,21.870732053811317,24.0,14.57374115533308,16.0,starter-role-runtime-state-v1
2026-04-21,684007,ESTABLISHED,92.57951895629894,87.0,22.312513816005637,26.0,17.328082182993015,21.0,starter-role-runtime-state-v1
2026-04-21,690986,ESTABLISHED,83.06058557637161,72.0,20.694318969971505,17.0,14.278562903637809,9.0,starter-role-runtime-state-v1
2026-04-21,690997,ESTABLISHED,94.32324536657583,99.0,23.021334358810826,25.0,17.85506666122548,20.0,starter-role-runtime-state-v1
2026-04-21,694738,ESTABLISHED,88.7820143399366,106.0,21.58262695561639,20.0,14.901454392656088,15.0,starter-role-runtime-state-v1
2026-04-21,695505,RAMPING,84.10771194429168,97.0,20.276555945314527,23.0,15.055517058009046,17.0,starter-role-runtime-state-v1
2026-04-21,800048,ESTABLISHED,91.8342252116558,85.0,23.578198602334727,20.0,18.18757701101083,15.0,starter-role-runtime-state-v1
2026-04-21,808967,ESTABLISHED,95.48147228210969,101.0,23.630554280687388,28.0,18.62472515398158,21.0,starter-role-runtime-state-v1
2026-04-22,571510,ESTABLISHED,85.34819868308202,84.0,21.661002847825294,19.0,16.121127517127082,14.0,starter-role-runtime-state-v1
2026-04-22,593958,ESTABLISHED,93.33393532979692,96.0,24.250714999700186,24.0,16.811374437776685,15.0,starter-role-runtime-state-v1
2026-04-22,605135,ESTABLISHED,86.68551718605241,88.0,21.7213513806198,25.0,14.314135135339507,16.0,starter-role-runtime-state-v1
2026-04-22,605280,ESTABLISHED,87.01324278406223,88.0,22.430279463678175,27.0,15.825678119667511,21.0,starter-role-runtime-state-v1
2026-04-22,607259,ESTABLISHED,85.15842464815633,95.0,22.61328520662534,30.0,16.276023590205966,24.0,starter-role-runtime-state-v1
2026-04-22,608331,ESTABLISHED,96.5655603305916,100.0,25.454576620641856,29.0,19.142943147993908,24.0,starter-role-runtime-state-v1
2026-04-22,608372,RAMPING,81.57941146323773,101.0,21.208800720488895,23.0,14.73678369639918,17.0,starter-role-runtime-state-v1
2026-04-22,608379,ESTABLISHED,87.97434970403978,89.0,23.445319113057934,25.0,17.713750028120025,16.0,starter-role-runtime-state-v1
2026-04-22,621111,ESTABLISHED,79.91594697234217,82.0,20.72575600594851,19.0,14.405128035709662,8.0,starter-role-runtime-state-v1
2026-04-22,624133,ESTABLISHED,87.22837281928973,71.0,23.087615340650025,21.0,17.025906457239472,14.0,starter-role-runtime-state-v1
2026-04-22,641743,ESTABLISHED,96.27664398054449,92.0,22.574002296862794,22.0,15.570098818545121,11.0,starter-role-runtime-state-v1
2026-04-22,641778,ESTABLISHED,80.53492162391785,79.0,20.538185031041444,24.0,13.977970675525171,15.0,starter-role-runtime-state-v1
2026-04-22,641816,ESTABLISHED,90.24793856987095,91.0,22.209021559884377,26.0,15.331599108154343,21.0,starter-role-runtime-state-v1
2026-04-22,663554,ESTABLISHED,83.35828025937698,88.0,22.459500509033894,23.0,16.26016899183151,18.0,starter-role-runtime-state-v1
2026-04-22,663567,ESTABLISHED,77.05602642661245,96.0,20.743555807350276,24.0,13.427993562966762,18.0,starter-role-runtime-state-v1
2026-04-22,667755,ESTABLISHED,93.30498546483166,84.0,22.84247405998891,20.0,16.792230442183882,15.0,starter-role-runtime-state-v1
2026-04-22,669302,ESTABLISHED,89.82558244868518,89.0,22.528493225644574,21.0,16.67961166480845,12.0,starter-role-runtime-state-v1
2026-04-22,676083,ESTABLISHED,88.24487455863029,56.0,23.181046863412767,17.0,16.56230509468344,15.0,starter-role-runtime-state-v1
2026-04-22,676440,ESTABLISHED,92.27492136121843,95.0,23.590184863864465,24.0,16.773269298772206,18.0,starter-role-runtime-state-v1
2026-04-22,677952,ESTABLISHED,77.53376758426987,94.0,20.3037793011379,25.0,14.826211749841434,21.0,starter-role-runtime-state-v1
2026-04-22,681517,RAMPING,74.64867155300418,89.0,19.16627901117983,25.0,13.564158197239003,15.0,starter-role-runtime-state-v1
2026-04-23,594798,ESTABLISHED,87.3981934963041,89.0,20.844790449750004,23.0,16.02024173603422,17.0,starter-role-runtime-state-v1
2026-04-23,647336,ESTABLISHED,88.84488131726283,101.0,21.403870413426176,22.0,15.2198057019142,15.0,starter-role-runtime-state-v1
2026-04-23,650911,ESTABLISHED,92.32984462081083,99.0,25.157244165909557,30.0,18.56066351582895,16.0,starter-role-runtime-state-v1
2026-04-23,657277,ESTABLISHED,97.4721841962864,98.0,25.44812017133779,29.0,17.94995520811177,21.0,starter-role-runtime-state-v1
2026-04-23,663372,ESTABLISHED,80.39510591284296,40.0,21.49100936318912,9.0,15.043757951745874,6.0,starter-role-runtime-state-v1
2026-04-23,663436,ESTABLISHED,87.51888670976142,97.0,22.88922408817701,24.0,16.96977623541916,19.0,starter-role-runtime-state-v1
2026-04-23,665795,ESTABLISHED,93.41855749944439,83.0,23.199430336994013,28.0,16.476537786556946,21.0,starter-role-runtime-state-v1
2026-04-23,669373,ESTABLISHED,90.39122637302671,94.0,23.885672436731724,24.0,18.381240951485502,18.0,starter-role-runtime-state-v1
2026-04-23,676917,ESTABLISHED,76.59726622171631,85.0,19.677228499115774,23.0,12.643532224311683,15.0,starter-role-runtime-state-v1
2026-04-23,681035,ESTABLISHED,82.58221821374354,43.0,21.15818376808475,10.0,15.19336423999959,4.0,starter-role-runtime-state-v1
2026-04-23,693645,ESTABLISHED,87.88615875756689,96.0,21.6538294835645,28.0,16.269651823315407,24.0,starter-role-runtime-state-v1
2026-04-23,696149,ESTABLISHED,85.09313362069322,78.0,20.85311550247851,23.0,15.174221309995836,12.0,starter-role-runtime-state-v1
2026-04-23,801139,OPENER_LIKE,62.27544246686,93.0,15.280890120953913,22.0,9.942418111467246,18.0,starter-role-runtime-state-v1
2026-04-24,453286,RESTRICTED,71.91265451065888,82.0,18.897949224328435,16.0,13.187896040532959,7.0,starter-role-runtime-state-v1
2026-04-24,547179,ESTABLISHED,85.25883210909846,90.0,22.24602600956846,26.0,14.362986982902967,21.0,starter-role-runtime-state-v1
2026-04-24,592791,ESTABLISHED,90.90851271429418,85.0,23.298824954209284,21.0,17.18464329988489,15.0,starter-role-runtime-state-v1
2026-04-24,605288,ESTABLISHED,87.7612688805188,77.0,24.501358219698936,23.0,16.88846092664419,12.0,starter-role-runtime-state-v1
2026-04-24,642547,ESTABLISHED,95.70138688771088,95.0,21.757615913064015,27.0,15.653445912151358,17.0,starter-role-runtime-state-v1
2026-04-24,645261,ESTABLISHED,97.63137007501251,108.0,26.721191254502795,26.0,19.650893182205007,18.0,starter-role-runtime-state-v1
2026-04-24,656550,ESTABLISHED,84.00132381725821,89.0,21.91613524373163,28.0,15.521007188633611,18.0,starter-role-runtime-state-v1
2026-04-24,656876,ESTABLISHED,75.93887337333479,98.0,18.234743075564076,24.0,13.954558779811084,18.0,starter-role-runtime-state-v1
2026-04-24,664285,ESTABLISHED,90.27143629157293,89.0,25.461115133787732,21.0,17.922095899562258,13.0,starter-role-runtime-state-v1
2026-04-24,668909,ESTABLISHED,97.47470282481595,96.0,23.38573347749987,27.0,17.417022605024673,18.0,starter-role-runtime-state-v1
2026-04-24,669467,ESTABLISHED,88.47032605226563,90.0,22.49508015292428,23.0,14.79537363785025,16.0,starter-role-runtime-state-v1
2026-04-24,669923,ESTABLISHED,93.50460538845448,81.0,24.218279068604318,24.0,17.94671335217516,18.0,starter-role-runtime-state-v1
2026-04-24,671096,ESTABLISHED,89.62637539505796,89.0,23.197988667075872,19.0,15.777239135455098,12.0,starter-role-runtime-state-v1
2026-04-24,671737,ESTABLISHED,95.35924198613891,93.0,22.95586175356035,29.0,15.988320665263558,19.0,starter-role-runtime-state-v1
2026-04-24,687064,ESTABLISHED,77.89268245466445,93.0,21.341294637786227,25.0,14.997982035088675,17.0,starter-role-runtime-state-v1
2026-04-24,691725,ESTABLISHED,84.69564314595314,96.0,20.104917038145445,28.0,13.139150928230947,17.0,starter-role-runtime-state-v1
2026-04-24,694973,ESTABLISHED,84.5259636598049,93.0,20.370217054581417,22.0,15.27115319186746,21.0,starter-role-runtime-state-v1
2026-04-24,701542,ESTABLISHED,87.77574020312056,95.0,21.973027458182166,24.0,15.422225509631069,18.0,starter-role-runtime-state-v1
2026-04-24,702070,ESTABLISHED,84.5703503145614,88.0,22.48578992486265,28.0,16.203254223051413,19.0,starter-role-runtime-state-v1
2026-04-25,554430,ESTABLISHED,96.58892412813141,84.0,23.83249086954464,20.0,18.10373657314345,15.0,starter-role-runtime-state-v1
2026-04-25,592332,ESTABLISHED,92.07349007067548,91.0,23.945114522060543,25.0,17.750979226830097,20.0,starter-role-runtime-state-v1
2026-04-25,592662,ESTABLISHED,98.01638844254553,97.0,23.053013641693894,21.0,16.51224047244024,15.0,starter-role-runtime-state-v1
2026-04-25,605488,ESTABLISHED,88.40080081144109,91.0,22.323726126161944,26.0,16.512616777233767,18.0,starter-role-runtime-state-v1
2026-04-25,641927,ESTABLISHED,93.0478975686074,83.0,23.252713878228555,22.0,16.479279204668458,18.0,starter-role-runtime-state-v1
2026-04-25,663556,ESTABLISHED,82.2318673904516,86.0,20.758937919236068,21.0,14.624399571330766,15.0,starter-role-runtime-state-v1
2026-04-25,663623,ESTABLISHED,84.15758234888642,88.0,22.02655759785489,23.0,15.02056608428483,17.0,starter-role-runtime-state-v1
2026-04-25,663903,ESTABLISHED,87.83602885475221,94.0,22.373923565228562,24.0,15.239802366585195,16.0,starter-role-runtime-state-v1
2026-04-25,669022,ESTABLISHED,90.28016399477252,106.0,21.393204248244363,25.0,14.892248029153514,15.0,starter-role-runtime-state-v1
2026-04-25,669432,ESTABLISHED,96.51365265862017,62.0,24.005728305949788,11.0,17.191419405048396,5.0,starter-role-runtime-state-v1
2026-04-25,669461,ESTABLISHED,86.51096121335043,64.0,22.62008254881755,18.0,15.573998755563256,10.0,starter-role-runtime-state-v1
2026-04-25,676282,ESTABLISHED,86.90157234669012,89.0,21.078248233457707,22.0,15.503909066715721,15.0,starter-role-runtime-state-v1
2026-04-25,677960,ESTABLISHED,89.35629544024418,86.0,22.599544448461586,21.0,15.963463127901857,16.0,starter-role-runtime-state-v1
2026-04-25,691587,ESTABLISHED,83.30009501185884,94.0,20.14458811101115,24.0,14.528607636815451,16.0,starter-role-runtime-state-v1
2026-04-25,693433,ESTABLISHED,89.6424044177509,53.0,24.047073565954012,18.0,18.68052722430634,9.0,starter-role-runtime-state-v1
2026-04-25,693821,ESTABLISHED,86.56718987275158,92.0,24.109709406818105,28.0,17.757886572142574,21.0,starter-role-runtime-state-v1
2026-04-25,694819,ESTABLISHED,87.01267319330564,91.0,20.58690665976267,26.0,14.716800578712224,18.0,starter-role-runtime-state-v1
2026-04-25,808963,ESTABLISHED,82.61766516677703,99.0,20.882651607673154,23.0,13.360417478699741,15.0,starter-role-runtime-state-v1
2026-04-26,519242,ESTABLISHED,95.18558699999042,100.0,24.294347459509304,22.0,18.261377530004065,18.0,starter-role-runtime-state-v1
2026-04-26,605400,ESTABLISHED,89.16995952012738,101.0,23.31876928631798,25.0,16.464370321545196,14.0,starter-role-runtime-state-v1
2026-04-26,607625,ESTABLISHED,91.5394130038344,97.0,23.208337074083275,33.0,16.99428474001049,19.0,starter-role-runtime-state-v1
2026-04-26,650633,ESTABLISHED,88.13250532061988,106.0,21.52116292988154,22.0,15.318265839087125,18.0,starter-role-runtime-state-v1
2026-04-26,656492,ESTABLISHED,88.28560970697879,95.0,22.22964827899896,26.0,16.134148469509796,21.0,starter-role-runtime-state-v1
2026-04-26,669372,ESTABLISHED,81.28771372946802,46.0,20.365321666547608,14.0,14.361405574239154,10.0,starter-role-runtime-state-v1
2026-04-26,669387,RAMPING,74.20961754001615,81.0,17.85455581759181,18.0,12.083446601991513,11.0,starter-role-runtime-state-v1
2026-04-26,672282,ESTABLISHED,92.47861679552831,93.0,23.332799511762587,21.0,15.83585551271527,15.0,starter-role-runtime-state-v1
2026-04-26,672456,RAMPING,80.47309245063883,86.0,20.704237308385174,22.0,15.273101911935708,15.0,starter-role-runtime-state-v1
2026-04-26,676106,ESTABLISHED,88.73063896155934,94.0,21.74554816389758,27.0,16.211550524666954,18.0,starter-role-runtime-state-v1
2026-04-26,677958,ESTABLISHED,84.12473804244982,84.0,21.310275138074594,25.0,14.593336239724259,18.0,starter-role-runtime-state-v1
2026-04-26,680694,ESTABLISHED,93.09585758073932,88.0,22.569034317017127,21.0,15.752115444614851,15.0,starter-role-runtime-state-v1
2026-04-26,680736,ESTABLISHED,87.52918085981331,109.0,23.847544985729435,27.0,17.507344688627462,18.0,starter-role-runtime-state-v1
2026-04-26,684007,ESTABLISHED,89.69181037598939,100.0,22.43148485947974,25.0,17.635221452669647,16.0,starter-role-runtime-state-v1
2026-04-26,690986,ESTABLISHED,79.55729663054957,101.0,20.02471997896735,19.0,13.599342486796573,18.0,starter-role-runtime-state-v1
2026-04-26,690997,ESTABLISHED,94.16202849910994,91.0,23.20598302394386,21.0,18.124942981518263,15.0,starter-role-runtime-state-v1
2026-04-26,694738,ESTABLISHED,89.82982192576456,103.0,21.28572091999323,27.0,14.881926770654538,23.0,starter-role-runtime-state-v1
2026-04-26,695076,ESTABLISHED,88.9365196200703,94.0,22.96556888155961,22.0,16.748503497610002,15.0,starter-role-runtime-state-v1
2026-04-26,700241,ESTABLISHED,85.90890711911365,98.0,22.409696028852284,22.0,16.652269843319154,18.0,starter-role-runtime-state-v1
2026-04-27,571510,ESTABLISHED,83.8625981850378,91.0,21.221066955235454,22.0,15.869287230633063,12.0,starter-role-runtime-state-v1
2026-04-27,571927,ESTABLISHED,82.18704881660003,95.0,20.120871370034898,25.0,14.275867169986743,21.0,starter-role-runtime-state-v1
2026-04-27,608331,ESTABLISHED,95.71208133874849,89.0,25.681436964322916,21.0,19.61108965530375,18.0,starter-role-runtime-state-v1
2026-04-27,622491,ESTABLISHED,92.69705658343172,97.0,22.278987059100103,25.0,15.725828706401494,15.0,starter-role-runtime-state-v1
2026-04-27,624133,ESTABLISHED,85.15913585054196,105.0,22.850237016337857,25.0,16.688608036947443,24.0,starter-role-runtime-state-v1
2026-04-27,641743,ESTABLISHED,93.22752419460419,90.0,22.206603725470668,22.0,13.820380700457008,12.0,starter-role-runtime-state-v1
2026-04-27,656302,ESTABLISHED,100.75170042912718,107.0,22.38689650749826,27.0,15.526449735264459,17.0,starter-role-runtime-state-v1
2026-04-27,669160,ESTABLISHED,87.19313561349618,95.0,22.834895665869546,24.0,15.557245960998184,18.0,starter-role-runtime-state-v1
2026-04-27,681190,ESTABLISHED,82.09155869459869,106.0,21.690159076461757,23.0,15.946548559655348,15.0,starter-role-runtime-state-v1
2026-04-27,800048,ESTABLISHED,91.99530287320654,95.0,23.170405591932052,22.0,17.752948280685935,17.0,starter-role-runtime-state-v1
2026-04-27,808967,ESTABLISHED,98.55369617412143,87.0,24.37382511057035,24.0,18.973536677501926,15.0,starter-role-runtime-state-v1
2026-04-28,518876,ESTABLISHED,87.62620495418139,104.0,23.863005379705065,24.0,16.22045466421552,15.0,starter-role-runtime-state-v1
2026-04-28,527048,ESTABLISHED,84.05170679207065,91.0,21.53122642095325,21.0,15.592928208044862,15.0,starter-role-runtime-state-v1
2026-04-28,594798,ESTABLISHED,88.43865063882602,93.0,21.182516691958305,22.0,16.17479145723238,18.0,starter-role-runtime-state-v1
2026-04-28,605280,ESTABLISHED,84.58787781323515,94.0,22.60470509077244,22.0,16.295800198441018,18.0,starter-role-runtime-state-v1
2026-04-28,607259,ESTABLISHED,88.73899280868527,78.0,23.66287812321815,25.0,17.175397150264864,21.0,starter-role-runtime-state-v1
2026-04-28,607536,ESTABLISHED,80.6831860368804,79.0,22.555644956665326,20.0,15.754691683619946,15.0,starter-role-runtime-state-v1
2026-04-28,621111,ESTABLISHED,83.84087548152462,92.0,20.953996339904926,22.0,13.795966711955336,14.0,starter-role-runtime-state-v1
2026-04-28,641816,ESTABLISHED,88.89264902262285,82.0,22.450809824336318,22.0,15.904340456621592,15.0,starter-role-runtime-state-v1
2026-04-28,663436,ESTABLISHED,87.73300822616663,98.0,22.91652671258394,26.0,17.164415390496682,17.0,starter-role-runtime-state-v1
2026-04-28,663554,ESTABLISHED,85.25377390006972,34.0,22.682918328423263,11.0,16.495577735323195,7.0,starter-role-runtime-state-v1
2026-04-28,665795,ESTABLISHED,87.71197485506787,99.0,23.145308552000216,25.0,16.80267202420938,17.0,starter-role-runtime-state-v1
2026-04-28,666200,ESTABLISHED,95.21272804102291,88.0,24.06943156687003,23.0,17.280578958079968,21.0,starter-role-runtime-state-v1
2026-04-28,667755,ESTABLISHED,90.10365670816542,97.0,22.28061838105748,23.0,16.52307414530428,15.0,starter-role-runtime-state-v1
2026-04-28,669302,ESTABLISHED,89.12144085122588,93.0,22.272882921055945,24.0,16.10561870602224,15.0,starter-role-runtime-state-v1
2026-04-28,669358,ESTABLISHED,91.96578861997503,98.0,23.726333453995778,24.0,16.04280908149174,17.0,starter-role-runtime-state-v1
2026-04-28,676083,ESTABLISHED,83.37589109786258,76.0,22.358114307524907,23.0,16.392103748762302,18.0,starter-role-runtime-state-v1
2026-04-28,676440,ESTABLISHED,96.20531376400068,93.0,24.05507276939429,22.0,17.044521923039667,15.0,starter-role-runtime-state-v1
2026-04-28,677952,ESTABLISHED,79.60469365092489,87.0,20.929257209204046,22.0,15.656589874517351,13.0,starter-role-runtime-state-v1
2026-04-28,681517,ESTABLISHED,80.85643943867373,82.0,20.74747634696769,23.0,14.010483329082739,16.0,starter-role-runtime-state-v1
2026-04-28,693645,ESTABLISHED,89.8363108846535,92.0,22.48509522862622,23.0,17.195383432230322,18.0,starter-role-runtime-state-v1
2026-04-28,695505,ESTABLISHED,84.63972799548756,97.0,20.52127949067537,26.0,15.285462303666403,18.0,starter-role-runtime-state-v1
2026-04-28,801139,OPENER_LIKE,70.57158385348579,68.0,17.204820820793067,20.0,12.207194358428609,14.0,starter-role-runtime-state-v1
2026-04-29,592791,ESTABLISHED,89.11241016153531,95.0,22.899548994162316,25.0,16.896083068158788,21.0,starter-role-runtime-state-v1
2026-04-29,593958,ESTABLISHED,94.60303366788673,87.0,24.337505733661857,23.0,16.64490970901468,14.0,starter-role-runtime-state-v1
2026-04-29,608372,ESTABLISHED,87.92219143518223,91.0,21.90244976233611,22.0,15.125828639749667,16.0,starter-role-runtime-state-v1
2026-04-29,608379,ESTABLISHED,87.75057124247694,105.0,23.588613430162795,25.0,17.53056347487613,15.0,starter-role-runtime-state-v1
2026-04-29,641778,ESTABLISHED,78.76239282998803,68.0,20.71630350985472,19.0,14.044147849021936,13.0,starter-role-runtime-state-v1
2026-04-29,645261,ESTABLISHED,99.19216001058872,104.0,26.6944013058599,27.0,19.48037595911822,18.0,starter-role-runtime-state-v1
2026-04-29,656849,ESTABLISHED,85.14267018876187,80.0,23.40889089783431,19.0,14.80348349367539,11.0,starter-role-runtime-state-v1
2026-04-29,656876,ESTABLISHED,77.5677325053189,91.0,18.785411293189178,24.0,14.377146374747467,15.0,starter-role-runtime-state-v1
2026-04-29,668909,ESTABLISHED,94.91431828304874,95.0,23.508134717435198,29.0,17.427421465688806,23.0,starter-role-runtime-state-v1
2026-04-29,669373,ESTABLISHED,92.23953696904513,91.0,24.069576373739594,24.0,18.399267922832347,21.0,starter-role-runtime-state-v1
2026-04-29,669467,ESTABLISHED,88.69909843976896,91.0,22.561957290344196,24.0,14.933877602146794,18.0,starter-role-runtime-state-v1
2026-04-29,669923,ESTABLISHED,89.6716121062431,97.0,23.898500266165723,25.0,17.870391019064073,17.0,starter-role-runtime-state-v1
2026-04-29,671737,ESTABLISHED,92.10017277236497,114.0,23.235202358131733,27.0,16.22889805222335,21.0,starter-role-runtime-state-v1
2026-04-29,676917,ESTABLISHED,76.92219220009915,97.0,20.011846792592642,27.0,12.924620178621215,18.0,starter-role-runtime-state-v1
2026-04-29,696149,ESTABLISHED,82.69189007124942,85.0,21.057185816217434,22.0,14.61879328291907,15.0,starter-role-runtime-state-v1
2026-04-30,547179,ESTABLISHED,85.36938760101059,85.0,22.59775791165926,23.0,15.054274062216198,16.0,starter-role-runtime-state-v1
2026-04-30,592332,ESTABLISHED,91.25220290704158,94.0,23.97112487910075,23.0,17.958373967102055,17.0,starter-role-runtime-state-v1
2026-04-30,605135,ESTABLISHED,90.57278216037952,94.0,22.480890923523816,27.0,14.605715126753125,20.0,starter-role-runtime-state-v1
2026-04-30,605288,ESTABLISHED,86.22337749994237,68.0,24.29688452503087,19.0,16.323563765201083,14.0,starter-role-runtime-state-v1
2026-04-30,605488,ESTABLISHED,86.56101977758297,67.0,22.467583326411415,16.0,16.599226043047445,9.0,starter-role-runtime-state-v1
2026-04-30,641927,ESTABLISHED,89.64121191021812,88.0,22.848781878794732,24.0,16.563234456686367,18.0,starter-role-runtime-state-v1
2026-04-30,642547,ESTABLISHED,92.6513976472104,90.0,21.97679118542039,25.0,15.721026986123483,18.0,starter-role-runtime-state-v1
2026-04-30,647336,ESTABLISHED,91.10952304269483,79.0,21.56706174696502,21.0,15.233882888341547,9.0,starter-role-runtime-state-v1
2026-04-30,650911,ESTABLISHED,92.8175066866238,85.0,25.642741877383664,27.0,18.305388698997422,20.0,starter-role-runtime-state-v1
2026-04-30,657277,ESTABLISHED,97.10543477198595,92.0,25.782451317919907,27.0,18.26812443228348,21.0,starter-role-runtime-state-v1
2026-04-30,663567,ESTABLISHED,84.43517762869457,91.0,21.753466978238897,18.0,14.159263287789184,13.0,starter-role-runtime-state-v1
2026-04-30,664285,ESTABLISHED,91.88412741030109,99.0,25.156654998694748,25.0,17.423937087512204,18.0,starter-role-runtime-state-v1
2026-04-30,671096,ESTABLISHED,89.07995588573449,86.0,22.646037539857744,25.0,15.3375578591221,18.0,starter-role-runtime-state-v1
2026-04-30,687064,ESTABLISHED,79.76962357239742,82.0,21.81935937592885,25.0,15.266044931494916,12.0,starter-role-runtime-state-v1
2026-04-30,690928,RESTRICTED,67.66013005597583,79.0,18.661356015533585,19.0,13.454943190239959,13.0,starter-role-runtime-state-v1
2026-04-30,693821,ESTABLISHED,89.38870927036366,90.0,24.79757747907312,26.0,18.18123836698253,18.0,starter-role-runtime-state-v1
2026-04-30,694973,ESTABLISHED,86.51538858217904,102.0,20.665915967323684,23.0,15.9312580668525,15.0,starter-role-runtime-state-v1
2026-04-30,702070,ESTABLISHED,84.20498398961216,93.0,22.969077982907066,27.0,16.49032854915683,16.0,starter-role-runtime-state-v1
2026-05-01,554430,ESTABLISHED,94.21939068305127,94.0,23.293580926927405,23.0,17.716437705792643,18.0,starter-role-runtime-state-v1
2026-05-01,592662,ESTABLISHED,95.56127807021237,102.0,22.588025128984313,22.0,16.289176250704223,19.0,starter-role-runtime-state-v1
2026-05-01,656550,ESTABLISHED,83.95585382925033,87.0,22.469644998258513,25.0,15.77827247108804,15.0,starter-role-runtime-state-v1
2026-05-01,663556,ESTABLISHED,85.15799838452261,73.0,21.07169883069909,20.0,14.753634696705909,18.0,starter-role-runtime-state-v1
2026-05-01,663623,ESTABLISHED,83.41967145350822,98.0,21.997278914411083,25.0,15.189392111340686,15.0,starter-role-runtime-state-v1
2026-05-01,663903,ESTABLISHED,90.28196830409493,56.0,22.766790473320665,19.0,15.382815223437866,10.0,starter-role-runtime-state-v1
2026-05-01,669022,ESTABLISHED,93.43013570676847,94.0,21.958485472509288,18.0,14.95551084467262,11.0,starter-role-runtime-state-v1
2026-05-01,669372,ESTABLISHED,74.98327687844854,88.0,19.433001607407586,23.0,13.807265463623073,13.0,starter-role-runtime-state-v1
2026-05-01,669461,ESTABLISHED,81.46564863835113,96.0,21.82331355887913,23.0,14.867907938841702,17.0,starter-role-runtime-state-v1
2026-05-01,676282,ESTABLISHED,86.58217524358899,69.0,21.12054643389167,20.0,15.427645208362794,12.0,starter-role-runtime-state-v1
2026-05-01,681035,RESTRICTED,74.30941704389363,74.0,19.115223783571338,19.0,13.156991557984487,15.0,starter-role-runtime-state-v1
2026-05-01,691587,ESTABLISHED,84.84817245326317,96.0,20.61645341313485,22.0,14.7443770794245,15.0,starter-role-runtime-state-v1
2026-05-01,693433,ESTABLISHED,81.91146305625819,84.0,22.981290310855613,25.0,17.423129537923295,18.0,starter-role-runtime-state-v1
2026-05-01,694819,ESTABLISHED,85.50466945165373,85.0,20.976720144319685,18.0,15.04110673464902,16.0,starter-role-runtime-state-v1
2026-05-01,700249,ESTABLISHED,93.81289128233617,77.0,22.923710494037852,20.0,16.205994439887185,12.0,starter-role-runtime-state-v1
2026-05-01,700712,ESTABLISHED,86.1196145267513,68.0,22.40448315705254,19.0,14.229409861973977,15.0,starter-role-runtime-state-v1
2026-05-01,701542,ESTABLISHED,89.4722366721119,94.0,22.327269655913184,23.0,15.762754710344911,19.0,starter-role-runtime-state-v1
2026-05-02,519242,ESTABLISHED,98.17894464676338,102.0,24.300950287589913,27.0,18.321033182510778,21.0,starter-role-runtime-state-v1
2026-05-02,607625,ESTABLISHED,92.16674559297586,103.0,24.18518913961075,25.0,17.232454783217445,18.0,starter-role-runtime-state-v1
2026-05-02,650633,ESTABLISHED,89.3678389814096,92.0,21.483235499280074,25.0,15.58520665061064,18.0,starter-role-runtime-state-v1
2026-05-02,656302,ESTABLISHED,101.42510027826451,106.0,22.869253640765322,28.0,15.70446276875548,21.0,starter-role-runtime-state-v1
2026-05-02,656492,ESTABLISHED,92.18250233692378,97.0,23.3024678262338,26.0,17.247262767069124,18.0,starter-role-runtime-state-v1
2026-05-02,669387,RAMPING,75.29913224957136,101.0,17.895136285126164,28.0,11.956755950055939,17.0,starter-role-runtime-state-v1
2026-05-02,672282,ESTABLISHED,92.72495509598707,95.0,23.087923213995076,27.0,15.76353016087634,19.0,starter-role-runtime-state-v1
2026-05-02,672456,RAMPING,82.21594368509952,85.0,20.982679260996974,26.0,15.285373829946288,20.0,starter-role-runtime-state-v1
2026-05-02,676106,ESTABLISHED,87.39509463503933,103.0,22.080116099142856,27.0,16.352847177125852,21.0,starter-role-runtime-state-v1
2026-05-02,677958,ESTABLISHED,86.04618971998033,43.0,21.93847611545109,12.0,15.038958762447974,6.0,starter-role-runtime-state-v1
2026-05-02,677960,ESTABLISHED,87.36043243697038,90.0,22.24435011463732,21.0,15.941537392509229,15.0,starter-role-runtime-state-v1
2026-05-02,680694,ESTABLISHED,90.4919543014471,89.0,22.155539666357086,21.0,15.6000230893428,12.0,starter-role-runtime-state-v1
2026-05-02,680732,ESTABLISHED,91.76205262004633,88.0,21.388019435468674,23.0,14.449577288194144,18.0,starter-role-runtime-state-v1
2026-05-02,682052,ESTABLISHED,90.18946989408906,96.0,22.21943228307376,25.0,14.766746336997006,16.0,starter-role-runtime-state-v1
2026-05-02,684007,ESTABLISHED,91.7345354450437,87.0,22.81698641449634,26.0,17.498436090200148,21.0,starter-role-runtime-state-v1
2026-05-02,687570,ESTABLISHED,81.82312358020909,91.0,17.917302502373452,20.0,13.52722675448156,15.0,starter-role-runtime-state-v1
2026-05-02,690986,ESTABLISHED,83.92001927300419,93.0,20.123757279298353,24.0,14.161171443802209,18.0,starter-role-runtime-state-v1
2026-05-02,690997,ESTABLISHED,94.07023630238011,78.0,22.93510632440681,18.0,17.701156519481284,12.0,starter-role-runtime-state-v1
2026-05-02,691725,ESTABLISHED,89.03365980959369,99.0,22.389084746284297,25.0,14.29424635651922,15.0,starter-role-runtime-state-v1
2026-05-02,694738,ESTABLISHED,91.65480113646606,88.0,21.941590765831425,22.0,15.757528872033411,13.0,starter-role-runtime-state-v1
2026-05-02,695076,ESTABLISHED,89.59480834350357,52.0,22.807688551477963,13.0,16.484851172337684,4.0,starter-role-runtime-state-v1
2026-05-02,700241,ESTABLISHED,87.81036618504264,88.0,22.42221143987754,20.0,16.829458034882904,18.0,starter-role-runtime-state-v1
2026-05-02,808963,ESTABLISHED,86.77723067296432,104.0,21.398025393218333,26.0,13.644271835710837,18.0,starter-role-runtime-state-v1
2026-05-03,518876,ESTABLISHED,91.76647787008177,92.0,24.152150516244973,24.0,16.16569011597138,13.0,starter-role-runtime-state-v1
2026-05-03,571510,ESTABLISHED,89.39989577579857,94.0,21.852402799847976,22.0,15.619773880814444,18.0,starter-role-runtime-state-v1
2026-05-03,571927,ESTABLISHED,83.35746370522914,89.0,20.623521296437467,22.0,14.992285236930671,18.0,starter-role-runtime-state-v1
2026-05-03,605280,ESTABLISHED,85.1986263423466,99.0,22.48013822704818,26.0,16.472794185375022,20.0,starter-role-runtime-state-v1
2026-05-03,607536,ESTABLISHED,78.64023683191806,98.0,22.03129537320754,24.0,15.617296058806627,13.0,starter-role-runtime-state-v1
2026-05-03,608331,ESTABLISHED,95.29786786539675,107.0,25.168873813570144,24.0,19.445812886564937,16.0,starter-role-runtime-state-v1
2026-05-03,622491,ESTABLISHED,93.91188005290948,101.0,22.662392886033007,26.0,15.685535808270282,18.0,starter-role-runtime-state-v1
2026-05-03,624133,ESTABLISHED,90.70298741866681,70.0,23.487191446428493,16.0,17.607123454462737,12.0,starter-role-runtime-state-v1
2026-05-03,641743,ESTABLISHED,93.23301594023565,86.0,22.24842289099039,21.0,13.307674238153693,15.0,starter-role-runtime-state-v1
2026-05-03,641816,ESTABLISHED,84.94980586151412,92.0,22.032447359421298,22.0,15.696995463184233,16.0,starter-role-runtime-state-v1
2026-05-03,666200,ESTABLISHED,93.87832145099026,102.0,23.892869347633404,27.0,17.68109822334355,19.0,starter-role-runtime-state-v1
2026-05-03,669160,ESTABLISHED,90.94542901153845,95.0,23.31143003719741,25.0,15.919928080128823,18.0,starter-role-runtime-state-v1
2026-05-03,677952,ESTABLISHED,79.89768432661677,82.0,20.987001810920773,27.0,15.272680055005594,23.0,starter-role-runtime-state-v1
2026-05-03,680736,ESTABLISHED,94.10380903973918,83.0,24.731163685535606,24.0,17.708611960234947,18.0,starter-role-runtime-state-v1
2026-05-03,695505,ESTABLISHED,86.01487890391167,94.0,21.19847811884479,24.0,15.645666223888096,21.0,starter-role-runtime-state-v1
2026-05-03,701656,RESTRICTED,68.60496569795563,76.0,17.084682915507194,21.0,12.864201245107353,18.0,starter-role-runtime-state-v1
2026-05-03,800048,ESTABLISHED,93.93962823151617,78.0,23.17122024207883,21.0,17.697506043216045,15.0,starter-role-runtime-state-v1
2026-05-04,605400,ESTABLISHED,92.12218313554095,94.0,23.696616023574887,21.0,16.251345738307307,18.0,starter-role-runtime-state-v1
2026-05-04,607259,ESTABLISHED,87.80445248399438,71.0,23.828844960404684,21.0,17.586397670928122,15.0,starter-role-runtime-state-v1
2026-05-04,608372,ESTABLISHED,87.57897017141175,61.0,21.845248457088374,20.0,15.212538309601648,16.0,starter-role-runtime-state-v1
2026-05-04,608379,ESTABLISHED,89.48940600434713,79.0,23.732640271273517,26.0,17.252733376478183,21.0,starter-role-runtime-state-v1
2026-05-04,641778,ESTABLISHED,79.84939661348913,61.0,20.79272970799743,19.0,14.000217503911799,13.0,starter-role-runtime-state-v1
2026-05-04,663436,ESTABLISHED,91.61907051812601,85.0,23.579697516329748,25.0,17.25063341417573,21.0,starter-role-runtime-state-v1
2026-05-04,665795,ESTABLISHED,89.47662494879616,89.0,23.40946104124771,27.0,16.829580568289224,18.0,starter-role-runtime-state-v1
2026-05-04,667755,ESTABLISHED,89.58843299722759,88.0,22.210328967774842,23.0,16.298159100415624,12.0,starter-role-runtime-state-v1
2026-05-04,669302,ESTABLISHED,90.12439478794855,89.0,22.51817349902181,25.0,16.00052191498578,18.0,starter-role-runtime-state-v1
2026-05-04,669358,ESTABLISHED,90.20819338921359,96.0,23.4564854577479,26.0,16.054982410498663,17.0,starter-role-runtime-state-v1
2026-05-04,676083,ESTABLISHED,78.63091481061767,92.0,21.9548632476943,22.0,16.43741243450175,16.0,starter-role-runtime-state-v1
2026-05-04,676440,ESTABLISHED,94.96307510614207,77.0,23.73366781206674,19.0,16.797787264412726,12.0,starter-role-runtime-state-v1
2026-05-04,681190,ESTABLISHED,86.35244109977147,88.0,22.02774249509508,24.0,15.894856319421226,17.0,starter-role-runtime-state-v1
2026-05-04,681517,RAMPING,79.89883611953218,94.0,21.03685896713375,25.0,14.3579128169172,16.0,starter-role-runtime-state-v1
2026-05-04,693645,ESTABLISHED,90.84590575447042,95.0,22.62893361071746,25.0,17.31183054941157,17.0,starter-role-runtime-state-v1
2026-05-04,801139,RESTRICTED,70.7009636132516,83.0,17.94535431131724,25.0,12.664914504737968,21.0,starter-role-runtime-state-v1
2026-05-04,808967,ESTABLISHED,96.36422100171661,95.0,24.234004111297104,23.0,18.50083744374208,18.0,starter-role-runtime-state-v1
2026-05-05,592332,ESTABLISHED,90.4187991704187,96.0,23.733830851622898,24.0,17.813334750116013,18.0,starter-role-runtime-state-v1
2026-05-05,592791,ESTABLISHED,89.48411823504689,100.0,23.099687668727682,23.0,17.339376760324562,17.0,starter-role-runtime-state-v1
2026-05-05,593958,ESTABLISHED,92.37574722101304,103.0,24.030248092500507,26.0,16.30684880705806,21.0,starter-role-runtime-state-v1
2026-05-05,594798,ESTABLISHED,89.10891466809355,94.0,21.2957568497648,27.0,16.389971084503546,19.0,starter-role-runtime-state-v1
2026-05-05,605135,ESTABLISHED,90.26430523998654,76.0,22.878215975248374,21.0,15.152308922997296,12.0,starter-role-runtime-state-v1
2026-05-05,621111,RAMPING,86.97973682584723,82.0,21.32680366691806,23.0,13.892918474265187,16.0,starter-role-runtime-state-v1
2026-05-05,645261,ESTABLISHED,99.706107886355,106.0,26.7207072407705,25.0,19.313802613329894,13.0,starter-role-runtime-state-v1
2026-05-05,650911,ESTABLISHED,89.19752369358922,97.0,25.43183215289032,29.0,18.386998247585076,24.0,starter-role-runtime-state-v1
2026-05-05,656876,ESTABLISHED,80.13726606019135,85.0,19.46316296861129,25.0,14.50092921130809,18.0,starter-role-runtime-state-v1
2026-05-05,657277,ESTABLISHED,93.88566666107961,62.0,25.58864821474183,20.0,18.471114127112813,12.0,starter-role-runtime-state-v1
2026-05-05,663567,ESTABLISHED,86.40124056494533,104.0,21.340698805938445,27.0,14.041490293603129,21.0,starter-role-runtime-state-v1
2026-05-05,664285,ESTABLISHED,92.10653909211325,60.0,25.08290699611635,22.0,17.47401924960127,9.0,starter-role-runtime-state-v1
2026-05-05,668909,ESTABLISHED,96.15313837708425,97.0,24.215164862852596,27.0,18.06200463519912,18.0,starter-role-runtime-state-v1
2026-05-05,669923,ESTABLISHED,91.17444923190553,88.0,24.0969000567151,26.0,17.796381512408527,21.0,starter-role-runtime-state-v1
2026-05-05,671096,ESTABLISHED,89.24410061111449,98.0,22.96371537554885,24.0,15.651339840919732,17.0,starter-role-runtime-state-v1
2026-05-05,671737,ESTABLISHED,95.71191238482635,96.0,23.791330169619833,25.0,16.783683555803876,18.0,starter-role-runtime-state-v1
2026-05-05,676917,ESTABLISHED,84.76600742016399,76.0,21.48555359670047,22.0,13.709158720318593,12.0,starter-role-runtime-state-v1
2026-05-05,693821,ESTABLISHED,90.61020713862618,93.0,25.080410515721653,23.0,18.21792447157641,18.0,starter-role-runtime-state-v1
2026-05-05,696149,ESTABLISHED,82.45977074988242,92.0,21.135953723584556,22.0,14.660071366007173,15.0,starter-role-runtime-state-v1
2026-05-06,527048,ESTABLISHED,86.93859469733019,84.0,21.708774153823754,22.0,15.604498506431922,17.0,starter-role-runtime-state-v1
2026-05-06,543243,ESTABLISHED,79.13902789132328,70.0,21.636941321699524,20.0,15.312416903332107,15.0,starter-role-runtime-state-v1
2026-05-06,547179,ESTABLISHED,87.50464580176101,87.0,22.887593745485972,26.0,15.210890055675845,15.0,starter-role-runtime-state-v1
2026-05-06,554430,ESTABLISHED,94.4834905081214,98.0,23.29338206966949,25.0,17.764515769968835,19.0,starter-role-runtime-state-v1
2026-05-06,605288,ESTABLISHED,82.94018326131248,74.0,23.561914972749705,23.0,16.045698479925182,18.0,starter-role-runtime-state-v1
2026-05-06,605488,ESTABLISHED,83.29977531296632,75.0,21.613350774739715,23.0,15.690344675998045,16.0,starter-role-runtime-state-v1
2026-05-06,641927,ESTABLISHED,87.63424171413128,82.0,22.75653602225138,23.0,16.66038604173625,15.0,starter-role-runtime-state-v1
2026-05-06,642547,ESTABLISHED,90.50707821144266,91.0,22.08962173137948,21.0,15.911849520191712,15.0,starter-role-runtime-state-v1
2026-05-06,647336,ESTABLISHED,85.74775122148296,93.0,21.060500176216106,27.0,14.407313196901843,19.0,starter-role-runtime-state-v1
2026-05-06,663556,ESTABLISHED,81.77332170055972,69.0,20.732193440261355,20.0,15.075661551419135,17.0,starter-role-runtime-state-v1
2026-05-06,663903,ESTABLISHED,83.32075071025459,96.0,22.023060623354702,25.0,14.685478311953652,18.0,starter-role-runtime-state-v1
2026-05-06,669467,ESTABLISHED,88.07550492863214,104.0,22.62836872316776,27.0,15.250940878998133,18.0,starter-role-runtime-state-v1
2026-05-06,676282,ESTABLISHED,82.70235131466295,70.0,20.78997236010673,19.0,14.972699617179345,15.0,starter-role-runtime-state-v1
2026-05-06,687064,ESTABLISHED,79.66247428546355,93.0,22.170630808932117,25.0,14.843221476072452,18.0,starter-role-runtime-state-v1
2026-05-06,691587,ESTABLISHED,87.21750813511373,93.0,20.887320675790622,24.0,14.796888161496291,15.0,starter-role-runtime-state-v1
2026-05-06,693433,ESTABLISHED,79.82673760647768,98.0,22.911275373978434,21.0,17.406563475867088,18.0,starter-role-runtime-state-v1
2026-05-06,694973,RAMPING,85.91749199324585,97.0,20.684051727183622,26.0,15.76539203952378,24.0,starter-role-runtime-state-v1
2026-05-06,700712,ESTABLISHED,78.03836929130665,90.0,21.002637025466015,22.0,14.530559424383856,18.0,starter-role-runtime-state-v1
2026-05-06,701542,ESTABLISHED,88.90085612280352,90.0,22.28547711922969,22.0,16.082789929142482,12.0,starter-role-runtime-state-v1
2026-05-07,607625,ESTABLISHED,91.95590311844047,102.0,24.10953634896638,22.0,17.27517313085839,12.0,starter-role-runtime-state-v1
2026-05-07,650633,ESTABLISHED,88.91630116408405,86.0,21.77610947149562,21.0,15.819666122397273,18.0,starter-role-runtime-state-v1
2026-05-07,663623,ESTABLISHED,86.3238668031174,92.0,22.48404747216796,22.0,15.211706088214621,15.0,starter-role-runtime-state-v1
2026-05-07,669022,ESTABLISHED,93.47952017945839,96.0,21.46937847337223,25.0,14.497966202247671,16.0,starter-role-runtime-state-v1
2026-05-07,669372,ESTABLISHED,79.37865711589772,96.0,20.16679055143372,27.0,13.825960446782226,24.0,starter-role-runtime-state-v1
2026-05-07,669461,ESTABLISHED,81.22155235592537,81.0,21.7392776777793,21.0,15.036738842674009,18.0,starter-role-runtime-state-v1
2026-05-07,681035,RESTRICTED,73.69698790250789,82.0,19.0368778402,19.0,13.425278352610073,14.0,starter-role-runtime-state-v1
2026-05-07,684007,ESTABLISHED,88.19947374967907,99.0,22.79726356025975,28.0,17.75874659577865,18.0,starter-role-runtime-state-v1
2026-05-07,691725,ESTABLISHED,90.23887794851048,88.0,22.890846750095996,20.0,14.439660147001167,11.0,starter-role-runtime-state-v1
2026-05-07,695076,ESTABLISHED,79.9391917554922,59.0,20.91582465749029,13.0,14.396304950035942,9.0,starter-role-runtime-state-v1
2026-05-07,700249,ESTABLISHED,90.36558501950238,43.0,22.435444371682987,14.0,15.680885933658939,9.0,starter-role-runtime-state-v1
2026-05-08,519242,ESTABLISHED,98.85069029362245,102.0,24.623573925216977,27.0,18.635214902732393,21.0,starter-role-runtime-state-v1
2026-05-08,592662,ESTABLISHED,96.53942447518243,93.0,22.551924820838664,23.0,16.617700706090183,18.0,starter-role-runtime-state-v1
2026-05-08,608331,ESTABLISHED,96.06344106640259,94.0,24.965742391313444,26.0,19.02299651162312,18.0,starter-role-runtime-state-v1
2026-05-08,656302,ESTABLISHED,102.49236273575372,97.0,23.45628706035338,25.0,16.281619142159308,21.0,starter-role-runtime-state-v1
2026-05-08,656492,ESTABLISHED,93.81179592096183,103.0,23.901348717050144,27.0,17.42234762150385,21.0,starter-role-runtime-state-v1
2026-05-08,666157,RAMPING,88.66050106354714,78.0,22.10875784408716,21.0,16.36883744109586,16.0,starter-role-runtime-state-v1
2026-05-08,666200,ESTABLISHED,95.09568769059268,95.0,24.268989368533298,18.0,17.841303549214935,9.0,starter-role-runtime-state-v1
2026-05-08,669387,ESTABLISHED,78.14411027215492,74.0,18.99471988569112,23.0,12.551156898170376,18.0,starter-role-runtime-state-v1
2026-05-08,672282,ESTABLISHED,92.43621051355068,99.0,23.43193919318247,20.0,16.087347263701883,11.0,starter-role-runtime-state-v1
2026-05-08,672456,RAMPING,82.52388430173517,71.0,21.508307734783333,22.0,15.792976652207203,18.0,starter-role-runtime-state-v1
2026-05-08,676106,ESTABLISHED,89.90261693355507,94.0,22.728904827798935,26.0,16.907926470924778,18.0,starter-role-runtime-state-v1
2026-05-08,677958,ESTABLISHED,76.51151487865351,87.0,20.28408388484408,18.0,13.768060891745248,11.0,starter-role-runtime-state-v1
2026-05-08,680694,ESTABLISHED,88.983833682461,96.0,21.87203006831649,28.0,15.14905106002195,21.0,starter-role-runtime-state-v1
2026-05-08,680732,ESTABLISHED,89.93371514098413,74.0,21.41373720971122,23.0,14.799526558340741,13.0,starter-role-runtime-state-v1
2026-05-08,682052,ESTABLISHED,89.00998144540186,91.0,22.32453705865783,21.0,14.854824574239974,16.0,starter-role-runtime-state-v1
2026-05-08,687570,ESTABLISHED,86.08678974778505,93.0,18.772373403828773,23.0,14.099125197492143,15.0,starter-role-runtime-state-v1
2026-05-08,690997,ESTABLISHED,89.93564558087711,100.0,22.048581986081224,22.0,16.851746423482076,18.0,starter-role-runtime-state-v1
2026-05-08,694819,ESTABLISHED,86.80440408304618,95.0,20.741657024530255,22.0,15.210110533122972,18.0,starter-role-runtime-state-v1
2026-05-08,700241,ESTABLISHED,88.55454027647083,94.0,22.21671831981057,21.0,17.002249057728072,18.0,starter-role-runtime-state-v1
2026-05-08,800048,ESTABLISHED,85.86939435959216,95.0,22.214368026451943,24.0,17.123005681830463,17.0,starter-role-runtime-state-v1
2026-05-09,518876,ESTABLISHED,93.6253745461993,96.0,24.355459401673762,26.0,15.878840012895427,21.0,starter-role-runtime-state-v1
2026-05-09,605280,ESTABLISHED,89.11005639196921,103.0,23.14840927439217,24.0,16.937067883800207,17.0,starter-role-runtime-state-v1
2026-05-09,605400,ESTABLISHED,91.80511887897472,94.0,23.312539069913154,22.0,16.441692733009837,14.0,starter-role-runtime-state-v1
2026-05-09,605483,ESTABLISHED,97.01647685587636,77.0,22.91459834140352,18.0,16.99658092882479,9.0,starter-role-runtime-state-v1
2026-05-09,607536,ESTABLISHED,82.65219416292838,87.0,22.494850728428148,25.0,15.395284647188102,15.0,starter-role-runtime-state-v1
2026-05-09,608379,ESTABLISHED,85.87205129661447,89.0,23.66695005893512,27.0,17.568992625843848,21.0,starter-role-runtime-state-v1
2026-05-09,622491,ESTABLISHED,95.01417990935465,84.0,23.057168979000235,18.0,15.962079268621082,12.0,starter-role-runtime-state-v1
2026-05-09,641743,ESTABLISHED,91.36000731391148,88.0,21.932582759404884,20.0,13.738317606285179,15.0,starter-role-runtime-state-v1
2026-05-09,665795,ESTABLISHED,87.19683840601301,88.0,23.520053787947177,21.0,16.876339932886083,15.0,starter-role-runtime-state-v1
2026-05-09,669160,ESTABLISHED,90.70232529847577,97.0,23.414733777415172,24.0,16.122281281328938,18.0,starter-role-runtime-state-v1
2026-05-09,669358,ESTABLISHED,88.19772015428374,100.0,23.43041256899753,22.0,16.070098998494135,14.0,starter-role-runtime-state-v1
2026-05-09,676083,ESTABLISHED,78.13783141921536,94.0,21.71626869443562,26.0,16.31344590710474,18.0,starter-role-runtime-state-v1
2026-05-09,676440,ESTABLISHED,88.64007932260296,98.0,22.719017246808733,22.0,16.11785077147959,18.0,starter-role-runtime-state-v1
2026-05-09,677952,ESTABLISHED,80.65231890108196,80.0,21.774165842648827,26.0,16.25725132476135,21.0,starter-role-runtime-state-v1
2026-05-09,681190,ESTABLISHED,85.8586976998477,94.0,22.15433121876125,20.0,15.98392689405565,15.0,starter-role-runtime-state-v1
2026-05-09,690986,ESTABLISHED,85.58833593072958,77.0,20.610441071607987,20.0,14.590034949804265,12.0,starter-role-runtime-state-v1
2026-05-09,693645,ESTABLISHED,89.44660475937096,97.0,22.6872527448387,21.0,17.211494936860312,18.0,starter-role-runtime-state-v1
2026-05-09,694738,ESTABLISHED,91.40100669212059,94.0,21.963708561761962,18.0,15.44964708226497,12.0,starter-role-runtime-state-v1
2026-05-09,695505,ESTABLISHED,88.34360545607225,87.0,21.698286795164506,23.0,16.373145414580357,18.0,starter-role-runtime-state-v1
2026-05-10,592791,ESTABLISHED,88.58537848869142,90.0,22.83925481952951,22.0,17.22075721876081,16.0,starter-role-runtime-state-v1
2026-05-10,593958,ESTABLISHED,91.52070670180896,100.0,24.02001028558675,31.0,16.75215812579423,25.0,starter-role-runtime-state-v1
2026-05-10,594798,ESTABLISHED,88.36063801914436,94.0,21.73923779302123,24.0,16.63998805673493,21.0,starter-role-runtime-state-v1
2026-05-10,607074,ESTABLISHED,94.48559714522337,78.0,23.780915929518244,21.0,17.866004550898214,13.0,starter-role-runtime-state-v1
2026-05-10,607259,ESTABLISHED,84.5442413445748,80.0,23.352933429204406,25.0,17.244050019882103,17.0,starter-role-runtime-state-v1
2026-05-10,608372,ESTABLISHED,82.10355567914351,81.0,21.36886611747402,22.0,15.230262162577636,15.0,starter-role-runtime-state-v1
2026-05-10,621111,RAMPING,84.45791596060108,89.0,21.28744991793183,21.0,14.066336286556297,18.0,starter-role-runtime-state-v1
2026-05-10,641816,ESTABLISHED,86.5898507246837,97.0,22.12250282484618,24.0,15.756996668967984,17.0,starter-role-runtime-state-v1
2026-05-10,645261,ESTABLISHED,99.59789388380611,89.0,26.449944011863067,24.0,18.602926347497963,18.0,starter-role-runtime-state-v1
2026-05-10,650911,ESTABLISHED,90.5574312311735,103.0,25.915360060867776,27.0,19.051786523499963,21.0,starter-role-runtime-state-v1
2026-05-10,663436,ESTABLISHED,90.90974551328945,105.0,23.728253738194557,23.0,17.650818467513886,18.0,starter-role-runtime-state-v1
2026-05-10,667755,ESTABLISHED,88.10393809444918,103.0,22.1386308264847,29.0,15.783938696081055,23.0,starter-role-runtime-state-v1
2026-05-10,668909,ESTABLISHED,93.71384912330024,101.0,24.21065979048485,27.0,17.961063096620943,18.0,starter-role-runtime-state-v1
2026-05-10,669302,ESTABLISHED,89.0584688918722,87.0,22.66549108955574,19.0,16.185956824683316,18.0,starter-role-runtime-state-v1
2026-05-10,671096,ESTABLISHED,89.85126658266404,85.0,23.04934246116434,21.0,15.79091140056758,18.0,starter-role-runtime-state-v1
2026-05-10,676917,ESTABLISHED,80.9494951767225,95.0,21.228479979010185,25.0,13.418525046548815,17.0,starter-role-runtime-state-v1
2026-05-10,680736,ESTABLISHED,91.89995795745986,100.0,24.551316193825247,34.0,17.724772260197938,26.0,starter-role-runtime-state-v1
2026-05-10,681517,RAMPING,83.16642097308865,95.0,21.832801116203985,21.0,14.688149953091848,15.0,starter-role-runtime-state-v1
2026-05-10,693821,ESTABLISHED,90.07942479270173,83.0,24.753309124662348,22.0,18.17682645800135,17.0,starter-role-runtime-state-v1
2026-05-10,696149,ESTABLISHED,82.31430916312331,77.0,21.087345579779196,21.0,14.661958068442377,15.0,starter-role-runtime-state-v1
2026-05-10,701656,RESTRICTED,68.63903811315791,74.0,17.660115291282967,19.0,13.787686643823033,15.0,starter-role-runtime-state-v1
2026-05-10,702070,ESTABLISHED,88.47413928666994,95.0,23.79845766952609,20.0,16.559811261920373,12.0,starter-role-runtime-state-v1
2026-05-10,801139,RAMPING,77.2056275986052,81.0,19.850144445028533,20.0,14.520837220674393,15.0,starter-role-runtime-state-v1
2026-05-11,592332,ESTABLISHED,93.27635030992096,100.0,24.023797929705662,24.0,17.913379570572157,14.0,starter-role-runtime-state-v1
2026-05-11,647336,ESTABLISHED,84.98141073375919,89.0,21.494584648682153,22.0,14.854579821852752,19.0,starter-role-runtime-state-v1
2026-05-11,656876,ESTABLISHED,82.9755219922022,100.0,20.28855634468657,23.0,14.954423428574835,18.0,starter-role-runtime-state-v1
2026-05-11,663567,ESTABLISHED,90.74849774834145,96.0,22.281887137605782,27.0,14.945179916535286,21.0,starter-role-runtime-state-v1
2026-05-11,669923,ESTABLISHED,89.78436683645573,99.0,24.17022024928967,23.0,18.0998146741899,15.0,starter-role-runtime-state-v1
2026-05-11,676282,ESTABLISHED,79.24740204666521,93.0,20.36570335590312,24.0,14.917060630847931,18.0,starter-role-runtime-state-v1
2026-05-11,677960,ESTABLISHED,86.53624604239461,101.0,21.99145749448882,23.0,15.812173841297623,19.0,starter-role-runtime-state-v1
2026-05-11,687064,ESTABLISHED,82.57674260143996,97.0,22.685640703350472,22.0,15.284338010263353,16.0,starter-role-runtime-state-v1
2026-05-11,808963,ESTABLISHED,88.01188440721182,91.0,21.897415149917343,23.0,14.191910266854645,15.0,starter-role-runtime-state-v1
2026-05-12,547179,ESTABLISHED,86.8879724799735,85.0,23.176568724169744,21.0,15.202482497134667,15.0,starter-role-runtime-state-v1
2026-05-12,554430,ESTABLISHED,96.63168277442455,87.0,23.678292722797735,27.0,17.964434049703417,22.0,starter-role-runtime-state-v1
2026-05-12,605288,ESTABLISHED,80.63904760096108,91.0,23.343623078346276,23.0,16.227700291772077,17.0,starter-role-runtime-state-v1
2026-05-12,605488,ESTABLISHED,82.2491631258126,98.0,21.72580441636839,25.0,15.713066859882689,15.0,starter-role-runtime-state-v1
2026-05-12,641927,ESTABLISHED,84.55669496424754,89.0,22.49869115654778,29.0,16.394901347939435,27.0,starter-role-runtime-state-v1
2026-05-12,642547,ESTABLISHED,90.27595504594576,100.0,21.934395252665944,25.0,15.802505426868901,18.0,starter-role-runtime-state-v1
2026-05-12,656550,ESTABLISHED,87.17246939458173,78.0,23.080214302734504,17.0,15.792282428283718,12.0,starter-role-runtime-state-v1
2026-05-12,663556,ESTABLISHED,79.16152024873553,80.0,20.5233318585797,18.0,15.264473515399946,15.0,starter-role-runtime-state-v1
2026-05-12,663903,ESTABLISHED,84.56560865989026,75.0,22.337482322704375,18.0,15.037217612240553,11.0,starter-role-runtime-state-v1
2026-05-12,669022,ESTABLISHED,92.88645389734344,95.0,21.752935840035516,28.0,14.637333651977336,24.0,starter-role-runtime-state-v1
2026-05-12,669432,ESTABLISHED,86.47762781348321,73.0,21.62373429383217,21.0,15.436818193685781,12.0,starter-role-runtime-state-v1
2026-05-12,669467,ESTABLISHED,91.31630464723004,85.0,23.27575644745411,21.0,15.586608808897484,15.0,starter-role-runtime-state-v1
2026-05-12,691587,ESTABLISHED,89.90584570444146,87.0,21.43479179929361,25.0,14.885039579391737,18.0,starter-role-runtime-state-v1
2026-05-12,693433,ESTABLISHED,83.91213876220955,104.0,22.930431084715067,24.0,17.54878739823874,18.0,starter-role-runtime-state-v1
2026-05-12,694973,ESTABLISHED,90.81089186745247,98.0,21.64967531052702,26.0,16.750768481266213,24.0,starter-role-runtime-state-v1
2026-05-12,700712,ESTABLISHED,82.51466171235901,91.0,21.41787670026686,18.0,15.57767859497648,15.0,starter-role-runtime-state-v1
2026-05-12,701542,ESTABLISHED,89.13724755265945,96.0,22.27367061127405,24.0,15.64411493993111,17.0,starter-role-runtime-state-v1
2026-05-12,808967,ESTABLISHED,95.07100359939606,93.0,23.96543618285191,25.0,18.41027040263463,19.0,starter-role-runtime-state-v1
2026-05-13,543243,RESTRICTED,76.9457392271231,78.0,21.335057911542883,20.0,15.252437643422521,18.0,starter-role-runtime-state-v1
2026-05-13,592662,ESTABLISHED,94.7787828448143,95.0,22.46138062474392,23.0,16.735193792557464,14.0,starter-role-runtime-state-v1
2026-05-13,607625,ESTABLISHED,95.81728670467358,92.0,24.1646166026513,25.0,16.743714730368247,15.0,starter-role-runtime-state-v1
2026-05-13,608331,ESTABLISHED,95.44797951929691,61.0,25.032121937178843,13.0,18.897598895861872,9.0,starter-role-runtime-state-v1
2026-05-13,650633,ESTABLISHED,87.15359789986721,99.0,21.53279012733774,25.0,16.016870857826913,17.0,starter-role-runtime-state-v1
2026-05-13,656302,ESTABLISHED,98.45589870139837,99.0,23.257387833688806,26.0,16.689761914976412,21.0,starter-role-runtime-state-v1
2026-05-13,663623,ESTABLISHED,89.68623832521857,86.0,22.737837015679705,18.0,15.25726576574047,9.0,starter-role-runtime-state-v1
2026-05-13,664285,ESTABLISHED,86.31859777954487,106.0,24.506233125997436,28.0,16.456379033692226,20.0,starter-role-runtime-state-v1
2026-05-13,666157,RAMPING,82.80772301120999,87.0,21.446772837127995,22.0,16.16325474062372,12.0,starter-role-runtime-state-v1
2026-05-13,669372,ESTABLISHED,81.12244623078821,95.0,20.895059167067416,25.0,14.913652992957505,18.0,starter-role-runtime-state-v1
2026-05-13,669461,ESTABLISHED,80.54328506166084,89.0,21.56893652522072,24.0,15.33836493541395,15.0,starter-role-runtime-state-v1
2026-05-13,672282,ESTABLISHED,93.1862833053476,102.0,23.018040558288313,25.0,15.497416573903266,17.0,starter-role-runtime-state-v1
2026-05-13,677958,ESTABLISHED,75.92957172139226,97.0,19.79381989263751,21.0,13.381504612385129,15.0,starter-role-runtime-state-v1
2026-05-13,680694,ESTABLISHED,86.67484543845252,100.0,22.147771183318227,21.0,15.66026120370313,18.0,starter-role-runtime-state-v1
2026-05-13,681035,RESTRICTED,76.00034556394219,89.0,19.15905907551108,22.0,13.547840401862322,14.0,starter-role-runtime-state-v1
2026-05-13,682243,ESTABLISHED,83.21691194950138,81.0,21.685889374321924,25.0,15.358053902120977,16.0,starter-role-runtime-state-v1
2026-05-13,684007,ESTABLISHED,91.69918370879532,96.0,23.60259221550186,24.0,17.872602173415938,21.0,starter-role-runtime-state-v1
2026-05-13,691725,ESTABLISHED,92.53235493967047,62.0,22.546379145555772,19.0,13.743937981936943,15.0,starter-role-runtime-state-v1
2026-05-13,694819,ESTABLISHED,86.26597487260292,93.0,20.726874615581483,25.0,15.483731377088768,21.0,starter-role-runtime-state-v1
2026-05-13,800048,ESTABLISHED,87.70967732865472,104.0,22.524078719064285,25.0,17.133459473009168,20.0,starter-role-runtime-state-v1
2026-05-14,519242,ESTABLISHED,98.00238355942172,100.0,24.746680336140027,25.0,18.844915674328938,18.0,starter-role-runtime-state-v1
2026-05-14,622491,ESTABLISHED,90.82378830880195,108.0,22.134276961681362,24.0,15.424846176461179,17.0,starter-role-runtime-state-v1
2026-05-14,624133,ESTABLISHED,85.36691758260399,76.0,22.26670016184385,21.0,16.874104552547973,16.0,starter-role-runtime-state-v1
2026-05-14,641743,ESTABLISHED,87.97844269225676,97.0,21.22080880223946,27.0,13.954152900419292,18.0,starter-role-runtime-state-v1
2026-05-14,656492,ESTABLISHED,96.36708657123869,92.0,24.560014201581822,23.0,18.08853097661877,13.0,starter-role-runtime-state-v1
2026-05-14,666200,ESTABLISHED,95.99270131980599,92.0,23.56941775192752,23.0,16.793222983564057,18.0,starter-role-runtime-state-v1
2026-05-14,672456,ESTABLISHED,78.39905357133999,70.0,21.217119845106534,20.0,15.930988287561313,14.0,starter-role-runtime-state-v1
2026-05-14,682052,ESTABLISHED,89.92182423406663,86.0,22.240355640291067,23.0,15.009579906718942,15.0,starter-role-runtime-state-v1
2026-05-14,690986,ESTABLISHED,84.71798723807319,99.0,20.55138789657119,20.0,14.303561527485144,15.0,starter-role-runtime-state-v1
2026-05-14,690997,ESTABLISHED,90.93146659318164,93.0,22.01236156924989,28.0,16.99381476520786,21.0,starter-role-runtime-state-v1
2026-05-14,694738,ESTABLISHED,89.00869935565494,105.0,21.191279852434178,24.0,14.965430285209518,16.0,starter-role-runtime-state-v1
2026-05-14,695505,ESTABLISHED,85.68248525728332,95.0,21.58111671092911,23.0,16.48985942333563,18.0,starter-role-runtime-state-v1
2026-05-14,700241,ESTABLISHED,90.00339728157734,74.0,22.167701731990086,23.0,17.149237000607403,18.0,starter-role-runtime-state-v1
2026-05-14,805673,ESTABLISHED,83.24690797256031,83.0,22.250647146341223,25.0,14.780390781413194,21.0,starter-role-runtime-state-v1
2026-05-15,518876,ESTABLISHED,92.29980833165556,100.0,24.344319257432886,31.0,16.405648542080552,27.0,starter-role-runtime-state-v1
2026-05-15,605280,ESTABLISHED,92.32694603073786,95.0,23.446779609892502,23.0,17.001745051344486,13.0,starter-role-runtime-state-v1
2026-05-15,605400,ESTABLISHED,94.42711032068127,80.0,23.432651638344353,18.0,16.238889772307722,11.0,starter-role-runtime-state-v1
2026-05-15,607536,ESTABLISHED,83.97818923632715,81.0,22.856388808969303,22.0,15.372060404468053,11.0,starter-role-runtime-state-v1
2026-05-15,608379,ESTABLISHED,88.09424342706737,87.0,24.24627838865053,23.0,18.00474040598427,18.0,starter-role-runtime-state-v1
2026-05-15,641816,ESTABLISHED,86.92128464009764,90.0,22.236161446285834,24.0,15.86798929621532,15.0,starter-role-runtime-state-v1
2026-05-15,665795,ESTABLISHED,89.54814468008851,88.0,23.50541194037723,19.0,16.764653252483125,14.0,starter-role-runtime-state-v1
2026-05-15,669160,ESTABLISHED,90.48053378187825,91.0,23.376823842751786,26.0,16.29819771306761,18.0,starter-role-runtime-state-v1
2026-05-15,669358,ESTABLISHED,90.97106979615583,108.0,23.442038229775505,30.0,15.897063171768265,21.0,starter-role-runtime-state-v1
2026-05-15,671096,ESTABLISHED,89.07614152030722,90.0,22.800043659370665,22.0,16.059448970805697,15.0,starter-role-runtime-state-v1
2026-05-15,676083,ESTABLISHED,85.07819489432165,100.0,22.82542686557332,28.0,16.69688706600538,17.0,starter-role-runtime-state-v1
2026-05-15,676106,ESTABLISHED,90.89827003218907,91.0,23.13535989419772,22.0,17.045253386089115,18.0,starter-role-runtime-state-v1
2026-05-15,676440,ESTABLISHED,90.64632815145599,96.0,22.75286537749473,28.0,16.36455835603202,20.0,starter-role-runtime-state-v1
2026-05-15,677952,ESTABLISHED,79.2625476761327,100.0,22.1163896527422,28.0,16.7924924735313,20.0,starter-role-runtime-state-v1
2026-05-15,680732,ESTABLISHED,84.89572465669221,91.0,21.216303557270134,23.0,14.502025552689814,13.0,starter-role-runtime-state-v1
2026-05-15,681190,ESTABLISHED,88.73349305737548,79.0,22.102628780024084,22.0,15.937758031124305,18.0,starter-role-runtime-state-v1
2026-05-15,693645,ESTABLISHED,91.0579152778203,106.0,22.55397476353091,24.0,17.32682521164496,20.0,starter-role-runtime-state-v1
2026-05-15,693855,ESTABLISHED,85.11489504252623,25.0,21.167020378277616,8.0,15.241063338933158,6.0,starter-role-runtime-state-v1
2026-05-16,592791,ESTABLISHED,90.0400793860414,90.0,22.8844870523376,24.0,17.116696721125876,15.0,starter-role-runtime-state-v1
2026-05-16,593958,ESTABLISHED,93.64705606217697,91.0,24.892102830721615,23.0,17.661727773851908,16.0,starter-role-runtime-state-v1
2026-05-16,594798,ESTABLISHED,89.9760717951139,94.0,22.10181843083611,23.0,17.161254111965803,18.0,starter-role-runtime-state-v1
2026-05-16,605135,ESTABLISHED,88.17078809518289,82.0,22.6209341710209,23.0,14.780779255644168,15.0,starter-role-runtime-state-v1
2026-05-16,607074,ESTABLISHED,91.19209260720075,88.0,23.31946889414909,17.0,17.264551932349534,11.0,starter-role-runtime-state-v1
2026-05-16,607259,ESTABLISHED,82.13384864707922,77.0,23.293315246565903,23.0,17.14355335209334,18.0,starter-role-runtime-state-v1
2026-05-16,608372,ESTABLISHED,79.45571711570496,88.0,21.144163012259355,22.0,15.126415796698383,15.0,starter-role-runtime-state-v1
2026-05-16,621111,RAMPING,85.3724403999348,101.0,21.300663409248177,22.0,14.51868271707011,15.0,starter-role-runtime-state-v1
2026-05-16,645261,ESTABLISHED,97.54617099737183,101.0,26.075557169456243,25.0,18.512294718377134,18.0,starter-role-runtime-state-v1
2026-05-16,650911,ESTABLISHED,93.19783886959969,108.0,26.20421640202965,32.0,19.326298521548424,27.0,starter-role-runtime-state-v1
2026-05-16,663436,ESTABLISHED,92.70830787957641,91.0,23.684197819922975,23.0,17.714383034208268,18.0,starter-role-runtime-state-v1
2026-05-16,663554,ESTABLISHED,76.44179540105488,71.0,21.1009675087901,19.0,15.322647051927866,18.0,starter-role-runtime-state-v1
2026-05-16,667755,ESTABLISHED,91.71720987587187,92.0,23.08793560753525,24.0,16.631540990222792,16.0,starter-role-runtime-state-v1
2026-05-16,669302,ESTABLISHED,88.98009161352755,97.0,22.243549864259222,27.0,16.411363833377678,20.0,starter-role-runtime-state-v1
2026-05-16,676282,ESTABLISHED,80.84236842172169,87.0,20.774512631718643,22.0,15.259842030170553,15.0,starter-role-runtime-state-v1
2026-05-16,676917,ESTABLISHED,85.71027398249917,94.0,22.047853937031185,26.0,13.940373703135219,19.0,starter-role-runtime-state-v1
2026-05-16,680736,ESTABLISHED,94.02606039481982,103.0,25.85473073153653,26.0,18.83640617930388,18.0,starter-role-runtime-state-v1
2026-05-16,681517,ESTABLISHED,86.49382523022663,90.0,21.83191300137284,25.0,14.779229607229258,18.0,starter-role-runtime-state-v1
2026-05-16,687570,ESTABLISHED,88.18750800041542,86.0,19.97535247543526,23.0,14.386114123501244,18.0,starter-role-runtime-state-v1
2026-05-16,693821,ESTABLISHED,88.77859782630611,103.0,24.376155641549452,32.0,18.02577421060228,24.0,starter-role-runtime-state-v1
2026-05-16,696149,ESTABLISHED,82.6483596900094,73.0,21.19994672605973,16.0,14.745631960729746,9.0,starter-role-runtime-state-v1
2026-05-16,701656,RESTRICTED,68.98310060747933,84.0,17.829251599511146,22.0,13.983205380658674,15.0,starter-role-runtime-state-v1
2026-05-16,702070,ESTABLISHED,91.89680121757934,82.0,23.64011654883327,23.0,16.109488943764642,18.0,starter-role-runtime-state-v1
2026-05-16,801139,ESTABLISHED,77.23052049236729,85.0,19.79198873232435,28.0,14.587138036682394,24.0,starter-role-runtime-state-v1
2026-05-17,547179,ESTABLISHED,85.88294062570125,101.0,22.853329346340335,26.0,15.179069991811975,14.0,starter-role-runtime-state-v1
2026-05-17,554430,ESTABLISHED,95.16274194498688,98.0,23.969899753099536,25.0,18.385104989106893,21.0,starter-role-runtime-state-v1
2026-05-17,592332,ESTABLISHED,94.48772401063175,97.0,24.09340295385602,22.0,17.52573468955611,18.0,starter-role-runtime-state-v1
2026-05-17,605288,ESTABLISHED,82.04782100788425,93.0,23.34799832951692,25.0,16.330830493163024,18.0,starter-role-runtime-state-v1
2026-05-17,605488,ESTABLISHED,83.3130802900852,92.0,22.015922833426032,24.0,15.631507586565707,18.0,starter-role-runtime-state-v1
2026-05-17,641927,ESTABLISHED,84.766357549201,77.0,23.131036791953306,23.0,17.5115508569388,15.0,starter-role-runtime-state-v1
2026-05-17,642547,ESTABLISHED,90.70542228437002,96.0,22.190849762119797,23.0,16.016701871124276,15.0,starter-role-runtime-state-v1
2026-05-17,647336,ESTABLISHED,85.23870546481301,98.0,21.520068813840233,25.0,15.294095540957384,17.0,starter-role-runtime-state-v1
2026-05-17,656550,ESTABLISHED,84.96869259179277,87.0,22.21994379100491,24.0,15.326200334639118,18.0,starter-role-runtime-state-v1
2026-05-17,656876,ESTABLISHED,85.02543626646194,93.0,20.604777836745953,24.0,15.28496396695309,16.0,starter-role-runtime-state-v1
2026-05-17,663567,ESTABLISHED,90.3567910668946,93.0,22.718957222126747,24.0,15.627318390695317,18.0,starter-role-runtime-state-v1
2026-05-17,663903,ESTABLISHED,79.64658133674578,86.0,21.385466276734547,20.0,14.450698378281908,12.0,starter-role-runtime-state-v1
2026-05-17,668909,ESTABLISHED,96.54174231341455,93.0,24.735552188814516,25.0,18.02749113163619,18.0,starter-role-runtime-state-v1
2026-05-17,669467,ESTABLISHED,88.74042131634627,99.0,22.805040377823467,27.0,15.4592016944665,20.0,starter-role-runtime-state-v1
2026-05-17,669923,ESTABLISHED,92.56400725006945,98.0,24.244168703744855,24.0,17.813542856449104,17.0,starter-role-runtime-state-v1
2026-05-17,680570,ESTABLISHED,95.98685001047913,79.0,24.365451869193834,21.0,17.452266092265912,11.0,starter-role-runtime-state-v1
2026-05-17,687064,ESTABLISHED,86.26625662961386,70.0,22.811669665922125,19.0,15.432465159033192,11.0,starter-role-runtime-state-v1
2026-05-17,688107,RESTRICTED,65.20386953200754,79.0,19.183651567208756,20.0,13.4623568729107,12.0,starter-role-runtime-state-v1
2026-05-17,691587,ESTABLISHED,87.98674838485496,102.0,21.627050012987056,23.0,15.17462946354771,15.0,starter-role-runtime-state-v1
2026-05-17,694973,ESTABLISHED,90.72717744034775,92.0,22.019407767921578,23.0,17.486246336592682,15.0,starter-role-runtime-state-v1
2026-05-17,808963,ESTABLISHED,89.45392444514204,91.0,22.157583810699265,24.0,14.325676260246201,21.0,starter-role-runtime-state-v1
2026-05-18,543243,RESTRICTED,74.91332328016246,80.0,20.935370446280913,24.0,15.4870156745175,18.0,starter-role-runtime-state-v1
2026-05-18,592662,ESTABLISHED,95.25114772519747,84.0,22.560107721745936,26.0,16.438643133291123,13.0,starter-role-runtime-state-v1
2026-05-18,607625,ESTABLISHED,93.52253441843577,93.0,24.068253851484172,25.0,16.521574025394525,18.0,starter-role-runtime-state-v1
2026-05-18,650633,ESTABLISHED,86.26397130554639,100.0,21.66295290694226,24.0,16.053003903426173,21.0,starter-role-runtime-state-v1
2026-05-18,663556,ESTABLISHED,77.84691230306822,90.0,20.068912993149564,23.0,15.196074874386511,15.0,starter-role-runtime-state-v1
2026-05-18,663623,ESTABLISHED,88.8789774261985,74.0,22.107134783262417,18.0,14.500219592995903,12.0,starter-role-runtime-state-v1
2026-05-18,664285,ESTABLISHED,88.38377191040937,89.0,24.89309569768924,23.0,16.847701196075093,15.0,starter-role-runtime-state-v1
2026-05-18,666157,ESTABLISHED,81.68113123855707,97.0,21.31883054608494,24.0,15.645313951056744,17.0,starter-role-runtime-state-v1
2026-05-18,669022,ESTABLISHED,92.22269186616549,28.0,22.27766061110139,8.0,15.58068807308331,3.0,starter-role-runtime-state-v1
2026-05-18,669372,ESTABLISHED,86.28646408682911,105.0,21.766513016484836,28.0,15.373100410196034,24.0,starter-role-runtime-state-v1
2026-05-18,669432,ESTABLISHED,82.46159620589782,88.0,21.27856888275791,22.0,14.979150346566072,11.0,starter-role-runtime-state-v1
2026-05-18,677960,ESTABLISHED,88.36203722848082,90.0,22.148540411556414,23.0,16.197964303494622,16.0,starter-role-runtime-state-v1
2026-05-18,681035,ESTABLISHED,82.40288549206605,81.0,20.06754583046562,20.0,13.760713868947153,12.0,starter-role-runtime-state-v1
2026-05-18,684007,ESTABLISHED,90.57419761822112,79.0,23.453555284825953,24.0,18.156835477557443,13.0,starter-role-runtime-state-v1
2026-05-18,691725,ESTABLISHED,82.18056037938858,69.0,21.404739019223545,22.0,13.916544941601142,18.0,starter-role-runtime-state-v1
2026-05-18,693433,ESTABLISHED,92.28366033549682,90.0,23.778178483854028,22.0,17.81878802785343,18.0,starter-role-runtime-state-v1
2026-05-18,700712,ESTABLISHED,84.71656392772823,92.0,20.494561794064538,26.0,15.438751325191877,18.0,starter-role-runtime-state-v1
2026-05-18,808967,ESTABLISHED,93.364155721272,107.0,23.910589246980617,26.0,18.420515197078906,21.0,starter-role-runtime-state-v1
2026-05-19,527048,ESTABLISHED,87.40660434614914,78.0,21.83018543194413,23.0,15.777502201687579,15.0,starter-role-runtime-state-v1
2026-05-19,624133,ESTABLISHED,83.48978898184663,81.0,22.039704622987024,19.0,16.760256475798457,13.0,starter-role-runtime-state-v1
2026-05-19,641743,ESTABLISHED,89.85557141654174,89.0,22.302001299982237,22.0,14.729947787779068,16.0,starter-role-runtime-state-v1
2026-05-19,656302,ESTABLISHED,98.60659023167509,100.0,23.550965304452383,22.0,17.15833320710821,15.0,starter-role-runtime-state-v1
2026-05-19,656492,ESTABLISHED,93.19281254310769,97.0,24.009724800615658,24.0,17.13113562488153,15.0,starter-role-runtime-state-v1
2026-05-19,666200,ESTABLISHED,94.13974906490273,95.0,23.349385604226164,23.0,16.88357114546448,18.0,starter-role-runtime-state-v1
2026-05-19,669461,ESTABLISHED,84.58318005968285,77.0,22.206555235048523,23.0,15.402695422517716,14.0,starter-role-runtime-state-v1
2026-05-19,672282,ESTABLISHED,96.15634602986631,92.0,23.467514206217352,27.0,15.726237832778935,17.0,starter-role-runtime-state-v1
2026-05-19,672456,ESTABLISHED,74.75842325981382,85.0,20.763476803603222,21.0,15.623981690037926,15.0,starter-role-runtime-state-v1
2026-05-19,680694,ESTABLISHED,90.51117131642717,102.0,22.263796746260972,23.0,15.99265577092683,16.0,starter-role-runtime-state-v1
2026-05-19,682052,ESTABLISHED,88.42852592189656,83.0,22.204246168529515,21.0,14.97528500803042,11.0,starter-role-runtime-state-v1
2026-05-19,682243,ESTABLISHED,81.37123154273236,72.0,21.832176779404087,19.0,15.37660371941131,17.0,starter-role-runtime-state-v1
2026-05-19,690997,ESTABLISHED,90.2911104044067,100.0,22.608521595391817,31.0,17.45823315716246,17.0,starter-role-runtime-state-v1
2026-05-19,694738,ESTABLISHED,90.33402800875513,91.0,21.45984688080035,23.0,15.07023132986491,18.0,starter-role-runtime-state-v1
2026-05-19,694819,ESTABLISHED,89.0321213014713,74.0,21.412615078481664,22.0,16.164652779034064,18.0,starter-role-runtime-state-v1
2026-05-19,695505,ESTABLISHED,86.35622613000544,86.0,21.702607295460943,20.0,16.656725474397383,18.0,starter-role-runtime-state-v1
2026-05-19,701542,ESTABLISHED,89.46994337281193,86.0,22.409723611072906,22.0,15.783212878488897,15.0,starter-role-runtime-state-v1
2026-05-19,800048,ESTABLISHED,90.99879755496002,81.0,22.986156966170597,21.0,17.543153708444486,15.0,starter-role-runtime-state-v1
2026-05-19,805673,ESTABLISHED,80.68228685166973,100.0,22.237456598075823,23.0,15.380663443772274,18.0,starter-role-runtime-state-v1
2026-05-20,518876,ESTABLISHED,89.81117003384448,85.0,24.63231748693856,26.0,17.403294062444814,18.0,starter-role-runtime-state-v1
2026-05-20,519242,ESTABLISHED,96.89348543317692,96.0,24.619173278703308,25.0,18.703466143935287,21.0,starter-role-runtime-state-v1
2026-05-20,571927,ESTABLISHED,85.37412885765383,67.0,20.930782875948744,17.0,15.366758313906963,12.0,starter-role-runtime-state-v1
2026-05-20,605400,ESTABLISHED,88.82139445462846,77.0,22.352037641959555,23.0,15.514948878870737,15.0,starter-role-runtime-state-v1
2026-05-20,607536,ESTABLISHED,82.62605825303544,89.0,22.62724606996702,22.0,14.839970233714258,14.0,starter-role-runtime-state-v1
2026-05-20,608379,ESTABLISHED,84.51378573149896,105.0,23.675566306060432,25.0,17.877884895651825,18.0,starter-role-runtime-state-v1
2026-05-20,641816,ESTABLISHED,88.41089592789703,79.0,22.555191489607864,23.0,15.810134538993406,15.0,starter-role-runtime-state-v1
2026-05-20,665795,ESTABLISHED,87.27114789951366,61.0,22.72018422674163,16.0,16.382246430989973,9.0,starter-role-runtime-state-v1
2026-05-20,669358,ESTABLISHED,92.3917670657885,94.0,24.088630092948446,22.0,16.422286209571126,18.0,starter-role-runtime-state-v1
2026-05-20,669387,ESTABLISHED,75.98442947826567,95.0,19.222120607556526,19.0,13.095485016697108,15.0,starter-role-runtime-state-v1
2026-05-20,671096,ESTABLISHED,88.44360348671655,96.0,22.640788440580515,22.0,15.934798427683985,16.0,starter-role-runtime-state-v1
2026-05-20,676083,ESTABLISHED,89.19905417489653,86.0,23.70354411951856,23.0,16.839270691735287,15.0,starter-role-runtime-state-v1
2026-05-20,676106,ESTABLISHED,89.04317748752253,86.0,22.7925446848681,22.0,17.10109112185609,15.0,starter-role-runtime-state-v1
2026-05-20,676440,ESTABLISHED,90.06063095467336,104.0,23.16472489730402,28.0,16.712312176550647,24.0,starter-role-runtime-state-v1
2026-05-20,680732,ESTABLISHED,83.14444816402104,83.0,21.141331913993568,22.0,14.268299071157047,14.0,starter-role-runtime-state-v1
2026-05-20,681190,ESTABLISHED,83.63836286231711,74.0,21.629224323422022,21.0,16.022889587160044,13.0,starter-role-runtime-state-v1
2026-05-20,690986,ESTABLISHED,87.04777054251922,94.0,20.565280119942337,23.0,14.396017226554637,21.0,starter-role-runtime-state-v1
2026-05-20,693645,ESTABLISHED,92.20050371367998,106.0,22.659990531603626,27.0,17.6106833647828,18.0,starter-role-runtime-state-v1
2026-05-20,700241,ESTABLISHED,85.9566002631998,91.0,22.00605257229204,26.0,17.166096310378908,15.0,starter-role-runtime-state-v1
2026-05-21,593958,ESTABLISHED,93.02157518002923,99.0,24.62979816703755,24.0,17.451750088753784,21.0,starter-role-runtime-state-v1
2026-05-21,607074,ESTABLISHED,89.27421731449672,95.0,22.383901275164916,21.0,16.484995785853386,15.0,starter-role-runtime-state-v1
2026-05-21,645261,ESTABLISHED,96.07085408719144,94.0,25.742256609269837,25.0,18.422491553595002,18.0,starter-role-runtime-state-v1
2026-05-21,656849,RAMPING,85.88715896129786,82.0,23.051430884994396,22.0,14.400600096599081,15.0,starter-role-runtime-state-v1
2026-05-21,663554,ESTABLISHED,72.96319972750644,95.0,20.525960091106292,24.0,15.545861676144323,20.0,starter-role-runtime-state-v1
2026-05-21,667755,ESTABLISHED,90.60337490906689,103.0,23.058754386773405,26.0,16.52865515405301,20.0,starter-role-runtime-state-v1
2026-05-21,669160,ESTABLISHED,89.04622413931952,91.0,23.48793279483531,25.0,16.437396937528625,16.0,starter-role-runtime-state-v1
2026-05-21,676282,ESTABLISHED,83.2581278580605,98.0,21.105157195942752,23.0,15.28695652319541,17.0,starter-role-runtime-state-v1
2026-05-21,676917,ESTABLISHED,82.31215041883382,84.0,21.994062294779116,27.0,14.399625618706935,21.0,starter-role-runtime-state-v1
2026-05-21,677952,ESTABLISHED,82.27099567138382,98.0,22.899498085176738,27.0,17.21429456673453,21.0,starter-role-runtime-state-v1
2026-05-21,680755,RESTRICTED,60.0,23.0,11.7116864015147,5.0,6.0,4.0,starter-role-runtime-state-v1
2026-05-22,543037,ESTABLISHED,92.42537112330217,72.0,23.710335935335884,22.0,18.14012524961871,18.0,starter-role-runtime-state-v1
2026-05-22,592332,ESTABLISHED,93.96723345586243,94.0,23.77156383697519,27.0,17.55925793450756,20.0,starter-role-runtime-state-v1
2026-05-22,592791,ESTABLISHED,90.0743354186368,90.0,23.00561508697379,23.0,16.884963387579283,14.0,starter-role-runtime-state-v1
2026-05-22,594798,ESTABLISHED,90.62680078883868,65.0,22.219494754167517,18.0,17.249600488690277,9.0,starter-role-runtime-state-v1
2026-05-22,605488,ESTABLISHED,87.34571097520494,95.0,22.60627550254555,24.0,16.01834589610892,19.0,starter-role-runtime-state-v1
2026-05-22,607259,ESTABLISHED,81.60068715313109,94.0,23.256159710731094,26.0,17.219966656579697,18.0,starter-role-runtime-state-v1
2026-05-22,608372,ESTABLISHED,79.5889810324215,97.0,21.141742092169743,27.0,15.073626170573528,20.0,starter-role-runtime-state-v1
2026-05-22,621111,ESTABLISHED,86.53420338117242,85.0,21.312053314279318,22.0,14.547611695435162,15.0,starter-role-runtime-state-v1
2026-05-22,647336,ESTABLISHED,87.42143141825129,78.0,21.9990974406858,23.0,15.523028176762203,18.0,starter-role-runtime-state-v1
2026-05-22,650911,ESTABLISHED,97.43450473501677,96.0,27.169416119636523,28.0,20.25051044200322,24.0,starter-role-runtime-state-v1
2026-05-22,663436,ESTABLISHED,91.08445403691067,98.0,23.442796898706895,26.0,17.69755990342954,17.0,starter-role-runtime-state-v1
2026-05-22,668909,ESTABLISHED,94.49075895931217,99.0,24.587015936725187,27.0,17.99664897931365,24.0,starter-role-runtime-state-v1
2026-05-22,669302,ESTABLISHED,89.75397894755093,94.0,22.741183849481097,21.0,16.792458534353273,17.0,starter-role-runtime-state-v1
2026-05-22,680570,ESTABLISHED,90.90254223798802,97.0,23.63982161438253,25.0,16.618264921384025,17.0,starter-role-runtime-state-v1
2026-05-22,680736,ESTABLISHED,93.10217254562588,100.0,25.608940838716357,24.0,18.643301814503552,15.0,starter-role-runtime-state-v1
2026-05-22,687570,ESTABLISHED,87.61422243542279,85.0,20.68115934382591,21.0,15.256175845335623,12.0,starter-role-runtime-state-v1
2026-05-22,691587,ESTABLISHED,88.7812096909837,86.0,21.69843101999365,20.0,15.122830243634217,19.0,starter-role-runtime-state-v1
2026-05-22,693821,ESTABLISHED,90.75567323683418,87.0,25.23214933207315,24.0,18.692131097488776,18.0,starter-role-runtime-state-v1
2026-05-22,696149,ESTABLISHED,80.6890752682739,99.0,20.354389594020496,23.0,13.87356406876479,15.0,starter-role-runtime-state-v1
2026-05-22,701656,ESTABLISHED,77.2510195421795,85.0,19.17230358650132,19.0,14.36785339871647,15.0,starter-role-runtime-state-v1
2026-05-22,702070,ESTABLISHED,91.28767159724904,96.0,23.62921480281665,23.0,16.34437635854907,18.0,starter-role-runtime-state-v1
2026-05-22,801139,RAMPING,80.84778225032538,85.0,21.427998110259992,25.0,16.27290587760783,18.0,starter-role-runtime-state-v1
2026-05-23,547179,ESTABLISHED,89.17599441526013,94.0,23.396337633185972,24.0,15.113257022230744,15.0,starter-role-runtime-state-v1
2026-05-23,554430,ESTABLISHED,96.45763621148608,99.0,24.19187939587973,21.0,18.7084222064211,18.0,starter-role-runtime-state-v1
2026-05-23,605288,ESTABLISHED,87.59546393480454,79.0,24.076996012280695,21.0,16.673376923359292,14.0,starter-role-runtime-state-v1
2026-05-23,642547,ESTABLISHED,93.60146748078172,108.0,22.530310330613574,30.0,15.96912369922558,21.0,starter-role-runtime-state-v1
2026-05-23,656550,ESTABLISHED,87.24707917821996,87.0,22.651115768265704,22.0,15.68990206418908,15.0,starter-role-runtime-state-v1
2026-05-23,663542,RESTRICTED,60.0,16.0,10.0,4.0,6.0,4.0,starter-role-runtime-state-v1
2026-05-23,663623,ESTABLISHED,84.45250845335876,80.0,21.339584766523505,16.0,14.144271039461932,15.0,starter-role-runtime-state-v1
2026-05-23,669372,ESTABLISHED,89.20494828118645,73.0,22.54839883532724,14.0,16.326152126716256,7.0,starter-role-runtime-state-v1
2026-05-23,669467,ESTABLISHED,92.15000967423421,93.0,23.51805956232806,20.0,16.025271161253762,18.0,starter-role-runtime-state-v1
2026-05-23,669923,ESTABLISHED,93.56149115466143,92.0,24.265266371487066,27.0,17.722872259648362,18.0,starter-role-runtime-state-v1
2026-05-23,671737,ESTABLISHED,95.53482514032507,73.0,23.891001582139534,18.0,16.89759713995163,15.0,starter-role-runtime-state-v1
2026-05-23,681517,ESTABLISHED,87.13659722260252,87.0,22.32926915095021,24.0,15.283558194984494,15.0,starter-role-runtime-state-v1
2026-05-23,688107,RESTRICTED,67.29234334791289,89.0,19.294707518642916,21.0,13.195236254165088,13.0,starter-role-runtime-state-v1
2026-05-23,694973,ESTABLISHED,90.75079092492217,98.0,22.10987818310853,24.0,17.21152662777567,15.0,starter-role-runtime-state-v1
2026-05-23,700712,ESTABLISHED,87.35042801072245,93.0,21.74787731501462,23.0,16.035629500004948,15.0,starter-role-runtime-state-v1
2026-05-23,808963,ESTABLISHED,88.76716331045493,87.0,22.28745933537159,21.0,15.139277554339245,15.0,starter-role-runtime-state-v1
2026-05-24,527048,ESTABLISHED,82.68238871682476,86.0,21.522886405077312,22.0,15.56790108239597,17.0,starter-role-runtime-state-v1
2026-05-24,543243,ESTABLISHED,80.41584157258274,75.0,21.856641018670075,19.0,15.93259093481985,12.0,starter-role-runtime-state-v1
2026-05-24,592662,ESTABLISHED,93.42521566379506,92.0,22.83595332392331,21.0,16.04951757776963,12.0,starter-role-runtime-state-v1
2026-05-24,607625,ESTABLISHED,93.42318729585276,86.0,24.171158300228665,27.0,16.68742970691912,19.0,starter-role-runtime-state-v1
2026-05-24,641927,ESTABLISHED,84.44256269626028,82.0,23.195420631282808,22.0,17.26081556141127,15.0,starter-role-runtime-state-v1
2026-05-24,650633,ESTABLISHED,89.0806391379319,81.0,22.06319439025385,19.0,16.615046174609052,11.0,starter-role-runtime-state-v1
2026-05-24,656302,ESTABLISHED,96.7568481657984,76.0,23.171689627313032,19.0,16.86060217500118,14.0,starter-role-runtime-state-v1
2026-05-24,656492,ESTABLISHED,93.19152487851365,90.0,23.937188716689832,22.0,16.771443912600205,18.0,starter-role-runtime-state-v1
2026-05-24,656876,ESTABLISHED,85.32954690975473,92.0,20.90089124064821,24.0,15.347587738080286,21.0,starter-role-runtime-state-v1
2026-05-24,663567,ESTABLISHED,89.41647932874687,103.0,22.724618720117775,24.0,15.866021997432913,15.0,starter-role-runtime-state-v1
2026-05-24,663969,RESTRICTED,62.542990001524394,59.0,17.575943414867908,16.0,11.467907211243624,11.0,starter-role-runtime-state-v1
2026-05-24,664285,ESTABLISHED,88.21096033618315,92.0,24.64319150675173,22.0,16.620963549117313,18.0,starter-role-runtime-state-v1
2026-05-24,669022,ESTABLISHED,79.92252528378734,99.0,20.228857093586115,21.0,13.87876288360031,18.0,starter-role-runtime-state-v1
2026-05-24,669432,ESTABLISHED,82.1389989507692,90.0,21.247728130530223,20.0,14.520400869601133,14.0,starter-role-runtime-state-v1
2026-05-24,672282,ESTABLISHED,94.34604837183981,96.0,23.68684353125673,25.0,15.835598720136225,24.0,starter-role-runtime-state-v1
2026-05-24,675512,ESTABLISHED,67.84282971567269,79.0,19.279229347160822,22.0,15.286062907952942,17.0,starter-role-runtime-state-v1
2026-05-24,677960,ESTABLISHED,89.61691112713409,95.0,22.361263199780883,26.0,16.21356126870922,21.0,starter-role-runtime-state-v1
2026-05-24,681035,RAMPING,84.23959173996239,94.0,20.285434030314782,24.0,13.584496405824972,17.0,starter-role-runtime-state-v1
2026-05-24,684007,ESTABLISHED,90.31052750149439,94.0,23.61693845761304,26.0,17.610830835535104,18.0,starter-role-runtime-state-v1
2026-05-24,687064,ESTABLISHED,83.46740138527545,105.0,22.24255532405077,28.0,14.83473698227379,20.0,starter-role-runtime-state-v1
2026-05-24,691725,ESTABLISHED,78.19652647842445,82.0,21.30772658973806,24.0,14.5933573661538,19.0,starter-role-runtime-state-v1
2026-05-24,693433,ESTABLISHED,92.677457736337,91.0,23.653336939818004,23.0,17.86763735724524,14.0,starter-role-runtime-state-v1
2026-05-24,800048,ESTABLISHED,90.50206076957848,91.0,22.82439089376448,24.0,17.242919045127444,17.0,starter-role-runtime-state-v1
2026-05-24,808967,ESTABLISHED,96.79141021787403,92.0,24.373086820138326,27.0,18.768782801917062,21.0,starter-role-runtime-state-v1
2026-05-25,518876,ESTABLISHED,88.18788860420204,96.0,24.64234318942618,26.0,17.424837959724673,21.0,starter-role-runtime-state-v1
2026-05-25,608379,ESTABLISHED,89.34247855517883,93.0,24.141728147380647,27.0,17.98334665701569,21.0,starter-role-runtime-state-v1
2026-05-25,622491,ESTABLISHED,94.59315784998202,68.0,22.553821829782855,17.0,15.654901327725609,12.0,starter-role-runtime-state-v1
2026-05-25,641743,ESTABLISHED,91.78139081805784,94.0,22.475846157752258,24.0,15.02105218852737,18.0,starter-role-runtime-state-v1
2026-05-25,663556,ESTABLISHED,80.8431568330767,84.0,20.58677139008006,21.0,15.243167291209872,16.0,starter-role-runtime-state-v1
2026-05-25,666157,ESTABLISHED,85.49894922280066,98.0,21.853131259480485,25.0,15.870470428558178,18.0,starter-role-runtime-state-v1
2026-05-25,666200,ESTABLISHED,94.78793507920895,104.0,23.368190814453776,24.0,17.02955201889033,18.0,starter-role-runtime-state-v1
2026-05-25,669387,ESTABLISHED,78.24668040232987,86.0,19.19164576223059,22.0,13.306992039120622,15.0,starter-role-runtime-state-v1
2026-05-25,669461,ESTABLISHED,82.99144657993001,101.0,22.191445805884676,22.0,15.210690837738074,15.0,starter-role-runtime-state-v1
2026-05-25,676083,ESTABLISHED,89.12419535087055,93.0,23.654830956478634,23.0,16.635143495793248,15.0,starter-role-runtime-state-v1
2026-05-25,676440,ESTABLISHED,94.74602454395976,61.0,24.047613747107818,16.0,17.600529758427697,9.0,starter-role-runtime-state-v1
2026-05-25,677958,ESTABLISHED,79.99745747292673,85.0,20.129283057909024,22.0,13.618427314923748,15.0,starter-role-runtime-state-v1
2026-05-25,680694,ESTABLISHED,93.30021122850209,92.0,22.496673243507065,25.0,16.02818955227061,18.0,starter-role-runtime-state-v1
2026-05-25,685299,ESTABLISHED,82.31074242780753,80.0,21.642639607091546,21.0,14.475208480112615,15.0,starter-role-runtime-state-v1
2026-05-25,690997,ESTABLISHED,95.37977629331215,78.0,24.0018164070281,19.0,17.58204003729559,10.0,starter-role-runtime-state-v1
2026-05-25,694738,ESTABLISHED,91.64379008440925,93.0,21.757156672494027,24.0,15.422114847733155,15.0,starter-role-runtime-state-v1
2026-05-25,694819,ESTABLISHED,85.71755478167674,96.0,21.29659294247572,24.0,16.31398402021939,21.0,starter-role-runtime-state-v1
2026-05-25,701542,ESTABLISHED,88.17712163345998,85.0,22.248973780187434,24.0,15.647696446601405,18.0,starter-role-runtime-state-v1
2026-05-25,805673,ESTABLISHED,88.80426132318367,88.0,23.028160291605836,25.0,15.864016359028888,18.0,starter-role-runtime-state-v1
2026-05-26,593958,ESTABLISHED,93.08587566112807,94.0,24.476172778149664,25.0,17.824394950370873,18.0,starter-role-runtime-state-v1
2026-05-26,605400,ESTABLISHED,86.87117447287021,80.0,22.341821502132596,21.0,15.432250064643762,18.0,starter-role-runtime-state-v1
2026-05-26,607536,ESTABLISHED,83.40098267469081,81.0,22.559255367213947,22.0,14.750231455665931,12.0,starter-role-runtime-state-v1
2026-05-26,624133,ESTABLISHED,81.62137782862092,91.0,21.528468520069904,25.0,16.31425860854733,15.0,starter-role-runtime-state-v1
2026-05-26,641778,RESTRICTED,76.39752715044614,96.0,20.445840094116424,22.0,13.851319479991602,18.0,starter-role-runtime-state-v1
2026-05-26,641816,ESTABLISHED,87.37591843670711,81.0,22.59858650408369,20.0,15.718611802543268,15.0,starter-role-runtime-state-v1
2026-05-26,645261,ESTABLISHED,94.26897453518353,95.0,25.480417069387755,31.0,18.333688211596407,17.0,starter-role-runtime-state-v1
2026-05-26,656849,RAMPING,82.22074574504681,90.0,22.538207390392245,26.0,14.373240299397583,15.0,starter-role-runtime-state-v1
2026-05-26,669358,ESTABLISHED,93.87694116885021,99.0,23.9830097172962,29.0,16.640784457966973,21.0,starter-role-runtime-state-v1
2026-05-26,672456,ESTABLISHED,76.72924684445942,89.0,20.87885340953552,26.0,15.57397750864337,17.0,starter-role-runtime-state-v1
2026-05-26,676106,ESTABLISHED,88.47648491771243,87.0,22.673314061147057,22.0,16.84739668619566,18.0,starter-role-runtime-state-v1
2026-05-26,676282,ESTABLISHED,88.57412478298404,69.0,21.73321138994335,12.0,15.596044559652963,6.0,starter-role-runtime-state-v1
2026-05-26,676917,ESTABLISHED,83.7566812442312,87.0,22.69448812086189,25.0,15.185921179631539,18.0,starter-role-runtime-state-v1
2026-05-26,677952,ESTABLISHED,84.57907921102137,95.0,23.446799357117143,29.0,17.68497401380034,19.0,starter-role-runtime-state-v1
2026-05-26,680732,ESTABLISHED,83.88223876601458,100.0,21.316136262581573,25.0,14.26052255879966,21.0,starter-role-runtime-state-v1
2026-05-26,680755,OPENER_LIKE,60.0,12.0,10.369750834410542,4.0,6.0,3.0,starter-role-runtime-state-v1
2026-05-26,681190,ESTABLISHED,82.28460177991957,99.0,21.524533622645528,25.0,15.666106626467457,17.0,starter-role-runtime-state-v1
2026-05-26,690986,ESTABLISHED,86.99620289310371,92.0,20.73303874506082,23.0,15.072393731256984,18.0,starter-role-runtime-state-v1
2026-05-26,693645,ESTABLISHED,95.99006174612576,77.0,23.394286511035098,22.0,17.74110876608926,18.0,starter-role-runtime-state-v1
2026-05-26,695505,ESTABLISHED,86.42588931948393,90.0,21.494983845980503,22.0,16.830135533636973,16.0,starter-role-runtime-state-v1
2026-05-26,700241,ESTABLISHED,86.68598158926737,89.0,22.45844427218499,22.0,16.953534023615177,12.0,starter-role-runtime-state-v1
2026-05-27,543037,ESTABLISHED,90.26856392471262,79.0,23.537264759617223,23.0,18.123498511213853,20.0,starter-role-runtime-state-v1
2026-05-27,571927,ESTABLISHED,83.70627922169346,62.0,20.543206240241247,18.0,15.001368740930602,9.0,starter-role-runtime-state-v1
2026-05-27,592332,ESTABLISHED,93.12464591384398,95.0,24.020579676143495,22.0,17.80455781685362,15.0,starter-role-runtime-state-v1
2026-05-27,592791,ESTABLISHED,88.04818722263961,75.0,22.768049751874475,21.0,16.495286520964164,15.0,starter-role-runtime-state-v1
2026-05-27,594798,ESTABLISHED,83.8418200468986,97.0,21.3312407439683,23.0,16.16539939607777,18.0,starter-role-runtime-state-v1
2026-05-27,605488,ESTABLISHED,90.66671613186851,84.0,23.035510001676144,23.0,16.421403687946146,15.0,starter-role-runtime-state-v1
2026-05-27,608372,ESTABLISHED,84.14117666162217,83.0,22.07339133086197,20.0,15.678888232863113,14.0,starter-role-runtime-state-v1
2026-05-27,621111,ESTABLISHED,85.70489336164157,58.0,21.3097671111603,18.0,14.573815647290264,16.0,starter-role-runtime-state-v1
2026-05-27,647336,ESTABLISHED,85.1811126855445,83.0,21.953402519149343,22.0,15.748612815683744,18.0,starter-role-runtime-state-v1
2026-05-27,650911,ESTABLISHED,95.6381564577078,100.0,27.04997158907007,27.0,20.598951082949377,21.0,starter-role-runtime-state-v1
2026-05-27,663554,ESTABLISHED,76.7710827661113,58.0,21.097547912830812,14.0,16.07877214100077,12.0,starter-role-runtime-state-v1
2026-05-27,667755,ESTABLISHED,95.23387296731154,105.0,23.75411682369885,24.0,17.007169298376766,15.0,starter-role-runtime-state-v1
2026-05-27,668909,ESTABLISHED,95.20337468642477,94.0,24.871504290991805,26.0,18.66325580429918,21.0,starter-role-runtime-state-v1
2026-05-27,669160,ESTABLISHED,88.72369065786889,87.0,23.59314639060681,25.0,16.36639831785977,21.0,starter-role-runtime-state-v1
2026-05-27,669302,ESTABLISHED,89.8393108095401,91.0,22.489217613563063,24.0,16.787185453895482,18.0,starter-role-runtime-state-v1
2026-05-27,671096,ESTABLISHED,90.44117949917673,101.0,22.714358880071075,24.0,15.98860649130172,18.0,starter-role-runtime-state-v1
2026-05-27,687570,ESTABLISHED,86.17158141348514,93.0,20.654809696681237,23.0,14.521979602899155,13.0,starter-role-runtime-state-v1
2026-05-27,691587,ESTABLISHED,87.26803287128324,73.0,21.367522577751203,15.0,15.517420468120115,12.0,starter-role-runtime-state-v1
2026-05-27,693821,ESTABLISHED,88.79477148832301,59.0,24.901468063878273,20.0,18.55335038277773,10.0,starter-role-runtime-state-v1
2026-05-27,696149,ESTABLISHED,82.43005100644567,91.0,20.642357474167543,24.0,14.011908976275702,15.0,starter-role-runtime-state-v1
2026-05-27,702070,ESTABLISHED,89.08958344390128,94.0,23.236446193961463,20.0,16.44296400061304,15.0,starter-role-runtime-state-v1
2026-05-28,519242,ESTABLISHED,96.10259336582794,96.0,24.57160323781055,24.0,18.92236523432736,15.0,starter-role-runtime-state-v1
2026-05-28,605135,ESTABLISHED,85.39091323560193,80.0,22.427733818438973,23.0,14.74607607209769,18.0,starter-role-runtime-state-v1
2026-05-28,663436,ESTABLISHED,93.06720657791784,84.0,23.876023168015273,22.0,17.685021420490607,18.0,starter-role-runtime-state-v1
2026-05-28,680570,ESTABLISHED,92.78097443841072,88.0,23.936371975828038,19.0,16.72286680336054,15.0,starter-role-runtime-state-v1
2026-05-28,694973,ESTABLISHED,88.3841486146768,103.0,21.961161490820174,23.0,16.864499375448926,16.0,starter-role-runtime-state-v1
2026-05-28,801139,RAMPING,78.89148814511994,94.0,21.683635495194125,21.0,16.463670848593257,14.0,starter-role-runtime-state-v1
2026-05-29,547179,ESTABLISHED,90.43064010418006,70.0,23.54787415242809,18.0,15.11699556024643,11.0,starter-role-runtime-state-v1
2026-05-29,554430,ESTABLISHED,96.90754088843646,90.0,23.828049540388946,23.0,18.632788121654535,18.0,starter-role-runtime-state-v1
2026-05-29,607074,ESTABLISHED,92.95485093186689,93.0,22.561978931594865,22.0,16.42183695536106,18.0,starter-role-runtime-state-v1
2026-05-29,607259,ESTABLISHED,85.61538557569288,88.0,23.892291115763,27.0,17.40230852861718,21.0,starter-role-runtime-state-v1
2026-05-29,642547,ESTABLISHED,96.87842589860634,94.0,23.493724195489385,22.0,16.566810325726642,14.0,starter-role-runtime-state-v1
2026-05-29,656550,ESTABLISHED,85.40303042408087,80.0,22.365719655010246,21.0,15.558204709397259,14.0,starter-role-runtime-state-v1
2026-05-29,657277,ESTABLISHED,88.95151819382923,86.0,24.83538417628953,20.0,17.696842116522163,13.0,starter-role-runtime-state-v1
2026-05-29,669022,ESTABLISHED,80.54276008156157,99.0,20.16620472562144,24.0,14.285800230100433,19.0,starter-role-runtime-state-v1
2026-05-29,669432,ESTABLISHED,85.26609602023952,84.0,21.37472678098827,24.0,14.561699087705303,18.0,starter-role-runtime-state-v1
2026-05-29,669467,ESTABLISHED,90.5339187720995,75.0,22.897290086581755,18.0,16.201860528120122,9.0,starter-role-runtime-state-v1
2026-05-29,669923,ESTABLISHED,94.30863841858613,87.0,24.664624985518515,22.0,17.78330992578271,16.0,starter-role-runtime-state-v1
2026-05-29,671737,ESTABLISHED,91.90882256428296,87.0,23.10017589669871,19.0,16.66867637878518,12.0,starter-role-runtime-state-v1
2026-05-29,675512,ESTABLISHED,69.69795707198409,89.0,19.844638682170157,28.0,15.682671807396364,21.0,starter-role-runtime-state-v1
2026-05-29,680736,ESTABLISHED,95.52783263627694,88.0,25.570588170029332,23.0,18.20774085195469,21.0,starter-role-runtime-state-v1
2026-05-29,683003,ESTABLISHED,88.84391080107477,77.0,22.67718627196129,21.0,15.896247365040365,13.0,starter-role-runtime-state-v1
2026-05-29,684007,ESTABLISHED,88.40642402483812,75.0,23.613640065484034,23.0,17.59021033756905,16.0,starter-role-runtime-state-v1
2026-05-29,700712,ESTABLISHED,90.47910065641476,92.0,22.22014409366283,26.0,15.903750698517612,18.0,starter-role-runtime-state-v1
2026-05-30,527048,ESTABLISHED,82.9157389774762,81.0,21.556652253740555,20.0,15.720910864608548,15.0,starter-role-runtime-state-v1
2026-05-30,543243,ESTABLISHED,81.77030400659606,92.0,21.763400227103908,24.0,15.5496389778549,18.0,starter-role-runtime-state-v1
2026-05-30,605288,ESTABLISHED,88.2837618523746,92.0,23.940562197643004,22.0,16.43336756819138,11.0,starter-role-runtime-state-v1
2026-05-30,607625,ESTABLISHED,90.87293040808812,90.0,24.254965126421947,26.0,16.874899339545824,18.0,starter-role-runtime-state-v1
2026-05-30,641743,ESTABLISHED,91.57460578947322,84.0,22.664030263291338,22.0,15.496744091113197,15.0,starter-role-runtime-state-v1
2026-05-30,641927,ESTABLISHED,85.21137791594066,97.0,23.18241567408743,27.0,17.036674678167458,14.0,starter-role-runtime-state-v1
2026-05-30,650633,ESTABLISHED,88.59984091264468,77.0,21.760305915024137,25.0,15.971131936569108,18.0,starter-role-runtime-state-v1
2026-05-30,656492,ESTABLISHED,92.59360987746022,90.0,23.624763290173682,21.0,16.96456413550533,15.0,starter-role-runtime-state-v1
2026-05-30,656876,ESTABLISHED,85.35808909164696,70.0,21.145960657612342,18.0,15.92403597002971,12.0,starter-role-runtime-state-v1
2026-05-30,663372,RESTRICTED,75.35633155461493,63.0,19.939946946571524,20.0,13.965897970041405,18.0,starter-role-runtime-state-v1
2026-05-30,663567,ESTABLISHED,90.4131342595598,90.0,22.806650944076395,22.0,15.742192695895872,15.0,starter-role-runtime-state-v1
2026-05-30,663903,ESTABLISHED,84.18176297585832,94.0,21.663122750144137,22.0,14.28620167707593,15.0,starter-role-runtime-state-v1
2026-05-30,663969,RESTRICTED,61.410026295580565,72.0,17.250064193900464,21.0,11.385787114362452,15.0,starter-role-runtime-state-v1
2026-05-30,664285,ESTABLISHED,93.29048476980742,89.0,24.911041066203374,27.0,16.95382478752549,20.0,starter-role-runtime-state-v1
2026-05-30,666200,ESTABLISHED,95.36851509975583,95.0,23.39905383009632,25.0,17.127816461540004,16.0,starter-role-runtime-state-v1
2026-05-30,669372,ESTABLISHED,87.58688172459317,80.0,21.472724628057662,24.0,15.161870150789799,18.0,starter-role-runtime-state-v1
2026-05-30,672282,ESTABLISHED,95.22748861287835,92.0,23.91437233663922,23.0,16.769001492116104,15.0,starter-role-runtime-state-v1
2026-05-30,677958,ESTABLISHED,85.71614482060656,85.0,20.913960540092567,24.0,13.927274682417671,18.0,starter-role-runtime-state-v1
2026-05-30,677960,ESTABLISHED,90.94567780613465,107.0,22.843298952030203,29.0,16.76708601808943,20.0,starter-role-runtime-state-v1
2026-05-30,681035,RAMPING,86.42551446298961,96.0,20.873357763076605,21.0,14.05985398062368,15.0,starter-role-runtime-state-v1
2026-05-30,681517,ESTABLISHED,86.12578403013279,78.0,22.458171024107735,21.0,15.210381704327363,13.0,starter-role-runtime-state-v1
2026-05-30,687064,ESTABLISHED,85.61708033607756,86.0,22.89055989181065,27.0,15.441551847194066,20.0,starter-role-runtime-state-v1
2026-05-30,693433,ESTABLISHED,92.40418959518149,86.0,23.580780050380213,23.0,17.43183287822603,21.0,starter-role-runtime-state-v1
2026-05-30,800048,ESTABLISHED,90.9673179943605,93.0,23.015092269297256,22.0,17.22862126004039,15.0,starter-role-runtime-state-v1
2026-05-30,808963,ESTABLISHED,86.86843277896703,84.0,21.926149728431454,20.0,15.064599448086728,16.0,starter-role-runtime-state-v1
2026-05-31,518876,ESTABLISHED,90.54586694638131,97.0,24.984288601779667,27.0,17.865469898915567,16.0,starter-role-runtime-state-v1
2026-05-31,592662,ESTABLISHED,93.03514554714232,96.0,22.605773225594415,19.0,15.583318429611934,12.0,starter-role-runtime-state-v1
2026-05-31,608379,ESTABLISHED,91.3048293005141,82.0,24.631711502501773,26.0,18.359233856520135,15.0,starter-role-runtime-state-v1
2026-05-31,624133,ESTABLISHED,84.09432213935456,93.0,22.083519880052776,25.0,16.258313740201192,15.0,starter-role-runtime-state-v1
2026-05-31,663556,ESTABLISHED,83.72769760901133,70.0,20.92403923735263,19.0,15.416206781732422,15.0,starter-role-runtime-state-v1
2026-05-31,666157,ESTABLISHED,89.33694868263211,100.0,22.48283948938677,28.0,16.186919236895598,20.0,starter-role-runtime-state-v1
2026-05-31,669461,ESTABLISHED,86.8588398306895,85.0,22.385712468091786,20.0,15.238796539826764,16.0,starter-role-runtime-state-v1
2026-05-31,672456,ESTABLISHED,79.03050416767788,65.0,21.537268916148903,20.0,15.764567881573981,18.0,starter-role-runtime-state-v1
2026-05-31,676440,ESTABLISHED,89.06864214322607,90.0,22.940937019502854,24.0,16.52300474971826,18.0,starter-role-runtime-state-v1
2026-05-31,677952,ESTABLISHED,87.93177110925583,80.0,24.35575537586773,22.0,17.929056465846067,18.0,starter-role-runtime-state-v1
2026-05-31,680694,ESTABLISHED,93.47531250459463,94.0,22.78530262994706,27.0,16.236738525686334,21.0,starter-role-runtime-state-v1
2026-05-31,680732,ESTABLISHED,87.15518877701271,93.0,21.889925425113745,21.0,15.028769165522544,16.0,starter-role-runtime-state-v1
2026-05-31,682052,ESTABLISHED,88.04502810080572,56.0,22.091485568095464,13.0,14.522327953827775,6.0,starter-role-runtime-state-v1
2026-05-31,682243,ESTABLISHED,79.63335486806403,71.0,21.440991054065023,17.0,15.566893930800848,15.0,starter-role-runtime-state-v1
2026-05-31,685299,ESTABLISHED,81.6805188656783,75.0,21.524927109759805,17.0,14.524870035558791,9.0,starter-role-runtime-state-v1
2026-05-31,690997,ESTABLISHED,91.55435027376994,94.0,23.18517158198503,23.0,16.548217405596578,15.0,starter-role-runtime-state-v1
2026-05-31,691725,ESTABLISHED,77.74415319432316,80.0,21.609322099159286,18.0,15.276087647725898,10.0,starter-role-runtime-state-v1
2026-05-31,694819,ESTABLISHED,87.1590017713174,88.0,21.629351735840096,25.0,16.842234153979945,21.0,starter-role-runtime-state-v1
2026-05-31,701542,ESTABLISHED,87.50429856098486,82.0,22.400392888339514,27.0,15.892362202369672,18.0,starter-role-runtime-state-v1
2026-05-31,805673,ESTABLISHED,88.34069752215777,100.0,23.195920829238833,22.0,16.081273104972198,13.0,starter-role-runtime-state-v1
2026-05-31,808967,ESTABLISHED,96.54853379832188,104.0,24.67576852851383,22.0,19.008217645585226,16.0,starter-role-runtime-state-v1
2026-06-01,593958,ESTABLISHED,93.77262934513608,96.0,24.593044270049617,24.0,17.84864064023772,18.0,starter-role-runtime-state-v1
2026-06-01,594798,ESTABLISHED,85.14953088117745,91.0,21.504642276591888,21.0,16.360741307119554,15.0,starter-role-runtime-state-v1
2026-06-01,607536,ESTABLISHED,82.405448861153,91.0,22.43059983755062,28.0,14.447782976489485,17.0,starter-role-runtime-state-v1
2026-06-01,645261,ESTABLISHED,96.80397787924734,95.0,26.339736580024017,26.0,18.295522474294902,21.0,starter-role-runtime-state-v1
2026-06-01,667755,ESTABLISHED,94.08585066866276,108.0,23.52028198075095,25.0,16.715378766903193,14.0,starter-role-runtime-state-v1
2026-06-01,676106,ESTABLISHED,87.1833952662169,91.0,22.462683378314964,20.0,16.929268159451727,18.0,starter-role-runtime-state-v1
2026-06-01,676917,ESTABLISHED,84.22759117462205,89.0,22.966324337960835,23.0,15.508436510220255,15.0,starter-role-runtime-state-v1
2026-06-01,694738,ESTABLISHED,92.42862097874475,96.0,22.0701289411032,23.0,15.395417272080294,12.0,starter-role-runtime-state-v1
2026-06-01,700241,ESTABLISHED,85.7672079903404,87.0,22.272538169608897,23.0,16.353675261457518,18.0,starter-role-runtime-state-v1
2026-06-02,571927,ESTABLISHED,78.37124302242552,53.0,19.95348665877235,11.0,14.226841599450823,5.0,starter-role-runtime-state-v1
2026-06-02,592332,ESTABLISHED,93.74018173544967,96.0,23.83222266835402,25.0,17.5047234838978,18.0,starter-role-runtime-state-v1
2026-06-02,592791,ESTABLISHED,86.19531343834316,99.0,22.527596881565792,26.0,16.315022700155726,19.0,starter-role-runtime-state-v1
2026-06-02,605400,ESTABLISHED,84.58405946838012,95.0,22.018701585987394,19.0,15.682595770585031,15.0,starter-role-runtime-state-v1
2026-06-02,608372,ESTABLISHED,86.8438155017423,96.0,22.167633696618935,23.0,15.583338540999613,15.0,starter-role-runtime-state-v1
2026-06-02,641778,ESTABLISHED,80.53105128475393,70.0,20.85831794690375,20.0,14.374139036986874,14.0,starter-role-runtime-state-v1
2026-06-02,647336,ESTABLISHED,86.2979825786904,100.0,22.110079726552783,25.0,16.03095799156981,18.0,starter-role-runtime-state-v1
2026-06-02,663436,ESTABLISHED,88.74155076843023,92.0,23.282960163523022,25.0,17.60423374128145,14.0,starter-role-runtime-state-v1
2026-06-02,669160,ESTABLISHED,87.75889428738063,90.0,23.644990125210782,24.0,16.830204125037753,17.0,starter-role-runtime-state-v1
2026-06-02,669302,ESTABLISHED,91.60437343096098,99.0,22.83801283021203,22.0,16.97502107941013,16.0,starter-role-runtime-state-v1
2026-06-02,669358,ESTABLISHED,94.38304929838112,94.0,24.506191442236116,26.0,17.122334076888844,21.0,starter-role-runtime-state-v1
2026-06-02,671096,ESTABLISHED,93.17010143395683,105.0,23.04263586284408,27.0,16.259996168104085,18.0,starter-role-runtime-state-v1
2026-06-02,676282,ESTABLISHED,85.47457996721586,91.0,20.36266197769747,21.0,14.359453842831877,12.0,starter-role-runtime-state-v1
2026-06-02,680570,ESTABLISHED,89.84589662327409,91.0,23.08768319048254,21.0,16.47358433581173,11.0,starter-role-runtime-state-v1
2026-06-02,681190,ESTABLISHED,83.92664941441814,80.0,21.88889076468019,20.0,15.815684612883459,15.0,starter-role-runtime-state-v1
2026-06-02,687570,ESTABLISHED,87.99767977161413,94.0,21.159752252463093,27.0,14.254382214982805,18.0,starter-role-runtime-state-v1
2026-06-02,690986,ESTABLISHED,88.32063661132418,106.0,21.063142649445005,23.0,15.419824235399847,17.0,starter-role-runtime-state-v1
2026-06-02,693645,ESTABLISHED,92.19624464705075,76.0,23.05834186434955,20.0,17.715044457507425,13.0,starter-role-runtime-state-v1
2026-06-02,693821,ESTABLISHED,85.06847858966614,103.0,24.340465485310673,27.0,17.549424548936795,20.0,starter-role-runtime-state-v1
2026-06-02,696149,ESTABLISHED,85.69632496653729,91.0,21.314682463711122,23.0,14.212004150783718,15.0,starter-role-runtime-state-v1
2026-06-02,702070,ESTABLISHED,89.56267143599952,87.0,22.838222154648847,22.0,16.279331357362217,21.0,starter-role-runtime-state-v1
2026-06-03,543037,ESTABLISHED,87.62920433982373,83.0,23.321572477010662,23.0,18.294046721422966,16.0,starter-role-runtime-state-v1
2026-06-03,547179,ESTABLISHED,85.90477292486311,85.0,22.654891757534408,22.0,14.580591769768468,10.0,starter-role-runtime-state-v1
2026-06-03,605135,ESTABLISHED,83.37589103252735,56.0,22.31568476400113,16.0,15.059295727521642,9.0,starter-role-runtime-state-v1
2026-06-03,605488,ESTABLISHED,89.89278950601698,86.0,23.025412204378426,18.0,16.255485583721835,11.0,starter-role-runtime-state-v1
2026-06-03,607259,ESTABLISHED,86.44193917720251,58.0,24.302425700525205,22.0,17.819094169038134,12.0,starter-role-runtime-state-v1
2026-06-03,621111,ESTABLISHED,80.94317336660085,86.0,20.782272703954206,24.0,14.71177359447373,18.0,starter-role-runtime-state-v1
2026-06-03,642547,ESTABLISHED,94.51105270453462,101.0,23.09274204764744,24.0,16.212218435228827,18.0,starter-role-runtime-state-v1
2026-06-03,650911,ESTABLISHED,97.18704197447326,84.0,27.180452025324925,26.0,20.683915492579633,21.0,starter-role-runtime-state-v1
2026-06-03,656550,ESTABLISHED,83.72425879520752,89.0,22.075485818094933,25.0,15.3365919628128,18.0,starter-role-runtime-state-v1
2026-06-03,657277,ESTABLISHED,85.97329700193905,95.0,23.940639096656277,23.0,17.06074849346353,21.0,starter-role-runtime-state-v1
2026-06-03,668909,ESTABLISHED,95.54277356372172,96.0,25.052929411419257,21.0,18.93720990407584,16.0,starter-role-runtime-state-v1
2026-06-03,669022,ESTABLISHED,82.91404269181973,100.0,20.625210173917814,26.0,14.795070161426427,14.0,starter-role-runtime-state-v1
2026-06-03,669467,ESTABLISHED,86.8066307819474,85.0,22.120132737502082,23.0,15.311938274327137,17.0,starter-role-runtime-state-v1
2026-06-03,669923,ESTABLISHED,90.10258231060163,89.0,23.960549482217104,23.0,17.464539616991786,12.0,starter-role-runtime-state-v1
2026-06-03,671737,ESTABLISHED,87.71161246857004,104.0,22.218946497661655,25.0,16.01552785998648,14.0,starter-role-runtime-state-v1
2026-06-03,674841,ESTABLISHED,83.32558123834399,82.0,19.43147207499024,18.0,13.758564990984988,14.0,starter-role-runtime-state-v1
2026-06-03,675512,ESTABLISHED,72.82472337490842,94.0,21.417522495266233,29.0,16.80088628362506,24.0,starter-role-runtime-state-v1
2026-06-03,688107,ESTABLISHED,75.6462377839314,83.0,20.177741414093873,21.0,13.327716694837815,15.0,starter-role-runtime-state-v1
2026-06-03,694973,ESTABLISHED,91.39317251091148,109.0,22.223988116502383,23.0,16.81194725010238,14.0,starter-role-runtime-state-v1
2026-06-03,695505,ESTABLISHED,87.48246174902684,98.0,21.621972319374162,24.0,16.74377804129059,18.0,starter-role-runtime-state-v1
2026-06-03,700712,ESTABLISHED,89.20605045303536,99.0,22.697300683521043,24.0,16.230027446012954,18.0,starter-role-runtime-state-v1
2026-06-03,801139,RAMPING,83.35918207654103,99.0,21.808462164565285,26.0,16.13358292181972,18.0,starter-role-runtime-state-v1
2026-06-04,519242,ESTABLISHED,95.5603436124564,108.0,24.449377175451986,29.0,18.464893489941545,17.0,starter-role-runtime-state-v1
2026-06-04,554430,ESTABLISHED,96.13332141098829,104.0,23.743732375843415,25.0,18.565332612310545,21.0,starter-role-runtime-state-v1
2026-06-04,605288,ESTABLISHED,86.81975788949845,82.0,23.487413307146177,21.0,15.766992704674765,13.0,starter-role-runtime-state-v1
2026-06-04,607074,ESTABLISHED,95.19230706560609,96.0,22.74467212925609,23.0,16.672297762170317,18.0,starter-role-runtime-state-v1
2026-06-04,607625,ESTABLISHED,89.25585104602358,92.0,24.262184042091796,22.0,16.946131499881336,15.0,starter-role-runtime-state-v1
2026-06-04,669372,ESTABLISHED,81.30611097035775,88.0,21.116950039528962,21.0,15.290560324647455,18.0,starter-role-runtime-state-v1
2026-06-04,669432,ESTABLISHED,88.92675257669971,87.0,22.075379464448176,22.0,15.054449530009553,17.0,starter-role-runtime-state-v1
2026-06-04,680736,ESTABLISHED,93.54489965852372,84.0,25.11310296187918,24.0,18.543281185259254,18.0,starter-role-runtime-state-v1
2026-06-04,683003,ESTABLISHED,85.12617417726742,74.0,22.21748082961541,21.0,15.481658418705965,15.0,starter-role-runtime-state-v1
2026-06-04,684007,ESTABLISHED,86.59405375145245,84.0,23.497411459812184,24.0,17.390635218015998,18.0,starter-role-runtime-state-v1
2026-06-04,689254,RESTRICTED,60.0,25.0,10.780512195506024,6.0,6.0,4.0,starter-role-runtime-state-v1
2026-06-05,518876,ESTABLISHED,89.94810114468794,85.0,25.044160043944817,25.0,17.6166304106266,15.0,starter-role-runtime-state-v1
2026-06-05,527048,ESTABLISHED,82.39630039789425,85.0,21.335242382154412,20.0,15.630647350422088,15.0,starter-role-runtime-state-v1
2026-06-05,543243,ESTABLISHED,85.14121716630186,79.0,22.289576794008,27.0,15.910894094939461,19.0,starter-role-runtime-state-v1
2026-06-05,592662,ESTABLISHED,92.02712511494346,97.0,22.027366720090306,21.0,15.132649515007362,15.0,starter-role-runtime-state-v1
2026-06-05,608379,ESTABLISHED,89.74240164841068,77.0,24.70178618658832,25.0,17.95963002412547,17.0,starter-role-runtime-state-v1
2026-06-05,641743,ESTABLISHED,90.22538218462006,87.0,22.543642316801563,21.0,15.411981247684356,12.0,starter-role-runtime-state-v1
2026-06-05,650633,ESTABLISHED,86.03738632347287,93.0,21.934915250931834,23.0,16.14453765887805,18.0,starter-role-runtime-state-v1
2026-06-05,656492,ESTABLISHED,92.06344817576964,62.0,23.213420082241853,17.0,16.669923782306498,15.0,starter-role-runtime-state-v1
2026-06-05,656876,ESTABLISHED,81.36775689480135,87.0,20.538857183716082,22.0,15.401659841104516,21.0,starter-role-runtime-state-v1
2026-06-05,663372,RESTRICTED,73.34719285832263,81.0,19.86585650338393,22.0,14.392837240492446,18.0,starter-role-runtime-state-v1
2026-06-05,663567,ESTABLISHED,89.91241604605973,94.0,22.654047574293344,24.0,15.634698713786712,16.0,starter-role-runtime-state-v1
2026-06-05,663903,ESTABLISHED,86.05355501409672,89.0,21.800541891151447,20.0,14.414823709638586,12.0,starter-role-runtime-state-v1
2026-06-05,664285,ESTABLISHED,90.59206254367416,102.0,24.867128368032084,22.0,17.205344150679657,15.0,starter-role-runtime-state-v1
2026-06-05,665795,ESTABLISHED,83.30467108156391,80.0,21.855247598324745,20.0,15.488454994685972,11.0,starter-role-runtime-state-v1
2026-06-05,666200,ESTABLISHED,96.52372722959485,90.0,23.694576652237608,27.0,17.033714955973224,18.0,starter-role-runtime-state-v1
2026-06-05,672282,ESTABLISHED,93.55464266074002,91.0,23.654307995210765,21.0,16.510678357629004,18.0,starter-role-runtime-state-v1
2026-06-05,677958,ESTABLISHED,87.25353909277787,94.0,21.433918129387518,22.0,14.426287655764966,15.0,starter-role-runtime-state-v1
2026-06-05,677960,ESTABLISHED,93.09812824943886,93.0,23.550903345554744,26.0,17.133711042864693,18.0,starter-role-runtime-state-v1
2026-06-05,678022,ESTABLISHED,86.42498694057767,75.0,21.304692903977006,19.0,14.41376852695551,12.0,starter-role-runtime-state-v1
2026-06-05,681035,ESTABLISHED,86.11390235525889,98.0,20.71797372621554,21.0,14.136402870725611,17.0,starter-role-runtime-state-v1
2026-06-05,681517,ESTABLISHED,83.40557630711596,79.0,22.064340748346126,19.0,14.833238992458597,12.0,starter-role-runtime-state-v1
2026-06-05,687064,ESTABLISHED,84.70420455845363,85.0,23.238612577883238,25.0,15.93894239512696,19.0,starter-role-runtime-state-v1
2026-06-05,687473,ESTABLISHED,89.55113780159574,33.0,22.51506634787286,10.0,14.929808902838106,6.0,starter-role-runtime-state-v1
2026-06-05,693433,ESTABLISHED,87.08316754440486,90.0,22.97112190010664,27.0,17.66928290764474,19.0,starter-role-runtime-state-v1
2026-06-05,800048,ESTABLISHED,89.99687591705715,85.0,22.748913749479087,23.0,16.910535960071797,17.0,starter-role-runtime-state-v1
2026-06-05,805673,ESTABLISHED,91.14767429722077,100.0,23.21488331698075,27.0,15.762359492493644,21.0,starter-role-runtime-state-v1
2026-06-05,808963,ESTABLISHED,85.14986185802537,98.0,21.52381184211049,25.0,15.141409374886088,21.0,starter-role-runtime-state-v1
2026-06-06,593958,ESTABLISHED,92.69449684011391,92.0,24.369554946341182,25.0,17.827855238489416,19.0,starter-role-runtime-state-v1
2026-06-06,663556,ESTABLISHED,81.91448740899386,81.0,20.687226502488613,25.0,15.368840483262744,15.0,starter-role-runtime-state-v1
2026-06-06,666157,ESTABLISHED,92.546261765941,95.0,23.304669879691318,25.0,16.67469566254792,15.0,starter-role-runtime-state-v1
2026-06-06,669199,RESTRICTED,60.0,38.0,10.0,9.0,7.528067836976602,9.0,starter-role-runtime-state-v1
2026-06-06,669461,ESTABLISHED,84.90098672854654,84.0,21.9207885236086,21.0,15.288728923858955,13.0,starter-role-runtime-state-v1
2026-06-06,672456,ESTABLISHED,78.97150196121036,79.0,21.548970327116074,22.0,16.07891121106467,15.0,starter-role-runtime-state-v1
2026-06-06,676440,ESTABLISHED,88.5583451129782,87.0,22.98019541252402,27.0,16.664130720164305,24.0,starter-role-runtime-state-v1
2026-06-06,677952,ESTABLISHED,85.96734163353553,86.0,23.930994978559895,25.0,17.895656787611802,15.0,starter-role-runtime-state-v1
2026-06-06,680694,ESTABLISHED,92.44352743283432,81.0,23.101107445326022,21.0,16.71306474675392,12.0,starter-role-runtime-state-v1
2026-06-06,680755,OPENER_LIKE,60.0,18.0,10.531164078293799,5.0,6.0,3.0,starter-role-runtime-state-v1
2026-06-06,682243,ESTABLISHED,79.88411278967435,94.0,21.080543938233408,20.0,15.574610071517478,18.0,starter-role-runtime-state-v1
2026-06-06,690997,ESTABLISHED,91.85819080697885,101.0,23.16270157427533,23.0,16.363413443809808,18.0,starter-role-runtime-state-v1
2026-06-06,691725,ESTABLISHED,80.3240374189432,93.0,21.26189362776918,25.0,14.468298348705448,14.0,starter-role-runtime-state-v1
2026-06-06,694738,ESTABLISHED,90.78054562938352,98.0,21.95324646008733,22.0,14.963737140779944,17.0,starter-role-runtime-state-v1
2026-06-06,694819,ESTABLISHED,86.71329227339639,98.0,21.92738886743596,29.0,17.274209000653848,21.0,starter-role-runtime-state-v1
2026-06-06,808967,ESTABLISHED,98.94922695397332,93.0,24.526937652339882,26.0,18.720589025071334,24.0,starter-role-runtime-state-v1
2026-06-07,592332,ESTABLISHED,92.34054341480228,93.0,23.77299329256802,20.0,17.49897200344305,15.0,starter-role-runtime-state-v1
2026-06-07,592791,ESTABLISHED,87.12642937694183,35.0,22.8468704373874,7.0,16.583855358978433,3.0,starter-role-runtime-state-v1
2026-06-07,594798,ESTABLISHED,86.58536489365447,87.0,21.541136629500727,23.0,16.24213261462518,18.0,starter-role-runtime-state-v1
2026-06-07,605400,ESTABLISHED,86.34508716239357,98.0,21.721092842367483,23.0,15.61922182534293,13.0,starter-role-runtime-state-v1
2026-06-07,607536,ESTABLISHED,83.87723128821216,89.0,23.076097081598483,22.0,14.753946958332623,15.0,starter-role-runtime-state-v1
2026-06-07,622491,ESTABLISHED,88.87857275087038,100.0,21.65062245917001,21.0,15.170761439651706,17.0,starter-role-runtime-state-v1
2026-06-07,624133,ESTABLISHED,87.29784424028098,90.0,22.66589398060607,25.0,16.202292591445133,19.0,starter-role-runtime-state-v1
2026-06-07,645261,ESTABLISHED,96.27201490082548,90.0,26.26942529810155,25.0,18.597662900143785,21.0,starter-role-runtime-state-v1
2026-06-07,647336,ESTABLISHED,85.7129508295839,100.0,22.19735610683707,26.0,16.18806186206063,21.0,starter-role-runtime-state-v1
2026-06-07,667755,ESTABLISHED,98.61455573644517,88.0,24.01208698472175,27.0,16.502212541989824,18.0,starter-role-runtime-state-v1
2026-06-07,669358,ESTABLISHED,91.43522398027714,81.0,24.332684252878856,26.0,17.448807980052344,17.0,starter-role-runtime-state-v1
2026-06-07,675660,RESTRICTED,65.67290248784032,83.0,16.049566971355382,24.0,10.078257745307676,19.0,starter-role-runtime-state-v1
2026-06-07,676282,ESTABLISHED,84.10617477205798,97.0,20.22552113817867,25.0,14.046802639387307,15.0,starter-role-runtime-state-v1
2026-06-07,676917,ESTABLISHED,84.67780250509281,88.0,22.95220578234712,22.0,15.438544995729492,15.0,starter-role-runtime-state-v1
2026-06-07,681190,ESTABLISHED,83.4980020122722,75.0,21.680330982451103,22.0,15.725288579473418,12.0,starter-role-runtime-state-v1
2026-06-07,687570,ESTABLISHED,88.1588026888387,77.0,22.043691825221735,18.0,14.887826059031116,13.0,starter-role-runtime-state-v1
2026-06-07,693645,ESTABLISHED,86.05809692016332,92.0,22.226546110466703,22.0,17.011621474875767,17.0,starter-role-runtime-state-v1
2026-06-07,693821,ESTABLISHED,85.23072457627033,88.0,24.424795453143997,22.0,17.76299476405611,18.0,starter-role-runtime-state-v1
2026-06-07,695076,RESTRICTED,75.30422714506884,70.0,19.579754991996914,16.0,13.604816306491543,9.0,starter-role-runtime-state-v1
2026-06-07,695611,ESTABLISHED,85.10031462968638,96.0,24.30329812086493,24.0,18.149385355076273,19.0,starter-role-runtime-state-v1
2026-06-07,700241,ESTABLISHED,88.08567039023887,83.0,22.606573342334926,23.0,16.614584936718323,18.0,starter-role-runtime-state-v1
2026-06-07,702070,ESTABLISHED,88.56293436850818,104.0,22.664965886221786,23.0,16.78954112287007,18.0,starter-role-runtime-state-v1
2026-06-08,605488,ESTABLISHED,86.0844222236028,99.0,22.031308909656367,25.0,15.534605891941656,15.0,starter-role-runtime-state-v1
2026-06-08,621111,ESTABLISHED,78.8736420552699,86.0,20.824645294230535,22.0,14.9848663519753,14.0,starter-role-runtime-state-v1
2026-06-08,650911,ESTABLISHED,91.2241506375853,107.0,26.481815217227876,26.0,20.55658648635974,21.0,starter-role-runtime-state-v1
2026-06-08,657277,ESTABLISHED,87.0487334966884,99.0,23.844860829029155,27.0,17.503687216025597,24.0,starter-role-runtime-state-v1
2026-06-08,668909,ESTABLISHED,94.43069415078197,90.0,24.44560628104429,21.0,18.56600199407015,15.0,starter-role-runtime-state-v1
2026-06-08,671096,ESTABLISHED,95.62012393310651,101.0,23.610937650040768,24.0,16.50084364166663,18.0,starter-role-runtime-state-v1
2026-06-08,676106,ESTABLISHED,87.59850302423078,92.0,22.1772599783151,21.0,17.049028718329588,15.0,starter-role-runtime-state-v1
2026-06-08,680570,ESTABLISHED,93.240055878175,92.0,23.227874265954306,25.0,15.955375498993185,16.0,starter-role-runtime-state-v1
2026-06-08,690986,ESTABLISHED,91.32355284580774,71.0,21.39276853319926,17.0,15.617709754865874,7.0,starter-role-runtime-state-v1
2026-06-08,693855,RESTRICTED,69.32354002120555,55.0,18.217935833318357,14.0,13.234028971324696,12.0,starter-role-runtime-state-v1
2026-06-08,701542,ESTABLISHED,85.69634724376799,91.0,22.719999748861024,20.0,16.073968852896186,13.0,starter-role-runtime-state-v1
2026-06-09,543037,ESTABLISHED,85.65719711060876,83.0,23.108654201629513,21.0,17.983629700311038,12.0,starter-role-runtime-state-v1
2026-06-09,554430,ESTABLISHED,95.93491174744793,96.0,23.76416925667829,24.0,18.798371868440007,18.0,starter-role-runtime-state-v1
2026-06-09,605288,ESTABLISHED,83.75832933959084,77.0,22.90214326978586,18.0,15.387170916519302,13.0,starter-role-runtime-state-v1
2026-06-09,607259,ESTABLISHED,82.77649962899842,73.0,24.00421636057002,27.0,17.143049108734278,21.0,starter-role-runtime-state-v1
2026-06-09,608372,ESTABLISHED,89.28424003933563,93.0,22.42233037677544,22.0,15.55864899175997,15.0,starter-role-runtime-state-v1
2026-06-09,641778,ESTABLISHED,78.05347222167369,89.0,20.612941243054287,20.0,14.29121390879144,17.0,starter-role-runtime-state-v1
2026-06-09,642547,ESTABLISHED,96.63146110737793,98.0,23.348381871297526,28.0,16.4582696198639,18.0,starter-role-runtime-state-v1
2026-06-09,656302,ESTABLISHED,94.57679450437558,93.0,22.725200950026732,22.0,16.537936161216848,18.0,starter-role-runtime-state-v1
2026-06-09,656550,ESTABLISHED,85.86216283658956,67.0,22.580420145932067,18.0,15.688420986303901,11.0,starter-role-runtime-state-v1
2026-06-09,669160,ESTABLISHED,88.23705695277836,101.0,23.746010134790758,22.0,16.88726900190696,18.0,starter-role-runtime-state-v1
2026-06-09,669302,ESTABLISHED,92.48844965281106,105.0,22.750152989662155,23.0,16.86187856412502,18.0,starter-role-runtime-state-v1
2026-06-09,669372,ESTABLISHED,79.97715935566085,97.0,20.867286955096937,28.0,15.520397600024857,17.0,starter-role-runtime-state-v1
2026-06-09,669432,ESTABLISHED,88.24003986123346,97.0,22.021472480093564,24.0,15.261702766855585,17.0,starter-role-runtime-state-v1
2026-06-09,671737,ESTABLISHED,91.17482324615158,89.0,22.70889007374082,23.0,15.852923868863542,13.0,starter-role-runtime-state-v1
2026-06-09,674841,ESTABLISHED,82.56237789031285,90.0,19.064796780369168,21.0,13.803426124102174,12.0,starter-role-runtime-state-v1
2026-06-09,675512,RAMPING,82.89001213114777,88.0,23.65027322146868,23.0,18.428512177727303,15.0,starter-role-runtime-state-v1
2026-06-09,688107,RAMPING,79.37773909488193,93.0,20.61956320499953,25.0,13.67763869096282,15.0,starter-role-runtime-state-v1
2026-06-09,694973,ESTABLISHED,95.32810612060916,103.0,22.512333524144697,25.0,16.54661213850624,18.0,starter-role-runtime-state-v1
2026-06-09,695505,ESTABLISHED,89.1530769165567,105.0,21.95077063440879,24.0,16.906241357048934,16.0,starter-role-runtime-state-v1
2026-06-09,700712,ESTABLISHED,91.19176715669533,107.0,22.957595083837127,24.0,16.53718518109956,15.0,starter-role-runtime-state-v1
2026-06-09,801139,ESTABLISHED,86.02471094798605,94.0,22.477682273863614,28.0,16.433446083030006,18.0,starter-role-runtime-state-v1
2026-06-10,453286,ESTABLISHED,76.8218841122536,82.0,18.9779199645993,18.0,12.592188909221989,10.0,starter-role-runtime-state-v1
2026-06-10,519242,ESTABLISHED,97.59324432132601,103.0,25.009818026696358,25.0,18.342291201159718,17.0,starter-role-runtime-state-v1
2026-06-10,547179,ESTABLISHED,84.90673704836146,84.0,22.477526910411125,19.0,14.048606395409113,15.0,starter-role-runtime-state-v1
2026-06-10,592662,ESTABLISHED,94.41748398814798,93.0,22.097948006479804,24.0,15.164279234752467,17.0,starter-role-runtime-state-v1
2026-06-10,607074,ESTABLISHED,96.7830541898025,96.0,22.935385518168868,25.0,16.868646828171592,18.0,starter-role-runtime-state-v1
2026-06-10,607625,ESTABLISHED,91.06441122736166,44.0,24.168972530765764,13.0,16.765593758288283,10.0,starter-role-runtime-state-v1
2026-06-10,650633,ESTABLISHED,84.56601948058042,106.0,21.796539880405483,30.0,16.26509133028373,20.0,starter-role-runtime-state-v1
2026-06-10,656492,ESTABLISHED,83.86879614082967,100.0,21.917129720358965,24.0,16.36057621893964,18.0,starter-role-runtime-state-v1
2026-06-10,656876,ESTABLISHED,80.18755075909891,97.0,20.48913581318336,24.0,15.94162340654597,21.0,starter-role-runtime-state-v1
2026-06-10,663436,ESTABLISHED,90.70149197566013,100.0,23.647071921186942,25.0,17.272671886569405,18.0,starter-role-runtime-state-v1
2026-06-10,663567,ESTABLISHED,88.93946659744825,91.0,22.642491026926457,24.0,15.629219765221766,19.0,starter-role-runtime-state-v1
2026-06-10,663903,ESTABLISHED,87.74723780503962,95.0,21.752335773348335,24.0,14.185080849227973,18.0,starter-role-runtime-state-v1
2026-06-10,664285,ESTABLISHED,92.42734964143372,75.0,24.57742214997338,23.0,16.955108879883536,15.0,starter-role-runtime-state-v1
2026-06-10,666200,ESTABLISHED,94.36722303348915,96.0,23.875446450486773,24.0,17.091923463613913,17.0,starter-role-runtime-state-v1
2026-06-10,669022,ESTABLISHED,93.88466246878504,87.0,22.190976673958346,26.0,15.000488216400251,15.0,starter-role-runtime-state-v1
2026-06-10,669467,ESTABLISHED,86.2793364129982,93.0,22.167796509947763,24.0,15.469117337257371,18.0,starter-role-runtime-state-v1
2026-06-10,669923,ESTABLISHED,90.50017782027182,104.0,23.921376861310485,27.0,16.884373899158522,18.0,starter-role-runtime-state-v1
2026-06-10,672282,ESTABLISHED,91.80015322364731,89.0,23.181604356941854,22.0,16.64371260042524,21.0,starter-role-runtime-state-v1
2026-06-10,678022,RAMPING,82.19641636726628,89.0,20.58031307000818,20.0,13.765931294587203,12.0,starter-role-runtime-state-v1
2026-06-10,683003,ESTABLISHED,82.30651004128646,75.0,21.90322499465213,16.0,15.383460204267347,12.0,starter-role-runtime-state-v1
2026-06-10,684007,ESTABLISHED,86.76713692878961,90.0,23.596331995364643,19.0,17.46015743148521,15.0,starter-role-runtime-state-v1
2026-06-10,687064,ESTABLISHED,85.0428801421701,88.0,23.476003485286796,25.0,16.302880722155173,21.0,starter-role-runtime-state-v1
2026-06-10,687473,ESTABLISHED,75.53624379710494,66.0,20.241859748318063,16.0,13.590743004929994,12.0,starter-role-runtime-state-v1
2026-06-10,687562,ESTABLISHED,85.53458049756806,73.0,21.03922054383731,23.0,15.527746912749155,15.0,starter-role-runtime-state-v1
2026-06-10,800048,ESTABLISHED,87.92104816828953,100.0,22.610741787075757,25.0,16.872822304144933,17.0,starter-role-runtime-state-v1
2026-06-11,518876,ESTABLISHED,90.90358574147548,74.0,25.231697681119318,23.0,17.379229534468045,18.0,starter-role-runtime-state-v1
2026-06-11,608379,ESTABLISHED,85.89900395818721,102.0,24.411999554041092,29.0,17.756135538649186,21.0,starter-role-runtime-state-v1
2026-06-11,663372,ESTABLISHED,71.58390384635202,75.0,19.78635305285763,20.0,14.690731008106956,13.0,starter-role-runtime-state-v1
2026-06-11,663969,RESTRICTED,64.01436701181075,70.0,17.94212278657284,18.0,11.971759166860451,15.0,starter-role-runtime-state-v1
2026-06-11,665795,ESTABLISHED,81.88415606700086,83.0,21.53329726454205,22.0,14.961703659639273,16.0,starter-role-runtime-state-v1
2026-06-11,672456,ESTABLISHED,77.53034363782454,96.0,21.41313142054399,24.0,15.903104205691296,19.0,starter-role-runtime-state-v1
2026-06-11,677958,ESTABLISHED,87.3126928192972,83.0,21.41726897141729,20.0,14.466995502713251,14.0,starter-role-runtime-state-v1
2026-06-11,680694,ESTABLISHED,87.48746262837936,85.0,22.446055353401338,21.0,16.05116404505091,12.0,starter-role-runtime-state-v1
2026-06-11,680736,ESTABLISHED,91.30252428202598,80.0,24.84691817889728,21.0,18.434600151002478,14.0,starter-role-runtime-state-v1
2026-06-11,681035,ESTABLISHED,88.75317137828075,88.0,20.876196780901985,22.0,14.533748539182346,14.0,starter-role-runtime-state-v1
2026-06-11,690928,RESTRICTED,68.18792225230581,88.0,18.58529366570908,20.0,13.357636620456438,13.0,starter-role-runtime-state-v1
2026-06-11,693433,ESTABLISHED,86.97355820467558,82.0,23.344910343085196,23.0,17.802895297789316,15.0,starter-role-runtime-state-v1
2026-06-11,805673,ESTABLISHED,90.91001195153206,81.0,23.484527883002443,28.0,16.288329046597916,18.0,starter-role-runtime-state-v1
2026-06-12,543243,ESTABLISHED,82.09577290362809,88.0,22.47690252174857,23.0,16.150686276524365,18.0,starter-role-runtime-state-v1
2026-06-12,593958,ESTABLISHED,93.5294890241035,85.0,24.54310525467045,15.0,17.986145765459824,8.0,starter-role-runtime-state-v1
2026-06-12,641743,ESTABLISHED,89.32806668369577,89.0,22.261088429992252,22.0,14.871550352604805,15.0,starter-role-runtime-state-v1
2026-06-12,645261,ESTABLISHED,94.41418699661612,102.0,25.99039605825095,30.0,18.838409921582414,24.0,starter-role-runtime-state-v1
2026-06-12,663556,ESTABLISHED,80.18679937723853,74.0,20.94837438460824,21.0,15.29036676248382,12.0,starter-role-runtime-state-v1
2026-06-12,666157,ESTABLISHED,91.95721839942784,96.0,23.396625777984696,26.0,16.493065488221504,16.0,starter-role-runtime-state-v1
2026-06-12,669358,ESTABLISHED,89.04026592989452,103.0,24.337229427151115,24.0,17.344798998497016,15.0,starter-role-runtime-state-v1
2026-06-12,676440,ESTABLISHED,85.71324406289014,91.0,23.077765488618105,25.0,17.338581768518818,21.0,starter-role-runtime-state-v1
2026-06-12,677952,ESTABLISHED,84.22720774672496,90.0,23.827886624206243,22.0,17.48069827434185,15.0,starter-role-runtime-state-v1
2026-06-12,677960,ESTABLISHED,93.04166666532643,82.0,23.8060525686964,20.0,17.23485827184372,13.0,starter-role-runtime-state-v1
2026-06-12,681517,ESTABLISHED,81.43783321276186,77.0,21.461077241341904,22.0,14.38178093196814,15.0,starter-role-runtime-state-v1
2026-06-12,682243,ESTABLISHED,83.03769818515596,91.0,21.13119158539,26.0,15.90238178301389,24.0,starter-role-runtime-state-v1
2026-06-12,690997,ESTABLISHED,91.80085619939635,93.0,23.014544905888194,18.0,16.526896154574956,12.0,starter-role-runtime-state-v1
2026-06-12,694738,ESTABLISHED,93.04278805113667,105.0,22.114145185520698,20.0,15.242669337368207,14.0,starter-role-runtime-state-v1
2026-06-12,694819,ESTABLISHED,90.37647656231995,95.0,22.94766823960515,27.0,17.772097627111595,27.0,starter-role-runtime-state-v1
2026-06-12,695611,ESTABLISHED,88.70094007406095,75.0,24.133385658571903,21.0,18.44958323857595,15.0,starter-role-runtime-state-v1
2026-06-12,808963,ESTABLISHED,87.49003892155484,91.0,22.030278178141714,23.0,15.858204484520371,13.0,starter-role-runtime-state-v1
2026-06-13,527048,ESTABLISHED,83.92864442080693,71.0,21.326693885273116,20.0,15.609231143354794,16.0,starter-role-runtime-state-v1
2026-06-13,592332,ESTABLISHED,93.62957853474592,105.0,23.45318818430655,24.0,17.242126425946978,21.0,starter-role-runtime-state-v1
2026-06-13,594798,ESTABLISHED,89.74533452933814,90.0,22.049501536187854,23.0,16.544643894944784,18.0,starter-role-runtime-state-v1
2026-06-13,605400,ESTABLISHED,91.5240522434066,85.0,22.301012213397605,22.0,15.4555831566875,14.0,starter-role-runtime-state-v1
2026-06-13,607536,ESTABLISHED,85.02029468550998,95.0,23.013727987479157,27.0,14.794267590490543,17.0,starter-role-runtime-state-v1
2026-06-13,622491,ESTABLISHED,91.74276908325993,84.0,21.74890051767011,27.0,15.432229642036658,17.0,starter-role-runtime-state-v1
2026-06-13,624133,ESTABLISHED,90.42803156518403,97.0,23.24567620230369,23.0,16.59743826679966,15.0,starter-role-runtime-state-v1
2026-06-13,640455,RESTRICTED,74.29929147204851,84.0,18.36805936723693,22.0,13.274519023341304,18.0,starter-role-runtime-state-v1
2026-06-13,647336,ESTABLISHED,90.93108814650677,93.0,23.02034394511645,23.0,16.827448947924296,21.0,starter-role-runtime-state-v1
2026-06-13,667755,ESTABLISHED,95.36206309948484,76.0,24.070227748908785,19.0,16.593741581451145,15.0,starter-role-runtime-state-v1
2026-06-13,669199,OPENER_LIKE,60.0,42.0,10.38784697863365,9.0,8.362761345905714,6.0,starter-role-runtime-state-v1
2026-06-13,669373,ESTABLISHED,90.42765443864329,80.0,23.86878027074251,21.0,18.630759879068574,14.0,starter-role-runtime-state-v1
2026-06-13,669461,ESTABLISHED,86.4530787661402,70.0,21.99941475202877,18.0,15.068868748335959,13.0,starter-role-runtime-state-v1
2026-06-13,675660,ESTABLISHED,72.26559059819436,78.0,18.887554759495824,23.0,13.241308517220357,15.0,starter-role-runtime-state-v1
2026-06-13,676282,ESTABLISHED,85.14135289310454,79.0,20.696015126501685,21.0,14.15649796166113,15.0,starter-role-runtime-state-v1
2026-06-13,676917,ESTABLISHED,84.79634458118696,81.0,22.801435030614826,20.0,15.372837453295364,15.0,starter-role-runtime-state-v1
2026-06-13,680732,ESTABLISHED,90.01545183630247,92.0,22.030088136212072,22.0,15.202033035943487,12.0,starter-role-runtime-state-v1
2026-06-13,681190,ESTABLISHED,84.39588721562814,100.0,21.920073936923632,22.0,15.373154594241836,15.0,starter-role-runtime-state-v1
2026-06-13,687570,ESTABLISHED,87.10155831475514,98.0,21.437023406078048,26.0,14.60058825325547,18.0,starter-role-runtime-state-v1
2026-06-13,693645,ESTABLISHED,86.28911891649717,101.0,22.14955522705175,29.0,16.993006926404398,21.0,starter-role-runtime-state-v1
2026-06-13,695076,RESTRICTED,74.03009983130136,96.0,19.032567131565205,25.0,12.961911069283833,17.0,starter-role-runtime-state-v1
2026-06-13,696149,ESTABLISHED,88.70220634790562,84.0,21.79137519662834,22.0,14.384499427187002,17.0,starter-role-runtime-state-v1
2026-06-13,702070,ESTABLISHED,92.18823682601057,86.0,22.914028496737536,20.0,16.98098096654806,13.0,starter-role-runtime-state-v1
2026-06-13,808967,ESTABLISHED,96.03862728236942,109.0,24.43215185503894,27.0,19.212233047781567,25.0,starter-role-runtime-state-v1
2026-06-14,605488,ESTABLISHED,87.88652994802311,77.0,22.39068920175136,20.0,15.486815428852932,12.0,starter-role-runtime-state-v1
2026-06-14,608372,ESTABLISHED,85.82149254422282,97.0,21.922128766616044,26.0,15.35272831868695,15.0,starter-role-runtime-state-v1
2026-06-14,621111,ESTABLISHED,80.43528914572066,86.0,21.044142852549754,21.0,14.901887719124911,15.0,starter-role-runtime-state-v1
2026-06-14,642547,ESTABLISHED,93.68682687986573,90.0,23.483728155776333,20.0,16.535859891614038,15.0,starter-role-runtime-state-v1
2026-06-14,650911,ESTABLISHED,94.9819744581652,98.0,26.683522448968525,25.0,20.68866538127728,17.0,starter-role-runtime-state-v1
2026-06-14,657277,ESTABLISHED,94.363890814996,106.0,24.899869239486122,30.0,18.399428883213886,24.0,starter-role-runtime-state-v1
2026-06-14,663542,OPENER_LIKE,60.0,9.0,10.0,4.0,6.0,3.0,starter-role-runtime-state-v1
2026-06-14,669432,ESTABLISHED,87.85418191063933,82.0,22.09629289808084,24.0,15.423956808787825,18.0,starter-role-runtime-state-v1
2026-06-14,671096,ESTABLISHED,97.10429730655144,95.0,23.753624455845898,21.0,16.694335881706433,15.0,starter-role-runtime-state-v1
2026-06-14,671737,ESTABLISHED,91.34929382504467,101.0,22.772956555460155,27.0,15.54845379123988,20.0,starter-role-runtime-state-v1
2026-06-14,676106,ESTABLISHED,89.38526739302448,59.0,22.187706640365114,21.0,16.873221141835753,12.0,starter-role-runtime-state-v1
2026-06-14,680570,ESTABLISHED,92.71266996890311,47.0,23.37911734000238,12.0,15.9505477875739,7.0,starter-role-runtime-state-v1
2026-06-14,690986,ESTABLISHED,87.16338750901114,80.0,20.701881099690205,21.0,14.547059996204972,18.0,starter-role-runtime-state-v1
2026-06-14,693821,ESTABLISHED,86.87061316823335,75.0,24.321485592722446,24.0,17.84394689172146,12.0,starter-role-runtime-state-v1
2026-06-14,694973,ESTABLISHED,95.24227324389555,104.0,22.678752819495863,23.0,16.673719098250167,18.0,starter-role-runtime-state-v1
2026-06-14,700241,ESTABLISHED,86.76131152750008,89.0,22.562971213637212,25.0,16.744880390142974,18.0,starter-role-runtime-state-v1
2026-06-14,701542,ESTABLISHED,87.02412613125982,98.0,22.491455342753902,21.0,15.751457903603166,12.0,starter-role-runtime-state-v1
2026-06-15,547179,ESTABLISHED,82.32122886056388,89.0,21.777801583495226,22.0,14.09554243103058,15.0,starter-role-runtime-state-v1
2026-06-15,554430,ESTABLISHED,97.04385454157182,97.0,23.913692208065264,23.0,18.74228953809989,18.0,starter-role-runtime-state-v1
2026-06-15,607259,ESTABLISHED,78.75897712892434,96.0,23.912365889109584,22.0,17.448883967336513,16.0,starter-role-runtime-state-v1
2026-06-15,641778,RAMPING,84.00941373038313,93.0,21.08928933640304,26.0,14.750338170421717,18.0,starter-role-runtime-state-v1
2026-06-15,669022,ESTABLISHED,92.12404282985473,102.0,22.46539858304644,27.0,14.964589184406275,21.0,starter-role-runtime-state-v1
2026-06-15,669160,ESTABLISHED,90.6586444089584,101.0,23.667745763514752,28.0,17.048582475042295,27.0,starter-role-runtime-state-v1
2026-06-15,669372,ESTABLISHED,85.45464785648605,98.0,22.022318306172288,26.0,15.815096952456976,18.0,starter-role-runtime-state-v1
2026-06-15,674841,ESTABLISHED,84.61617554806392,58.0,19.50450648844717,18.0,13.483821929872624,12.0,starter-role-runtime-state-v1
2026-06-15,683003,ESTABLISHED,79.56995776456509,75.0,20.954905267254418,20.0,14.93629856077036,12.0,starter-role-runtime-state-v1
2026-06-15,684007,ESTABLISHED,85.79665331910637,85.0,22.876776404068387,22.0,17.14129652500575,17.0,starter-role-runtime-state-v1
2026-06-15,687473,RESTRICTED,73.21926970105632,91.0,19.577387350851467,26.0,13.375399454428782,14.0,starter-role-runtime-state-v1
2026-06-15,695505,ESTABLISHED,93.10335669850167,100.0,22.42410100051272,22.0,16.87109398019693,15.0,starter-role-runtime-state-v1
2026-06-15,700712,ESTABLISHED,94.8016318826961,88.0,23.25106974927908,30.0,16.332859770216672,21.0,starter-role-runtime-state-v1
2026-06-16,518876,ESTABLISHED,85.9348470174369,88.0,24.598733593897677,27.0,17.344821295048405,16.0,starter-role-runtime-state-v1
2026-06-16,543037,ESTABLISHED,85.55494733115029,90.0,22.886541267929765,23.0,17.298339233967255,18.0,starter-role-runtime-state-v1
2026-06-16,605288,ESTABLISHED,83.53603033282279,29.0,22.39611950427782,7.0,15.152899619459689,3.0,starter-role-runtime-state-v1
2026-06-16,608379,ESTABLISHED,86.76140278240015,90.0,24.79842517242696,26.0,18.084386018086114,18.0,starter-role-runtime-state-v1
2026-06-16,650633,ESTABLISHED,90.03565151606239,93.0,23.00447982272135,22.0,16.780654447606608,13.0,starter-role-runtime-state-v1
2026-06-16,656302,ESTABLISHED,94.16382209850282,108.0,22.61420447393659,23.0,16.682527196759857,15.0,starter-role-runtime-state-v1
2026-06-16,656492,ESTABLISHED,88.25893070966565,100.0,22.45902887553212,26.0,16.66006564644423,18.0,starter-role-runtime-state-v1
2026-06-16,656550,ESTABLISHED,82.19995151965698,55.0,21.90483301438804,13.0,15.11535477091057,6.0,starter-role-runtime-state-v1
2026-06-16,656876,ESTABLISHED,83.03384883540107,102.0,20.97924861690172,26.0,16.50668654114621,21.0,starter-role-runtime-state-v1
2026-06-16,663372,ESTABLISHED,74.69196707388708,104.0,20.142329074278255,23.0,14.610321518819372,14.0,starter-role-runtime-state-v1
2026-06-16,663436,ESTABLISHED,91.17091737966332,88.0,23.727958453153654,21.0,17.331013982668676,10.0,starter-role-runtime-state-v1
2026-06-16,663903,ESTABLISHED,88.4848834524958,91.0,21.99587227595171,22.0,14.602156456051619,15.0,starter-role-runtime-state-v1
2026-06-16,663969,RESTRICTED,68.64919450440317,79.0,18.408184153646324,21.0,12.555681829639576,12.0,starter-role-runtime-state-v1
2026-06-16,664285,ESTABLISHED,88.28391511689888,92.0,24.140941271224072,27.0,16.6593160004525,18.0,starter-role-runtime-state-v1
2026-06-16,665795,ESTABLISHED,80.73673801264627,67.0,21.440722764571184,18.0,15.043452368733268,13.0,starter-role-runtime-state-v1
2026-06-16,666200,ESTABLISHED,94.72527346608548,106.0,23.891382693164292,28.0,17.075344161840988,21.0,starter-role-runtime-state-v1
2026-06-16,669302,ESTABLISHED,94.5676891889579,94.0,22.862621714925552,25.0,17.012006023715756,21.0,starter-role-runtime-state-v1
2026-06-16,669467,ESTABLISHED,87.45865912507358,92.0,22.407988002217614,24.0,15.743312378385143,21.0,starter-role-runtime-state-v1
2026-06-16,672282,ESTABLISHED,92.2937418121821,90.0,23.149907273510458,24.0,17.17395901692178,21.0,starter-role-runtime-state-v1
2026-06-16,677958,ESTABLISHED,82.60928875391566,70.0,20.78088561155586,20.0,14.283926426267477,10.0,starter-role-runtime-state-v1
2026-06-16,678022,ESTABLISHED,85.05889664141766,85.0,20.600639948100117,22.0,13.416481784319533,15.0,starter-role-runtime-state-v1
2026-06-16,680736,ESTABLISHED,86.11064439799725,67.0,23.907757435963557,21.0,17.737930593643664,18.0,starter-role-runtime-state-v1
2026-06-16,686613,ESTABLISHED,91.63566133181207,92.0,23.040998010095713,21.0,17.320537531202064,17.0,starter-role-runtime-state-v1
2026-06-16,687064,ESTABLISHED,84.79557002468458,92.0,23.57501014906677,26.0,16.821752680834827,18.0,starter-role-runtime-state-v1
2026-06-16,688107,RAMPING,82.41422272651248,92.0,21.399470419339295,20.0,13.926368870690457,17.0,starter-role-runtime-state-v1
2026-06-16,801139,ESTABLISHED,88.07375661858933,90.0,23.35090254355661,21.0,16.70255548135341,15.0,starter-role-runtime-state-v1
2026-06-16,805673,ESTABLISHED,87.98193315262665,93.0,23.715647261593357,28.0,16.405605885839744,21.0,starter-role-runtime-state-v1
2026-06-17,593958,ESTABLISHED,90.7771283272488,100.0,23.096700839889873,27.0,16.714857292744867,21.0,starter-role-runtime-state-v1
2026-06-17,607074,ESTABLISHED,96.06797957516568,99.0,23.094239529212967,22.0,16.977367499144275,15.0,starter-role-runtime-state-v1
2026-06-17,641743,ESTABLISHED,87.17151716521475,86.0,21.988185140192584,21.0,14.827443622898954,12.0,starter-role-runtime-state-v1
2026-06-17,645261,ESTABLISHED,95.3230028164649,102.0,26.43447462532874,28.0,19.41415905424764,18.0,starter-role-runtime-state-v1
2026-06-17,663554,ESTABLISHED,77.9620716806548,86.0,20.667695448386645,21.0,15.759932940685133,14.0,starter-role-runtime-state-v1
2026-06-17,663556,ESTABLISHED,76.66176149494467,83.0,20.620551670179474,19.0,14.83193879353113,11.0,starter-role-runtime-state-v1
2026-06-17,663567,ESTABLISHED,89.58346372481692,89.0,22.839332655431516,24.0,16.02345073026164,21.0,starter-role-runtime-state-v1
2026-06-17,666157,ESTABLISHED,89.80336962443478,90.0,23.379550422257726,25.0,16.3681745431092,14.0,starter-role-runtime-state-v1
2026-06-17,668909,ESTABLISHED,94.36091172773806,87.0,24.10319289806597,24.0,18.172525136690112,15.0,starter-role-runtime-state-v1
2026-06-17,669923,ESTABLISHED,92.6787806919417,92.0,24.341992949336195,25.0,17.041652648183227,18.0,starter-role-runtime-state-v1
2026-06-17,677952,ESTABLISHED,82.41816266284604,93.0,23.28169033554759,25.0,17.081628273314053,18.0,starter-role-runtime-state-v1
2026-06-17,680694,ESTABLISHED,87.83121088427903,100.0,22.354469375780702,28.0,15.605451297193325,23.0,starter-role-runtime-state-v1
2026-06-17,680755,OPENER_LIKE,60.0,21.0,10.46153063763101,6.0,6.0,4.0,starter-role-runtime-state-v1
2026-06-17,681517,ESTABLISHED,79.01258062774083,81.0,21.31385139548508,24.0,14.40638544559056,18.0,starter-role-runtime-state-v1
2026-06-17,687562,ESTABLISHED,80.76426198352206,79.0,21.70690487214435,20.0,15.329227832923074,16.0,starter-role-runtime-state-v1
2026-06-17,687931,ESTABLISHED,81.82008809809524,85.0,20.210584854373685,23.0,13.891087210162121,15.0,starter-role-runtime-state-v1
2026-06-17,690997,ESTABLISHED,92.80842812510068,101.0,22.45393517093052,27.0,15.992942112039202,21.0,starter-role-runtime-state-v1
2026-06-17,691725,ESTABLISHED,86.1832943815296,56.0,22.2865313848593,14.0,14.539337233348233,6.0,starter-role-runtime-state-v1
2026-06-18,543243,RAMPING,83.62601232452674,89.0,22.650431157224375,27.0,16.401500581085426,21.0,starter-role-runtime-state-v1
2026-06-18,605400,ESTABLISHED,90.99024340229711,97.0,22.289722293267815,24.0,15.309097392819877,15.0,starter-role-runtime-state-v1
2026-06-18,640455,RESTRICTED,74.0492196098525,95.0,18.6203808768088,23.0,13.75240122262175,16.0,starter-role-runtime-state-v1
2026-06-18,663542,OPENER_LIKE,60.0,27.0,10.445600085326353,6.0,6.0,5.0,starter-role-runtime-state-v1
2026-06-18,669358,ESTABLISHED,92.08435216805096,99.0,24.47333762957802,28.0,17.125787536419182,21.0,starter-role-runtime-state-v1
2026-06-18,669461,ESTABLISHED,79.94629825407021,48.0,21.009496227167617,13.0,14.692457041100965,5.0,starter-role-runtime-state-v1
2026-06-18,675660,RAMPING,72.89332822015209,91.0,19.919825607044736,21.0,13.72138858440168,15.0,starter-role-runtime-state-v1
2026-06-18,677960,ESTABLISHED,90.4796408545117,88.0,23.214167253118973,22.0,16.704810135140413,19.0,starter-role-runtime-state-v1
2026-06-18,693433,ESTABLISHED,85.98195111330922,89.0,23.25068763747676,25.0,17.467553464612827,21.0,starter-role-runtime-state-v1
2026-06-18,695611,ESTABLISHED,85.46736981721038,107.0,23.319250588727336,24.0,17.453047677216873,21.0,starter-role-runtime-state-v1
2026-06-18,702070,ESTABLISHED,89.64932169272011,108.0,22.379718322848518,27.0,16.459313006688422,15.0,starter-role-runtime-state-v1
2026-06-18,800048,ESTABLISHED,91.48688859225734,96.0,23.140471489072308,25.0,16.96677348249221,18.0,starter-role-runtime-state-v1
2026-06-19,527048,ESTABLISHED,81.64974760914548,82.0,21.103640123284173,25.0,15.64710141365255,18.0,starter-role-runtime-state-v1
2026-06-19,592332,ESTABLISHED,96.03573332875554,68.0,23.645706006410407,17.0,17.7079394131678,6.0,starter-role-runtime-state-v1
2026-06-19,594798,ESTABLISHED,89.25156060864173,106.0,22.077257537478445,27.0,16.667790563877226,18.0,starter-role-runtime-state-v1
2026-06-19,605488,ESTABLISHED,85.44244653297802,86.0,21.986151174214733,18.0,15.044858387012008,11.0,starter-role-runtime-state-v1
2026-06-19,607536,ESTABLISHED,87.74647242703438,81.0,23.643731945071007,26.0,15.105973384846513,22.0,starter-role-runtime-state-v1
2026-06-19,607625,ESTABLISHED,83.06253059369358,85.0,22.64759855143803,23.0,15.964945828452837,18.0,starter-role-runtime-state-v1
2026-06-19,624133,ESTABLISHED,90.44187905828285,94.0,23.12278856953295,24.0,16.3904930386147,20.0,starter-role-runtime-state-v1
2026-06-19,647336,ESTABLISHED,92.41773112019152,9.0,23.15643497380402,4.0,17.33108502479554,3.0,starter-role-runtime-state-v1
2026-06-19,667755,ESTABLISHED,90.8592377459647,105.0,23.235662570094462,24.0,16.367414220648932,15.0,starter-role-runtime-state-v1
2026-06-19,669199,OPENER_LIKE,60.0,37.0,10.48901896590629,9.0,7.8086146550566085,4.0,starter-role-runtime-state-v1
2026-06-19,669373,ESTABLISHED,88.3448694814768,94.0,23.438880600446396,25.0,18.066233442506302,17.0,starter-role-runtime-state-v1
2026-06-19,676440,ESTABLISHED,90.04897948315745,95.0,23.73214764895147,22.0,17.871654615094076,16.0,starter-role-runtime-state-v1
2026-06-19,681190,ESTABLISHED,86.26420047413718,72.0,21.959354120509083,21.0,15.364670419217745,10.0,starter-role-runtime-state-v1
2026-06-19,682243,ESTABLISHED,86.51038944595439,66.0,21.948822016901563,16.0,16.848012553008722,15.0,starter-role-runtime-state-v1
2026-06-19,687570,ESTABLISHED,89.33380837447699,97.0,22.195339578583532,30.0,15.147574113886444,18.0,starter-role-runtime-state-v1
2026-06-19,693645,ESTABLISHED,90.20390575989519,96.0,23.135820095220673,23.0,17.51728096240152,18.0,starter-role-runtime-state-v1
2026-06-19,694738,ESTABLISHED,95.38393296703465,98.0,21.96497987640258,25.0,15.136351707943092,18.0,starter-role-runtime-state-v1
2026-06-19,694819,ESTABLISHED,90.98942292989038,91.0,23.38950842088098,24.0,18.76654532195102,18.0,starter-role-runtime-state-v1
2026-06-19,695076,ESTABLISHED,79.68343263478243,95.0,20.105313042258956,25.0,13.563116806291985,16.0,starter-role-runtime-state-v1
2026-06-19,696149,ESTABLISHED,86.79026423306487,74.0,21.667547028539815,26.0,14.67488856322125,18.0,starter-role-runtime-state-v1
2026-06-19,700241,ESTABLISHED,86.09312292922016,95.0,22.719096597546017,23.0,16.853924804801117,15.0,starter-role-runtime-state-v1
2026-06-19,808963,ESTABLISHED,89.0926113023271,90.0,22.276471886844895,21.0,15.54763391560196,17.0,starter-role-runtime-state-v1
2026-06-20,519242,ESTABLISHED,99.04494845339454,101.0,25.111597478335717,23.0,18.222853648571803,17.0,starter-role-runtime-state-v1
2026-06-20,608372,ESTABLISHED,89.17483400629825,85.0,22.602680086255702,22.0,15.386411180111061,18.0,starter-role-runtime-state-v1
2026-06-20,621111,ESTABLISHED,84.49621492765958,87.0,21.430814553671667,21.0,15.011545813055335,16.0,starter-role-runtime-state-v1
2026-06-20,642547,ESTABLISHED,94.40559071632651,80.0,23.19082601810296,19.0,16.393631393214818,8.0,starter-role-runtime-state-v1
2026-06-20,650911,ESTABLISHED,95.25034518127251,91.0,26.48174446381062,24.0,20.271159699571214,18.0,starter-role-runtime-state-v1
2026-06-20,656794,RAMPING,84.11068143655832,42.0,20.318933602521255,9.0,13.004614009973123,9.0,starter-role-runtime-state-v1
2026-06-20,669022,ESTABLISHED,93.84909417237732,95.0,23.024093897111364,23.0,15.639291682715605,18.0,starter-role-runtime-state-v1
2026-06-20,669372,ESTABLISHED,87.83951524266705,98.0,22.56467031432031,26.0,16.08320627291924,16.0,starter-role-runtime-state-v1
2026-06-20,669432,ESTABLISHED,87.48357620626503,96.0,22.33532221938281,23.0,15.715892136041479,21.0,starter-role-runtime-state-v1
2026-06-20,671096,ESTABLISHED,95.52662787864783,97.0,23.28567345079774,23.0,16.449747003703266,15.0,starter-role-runtime-state-v1
2026-06-20,671737,ESTABLISHED,96.71282466828583,91.0,23.699593962790345,20.0,16.15301452299637,15.0,starter-role-runtime-state-v1
2026-06-20,675512,ESTABLISHED,84.7190851071546,84.0,23.63719096041432,23.0,17.833297775649424,18.0,starter-role-runtime-state-v1
2026-06-20,676106,ESTABLISHED,84.0268578377091,76.0,21.851700937837848,22.0,16.27136048150904,16.0,starter-role-runtime-state-v1
2026-06-20,676282,ESTABLISHED,86.3643888147269,98.0,20.939037535666642,28.0,14.320693232485246,24.0,starter-role-runtime-state-v1
2026-06-20,676917,ESTABLISHED,84.27657609006665,68.0,22.454207218754448,16.0,15.328911599708206,8.0,starter-role-runtime-state-v1
2026-06-20,690986,ESTABLISHED,84.5511087796306,85.0,20.522647628964812,23.0,14.854001881847367,19.0,starter-role-runtime-state-v1
2026-06-20,693855,RESTRICTED,64.52076563075593,81.0,17.150608689286763,22.0,12.95765374836471,15.0,starter-role-runtime-state-v1
2026-06-20,694973,ESTABLISHED,97.50252318861378,104.0,22.838874027542207,24.0,16.8486627179865,18.0,starter-role-runtime-state-v1
2026-06-20,700712,ESTABLISHED,92.1262071500826,90.0,23.973269245136475,20.0,16.95742657445797,15.0,starter-role-runtime-state-v1
2026-06-20,701542,ESTABLISHED,89.59073661081355,90.0,22.482253905032408,28.0,15.399915983987022,17.0,starter-role-runtime-state-v1
2026-06-20,808967,ESTABLISHED,99.01522197171982,102.0,24.894806857680095,26.0,19.900271693865694,18.0,starter-role-runtime-state-v1
2026-06-21,547179,ESTABLISHED,86.03137246375023,90.0,22.14447418649101,24.0,14.279376685536658,16.0,starter-role-runtime-state-v1
2026-06-21,554430,ESTABLISHED,97.38675033256035,104.0,23.83978051065082,23.0,18.664524050555695,17.0,starter-role-runtime-state-v1
2026-06-21,593974,RESTRICTED,60.0,11.0,10.0,4.0,6.0,3.0,starter-role-runtime-state-v1
2026-06-21,607259,ESTABLISHED,80.85361491294252,88.0,23.707148323766237,24.0,17.288611610262464,18.0,starter-role-runtime-state-v1
2026-06-21,656849,RAMPING,83.70685020959102,79.0,23.00029752392623,20.0,14.479842546975538,12.0,starter-role-runtime-state-v1
2026-06-21,657277,ESTABLISHED,98.89989085462068,103.0,25.845767254458053,29.0,19.135819245294662,24.0,starter-role-runtime-state-v1
2026-06-21,663436,ESTABLISHED,90.79602912907902,77.0,23.407217260720273,24.0,16.48855706687511,18.0,starter-role-runtime-state-v1
2026-06-21,669160,ESTABLISHED,93.60683737779024,44.0,24.344202694236195,13.0,18.16197528818999,6.0,starter-role-runtime-state-v1
2026-06-21,669302,ESTABLISHED,93.0422323817813,94.0,22.926234088655455,22.0,17.3983319230654,19.0,starter-role-runtime-state-v1
2026-06-21,672282,ESTABLISHED,90.94763884095143,90.0,23.110105495859436,27.0,17.541437537115037,18.0,starter-role-runtime-state-v1
2026-06-21,672456,ESTABLISHED,80.25358854935192,76.0,21.78843241970678,27.0,16.268852347643794,21.0,starter-role-runtime-state-v1
2026-06-21,674841,ESTABLISHED,78.1303742319363,68.0,19.077677248871616,16.0,13.17175707156681,12.0,starter-role-runtime-state-v1
2026-06-21,678022,ESTABLISHED,81.80993682741114,78.0,20.511426787546913,21.0,13.629611566507446,15.0,starter-role-runtime-state-v1
2026-06-21,683003,ESTABLISHED,80.6585702673309,45.0,21.03556382859354,12.0,14.653274294884504,9.0,starter-role-runtime-state-v1
2026-06-21,687064,ESTABLISHED,85.40282809375498,95.0,23.82221414657496,22.0,16.94452344499056,15.0,starter-role-runtime-state-v1
2026-06-21,687473,RESTRICTED,76.06537936440745,68.0,20.40414669658355,18.0,13.501514485200552,13.0,starter-role-runtime-state-v1
2026-06-21,688107,RAMPING,82.46672612201586,97.0,21.015088565680422,23.0,14.338329226899678,18.0,starter-role-runtime-state-v1
2026-06-21,693821,ESTABLISHED,87.8229087186954,95.0,24.582798931344573,32.0,17.27288831747427,18.0,starter-role-runtime-state-v1
2026-06-21,695505,ESTABLISHED,94.68713937313504,96.0,22.4499628366367,21.0,16.666671267934344,15.0,starter-role-runtime-state-v1
2026-06-21,801139,ESTABLISHED,86.17920685910349,79.0,22.738343787123846,25.0,16.37920732173621,18.0,starter-role-runtime-state-v1
2026-06-22,518876,ESTABLISHED,86.71877776055162,96.0,24.919277559058997,26.0,17.21084223607931,18.0,starter-role-runtime-state-v1
2026-06-22,543037,ESTABLISHED,87.9639171086793,89.0,23.134791724850626,24.0,17.446747877212836,13.0,starter-role-runtime-state-v1
2026-06-22,608379,ESTABLISHED,88.98651557667486,99.0,25.15726542828542,27.0,18.14504473067332,21.0,starter-role-runtime-state-v1
2026-06-22,641743,ESTABLISHED,87.53379233923006,101.0,21.907694151448986,24.0,14.44090463927898,18.0,starter-role-runtime-state-v1
2026-06-22,650633,ESTABLISHED,92.98539361441325,93.0,23.179226446135928,27.0,16.436580418481014,21.0,starter-role-runtime-state-v1
2026-06-22,656302,ESTABLISHED,96.56047782518085,110.0,22.74794545079385,23.0,16.508446700090843,17.0,starter-role-runtime-state-v1
2026-06-22,656492,ESTABLISHED,90.51693096150981,105.0,23.003082533306305,27.0,16.867777577463023,22.0,starter-role-runtime-state-v1
2026-06-22,656550,ESTABLISHED,77.01618876205313,91.0,20.64100825925801,21.0,13.961587409886675,14.0,starter-role-runtime-state-v1
2026-06-22,656876,ESTABLISHED,89.15975895638546,90.0,21.97055776801701,24.0,17.121414827313416,18.0,starter-role-runtime-state-v1
2026-06-22,663372,RAMPING,82.8850633793727,93.0,21.06387426198996,25.0,14.722588530369197,18.0,starter-role-runtime-state-v1
2026-06-22,663903,ESTABLISHED,88.9060546895216,106.0,21.997651790007907,25.0,14.636353440789597,21.0,starter-role-runtime-state-v1
2026-06-22,663969,RAMPING,72.13492822607799,89.0,19.02979315205286,24.0,12.553283876045938,18.0,starter-role-runtime-state-v1
2026-06-22,664285,ESTABLISHED,89.84286116827391,94.0,24.592947475965524,24.0,16.84793722723415,18.0,starter-role-runtime-state-v1
2026-06-22,668909,ESTABLISHED,91.84653626119054,95.0,23.899155210021014,20.0,17.77282325265818,15.0,starter-role-runtime-state-v1
2026-06-22,669467,ESTABLISHED,89.58599148697938,85.0,22.76415721343907,24.0,16.361369715323832,18.0,starter-role-runtime-state-v1
2026-06-22,680694,ESTABLISHED,88.47099863647368,101.0,22.859454341406853,30.0,16.35724663015207,24.0,starter-role-runtime-state-v1
2026-06-22,686613,ESTABLISHED,92.86171120735138,85.0,22.938843869085886,17.0,17.328754637159864,9.0,starter-role-runtime-state-v1
2026-06-22,687562,ESTABLISHED,79.02845286635649,72.0,21.051164112855375,21.0,15.495457995446927,18.0,starter-role-runtime-state-v1
2026-06-22,805673,ESTABLISHED,88.31832782820469,108.0,24.13604408514939,26.0,16.883897883225497,18.0,starter-role-runtime-state-v1
2026-06-23,543243,ESTABLISHED,82.08599384120578,93.0,22.855955346202144,30.0,16.81532051556299,21.0,starter-role-runtime-state-v1
2026-06-23,592662,ESTABLISHED,95.77679253936918,102.0,22.465387695950174,29.0,15.407290150070072,24.0,starter-role-runtime-state-v1
2026-06-23,593958,ESTABLISHED,93.0705498321865,95.0,23.66476014657242,25.0,17.230486916604207,20.0,starter-role-runtime-state-v1
2026-06-23,593974,OPENER_LIKE,60.0,13.0,10.0,3.0,6.0,3.0,starter-role-runtime-state-v1
2026-06-23,607074,ESTABLISHED,95.98863274172317,87.0,22.929259932034995,22.0,16.74233830757506,16.0,starter-role-runtime-state-v1
2026-06-23,615698,ESTABLISHED,75.57526680556302,34.0,20.25528142843119,9.0,13.346547163302645,6.0,starter-role-runtime-state-v1
2026-06-23,645261,ESTABLISHED,98.40085631292862,109.0,26.892977155039016,27.0,19.344426160587343,20.0,starter-role-runtime-state-v1
2026-06-23,663554,ESTABLISHED,82.36162139756367,97.0,21.11740708559143,25.0,15.688881539431318,17.0,starter-role-runtime-state-v1
2026-06-23,663556,ESTABLISHED,79.7410075105755,75.0,20.710950004293437,25.0,14.47757922437868,18.0,starter-role-runtime-state-v1
2026-06-23,663567,ESTABLISHED,89.59381434526573,92.0,22.974559474229217,23.0,16.586183825238095,14.0,starter-role-runtime-state-v1
2026-06-23,665795,ESTABLISHED,81.80761786688073,99.0,21.36949365164368,22.0,14.92259660354109,15.0,starter-role-runtime-state-v1
2026-06-23,666157,ESTABLISHED,89.61644916833872,75.0,23.5246278148066,15.0,16.101034457921024,12.0,starter-role-runtime-state-v1
2026-06-23,666200,ESTABLISHED,96.68278854382966,104.0,24.412343084840856,28.0,17.541637597218102,20.0,starter-role-runtime-state-v1
2026-06-23,669358,ESTABLISHED,92.51873596461168,91.0,24.807044875692135,24.0,17.52710095819728,15.0,starter-role-runtime-state-v1
2026-06-23,669456,ESTABLISHED,90.18925426759306,75.0,23.33067050826073,19.0,17.477953653070706,11.0,starter-role-runtime-state-v1
2026-06-23,669923,ESTABLISHED,93.60647724773601,91.0,24.533506628502654,27.0,17.187407264906003,18.0,starter-role-runtime-state-v1
2026-06-23,680732,ESTABLISHED,91.50063364588668,90.0,22.162526481331682,26.0,14.880140776598827,19.0,starter-role-runtime-state-v1
2026-06-23,680736,ESTABLISHED,83.59818568671945,92.0,23.545230705821133,28.0,17.781009086158797,21.0,starter-role-runtime-state-v1
2026-06-23,681517,ESTABLISHED,81.12623298374402,85.0,21.87070767758374,23.0,14.927440891375035,19.0,starter-role-runtime-state-v1
2026-06-23,696270,ESTABLISHED,83.53905611094088,90.0,22.93495719389024,19.0,12.554901036628104,18.0,starter-role-runtime-state-v1
2026-06-23,800048,ESTABLISHED,91.69144911856482,95.0,23.320189721958734,27.0,17.079445308504425,23.0,starter-role-runtime-state-v1
2026-06-24,527048,ESTABLISHED,80.63064742217419,82.0,21.387071772007353,20.0,15.876763835489726,12.0,starter-role-runtime-state-v1
2026-06-24,594798,ESTABLISHED,91.43678500922088,91.0,22.64801038987364,23.0,16.83000730663545,18.0,starter-role-runtime-state-v1
2026-06-24,605400,ESTABLISHED,92.32795957364834,86.0,22.561422385124743,21.0,15.312174068808151,15.0,starter-role-runtime-state-v1
2026-06-24,607536,ESTABLISHED,84.34731589344176,81.0,23.552005761282185,29.0,15.75222820381104,18.0,starter-role-runtime-state-v1
2026-06-24,624133,ESTABLISHED,88.62313572439894,102.0,22.96115620967447,27.0,16.71305461262883,18.0,starter-role-runtime-state-v1
2026-06-24,640455,ESTABLISHED,80.44977260268962,86.0,19.53881445797621,19.0,14.135596949085834,9.0,starter-role-runtime-state-v1
2026-06-24,641816,ESTABLISHED,85.12806240910692,70.0,22.122945508738418,19.0,15.592102818546213,17.0,starter-role-runtime-state-v1
2026-06-24,667755,ESTABLISHED,90.01106362441239,69.0,23.053120603523062,17.0,16.13999800917168,9.0,starter-role-runtime-state-v1
2026-06-24,669373,ESTABLISHED,87.70930620058552,85.0,23.4687191408156,22.0,17.921672731852944,18.0,starter-role-runtime-state-v1
2026-06-24,669461,RESTRICTED,74.67043025839631,98.0,19.931031419733173,26.0,13.466022274306862,16.0,starter-role-runtime-state-v1
2026-06-24,675660,RAMPING,78.40173719468552,98.0,20.322667484539082,20.0,14.071743108570445,13.0,starter-role-runtime-state-v1
2026-06-24,676440,ESTABLISHED,90.17657059234455,89.0,23.479187333240095,21.0,17.63837529885488,18.0,starter-role-runtime-state-v1
2026-06-24,677952,ESTABLISHED,86.48519790040253,86.0,23.828853176846028,23.0,17.28615549335224,18.0,starter-role-runtime-state-v1
2026-06-24,677960,ESTABLISHED,88.51764059841625,97.0,22.890420751309527,26.0,16.910469548398872,18.0,starter-role-runtime-state-v1
2026-06-24,684007,ESTABLISHED,88.75333079407707,69.0,23.13927186630702,20.0,17.241125729120906,16.0,starter-role-runtime-state-v1
2026-06-24,690997,ESTABLISHED,95.72331486070136,104.0,23.178514396339764,28.0,16.62659850946,18.0,starter-role-runtime-state-v1
2026-06-24,691587,ESTABLISHED,85.99630408303473,68.0,20.64072455384292,15.0,15.140847597525159,14.0,starter-role-runtime-state-v1
2026-06-24,693433,ESTABLISHED,87.42399939418716,86.0,23.566573358676642,20.0,17.892709300171322,12.0,starter-role-runtime-state-v1
2026-06-24,695076,ESTABLISHED,85.56007691922619,100.0,21.156688716159024,27.0,13.993323188850232,17.0,starter-role-runtime-state-v1
2026-06-24,695611,ESTABLISHED,91.05556519650992,97.0,23.528042249255442,18.0,18.340432354447202,15.0,starter-role-runtime-state-v1
2026-06-24,702070,ESTABLISHED,94.37253366976452,108.0,23.183315755256153,27.0,16.405430485555197,15.0,starter-role-runtime-state-v1
2026-06-25,571510,ESTABLISHED,88.9101318685405,76.0,21.764176159681597,21.0,15.863888102624049,14.0,starter-role-runtime-state-v1
2026-06-25,592332,ESTABLISHED,90.62083870080747,99.0,22.661150409127448,28.0,16.23719940194905,18.0,starter-role-runtime-state-v1
2026-06-25,605488,ESTABLISHED,86.91226148794459,87.0,21.663909464948652,21.0,14.61666450070289,16.0,starter-role-runtime-state-v1
2026-06-25,607625,ESTABLISHED,82.79891665067728,90.0,22.623845758389237,24.0,16.156319224512316,15.0,starter-role-runtime-state-v1
2026-06-25,642547,ESTABLISHED,89.48761511321146,98.0,22.360561695523483,24.0,15.309173802941679,17.0,starter-role-runtime-state-v1
2026-06-25,650911,ESTABLISHED,95.10314092398086,92.0,26.237672576061335,25.0,20.024547539037364,15.0,starter-role-runtime-state-v1
2026-06-25,669022,ESTABLISHED,89.06544051953158,98.0,22.472142751698577,25.0,15.739037614260345,21.0,starter-role-runtime-state-v1
2026-06-25,675512,RAMPING,83.6658662553235,88.0,23.404813773457008,20.0,17.822565140464047,18.0,starter-role-runtime-state-v1
2026-06-25,676917,ESTABLISHED,79.76951167620705,97.0,21.365453908611,25.0,14.34661573910491,18.0,starter-role-runtime-state-v1
2026-06-25,682243,ESTABLISHED,83.63825482944802,90.0,21.19682099076882,22.0,16.63916217090831,17.0,starter-role-runtime-state-v1
2026-06-25,693645,ESTABLISHED,94.17673382983402,92.0,23.49316713042853,25.0,17.681144749091054,15.0,starter-role-runtime-state-v1
2026-06-25,694738,ESTABLISHED,96.52907641040152,108.0,22.372072499017868,24.0,15.461944909953685,18.0,starter-role-runtime-state-v1
2026-06-25,696149,ESTABLISHED,83.04418228155849,75.0,21.89325995790832,23.0,15.000715492992986,16.0,starter-role-runtime-state-v1
2026-06-26,554430,ESTABLISHED,96.48415784749123,98.0,23.56816460106022,25.0,18.42161561507124,21.0,starter-role-runtime-state-v1
2026-06-26,607259,ESTABLISHED,83.55185728369578,85.0,23.987881474190118,23.0,17.4347013240039,17.0,starter-role-runtime-state-v1
2026-06-26,608372,ESTABLISHED,87.47392827360127,85.0,22.386805113591734,23.0,15.630225975592888,15.0,starter-role-runtime-state-v1
2026-06-26,621111,ESTABLISHED,86.19224152707638,74.0,21.546721851054812,20.0,15.166250026582489,16.0,starter-role-runtime-state-v1
2026-06-26,622491,ESTABLISHED,88.5238637557465,91.0,22.003824378197272,22.0,15.529502430483909,18.0,starter-role-runtime-state-v1
2026-06-26,669372,ESTABLISHED,92.67334169732494,89.0,23.359978056690853,26.0,16.197460358196537,18.0,starter-role-runtime-state-v1
2026-06-26,669432,ESTABLISHED,89.32456113292282,87.0,22.517144943111404,24.0,16.338631483537476,19.0,starter-role-runtime-state-v1
2026-06-26,671096,ESTABLISHED,94.29484650682159,94.0,23.09652347613649,24.0,16.242726897947964,16.0,starter-role-runtime-state-v1
2026-06-26,671737,ESTABLISHED,94.66914639148276,99.0,23.099515241068964,27.0,15.96997695923334,21.0,starter-role-runtime-state-v1
2026-06-26,672456,ESTABLISHED,79.46810156742484,96.0,22.254553132065716,26.0,16.739214205040753,21.0,starter-role-runtime-state-v1
2026-06-26,674841,ESTABLISHED,74.27260026469553,88.0,18.32186478127301,20.0,12.920191344572643,13.0,starter-role-runtime-state-v1
2026-06-26,676282,ESTABLISHED,88.2062084938457,90.0,21.74205497915408,20.0,15.35779511168311,18.0,starter-role-runtime-state-v1
2026-06-26,694819,ESTABLISHED,91.6772189674677,107.0,23.527111828088156,23.0,18.688554026445004,18.0,starter-role-runtime-state-v1
2026-06-26,694973,ESTABLISHED,96.98342470181181,96.0,22.820663860784613,23.0,16.913434142739927,15.0,starter-role-runtime-state-v1
2026-06-26,700241,ESTABLISHED,88.10452520985541,94.0,22.871094430785906,22.0,16.684649940766747,18.0,starter-role-runtime-state-v1
2026-06-26,700712,ESTABLISHED,92.04985415834555,71.0,23.385440290396982,21.0,16.676683678713907,13.0,starter-role-runtime-state-v1
2026-06-26,701542,ESTABLISHED,91.23696937365573,90.0,23.22566057864403,27.0,15.62949607885015,17.0,starter-role-runtime-state-v1
2026-06-26,801139,ESTABLISHED,82.911296641699,88.0,22.743620485751357,24.0,16.510584167007657,21.0,starter-role-runtime-state-v1
2026-06-26,808963,ESTABLISHED,90.08929810099706,81.0,22.214495764254494,20.0,15.74884102397896,12.0,starter-role-runtime-state-v1
2026-06-27,543037,ESTABLISHED,88.64771167681485,89.0,23.299384069919906,24.0,16.97896798046171,16.0,starter-role-runtime-state-v1
2026-06-27,547179,ESTABLISHED,87.93972724420142,92.0,22.51930939886349,25.0,14.516865434843856,17.0,starter-role-runtime-state-v1
2026-06-27,608379,ESTABLISHED,92.26687059942638,105.0,25.63979502888684,29.0,18.52525014029179,23.0,starter-role-runtime-state-v1
2026-06-27,615698,RESTRICTED,64.1323516298028,55.0,18.1584200556524,15.0,12.29677606082415,12.0,starter-role-runtime-state-v1
2026-06-27,656302,ESTABLISHED,100.50848600933438,107.0,23.03778051298208,23.0,16.638129635845036,14.0,starter-role-runtime-state-v1
2026-06-27,656492,ESTABLISHED,96.68952609464954,112.0,24.006826859646395,26.0,17.662709240730504,21.0,starter-role-runtime-state-v1
2026-06-27,656849,ESTABLISHED,82.34201601572808,69.0,22.55595586018015,20.0,14.175181704234467,17.0,starter-role-runtime-state-v1
2026-06-27,657277,ESTABLISHED,100.09551402886883,92.0,26.279203373192487,24.0,19.687787007819196,21.0,starter-role-runtime-state-v1
2026-06-27,663436,ESTABLISHED,89.1785052095827,87.0,23.458996054591818,20.0,16.65733585232099,16.0,starter-role-runtime-state-v1
2026-06-27,664285,ESTABLISHED,87.74380377875576,88.0,24.20520698970789,26.0,16.867088759293154,18.0,starter-role-runtime-state-v1
2026-06-27,669302,ESTABLISHED,94.18047475660727,103.0,22.95251075954546,28.0,17.625751405221315,21.0,starter-role-runtime-state-v1
2026-06-27,669467,ESTABLISHED,88.62351226591093,98.0,22.833174456211857,28.0,16.5167319278803,20.0,starter-role-runtime-state-v1
2026-06-27,672282,ESTABLISHED,91.9121265395286,99.0,23.62771426036293,24.0,17.615066863808735,17.0,starter-role-runtime-state-v1
2026-06-27,678022,ESTABLISHED,82.45282686580111,81.0,20.744472330429737,21.0,13.91417658595799,15.0,starter-role-runtime-state-v1
2026-06-27,681035,ESTABLISHED,87.68264703263102,82.0,20.909252236705687,18.0,14.44069371458964,13.0,starter-role-runtime-state-v1
2026-06-27,683003,RESTRICTED,74.83305617155563,81.0,19.824317548888857,20.0,13.987509982049826,14.0,starter-role-runtime-state-v1
2026-06-27,687064,ESTABLISHED,87.48365169877961,93.0,23.707100669369304,24.0,16.736918886660185,15.0,starter-role-runtime-state-v1
2026-06-27,687473,ESTABLISHED,78.84907135305842,63.0,20.557630654184187,15.0,13.566910901538664,10.0,starter-role-runtime-state-v1
2026-06-27,687562,ESTABLISHED,76.93043384164856,87.0,20.99428553686667,23.0,16.104655822881725,19.0,starter-role-runtime-state-v1
2026-06-27,690986,ESTABLISHED,82.72934326474103,92.0,20.575443601916277,19.0,15.237071975905359,15.0,starter-role-runtime-state-v1
2026-06-27,693821,ESTABLISHED,88.42640079751804,69.0,25.32426454772295,17.0,17.378229405412753,12.0,starter-role-runtime-state-v1
2026-06-27,695505,ESTABLISHED,94.72772936260804,93.0,22.25683845212776,27.0,16.458948073373797,18.0,starter-role-runtime-state-v1
2026-06-27,808967,ESTABLISHED,98.63377241079189,89.0,24.93058719914662,24.0,19.662788649223604,18.0,starter-role-runtime-state-v1
2026-06-28,518876,ESTABLISHED,88.32538448265058,93.0,25.11905954472155,27.0,17.30863374358625,18.0,starter-role-runtime-state-v1
2026-06-28,519242,ESTABLISHED,100.10127002638528,94.0,24.96227937599536,26.0,18.112843007907887,18.0,starter-role-runtime-state-v1
2026-06-28,543243,ESTABLISHED,84.4106054215565,97.0,23.729791052963165,24.0,17.307524051052873,22.0,starter-role-runtime-state-v1
2026-06-28,592662,ESTABLISHED,95.64716237060748,95.0,23.046201426812416,30.0,16.274041760534875,24.0,starter-role-runtime-state-v1
2026-06-28,607074,ESTABLISHED,92.40803841143925,96.0,22.540951483038658,21.0,16.57064208211064,15.0,starter-role-runtime-state-v1
2026-06-28,641743,ESTABLISHED,91.76978710618312,73.0,22.463726850723738,21.0,14.989130017573261,11.0,starter-role-runtime-state-v1
2026-06-28,650633,ESTABLISHED,93.7794693590369,90.0,23.666791315473,22.0,16.95749741785751,13.0,starter-role-runtime-state-v1
2026-06-28,656876,ESTABLISHED,90.1440067973399,99.0,22.282609697213353,24.0,17.232618303552826,18.0,starter-role-runtime-state-v1
2026-06-28,663372,ESTABLISHED,84.84831532786578,82.0,21.58852165521018,22.0,15.118285577093936,18.0,starter-role-runtime-state-v1
2026-06-28,663903,ESTABLISHED,91.4429949765004,98.0,22.414428731310466,24.0,15.344565088502772,13.0,starter-role-runtime-state-v1
2026-06-28,663969,RAMPING,75.48393812856682,97.0,19.847728148959746,27.0,13.328989986473081,22.0,starter-role-runtime-state-v1
2026-06-28,666200,ESTABLISHED,97.49376351385415,96.0,24.803251658690428,22.0,17.83732065616187,15.0,starter-role-runtime-state-v1
2026-06-28,668909,ESTABLISHED,93.10772948698629,103.0,23.539353461245188,25.0,17.483474574259425,15.0,starter-role-runtime-state-v1
2026-06-28,669456,ESTABLISHED,85.1798904412352,92.0,22.466297881904865,24.0,16.61432489412376,16.0,starter-role-runtime-state-v1
2026-06-28,676106,ESTABLISHED,81.85447636423831,98.0,21.701371500956668,25.0,16.183329345473762,17.0,starter-role-runtime-state-v1
2026-06-28,677958,ESTABLISHED,81.14038699135462,92.0,20.68923614466415,23.0,13.79315975654185,18.0,starter-role-runtime-state-v1
2026-06-28,680694,ESTABLISHED,93.71792319431755,85.0,24.038147162360016,19.0,17.280810725617794,12.0,starter-role-runtime-state-v1
2026-06-28,681517,ESTABLISHED,81.37498147318706,87.0,21.983879059540527,20.0,15.436998696239586,15.0,starter-role-runtime-state-v1
2026-06-28,686613,ESTABLISHED,90.9285663373682,103.0,22.11665978773673,25.0,16.30667900189851,18.0,starter-role-runtime-state-v1
2026-06-28,687570,ESTABLISHED,90.32232195583545,93.0,23.263000873079463,26.0,15.581261804740162,18.0,starter-role-runtime-state-v1
2026-06-29,593958,ESTABLISHED,93.90835556300992,91.0,23.883688094420553,26.0,17.55709103669799,21.0,starter-role-runtime-state-v1
2026-06-29,605400,ESTABLISHED,88.0730882199398,86.0,21.991611721567413,23.0,15.16162369914458,13.0,starter-role-runtime-state-v1
2026-06-29,624133,ESTABLISHED,90.46640137118307,95.0,23.444765041623555,24.0,16.874887462511616,18.0,starter-role-runtime-state-v1
2026-06-29,640455,RAMPING,84.83896744540527,90.0,19.890465641488596,23.0,13.693031788150478,17.0,starter-role-runtime-state-v1
2026-06-29,641778,ESTABLISHED,84.0146230081436,95.0,21.503487178263427,28.0,15.075001858805575,18.0,starter-role-runtime-state-v1
2026-06-29,641816,ESTABLISHED,80.13608331981075,85.0,21.400886024939467,19.0,15.664527928326137,13.0,starter-role-runtime-state-v1
2026-06-29,645261,ESTABLISHED,101.5636152296755,96.0,27.15391911122288,27.0,19.487866546000348,17.0,starter-role-runtime-state-v1
2026-06-29,663554,ESTABLISHED,84.38310406227691,88.0,21.589066330461378,22.0,15.847316793104925,21.0,starter-role-runtime-state-v1
2026-06-29,663567,ESTABLISHED,89.5700029112561,100.0,22.938920541809544,25.0,16.272409030293495,17.0,starter-role-runtime-state-v1
2026-06-29,666157,ESTABLISHED,86.49365056725104,96.0,22.289920831378993,20.0,15.596135956207203,15.0,starter-role-runtime-state-v1
2026-06-29,669358,ESTABLISHED,95.0302075667277,109.0,25.035969495024553,27.0,17.33186615845925,21.0,starter-role-runtime-state-v1
2026-06-29,669923,ESTABLISHED,94.08825436968301,100.0,24.888672039832564,30.0,17.293137645381947,24.0,starter-role-runtime-state-v1
2026-06-29,677952,ESTABLISHED,85.78115135776514,97.0,23.644333992001744,24.0,17.34140250981849,18.0,starter-role-runtime-state-v1
2026-06-29,677960,ESTABLISHED,88.0726960577617,55.0,23.062204816849174,14.0,16.979075410077137,5.0,starter-role-runtime-state-v1
2026-06-29,680732,ESTABLISHED,89.02815234798175,89.0,22.30437935115035,23.0,15.239862611697031,16.0,starter-role-runtime-state-v1
2026-06-29,684007,ESTABLISHED,83.58946240827805,97.0,22.451339690737292,27.0,17.011542281541495,19.0,starter-role-runtime-state-v1
2026-06-29,688107,ESTABLISHED,85.21669043790023,96.0,21.38337290574754,24.0,14.868599068414454,17.0,starter-role-runtime-state-v1
2026-06-29,695611,ESTABLISHED,91.70351789228174,91.0,22.09783031198368,24.0,17.560858322456664,14.0,starter-role-runtime-state-v1
2026-06-29,696270,ESTABLISHED,86.78367185556002,81.0,21.46065678166113,20.0,14.728602010270615,15.0,starter-role-runtime-state-v1
2026-06-29,800048,ESTABLISHED,93.87935318045079,83.0,23.9405293706727,28.0,17.812847193190223,20.0,starter-role-runtime-state-v1
2026-06-29,805673,ESTABLISHED,91.22194289611244,89.0,24.430291729096965,25.0,17.02249428759989,21.0,starter-role-runtime-state-v1
2026-06-30,527048,ESTABLISHED,81.17073713163012,85.0,21.265986783638187,23.0,15.434024072122142,15.0,starter-role-runtime-state-v1
2026-06-30,571510,ESTABLISHED,85.6905290310799,76.0,21.485304852799114,24.0,15.601658671276969,15.0,starter-role-runtime-state-v1
2026-06-30,592332,ESTABLISHED,90.63864509761949,96.0,23.127032096108955,25.0,16.421766014311167,18.0,starter-role-runtime-state-v1
2026-06-30,594798,ESTABLISHED,91.49577931763963,96.0,22.69207486355127,25.0,16.96245116942662,21.0,starter-role-runtime-state-v1
2026-06-30,605488,ESTABLISHED,84.62622160460671,92.0,21.343441275817355,28.0,14.734688169269914,16.0,starter-role-runtime-state-v1
2026-06-30,650911,ESTABLISHED,92.89934711753743,92.0,25.868942511850157,26.0,19.388051676653124,21.0,starter-role-runtime-state-v1
2026-06-30,667755,ESTABLISHED,87.74682991735057,91.0,22.389192807454126,22.0,15.327096088508348,15.0,starter-role-runtime-state-v1
2026-06-30,669373,ESTABLISHED,88.34057809064028,87.0,23.41945875995643,20.0,17.972900462978913,18.0,starter-role-runtime-state-v1
2026-06-30,669461,ESTABLISHED,77.68888989523472,98.0,20.63870495780136,21.0,13.757075194326283,15.0,starter-role-runtime-state-v1
2026-06-30,676440,ESTABLISHED,92.9436690589655,91.0,23.52762266476427,26.0,17.78096654584833,21.0,starter-role-runtime-state-v1
2026-06-30,676917,ESTABLISHED,81.98597740182022,100.0,21.812709979177548,23.0,14.763045461046394,21.0,starter-role-runtime-state-v1
2026-06-30,680736,ESTABLISHED,85.76090728053906,110.0,24.198191547967866,27.0,18.200432432797825,21.0,starter-role-runtime-state-v1
2026-06-30,685299,ESTABLISHED,78.45712253472647,74.0,20.69018452927056,24.0,13.778581299250021,15.0,starter-role-runtime-state-v1
2026-06-30,690997,ESTABLISHED,97.19926917292875,91.0,23.773570646540783,25.0,16.812434674797007,18.0,starter-role-runtime-state-v1
2026-06-30,691587,ESTABLISHED,81.14562570841407,86.0,19.691408544722343,22.0,14.961130618077348,16.0,starter-role-runtime-state-v1
2026-06-30,693433,ESTABLISHED,86.91262746601066,106.0,23.09871991343076,25.0,17.19257401859888,19.0,starter-role-runtime-state-v1
2026-06-30,693645,ESTABLISHED,93.88234633213861,85.0,23.64840923561256,20.0,17.38239325299099,12.0,starter-role-runtime-state-v1
2026-06-30,694297,ESTABLISHED,88.66507320648789,66.0,23.726774241606392,19.0,16.37097332987227,16.0,starter-role-runtime-state-v1
2026-06-30,694738,ESTABLISHED,96.82889612471119,84.0,22.448447992195494,19.0,15.710423911369592,8.0,starter-role-runtime-state-v1
2026-06-30,695076,ESTABLISHED,89.45020624857327,82.0,22.103010327899902,26.0,14.434761325820723,14.0,starter-role-runtime-state-v1
2026-06-30,696149,ESTABLISHED,78.64787209975624,97.0,21.60852511558543,29.0,15.005837301207535,19.0,starter-role-runtime-state-v1
2026-06-30,702070,ESTABLISHED,96.02310562038038,86.0,23.609795848395247,21.0,16.270545511129065,11.0,starter-role-runtime-state-v1
2026-07-01,554430,ESTABLISHED,96.86438633237148,104.0,23.75874861512418,24.0,18.71358984037822,14.0,starter-role-runtime-state-v1
2026-07-01,607536,ESTABLISHED,84.46258987608778,85.0,24.155928120427852,21.0,16.006523394489182,15.0,starter-role-runtime-state-v1
2026-07-01,607625,ESTABLISHED,83.30601741905852,85.0,22.746105781597194,26.0,16.021006080118006,18.0,starter-role-runtime-state-v1
2026-07-01,621111,ESTABLISHED,82.60701459504948,85.0,21.114010483377932,23.0,15.173764558652763,12.0,starter-role-runtime-state-v1
2026-07-01,642547,ESTABLISHED,92.05866343377026,91.0,22.713853935844963,22.0,15.537430460302733,12.0,starter-role-runtime-state-v1
2026-07-01,663556,ESTABLISHED,79.2802040091786,69.0,21.14898022456123,20.0,14.85064977071463,18.0,starter-role-runtime-state-v1
2026-07-01,665152,ESTABLISHED,92.35526109727897,79.0,22.36939062291649,22.0,16.67336889427862,18.0,starter-role-runtime-state-v1
2026-07-01,669022,ESTABLISHED,92.70312639182369,92.0,23.043700854712373,24.0,16.378008224488582,15.0,starter-role-runtime-state-v1
2026-07-01,669372,ESTABLISHED,88.7617202715447,104.0,23.22348874456094,25.0,16.26594368688661,18.0,starter-role-runtime-state-v1
2026-07-01,671096,ESTABLISHED,91.96479752791474,96.0,22.9267392499783,25.0,16.119497075102252,15.0,starter-role-runtime-state-v1
2026-07-01,671737,ESTABLISHED,93.47628518628228,97.0,23.327151769358476,21.0,16.455294850599763,15.0,starter-role-runtime-state-v1
2026-07-01,675512,RAMPING,82.2920750761071,84.0,22.551723086721818,22.0,17.775538868763405,19.0,starter-role-runtime-state-v1
2026-07-01,675660,RAMPING,86.9934927015407,78.0,20.720464894549828,23.0,13.963127989847496,17.0,starter-role-runtime-state-v1
2026-07-01,676282,ESTABLISHED,86.84132415036781,93.0,21.364711171049866,23.0,15.604816572383402,15.0,starter-role-runtime-state-v1
2026-07-01,680755,OPENER_LIKE,60.0,14.0,10.582144702341491,4.0,6.0,3.0,starter-role-runtime-state-v1
2026-07-01,694973,ESTABLISHED,94.56285678310073,81.0,22.582349703375662,22.0,16.60839928709958,12.0,starter-role-runtime-state-v1
2026-07-01,695418,ESTABLISHED,86.51250748353127,53.0,21.413942059704944,11.0,15.060160129927521,7.0,starter-role-runtime-state-v1
2026-07-01,700241,ESTABLISHED,88.81439169640637,87.0,22.777148850772313,22.0,16.83578978262471,18.0,starter-role-runtime-state-v1
2026-07-01,701542,ESTABLISHED,89.51214318706933,79.0,23.43328923870363,22.0,15.726905295617547,16.0,starter-role-runtime-state-v1
2026-07-01,801139,ESTABLISHED,82.44545124838133,76.0,22.76659487284754,20.0,17.051844995590425,9.0,starter-role-runtime-state-v1
2026-07-02,547179,ESTABLISHED,88.61163713140103,95.0,22.809733794218133,23.0,14.7792742345692,13.0,starter-role-runtime-state-v1
2026-07-02,663436,ESTABLISHED,86.54691363865716,73.0,22.781650052781448,19.0,16.518817535711385,10.0,starter-role-runtime-state-v1
2026-07-02,664285,ESTABLISHED,89.3315478778349,87.0,24.5829199791107,26.0,17.034242540772908,15.0,starter-role-runtime-state-v1
2026-07-02,669160,ESTABLISHED,84.31042603980043,34.0,22.69114661144637,9.0,16.561725334445736,2.0,starter-role-runtime-state-v1
2026-07-02,681190,ESTABLISHED,83.80116974907669,50.0,21.755853398119235,16.0,14.740099199559312,9.0,starter-role-runtime-state-v1
2026-07-02,682243,ESTABLISHED,83.50992077293802,90.0,21.186755953865386,24.0,16.640581487394186,21.0,starter-role-runtime-state-v1
2026-07-02,683003,RESTRICTED,75.2245729289039,73.0,19.81912968918934,16.0,13.990774683868512,12.0,starter-role-runtime-state-v1
2026-07-02,687473,ESTABLISHED,77.27579108922541,51.0,19.91126673308491,16.0,13.150565489342274,9.0,starter-role-runtime-state-v1
2026-07-02,693855,RESTRICTED,66.96878545086,83.0,17.951876913232287,23.0,13.32627767658809,18.0,starter-role-runtime-state-v1
2026-07-02,694819,ESTABLISHED,92.79735535113419,82.0,23.382570737105915,21.0,18.570924258194605,15.0,starter-role-runtime-state-v1
2026-07-02,695505,ESTABLISHED,91.18819945972592,89.0,22.403025310765464,23.0,16.532080663999018,18.0,starter-role-runtime-state-v1
2026-07-02,700712,ESTABLISHED,85.7684848536451,107.0,22.681570478253008,24.0,16.04543802272552,17.0,starter-role-runtime-state-v1
2026-07-02,808963,ESTABLISHED,87.3368474291156,88.0,21.761085072278387,18.0,15.23633514055318,9.0,starter-role-runtime-state-v1
2026-07-03,543037,ESTABLISHED,89.68725543049113,88.0,23.499687106370537,20.0,16.901143442809705,15.0,starter-role-runtime-state-v1
2026-07-03,607259,ESTABLISHED,87.67565888246247,85.0,24.38725789662125,21.0,17.53035674985675,16.0,starter-role-runtime-state-v1
2026-07-03,622491,ESTABLISHED,92.12797337355744,101.0,22.364266201451834,26.0,15.89539278875392,18.0,starter-role-runtime-state-v1
2026-07-03,641743,ESTABLISHED,86.99715306601821,48.0,22.023811691828882,14.0,14.386302097733674,12.0,starter-role-runtime-state-v1
2026-07-03,650633,ESTABLISHED,89.25488426773894,75.0,22.997154649429532,23.0,16.36597782808405,18.0,starter-role-runtime-state-v1
2026-07-03,656302,ESTABLISHED,104.59245518109066,102.0,23.3798528922487,24.0,16.447747501802745,21.0,starter-role-runtime-state-v1
2026-07-03,656492,ESTABLISHED,100.95250534544897,83.0,24.526916246499617,20.0,18.159324007449285,15.0,starter-role-runtime-state-v1
2026-07-03,656550,ESTABLISHED,78.56849056670832,82.0,20.702595746158934,22.0,13.985712165060745,15.0,starter-role-runtime-state-v1
2026-07-03,656849,ESTABLISHED,79.9417760377804,91.0,22.173998250586152,23.0,14.491635689924902,11.0,starter-role-runtime-state-v1
2026-07-03,657277,ESTABLISHED,96.2881141409743,76.0,25.658651261071128,21.0,19.713160941240385,9.0,starter-role-runtime-state-v1
2026-07-03,663372,ESTABLISHED,83.75344854797844,88.0,21.540101545875196,24.0,15.416333482807783,18.0,starter-role-runtime-state-v1
2026-07-03,663903,ESTABLISHED,90.67592388458891,93.0,22.42360853523568,21.0,15.047486602833743,15.0,starter-role-runtime-state-v1
2026-07-03,663969,RAMPING,78.30458872901872,71.0,20.796773802942532,18.0,14.453348767893374,10.0,starter-role-runtime-state-v1
2026-07-03,668909,ESTABLISHED,94.29557414301028,79.0,23.711430847691787,20.0,17.220099032780574,14.0,starter-role-runtime-state-v1
2026-07-03,669432,ESTABLISHED,87.98865095717075,93.0,22.553761695541883,22.0,16.59714991699971,15.0,starter-role-runtime-state-v1
2026-07-03,669467,ESTABLISHED,91.60142123803094,102.0,23.609837603503692,24.0,16.96475311432829,17.0,starter-role-runtime-state-v1
2026-07-03,672282,ESTABLISHED,93.90504134586831,104.0,23.820253464054474,26.0,17.59729880686661,15.0,starter-role-runtime-state-v1
2026-07-03,678022,ESTABLISHED,82.34792156593281,91.0,20.802329489017218,23.0,14.100296575197383,11.0,starter-role-runtime-state-v1
2026-07-03,681035,ESTABLISHED,85.6499201847732,82.0,20.394603662522414,18.0,14.224440571918048,12.0,starter-role-runtime-state-v1
2026-07-03,687562,ESTABLISHED,79.76074989429905,92.0,21.511738765322285,28.0,16.75189136029232,23.0,starter-role-runtime-state-v1
2026-07-03,690986,ESTABLISHED,86.0389161569743,72.0,20.63161831677406,15.0,15.279846111686112,8.0,starter-role-runtime-state-v1
2026-07-04,518876,ESTABLISHED,91.50420904226841,92.0,25.662808330424923,25.0,17.47529402726355,15.0,starter-role-runtime-state-v1
2026-07-04,519242,ESTABLISHED,97.96791999827734,98.0,24.914853630633363,24.0,18.06216752794773,15.0,starter-role-runtime-state-v1
2026-07-04,543243,ESTABLISHED,87.02955095756474,70.0,23.906604802915485,22.0,17.854823646341615,18.0,starter-role-runtime-state-v1
2026-07-04,592662,ESTABLISHED,95.93258475328314,88.0,23.77233238962574,24.0,17.077729697894462,18.0,starter-role-runtime-state-v1
2026-07-04,593974,OPENER_LIKE,60.0,14.0,10.0,4.0,6.0,3.0,starter-role-runtime-state-v1
2026-07-04,608379,ESTABLISHED,95.0002892384396,105.0,26.175752008584823,26.0,19.05616385883562,18.0,starter-role-runtime-state-v1
2026-07-04,615698,RESTRICTED,63.660934638079446,66.0,17.87199853765723,21.0,12.310054604552628,15.0,starter-role-runtime-state-v1
2026-07-04,640455,ESTABLISHED,85.99088872327317,108.0,20.29992494163364,24.0,14.079782942563295,15.0,starter-role-runtime-state-v1
2026-07-04,645261,ESTABLISHED,98.65070109283282,100.0,26.871859948461633,31.0,19.142963438391106,24.0,starter-role-runtime-state-v1
2026-07-04,656876,ESTABLISHED,91.35365628309796,77.0,22.505307597146093,22.0,17.319405096448005,15.0,starter-role-runtime-state-v1
2026-07-04,666200,ESTABLISHED,99.28479858346873,95.0,24.70030610830429,23.0,17.57420938470011,18.0,starter-role-runtime-state-v1
2026-07-04,669302,ESTABLISHED,94.53445176803555,91.0,23.426664306413347,23.0,17.976068449664954,22.0,starter-role-runtime-state-v1
2026-07-04,669456,ESTABLISHED,87.86928157235711,89.0,22.864923546776275,21.0,16.620713509815264,12.0,starter-role-runtime-state-v1
2026-07-04,677952,ESTABLISHED,87.92626915378591,94.0,23.785109237784376,23.0,17.442517157230796,17.0,starter-role-runtime-state-v1
2026-07-04,680732,ESTABLISHED,87.28992562572954,95.0,22.187937768509173,24.0,15.265190008232894,18.0,starter-role-runtime-state-v1
2026-07-04,681517,ESTABLISHED,84.65161458230266,77.0,22.018337230524633,20.0,15.464064144175772,15.0,starter-role-runtime-state-v1
2026-07-04,684007,ESTABLISHED,85.86462793824808,86.0,23.043755853269225,19.0,17.27392511291257,14.0,starter-role-runtime-state-v1
2026-07-04,686613,ESTABLISHED,95.33485726640286,82.0,22.76742426666592,22.0,16.594322554727846,12.0,starter-role-runtime-state-v1
2026-07-04,687064,ESTABLISHED,89.65210952599851,102.0,23.92285729856114,25.0,16.582558586499637,15.0,starter-role-runtime-state-v1
2026-07-04,800048,ESTABLISHED,89.45023869783292,100.0,23.990480381354438,23.0,17.945231821185423,15.0,starter-role-runtime-state-v1
2026-07-04,805673,ESTABLISHED,90.38336459499179,79.0,24.410684243506992,20.0,17.427993190198826,14.0,starter-role-runtime-state-v1
2026-07-04,808967,ESTABLISHED,97.9717183418104,100.0,24.87659269427705,25.0,19.48145162869722,21.0,starter-role-runtime-state-v1
2026-07-05,527048,ESTABLISHED,82.17160761837454,77.0,21.518131582247463,20.0,15.414140023459908,13.0,starter-role-runtime-state-v1
2026-07-05,593958,ESTABLISHED,94.55469495652932,102.0,24.212175891899783,23.0,17.95358489544464,18.0,starter-role-runtime-state-v1
2026-07-05,605400,ESTABLISHED,88.6544400429474,98.0,22.185889443053128,28.0,14.947596576657862,21.0,starter-role-runtime-state-v1
2026-07-05,624133,ESTABLISHED,91.8305561862058,53.0,23.60128484070134,15.0,17.017630267016003,8.0,starter-role-runtime-state-v1
2026-07-05,641816,ESTABLISHED,82.51979569394496,75.0,21.328802903563062,21.0,15.416160089434987,13.0,starter-role-runtime-state-v1
2026-07-05,663554,ESTABLISHED,85.41006259312499,94.0,21.70709659746442,27.0,16.437414158496455,20.0,starter-role-runtime-state-v1
2026-07-05,663567,ESTABLISHED,92.13003742080205,90.0,23.328638440246113,21.0,16.396482971105605,17.0,starter-role-runtime-state-v1
2026-07-05,666157,ESTABLISHED,87.56925026518734,97.0,22.020247862544643,26.0,15.528097817630872,18.0,starter-role-runtime-state-v1
2026-07-05,669461,ESTABLISHED,82.2515510384168,78.0,20.949715368351548,23.0,13.968268661013166,15.0,starter-role-runtime-state-v1
2026-07-05,676106,ESTABLISHED,83.67598496364867,92.0,22.081548344987972,24.0,16.296714586565873,21.0,starter-role-runtime-state-v1
2026-07-05,676440,ESTABLISHED,89.35207307316198,62.0,23.404198030949345,19.0,18.015625134429026,12.0,starter-role-runtime-state-v1
2026-07-05,676917,ESTABLISHED,85.60258371589462,63.0,22.13796231910431,15.0,15.510562644306301,7.0,starter-role-runtime-state-v1
2026-07-05,677958,ESTABLISHED,82.43408287762759,85.0,20.957086972924397,18.0,14.256078580819958,13.0,starter-role-runtime-state-v1
2026-07-05,677960,ESTABLISHED,83.76772511145566,88.0,21.971670564392944,19.0,15.492014012756488,12.0,starter-role-runtime-state-v1
2026-07-05,680694,ESTABLISHED,93.21287411118418,106.0,23.49194657274164,29.0,16.671111879099417,23.0,starter-role-runtime-state-v1
2026-07-05,685299,ESTABLISHED,77.63158090705824,94.0,20.996359721932464,23.0,13.9043005210576,15.0,starter-role-runtime-state-v1
2026-07-05,690997,ESTABLISHED,93.9147417306573,96.0,23.620252094897026,25.0,16.866546856481595,18.0,starter-role-runtime-state-v1
2026-07-05,691587,ESTABLISHED,80.4819569345804,92.0,19.812449848610164,21.0,15.038469132126682,21.0,starter-role-runtime-state-v1
2026-07-05,695611,ESTABLISHED,94.91278647746627,85.0,22.8240255236987,21.0,16.99171299256879,9.0,starter-role-runtime-state-v1
2026-07-05,696149,ESTABLISHED,82.15029319785748,86.0,22.611871663900097,21.0,15.525631889123657,12.0,starter-role-runtime-state-v1
2026-07-05,696270,ESTABLISHED,85.01974623364475,87.0,21.024695971608597,20.0,14.813131086098798,12.0,starter-role-runtime-state-v1
2026-07-06,592332,ESTABLISHED,91.30000969634044,92.0,23.3370698873167,26.0,16.612427345515147,16.0,starter-role-runtime-state-v1
2026-07-06,607536,ESTABLISHED,81.7488662267503,72.0,23.42875589405518,23.0,15.804873525321058,15.0,starter-role-runtime-state-v1
2026-07-06,621111,ESTABLISHED,80.95857813918936,93.0,21.08961656433928,24.0,14.762473763248119,15.0,starter-role-runtime-state-v1
2026-07-06,641778,ESTABLISHED,87.41847590234165,99.0,22.446188871469573,26.0,15.473177887574192,18.0,starter-role-runtime-state-v1
2026-07-06,642547,ESTABLISHED,90.65049661873138,103.0,22.496506815240842,23.0,15.106683500928893,14.0,starter-role-runtime-state-v1
2026-07-06,650911,ESTABLISHED,93.64947817549441,83.0,25.983312985238598,21.0,19.587765849442018,10.0,starter-role-runtime-state-v1
2026-07-06,669160,RESTRICTED,72.00698648673102,81.0,20.36401522150074,18.0,14.471436836049463,14.0,starter-role-runtime-state-v1
2026-07-06,675660,RAMPING,83.28620526281493,85.0,20.925031852260105,26.0,14.483340561006852,18.0,starter-role-runtime-state-v1
2026-07-06,693645,ESTABLISHED,91.3261297160344,101.0,23.045173766112928,28.0,16.702309687483726,24.0,starter-role-runtime-state-v1
2026-07-06,694297,ESTABLISHED,85.24153019942206,72.0,23.10839550897945,19.0,16.326210623870427,15.0,starter-role-runtime-state-v1
2026-07-06,694738,ESTABLISHED,94.3452811040682,104.0,21.939866241810197,30.0,14.768812839392243,24.0,starter-role-runtime-state-v1
2026-07-06,702070,ESTABLISHED,95.38181773227527,105.0,23.3726558171561,26.0,15.678573153207818,15.0,starter-role-runtime-state-v1
2026-07-07,547179,ESTABLISHED,88.53969319024617,95.0,22.72930830043083,27.0,14.540255343785459,18.0,starter-role-runtime-state-v1
2026-07-07,554430,ESTABLISHED,99.13306654776639,104.0,23.94986017957468,25.0,18.236416945481107,21.0,starter-role-runtime-state-v1
2026-07-07,571510,ESTABLISHED,82.89743532306868,93.0,21.53816131724234,23.0,15.483888720701106,18.0,starter-role-runtime-state-v1
2026-07-07,594798,ESTABLISHED,93.0914170531914,80.0,23.060198326834765,21.0,17.431654779017762,15.0,starter-role-runtime-state-v1
2026-07-07,607625,ESTABLISHED,88.90569959645713,94.0,23.731481422868853,24.0,16.409868908579234,13.0,starter-role-runtime-state-v1
2026-07-07,667755,ESTABLISHED,90.33548007620765,93.0,22.594666094627605,23.0,15.350060999342285,18.0,starter-role-runtime-state-v1
2026-07-07,669358,ESTABLISHED,97.17385846936652,100.0,25.326953570189843,26.0,17.750144456263925,18.0,starter-role-runtime-state-v1
2026-07-07,669372,ESTABLISHED,91.21593788199748,61.0,23.502677982115735,18.0,16.476460548527236,12.0,starter-role-runtime-state-v1
2026-07-07,669373,ESTABLISHED,89.15829584810899,96.0,23.137912843996432,22.0,18.02753022262757,15.0,starter-role-runtime-state-v1
2026-07-07,671096,ESTABLISHED,93.92568183352793,95.0,23.311119101647595,23.0,16.046035597825053,18.0,starter-role-runtime-state-v1
2026-07-07,671737,ESTABLISHED,94.05827953857514,101.0,23.074214966109004,24.0,16.288024516914824,21.0,starter-role-runtime-state-v1
2026-07-07,674841,ESTABLISHED,76.62835007830714,97.0,18.61572381688515,27.0,12.945684646912845,17.0,starter-role-runtime-state-v1
2026-07-07,676282,ESTABLISHED,89.1029933532004,94.0,21.71916433107197,25.0,15.597063600854636,15.0,starter-role-runtime-state-v1
2026-07-07,680736,ESTABLISHED,92.18041411722676,94.0,24.98389205927704,28.0,18.66244106325065,21.0,starter-role-runtime-state-v1
2026-07-07,688107,ESTABLISHED,86.35495248354361,94.0,21.703700738811314,29.0,15.146844621269837,23.0,starter-role-runtime-state-v1
2026-07-07,690928,RESTRICTED,71.5646713839251,92.0,18.874908654992865,22.0,13.340606574505651,15.0,starter-role-runtime-state-v1
2026-07-07,693433,ESTABLISHED,91.59735957040935,87.0,23.620336677016965,25.0,17.48563209731302,15.0,starter-role-runtime-state-v1
2026-07-07,693855,ESTABLISHED,72.61261124647697,94.0,19.135299627968287,21.0,14.20231371886987,16.0,starter-role-runtime-state-v1
2026-07-07,694819,ESTABLISHED,89.24219733453958,103.0,22.840787558219805,25.0,18.06541351498359,21.0,starter-role-runtime-state-v1
2026-07-07,694973,ESTABLISHED,92.4252244273502,95.0,22.45347572865066,25.0,16.07602424138569,18.0,starter-role-runtime-state-v1
2026-07-07,701542,ESTABLISHED,87.30130296407599,75.0,23.149642877115404,21.0,15.720607385333697,12.0,starter-role-runtime-state-v1
2026-07-07,801139,ESTABLISHED,81.68193344819878,91.0,22.409975116187205,21.0,15.969494485904526,18.0,starter-role-runtime-state-v1
2026-07-08,543037,ESTABLISHED,87.42473605049955,97.0,22.839786681013535,27.0,16.609947791652576,19.0,starter-role-runtime-state-v1
2026-07-08,605488,ESTABLISHED,87.9881702484631,92.0,22.306036572805628,23.0,14.961900879854351,13.0,starter-role-runtime-state-v1
2026-07-08,650633,ESTABLISHED,85.15155583579893,92.0,22.69747917882834,23.0,16.46205881825801,18.0,starter-role-runtime-state-v1
2026-07-08,656302,ESTABLISHED,102.09964009499473,118.0,23.218603044950285,28.0,16.883929508883536,24.0,starter-role-runtime-state-v1
2026-07-08,656492,ESTABLISHED,95.51065864693996,99.0,23.591436814015967,25.0,17.65000457648474,21.0,starter-role-runtime-state-v1
2026-07-08,656550,ESTABLISHED,79.65780967314214,90.0,20.943948131455755,20.0,14.136598421913487,15.0,starter-role-runtime-state-v1
2026-07-08,657277,ESTABLISHED,89.23133234814036,106.0,24.56997082565819,30.0,18.29071816450854,21.0,starter-role-runtime-state-v1
2026-07-08,663436,ESTABLISHED,84.6115819688881,84.0,22.32009216102763,20.0,15.767265842175776,12.0,starter-role-runtime-state-v1
2026-07-08,663556,ESTABLISHED,78.2533764047611,85.0,21.03227861682639,22.0,15.208738159330615,19.0,starter-role-runtime-state-v1
2026-07-08,663969,RAMPING,76.25265747324816,71.0,20.282178195043745,21.0,13.804888950578892,15.0,starter-role-runtime-state-v1
2026-07-08,665152,ESTABLISHED,88.01033750312837,92.0,22.015639177549943,21.0,16.72623240147262,15.0,starter-role-runtime-state-v1
2026-07-08,669022,ESTABLISHED,91.80862758087679,90.0,23.04311372961371,25.0,16.180342932618466,15.0,starter-role-runtime-state-v1
2026-07-08,669923,ESTABLISHED,93.88583843737058,86.0,25.33188040899202,24.0,17.98573414743742,18.0,starter-role-runtime-state-v1
2026-07-08,675512,ESTABLISHED,81.74209265739451,91.0,22.367259805502727,22.0,17.930060507567855,16.0,starter-role-runtime-state-v1
2026-07-08,681035,ESTABLISHED,81.90528348262282,90.0,19.746060536905492,19.0,13.853998177659179,15.0,starter-role-runtime-state-v1
2026-07-08,683003,RESTRICTED,75.78324341126553,77.0,19.463996912307785,18.0,13.80391851491316,18.0,starter-role-runtime-state-v1
2026-07-08,687562,ESTABLISHED,82.28289978435049,81.0,22.74502987415442,25.0,17.94794882769033,21.0,starter-role-runtime-state-v1
2026-07-08,687570,ESTABLISHED,92.38819218357868,83.0,23.838037660347347,21.0,15.976080800523276,15.0,starter-role-runtime-state-v1
2026-07-08,690986,ESTABLISHED,83.02098022488053,70.0,19.812544536942436,17.0,14.371856624484291,12.0,starter-role-runtime-state-v1
2026-07-08,695505,ESTABLISHED,90.71809257440934,106.0,22.44103289172702,23.0,16.688690984102003,15.0,starter-role-runtime-state-v1
2026-07-08,700241,ESTABLISHED,89.7270763405736,90.0,22.81050775958069,24.0,16.994883831320546,19.0,starter-role-runtime-state-v1
2026-07-08,700712,ESTABLISHED,89.86638122113588,90.0,23.012176210601403,17.0,16.21737786000378,12.0,starter-role-runtime-state-v1
2026-07-08,808963,ESTABLISHED,86.88644124255735,78.0,21.22415550762114,23.0,14.4449579245127,18.0,starter-role-runtime-state-v1
2026-07-09,518876,ESTABLISHED,91.35493969800197,94.0,25.5618743704451,24.0,17.196042211674055,21.0,starter-role-runtime-state-v1
2026-07-09,608379,ESTABLISHED,95.55062835050151,104.0,26.068496596010927,23.0,18.915001924825873,14.0,starter-role-runtime-state-v1
2026-07-09,640455,ESTABLISHED,89.39336519672739,97.0,20.824838845336007,26.0,14.226249356286004,21.0,starter-role-runtime-state-v1
2026-07-09,641743,ESTABLISHED,79.90979024756815,92.0,20.807383632486676,22.0,14.105640008097856,16.0,starter-role-runtime-state-v1
2026-07-09,641927,ESTABLISHED,86.90230462601238,74.0,23.639211362950924,19.0,16.73437193720239,15.0,starter-role-runtime-state-v1
2026-07-09,656849,ESTABLISHED,81.32827192514462,77.0,22.29026695032858,20.0,14.120761022231964,15.0,starter-role-runtime-state-v1
2026-07-09,656876,ESTABLISHED,84.62589992234837,61.0,21.848398282401014,14.0,16.864695040901125,7.0,starter-role-runtime-state-v1
2026-07-09,663372,RAMPING,82.05919664717523,92.0,21.55646902612147,23.0,15.6233348394704,13.0,starter-role-runtime-state-v1
2026-07-09,663776,ESTABLISHED,84.21734963530727,65.0,21.390409118857484,19.0,14.646925849773142,13.0,starter-role-runtime-state-v1
2026-07-09,663903,ESTABLISHED,92.59015273174413,89.0,22.434654116347158,28.0,15.083697684445715,22.0,starter-role-runtime-state-v1
2026-07-09,664285,ESTABLISHED,89.73846617714966,87.0,24.821173801015235,26.0,16.842892154527373,21.0,starter-role-runtime-state-v1
2026-07-09,666200,ESTABLISHED,95.90967355284768,96.0,24.18273881821907,26.0,17.537473257499776,21.0,starter-role-runtime-state-v1
2026-07-09,668909,ESTABLISHED,93.53266284400266,103.0,23.414941401437908,26.0,16.909529207168358,21.0,starter-role-runtime-state-v1
2026-07-09,669432,ESTABLISHED,89.52100117982869,89.0,22.599369740534023,23.0,16.45420433028842,18.0,starter-role-runtime-state-v1
2026-07-09,669467,ESTABLISHED,92.59697205755235,97.0,23.623449496466066,25.0,16.951873822833626,15.0,starter-role-runtime-state-v1
2026-07-09,672282,ESTABLISHED,96.40750632676159,82.0,24.206714402222726,20.0,17.351955446151983,12.0,starter-role-runtime-state-v1
2026-07-09,676083,ESTABLISHED,88.17653575092125,79.0,23.406040628859778,21.0,16.39829574670611,15.0,starter-role-runtime-state-v1
2026-07-09,682243,ESTABLISHED,83.13894834930247,81.0,21.373496414285725,28.0,17.079907363532588,15.0,starter-role-runtime-state-v1
2026-07-09,687931,ESTABLISHED,83.7278067146406,87.0,20.93442877855162,23.0,14.170625831823884,17.0,starter-role-runtime-state-v1
2026-07-09,693821,ESTABLISHED,84.54510832752356,69.0,24.120695844982507,20.0,16.69604198086943,12.0,starter-role-runtime-state-v1
2026-07-09,701656,ESTABLISHED,80.32921028364804,76.0,19.346089100706124,21.0,14.53024117240224,16.0,starter-role-runtime-state-v1
2026-07-10,519242,ESTABLISHED,97.20170374166163,43.0,24.726669028014182,11.0,17.702523674463162,9.0,starter-role-runtime-state-v1
2026-07-10,543243,ESTABLISHED,83.84484541132036,91.0,23.531034701487116,23.0,17.816697811706124,18.0,starter-role-runtime-state-v1
2026-07-10,592662,ESTABLISHED,94.54969171246186,100.0,23.74181863805913,23.0,17.17082552345311,15.0,starter-role-runtime-state-v1
2026-07-10,593958,ESTABLISHED,94.05568021186657,87.0,23.92591105512612,25.0,17.92188279574209,18.0,starter-role-runtime-state-v1
2026-07-10,605400,ESTABLISHED,88.38897203382156,84.0,22.649912045900265,20.0,15.556654442987263,15.0,starter-role-runtime-state-v1
2026-07-10,607259,ESTABLISHED,86.322430153838,70.0,23.846396287875265,20.0,17.315873078970995,16.0,starter-role-runtime-state-v1
2026-07-10,615698,RESTRICTED,63.63544909837839,79.0,18.161924105185765,23.0,12.59466337682942,18.0,starter-role-runtime-state-v1
2026-07-10,622491,ESTABLISHED,92.33244736259489,91.0,22.665265570069813,25.0,16.099753244981358,15.0,starter-role-runtime-state-v1
2026-07-10,645261,ESTABLISHED,99.67253837777697,99.0,27.413882678963503,26.0,19.69808497077133,21.0,starter-role-runtime-state-v1
2026-07-10,669456,ESTABLISHED,88.04619965078288,97.0,22.662273427459823,22.0,16.101764977788847,14.0,starter-role-runtime-state-v1
2026-07-10,677960,ESTABLISHED,83.78845019041539,91.0,21.56827840780265,23.0,15.092038549786384,16.0,starter-role-runtime-state-v1
2026-07-10,680570,ESTABLISHED,84.55009456743637,79.0,21.790145567582734,23.0,14.831151268450906,16.0,starter-role-runtime-state-v1
2026-07-10,680732,ESTABLISHED,89.05144364952974,98.0,22.483678047678183,24.0,15.577647011420257,21.0,starter-role-runtime-state-v1
2026-07-10,681517,ESTABLISHED,83.22330622808805,44.0,21.7092413260264,10.0,15.391393813973412,9.0,starter-role-runtime-state-v1
2026-07-10,682052,ESTABLISHED,81.22787197296877,12.0,20.675587568347375,5.0,13.39291786176885,5.0,starter-role-runtime-state-v1
2026-07-10,684007,ESTABLISHED,86.46247986713435,102.0,22.632913395960966,23.0,16.922148792563625,15.0,starter-role-runtime-state-v1
2026-07-10,685299,ESTABLISHED,80.77220431926861,81.0,21.383064770670288,23.0,14.07054774812114,15.0,starter-role-runtime-state-v1
2026-07-10,686613,ESTABLISHED,92.61098630767327,98.0,22.555525835708018,25.0,16.045054158501763,18.0,starter-role-runtime-state-v1
2026-07-10,687064,ESTABLISHED,91.7053647023736,85.0,24.122375167659996,27.0,16.421857543213132,21.0,starter-role-runtime-state-v1
2026-07-10,690997,ESTABLISHED,93.27658936204027,98.0,23.673849738412443,26.0,16.966783608614197,18.0,starter-role-runtime-state-v1
2026-07-10,800048,ESTABLISHED,92.07491299454875,91.0,24.031968753543932,22.0,17.64397091254395,18.0,starter-role-runtime-state-v1
2026-07-10,805673,ESTABLISHED,89.63725415775772,102.0,23.962655905520187,26.0,17.047010569712057,18.0,starter-role-runtime-state-v1
2026-07-11,607536,ESTABLISHED,80.09018003023229,92.0,23.30257825662114,24.0,15.686641471422014,18.0,starter-role-runtime-state-v1
2026-07-11,621111,ESTABLISHED,82.66679130334566,65.0,21.4773367310367,13.0,14.829965142511522,6.0,starter-role-runtime-state-v1
2026-07-11,641816,ESTABLISHED,81.86961084769065,104.0,21.317105467757806,29.0,15.161693989627597,21.0,starter-role-runtime-state-v1
2026-07-11,642547,ESTABLISHED,94.83840578305201,92.0,22.861458449898066,21.0,15.070144101491854,13.0,starter-role-runtime-state-v1
2026-07-11,650911,ESTABLISHED,89.83213087382184,103.0,25.09626223139266,29.0,18.379000945033155,21.0,starter-role-runtime-state-v1
2026-07-11,663542,OPENER_LIKE,60.0,7.0,10.000515299137,3.0,6.0,3.0,starter-role-runtime-state-v1
2026-07-11,663554,ESTABLISHED,86.30618154717851,97.0,22.25452325653556,24.0,16.813199990324225,17.0,starter-role-runtime-state-v1
2026-07-11,663567,ESTABLISHED,91.96724870361925,107.0,23.059105118829876,23.0,16.46934810703553,18.0,starter-role-runtime-state-v1
2026-07-11,666157,ESTABLISHED,89.54565630138121,78.0,22.5543320583828,22.0,15.837476558222985,15.0,starter-role-runtime-state-v1
2026-07-11,669302,ESTABLISHED,93.60670039422585,96.0,23.3185643486972,30.0,18.40626556234694,20.0,starter-role-runtime-state-v1
2026-07-11,669461,ESTABLISHED,86.62252568479964,71.0,21.723821372585586,22.0,14.236671349756982,18.0,starter-role-runtime-state-v1
2026-07-11,675660,ESTABLISHED,81.7756638121921,83.0,21.568190976242043,25.0,15.041267069505077,19.0,starter-role-runtime-state-v1
2026-07-11,676440,ESTABLISHED,84.55441154923267,94.0,22.711864601523793,27.0,17.250214990387605,20.0,starter-role-runtime-state-v1
2026-07-11,677952,ESTABLISHED,89.15524890738547,98.0,23.74932293176102,22.0,17.403865591976846,15.0,starter-role-runtime-state-v1
2026-07-11,677958,ESTABLISHED,82.83327087233852,91.0,20.614341694335764,28.0,14.116558764633368,17.0,starter-role-runtime-state-v1
2026-07-11,680694,ESTABLISHED,95.05482109433413,96.0,24.118453087851268,25.0,17.34377902879047,20.0,starter-role-runtime-state-v1
2026-07-11,691587,ESTABLISHED,84.69964347161299,99.0,20.270888267139128,26.0,15.801403575987052,18.0,starter-role-runtime-state-v1
2026-07-11,693645,ESTABLISHED,90.27244893365427,99.0,23.330120248358654,27.0,17.411286607547957,20.0,starter-role-runtime-state-v1
2026-07-11,694297,ESTABLISHED,82.51504964772775,77.0,22.505967707038195,22.0,16.144241351037905,16.0,starter-role-runtime-state-v1
2026-07-11,695611,ESTABLISHED,90.39306158474865,86.0,22.198279269974556,23.0,15.431130177722904,17.0,starter-role-runtime-state-v1
2026-07-11,696149,ESTABLISHED,85.45517610501196,97.0,22.748290609821684,21.0,15.180289808855761,14.0,starter-role-runtime-state-v1
2026-07-11,696270,ESTABLISHED,85.53323788342082,75.0,20.7674986153557,18.0,14.104349495912295,15.0,starter-role-runtime-state-v1
2026-07-11,702070,ESTABLISHED,93.74036843033454,100.0,23.35864869668479,27.0,15.534538470902165,21.0,starter-role-runtime-state-v1
2026-07-11,808967,ESTABLISHED,96.63474833106513,103.0,24.710146210535136,27.0,19.590261329974084,18.0,starter-role-runtime-state-v1
2026-07-12,547179,ESTABLISHED,89.30845903419021,79.0,23.190702135763615,22.0,14.918702983323548,15.0,starter-role-runtime-state-v1
2026-07-12,554430,ESTABLISHED,98.32840854382611,96.0,23.914424636045645,22.0,18.50245166103747,18.0,starter-role-runtime-state-v1
2026-07-12,571510,ESTABLISHED,82.88911376802425,92.0,21.57396016532506,28.0,15.729716148375836,19.0,starter-role-runtime-state-v1
2026-07-12,592332,ESTABLISHED,94.54603327084953,103.0,23.972462954302912,25.0,16.635989173722322,18.0,starter-role-runtime-state-v1
2026-07-12,607625,ESTABLISHED,89.77757234217262,89.0,23.805011433265737,19.0,16.04043234048833,12.0,starter-role-runtime-state-v1
2026-07-12,663969,ESTABLISHED,71.44720049684587,26.0,19.867510230219153,6.0,13.820337878440315,3.0,starter-role-runtime-state-v1
2026-07-12,664299,RESTRICTED,68.80824054095159,60.0,18.61430467352501,16.0,12.521928006835802,9.0,starter-role-runtime-state-v1
2026-07-12,667755,ESTABLISHED,88.63376094203215,77.0,22.408986959905384,20.0,15.571342652276371,15.0,starter-role-runtime-state-v1
2026-07-12,669022,ESTABLISHED,87.84779977112068,65.0,22.816818199022542,15.0,15.924196718712368,12.0,starter-role-runtime-state-v1
2026-07-12,669160,RESTRICTED,75.38536773657835,84.0,20.380924554127887,20.0,14.509894665228874,12.0,starter-role-runtime-state-v1
2026-07-12,669358,ESTABLISHED,95.87661847310304,104.0,25.202363793961247,22.0,17.710821086812203,14.0,starter-role-runtime-state-v1
2026-07-12,669372,ESTABLISHED,83.18512342998845,86.0,22.367883871340723,23.0,15.830319377047942,13.0,starter-role-runtime-state-v1
2026-07-12,669373,ESTABLISHED,88.86261918200341,93.0,22.887969822196034,21.0,17.645963460216787,15.0,starter-role-runtime-state-v1
2026-07-12,671096,ESTABLISHED,92.84691280030026,79.0,23.14059077033189,19.0,16.215273276959653,12.0,starter-role-runtime-state-v1
2026-07-12,671737,ESTABLISHED,94.98171816907957,99.0,23.192806407293357,28.0,16.817461927826095,21.0,starter-role-runtime-state-v1
2026-07-12,676106,ESTABLISHED,88.53066681499736,19.0,22.747339681206405,6.0,16.947723570097168,5.0,starter-role-runtime-state-v1
2026-07-12,676282,ESTABLISHED,87.73379458011152,85.0,21.854362191854644,22.0,15.464545418758751,15.0,starter-role-runtime-state-v1
2026-07-12,676917,ESTABLISHED,84.8870585944647,85.0,21.516451476082135,21.0,14.529529410705399,18.0,starter-role-runtime-state-v1
2026-07-12,688107,ESTABLISHED,86.25585585455025,58.0,22.4738901378456,18.0,16.09959862033078,9.0,starter-role-runtime-state-v1
2026-07-12,693855,RAMPING,79.11039169413633,78.0,19.80890572543528,19.0,14.59968977058077,10.0,starter-role-runtime-state-v1
2026-07-12,694973,ESTABLISHED,90.73347485772679,82.0,22.50024946892033,20.0,16.218479810519,16.0,starter-role-runtime-state-v1
2026-07-12,701542,ESTABLISHED,82.94346133853034,83.0,22.548240623078385,19.0,15.195520055624641,15.0,starter-role-runtime-state-v1
2026-07-12,801139,ESTABLISHED,83.2535628935458,66.0,22.266722277126355,15.0,16.246885142544716,11.0,starter-role-runtime-state-v1
2026-07-12,804267,ESTABLISHED,78.93083900486387,82.0,21.01610612592868,25.0,15.574886022813807,21.0,starter-role-runtime-state-v1
2026-07-16,605400,ESTABLISHED,89.52919432491987,97.0,22.533749993769646,27.0,15.551312906359318,18.0,starter-role-runtime-state-v1
2026-07-16,681035,ESTABLISHED,84.21861730123942,79.0,19.797214238461564,20.0,14.03545219426715,17.0,starter-role-runtime-state-v1
2026-07-17,518876,ESTABLISHED,92.19153941017068,87.0,25.453147980429993,21.0,17.63639617817582,15.0,starter-role-runtime-state-v1
2026-07-17,519242,ESTABLISHED,86.39800413305751,89.0,22.672400486337857,23.0,16.648626560631943,21.0,starter-role-runtime-state-v1
2026-07-17,543037,ESTABLISHED,90.05004209618721,103.0,23.467333474351214,23.0,16.921221613881997,18.0,starter-role-runtime-state-v1
2026-07-17,607625,ESTABLISHED,90.20559377447758,90.0,23.29011335399016,23.0,15.604246104729956,18.0,starter-role-runtime-state-v1
2026-07-17,615698,ESTABLISHED,70.24796794542682,86.0,19.296594869662584,23.0,13.341985164803958,12.0,starter-role-runtime-state-v1
2026-07-17,641743,ESTABLISHED,80.04964658043441,83.0,20.808243252546703,19.0,14.304036317904442,12.0,starter-role-runtime-state-v1
2026-07-17,641927,ESTABLISHED,85.73690821260948,88.0,23.139606599504077,21.0,16.55815701543724,16.0,starter-role-runtime-state-v1
2026-07-17,645261,ESTABLISHED,97.80984421848756,104.0,27.020644696392196,25.0,19.781476083077386,18.0,starter-role-runtime-state-v1
2026-07-17,650633,ESTABLISHED,86.81586398131493,97.0,22.821726389892596,21.0,16.644876621103638,15.0,starter-role-runtime-state-v1
2026-07-17,663567,ESTABLISHED,95.16168612642525,104.0,23.21431101334086,25.0,16.684968726768904,18.0,starter-role-runtime-state-v1
2026-07-17,663903,ESTABLISHED,90.00922809860285,96.0,22.748113184611007,26.0,15.734786210756672,21.0,starter-role-runtime-state-v1
2026-07-17,665152,ESTABLISHED,87.77515983349551,83.0,21.818432810552864,17.0,16.501184238839073,12.0,starter-role-runtime-state-v1
2026-07-17,672282,ESTABLISHED,94.22124109136038,86.0,23.670411979295004,22.0,16.7188487000611,18.0,starter-role-runtime-state-v1
2026-07-17,675512,ESTABLISHED,83.78735868055666,94.0,22.39592160785594,23.0,17.672694669793962,17.0,starter-role-runtime-state-v1
2026-07-17,676917,ESTABLISHED,82.37388005757708,95.0,21.17160010894857,21.0,14.845668447530677,18.0,starter-role-runtime-state-v1
2026-07-17,682243,ESTABLISHED,84.10839584803347,91.0,22.170120529649314,26.0,16.929045716580266,17.0,starter-role-runtime-state-v1
2026-07-17,687562,ESTABLISHED,84.95439585190996,65.0,23.50005629397223,21.0,18.601012442066025,18.0,starter-role-runtime-state-v1
2026-07-17,694738,ESTABLISHED,95.76202256392051,97.0,22.796646903540548,24.0,15.750281279302756,21.0,starter-role-runtime-state-v1
2026-07-17,695611,ESTABLISHED,88.76126170729673,87.0,22.229829016151683,17.0,15.667255200946812,11.0,starter-role-runtime-state-v1
2026-07-17,700241,ESTABLISHED,89.01265683243051,94.0,22.861178748730698,26.0,17.194039162472336,19.0,starter-role-runtime-state-v1
2026-07-17,701656,RAMPING,80.23685701882417,73.0,19.65358180832657,17.0,14.770164933376211,15.0,starter-role-runtime-state-v1
2026-07-17,808963,ESTABLISHED,84.4450551287706,94.0,21.25755420582191,22.0,14.8034880093978,17.0,starter-role-runtime-state-v1
2026-07-18,571510,ESTABLISHED,86.50803528393281,91.0,22.52702967516725,21.0,16.173535536581777,18.0,starter-role-runtime-state-v1
2026-07-18,608372,ESTABLISHED,86.8230493882979,77.0,22.4037488150654,24.0,15.544385732976831,19.0,starter-role-runtime-state-v1
2026-07-18,640455,ESTABLISHED,89.84083477101207,99.0,21.335849051326328,24.0,14.939304339977944,14.0,starter-role-runtime-state-v1
2026-07-18,657277,ESTABLISHED,92.10172277256765,100.0,25.2839105030936,26.0,18.62180645299732,20.0,starter-role-runtime-state-v1
2026-07-18,663436,ESTABLISHED,85.51003071348428,85.0,22.16384416771298,23.0,15.365769453284068,17.0,starter-role-runtime-state-v1
2026-07-18,663776,RESTRICTED,80.43159093051379,76.0,20.945187893872035,23.0,14.411429855184041,15.0,starter-role-runtime-state-v1
2026-07-18,666200,ESTABLISHED,95.7629389044716,90.0,24.360087287759,20.0,17.90036621586467,15.0,starter-role-runtime-state-v1
2026-07-18,668909,ESTABLISHED,95.44223036119509,84.0,23.803049864884596,25.0,17.38548883459284,18.0,starter-role-runtime-state-v1
2026-07-18,669022,ESTABLISHED,85.34623688892539,87.0,21.91139885522984,27.0,15.505543306766471,17.0,starter-role-runtime-state-v1
2026-07-18,669160,RESTRICTED,76.97797276659777,98.0,20.419118722312966,25.0,14.255260781129214,15.0,starter-role-runtime-state-v1
2026-07-18,669372,ESTABLISHED,84.58754589964745,82.0,22.57078458473149,23.0,15.551860228902,19.0,starter-role-runtime-state-v1
2026-07-18,669373,ESTABLISHED,91.5930348256957,87.0,22.92191363050761,24.0,17.426741142909393,21.0,starter-role-runtime-state-v1
2026-07-18,669432,ESTABLISHED,88.47688318860182,99.0,22.534146439553716,27.0,16.599823627752258,19.0,starter-role-runtime-state-v1
2026-07-18,669456,ESTABLISHED,92.13010427679224,80.0,22.941161637501114,22.0,15.972444390369137,18.0,starter-role-runtime-state-v1
2026-07-18,671737,ESTABLISHED,96.19025446544502,94.0,23.77467601493506,25.0,17.281461553333873,15.0,starter-role-runtime-state-v1
2026-07-18,675660,ESTABLISHED,81.21830474603067,90.0,22.021515134969327,25.0,15.65848004183194,18.0,starter-role-runtime-state-v1
2026-07-18,680570,ESTABLISHED,82.24434922280292,87.0,21.71815071322979,22.0,14.910174196651303,12.0,starter-role-runtime-state-v1
2026-07-18,683003,ESTABLISHED,80.40174444738498,74.0,19.806865547573537,19.0,14.451604958342658,15.0,starter-role-runtime-state-v1
2026-07-18,693433,ESTABLISHED,90.83915697828212,98.0,23.730458367283426,26.0,17.2074459479322,18.0,starter-role-runtime-state-v1
2026-07-18,693855,RAMPING,80.5671615096505,61.0,19.867929451198236,13.0,13.944472624176477,9.0,starter-role-runtime-state-v1
2026-07-18,694297,ESTABLISHED,79.80227932744836,87.0,22.196231901427986,23.0,16.053889741153537,16.0,starter-role-runtime-state-v1
2026-07-18,695076,ESTABLISHED,88.63468487264494,48.0,22.557035267735237,18.0,14.39565056501962,7.0,starter-role-runtime-state-v1
2026-07-19,543243,ESTABLISHED,83.8092337406621,91.0,23.370715099914168,26.0,17.810362838365467,18.0,starter-role-runtime-state-v1
2026-07-19,592662,ESTABLISHED,94.73520782416318,86.0,23.602872805586813,22.0,16.905951164404684,12.0,starter-role-runtime-state-v1
2026-07-19,593958,ESTABLISHED,93.70510788143503,68.0,24.087143858496802,16.0,17.939868820844808,8.0,starter-role-runtime-state-v1
2026-07-19,656492,ESTABLISHED,94.20145498884926,97.0,23.568320546396713,28.0,17.99470833514308,21.0,starter-role-runtime-state-v1
2026-07-19,656550,RAMPING,86.66410187315525,74.0,21.500143868019546,24.0,14.40039862254942,15.0,starter-role-runtime-state-v1
2026-07-19,663372,ESTABLISHED,82.52714207426433,71.0,21.63813756479926,18.0,15.307593708127769,7.0,starter-role-runtime-state-v1
2026-07-19,663554,ESTABLISHED,87.93368003507857,74.0,22.504805951358794,16.0,16.84495297027135,10.0,starter-role-runtime-state-v1
2026-07-19,663556,ESTABLISHED,78.43234334036053,87.0,21.077322468702572,24.0,15.606594740367404,15.0,starter-role-runtime-state-v1
2026-07-19,669302,ESTABLISHED,94.25106182385011,95.0,24.033485310710198,23.0,18.604238454785783,18.0,starter-role-runtime-state-v1
2026-07-19,669467,ESTABLISHED,94.12065609487061,88.0,23.898707592595084,22.0,16.778610980933745,16.0,starter-role-runtime-state-v1
2026-07-19,676282,ESTABLISHED,88.68300760283778,80.0,22.012915706724662,25.0,15.44915519749393,15.0,starter-role-runtime-state-v1
2026-07-19,680732,ESTABLISHED,91.28174574970795,98.0,22.789341874972493,23.0,16.20727204960712,20.0,starter-role-runtime-state-v1
2026-07-19,682052,RESTRICTED,70.94793047470131,84.0,18.912534375610882,19.0,12.685748061548622,13.0,starter-role-runtime-state-v1
2026-07-19,684007,ESTABLISHED,91.95167155704146,99.0,23.124958937703205,26.0,16.847636256481987,21.0,starter-role-runtime-state-v1
2026-07-19,686613,ESTABLISHED,95.51137603589486,92.0,23.084651735778838,24.0,16.333979650145025,14.0,starter-role-runtime-state-v1
2026-07-19,687064,ESTABLISHED,89.58035172256935,95.0,24.261172332546636,27.0,16.877886242599885,21.0,starter-role-runtime-state-v1
2026-07-19,688107,ESTABLISHED,80.14192959038535,86.0,21.634034690213866,18.0,15.061102078271192,15.0,starter-role-runtime-state-v1
2026-07-19,690997,ESTABLISHED,94.5077564452266,93.0,24.00733139592432,21.0,17.105591758821543,18.0,starter-role-runtime-state-v1
2026-07-19,691587,ESTABLISHED,91.32938711123177,93.0,21.432193579662183,22.0,16.236867941947125,18.0,starter-role-runtime-state-v1
2026-07-19,693645,ESTABLISHED,92.934749315418,98.0,23.916568432701908,20.0,17.748477038854432,13.0,starter-role-runtime-state-v1
2026-07-19,694973,ESTABLISHED,90.02175558156831,100.0,22.25286013146026,25.0,16.221643017233472,21.0,starter-role-runtime-state-v1
2026-07-19,696270,ESTABLISHED,82.08500245648206,91.0,20.038111871895918,20.0,14.292089365466222,15.0,starter-role-runtime-state-v1
2026-07-19,702070,ESTABLISHED,95.01682772281649,90.0,23.820841430292734,26.0,16.143500918665616,15.0,starter-role-runtime-state-v1
2026-07-19,805673,ESTABLISHED,90.35593324266264,87.0,24.115250312106543,22.0,17.127391621549826,9.0,starter-role-runtime-state-v1
2026-07-19,808967,ESTABLISHED,97.49846696050363,102.0,24.985209258755873,30.0,19.447938199289545,27.0,starter-role-runtime-state-v1
2026-07-20,592791,RESTRICTED,78.61610216956562,75.0,20.587655484279594,20.0,14.768568346874359,13.0,starter-role-runtime-state-v1
2026-07-20,594798,ESTABLISHED,88.86257776385484,97.0,22.515351573392977,23.0,17.049688444028057,14.0,starter-role-runtime-state-v1
2026-07-20,605488,ESTABLISHED,88.8990301855026,78.0,22.428493482838764,20.0,14.746795477473855,15.0,starter-role-runtime-state-v1
2026-07-20,607259,ESTABLISHED,81.09292669865927,82.0,22.99789402422789,24.0,17.045619794106898,18.0,starter-role-runtime-state-v1
2026-07-20,607536,ESTABLISHED,83.62878992187233,91.0,23.66415379449778,27.0,16.00577845947381,18.0,starter-role-runtime-state-v1
2026-07-20,608379,ESTABLISHED,96.89888618401181,96.0,25.741581801963942,23.0,18.35414396579839,18.0,starter-role-runtime-state-v1
2026-07-20,642547,ESTABLISHED,95.47933530772619,107.0,22.75226653926285,26.0,14.859730367343088,16.0,starter-role-runtime-state-v1
2026-07-20,650911,ESTABLISHED,94.16099638853233,99.0,25.879127629320923,25.0,18.769551887138824,16.0,starter-role-runtime-state-v1
2026-07-20,656302,ESTABLISHED,103.89634183170048,101.0,23.729202244546727,26.0,17.630950388717782,18.0,starter-role-runtime-state-v1
2026-07-20,667755,ESTABLISHED,89.99277948524302,95.0,22.43708757879578,25.0,15.589075416055152,21.0,starter-role-runtime-state-v1
2026-07-20,669358,ESTABLISHED,98.42523738445574,77.0,25.002504942882382,25.0,17.33257022687818,18.0,starter-role-runtime-state-v1
2026-07-20,669923,ESTABLISHED,92.15554863478692,80.0,25.082531813772476,21.0,17.963713502028874,18.0,starter-role-runtime-state-v1
2026-07-20,671096,ESTABLISHED,91.61608125906157,100.0,22.71126527753153,24.0,15.749706552069513,18.0,starter-role-runtime-state-v1
2026-07-20,674841,ESTABLISHED,83.80015163762724,74.0,20.260374215656363,21.0,13.689006091777433,13.0,starter-role-runtime-state-v1
2026-07-20,676083,ESTABLISHED,84.25122014646506,80.0,22.783496941154898,19.0,16.14241208630611,12.0,starter-role-runtime-state-v1
2026-07-20,676440,ESTABLISHED,85.76394362259414,95.0,23.19111883703038,25.0,17.555026244047625,18.0,starter-role-runtime-state-v1
2026-07-20,677952,ESTABLISHED,91.13005630575012,74.0,23.64259301382937,20.0,17.14938638924773,9.0,starter-role-runtime-state-v1
2026-07-20,677960,ESTABLISHED,84.98679507559208,99.0,21.771061681640553,23.0,15.202887081323414,14.0,starter-role-runtime-state-v1
2026-07-20,681517,RESTRICTED,74.75872967754766,95.0,19.765977656307896,20.0,14.55071806268489,18.0,starter-role-runtime-state-v1
2026-07-20,683352,RESTRICTED,60.0,84.0,14.478082215162011,23.0,9.126605409875566,14.0,starter-role-runtime-state-v1
2026-07-20,693821,ESTABLISHED,81.19188448019332,77.0,23.46876941626916,22.0,16.129854418688552,18.0,starter-role-runtime-state-v1
2026-07-20,694819,ESTABLISHED,92.75466401673486,65.0,23.30306115222615,17.0,18.449725010794538,12.0,starter-role-runtime-state-v1
2026-07-20,801139,ESTABLISHED,80.75813981400238,88.0,21.265534589435575,26.0,15.567687576164044,17.0,starter-role-runtime-state-v1
2026-07-21,547179,ESTABLISHED,87.81592330127836,80.0,23.006331053654556,19.0,14.917350251911493,11.0,starter-role-runtime-state-v1
2026-07-21,554430,ESTABLISHED,99.13817284333646,93.0,23.809054463012604,25.0,18.486154923193695,21.0,starter-role-runtime-state-v1
2026-07-21,592332,ESTABLISHED,95.68448208416261,90.0,24.109401117040072,21.0,16.802570032376526,10.0,starter-role-runtime-state-v1
2026-07-21,621111,ESTABLISHED,81.5744995338336,90.0,20.53774387544658,24.0,13.77315949451887,17.0,starter-role-runtime-state-v1
2026-07-21,622491,ESTABLISHED,94.40532655336787,101.0,23.157853732158422,27.0,16.047298819300604,21.0,starter-role-runtime-state-v1
2026-07-21,641816,ESTABLISHED,88.48579727546064,91.0,22.626910455737935,22.0,15.925721689580199,15.0,starter-role-runtime-state-v1
2026-07-21,656849,ESTABLISHED,80.63216720003437,94.0,22.01876689675568,24.0,14.230315813110131,20.0,starter-role-runtime-state-v1
2026-07-21,656876,ESTABLISHED,80.60459427867268,93.0,20.777891258585434,23.0,15.626608581451507,15.0,starter-role-runtime-state-v1
2026-07-21,663969,RESTRICTED,63.98760166049089,68.0,17.788363580848674,18.0,12.254047739417345,13.0,starter-role-runtime-state-v1
2026-07-21,664285,ESTABLISHED,89.44707943028521,42.0,24.948687183688772,10.0,17.296175182077164,2.0,starter-role-runtime-state-v1
2026-07-21,669461,ESTABLISHED,83.29077043717572,95.0,21.56147787799903,25.0,14.602188086104338,16.0,starter-role-runtime-state-v1
2026-07-21,677958,ESTABLISHED,86.15607687149726,75.0,21.642663541437848,21.0,14.51235477874037,18.0,starter-role-runtime-state-v1
2026-07-21,678022,ESTABLISHED,84.45986318588106,87.0,21.234506785302145,21.0,13.650352718141612,15.0,starter-role-runtime-state-v1
2026-07-21,680736,ESTABLISHED,95.92524751478452,89.0,25.76224384544275,25.0,19.061009115561426,19.0,starter-role-runtime-state-v1
2026-07-21,695505,ESTABLISHED,93.21514456551225,91.0,22.58624625289155,20.0,16.517420164624344,15.0,starter-role-runtime-state-v1
2026-07-21,700712,ESTABLISHED,90.15826486201101,98.0,22.149433175741528,24.0,15.641053886951108,18.0,starter-role-runtime-state-v1
2026-07-21,800048,ESTABLISHED,91.00472830597309,88.0,23.679077447266444,22.0,17.655260409132655,17.0,starter-role-runtime-state-v1
2026-07-21,804267,ESTABLISHED,80.09929884579526,81.0,22.44249064331993,20.0,17.537753177834418,18.0,starter-role-runtime-state-v1
2026-07-22,518876,ESTABLISHED,88.59249857818098,87.0,24.560909424878233,19.0,17.23109478555189,15.0,starter-role-runtime-state-v1
2026-07-22,527048,ESTABLISHED,82.27672399998947,75.0,21.430130053073594,16.0,15.178552698747673,12.0,starter-role-runtime-state-v1
2026-07-22,543037,ESTABLISHED,90.99900280096634,93.0,23.352429676551964,25.0,17.02419139201978,21.0,starter-role-runtime-state-v1
2026-07-22,605400,ESTABLISHED,91.1701219726988,85.0,23.097115623075705,23.0,15.841117798977788,16.0,starter-role-runtime-state-v1
2026-07-22,607625,ESTABLISHED,87.51915759959853,94.0,22.956468490550805,26.0,15.79372161828564,21.0,starter-role-runtime-state-v1
2026-07-22,608331,ESTABLISHED,90.73055152357794,57.0,23.48684312314971,16.0,17.701885207822325,15.0,starter-role-runtime-state-v1
2026-07-22,641743,ESTABLISHED,80.19710862108622,79.0,20.55379397480459,22.0,14.005606057021668,15.0,starter-role-runtime-state-v1
2026-07-22,641778,ESTABLISHED,87.82681145053189,91.0,22.734787028122938,21.0,15.716745185775387,16.0,starter-role-runtime-state-v1
2026-07-22,641927,ESTABLISHED,85.18225313971696,89.0,22.777775099857784,21.0,16.451378200771895,12.0,starter-role-runtime-state-v1
2026-07-22,645261,ESTABLISHED,97.85550482217324,108.0,26.709642290423,30.0,19.55853869914074,21.0,starter-role-runtime-state-v1
2026-07-22,650633,ESTABLISHED,87.8384434855381,104.0,22.599877543374532,27.0,16.455166253301154,18.0,starter-role-runtime-state-v1
2026-07-22,663567,ESTABLISHED,94.67003181195963,89.0,23.24959778153866,26.0,16.7805454485966,18.0,starter-role-runtime-state-v1
2026-07-22,663903,ESTABLISHED,88.94201552692202,101.0,22.89016241597747,26.0,16.240532620573283,20.0,starter-role-runtime-state-v1
2026-07-22,665152,ESTABLISHED,85.17634486071226,87.0,21.01793236214385,27.0,15.914006575771978,18.0,starter-role-runtime-state-v1
2026-07-22,672282,ESTABLISHED,90.34794300104676,85.0,23.157213114721017,19.0,16.767565181598574,16.0,starter-role-runtime-state-v1
2026-07-22,672456,RAMPING,84.41889143905793,81.0,23.061534030711826,20.0,17.310012758756677,16.0,starter-role-runtime-state-v1
2026-07-22,676106,ESTABLISHED,76.70029807436072,95.0,20.543100977436787,24.0,15.574878354437889,18.0,starter-role-runtime-state-v1
2026-07-22,676917,ESTABLISHED,82.33772142092826,90.0,20.992324776332147,24.0,15.154017732763414,18.0,starter-role-runtime-state-v1
2026-07-22,680694,ESTABLISHED,93.5697974273876,89.0,24.03308378332367,23.0,17.570204666001324,18.0,starter-role-runtime-state-v1
2026-07-22,680755,OPENER_LIKE,60.0,26.0,10.450975965060262,5.0,6.0,4.0,starter-role-runtime-state-v1
2026-07-22,681035,ESTABLISHED,83.87840667347524,89.0,19.850607131508944,18.0,14.395027705072112,11.0,starter-role-runtime-state-v1
2026-07-22,687312,ESTABLISHED,86.2712585187455,88.0,22.255864241465147,21.0,16.89854405058233,15.0,starter-role-runtime-state-v1
2026-07-22,687562,ESTABLISHED,77.95656947087622,83.0,22.632035192099348,26.0,18.361774071343756,17.0,starter-role-runtime-state-v1
2026-07-22,690928,RAMPING,80.03800114741514,86.0,19.979015343936727,24.0,13.762170468980335,18.0,starter-role-runtime-state-v1
2026-07-22,694738,ESTABLISHED,93.10519010794512,91.0,22.62479993582268,22.0,16.240309970825884,18.0,starter-role-runtime-state-v1
2026-07-22,695611,ESTABLISHED,85.81449262864265,83.0,21.036850621963602,24.0,14.811534035969414,14.0,starter-role-runtime-state-v1
2026-07-22,696149,ESTABLISHED,89.98400500040252,84.0,22.887173441444567,21.0,15.13087702913314,19.0,starter-role-runtime-state-v1
2026-07-22,701656,ESTABLISHED,74.72523740895993,80.0,18.75428683040768,20.0,14.659965659258983,15.0,starter-role-runtime-state-v1
2026-07-23,519242,ESTABLISHED,86.60251638417063,98.0,22.7044231295581,25.0,17.14342952322135,18.0,starter-role-runtime-state-v1
2026-07-23,668909,ESTABLISHED,90.57114934588425,97.0,23.51436696613453,23.0,17.337475572821766,21.0,starter-role-runtime-state-v1
2026-07-23,669456,ESTABLISHED,88.21206925212643,86.0,22.554058931040615,24.0,16.12949539488949,21.0,starter-role-runtime-state-v1
2026-07-23,671737,ESTABLISHED,94.54081744883885,109.0,23.732487120641434,25.0,16.969048874653275,21.0,starter-role-runtime-state-v1
2026-07-23,675512,ESTABLISHED,86.10645470076248,90.0,22.58863348594112,24.0,17.613041010885063,15.0,starter-role-runtime-state-v1
2026-07-23,694297,ESTABLISHED,81.5919541260922,87.0,22.414503791282378,26.0,16.078881917204342,18.0,starter-role-runtime-state-v1
2026-07-23,700241,ESTABLISHED,88.95686321677343,95.0,23.113175420205984,27.0,17.35181630066888,19.0,starter-role-runtime-state-v1
2026-07-24,571510,ESTABLISHED,89.2331138828686,97.0,22.605513674479482,29.0,16.462991675751343,21.0,starter-role-runtime-state-v1
2026-07-24,593958,ESTABLISHED,87.13224810643443,98.0,22.743228254026327,27.0,16.63662035117646,18.0,starter-role-runtime-state-v1
2026-07-24,608372,ESTABLISHED,83.42458903570463,93.0,22.286350566346727,23.0,15.82276634445996,16.0,starter-role-runtime-state-v1
2026-07-24,640455,ESTABLISHED,91.4476029227847,84.0,21.676653283190753,24.0,14.85077226750208,18.0,starter-role-runtime-state-v1
2026-07-24,656550,ESTABLISHED,82.72301832667179,91.0,21.459360108348584,22.0,14.388004544907295,15.0,starter-role-runtime-state-v1
2026-07-24,657277,ESTABLISHED,93.74056401953841,99.0,25.449907437310223,25.0,18.791040772047484,18.0,starter-role-runtime-state-v1
2026-07-24,663436,ESTABLISHED,85.98637743891854,88.0,22.30897525639247,23.0,15.552579506279077,15.0,starter-role-runtime-state-v1
2026-07-24,663556,ESTABLISHED,79.47032573770984,71.0,21.403419674536664,19.0,15.546420168674068,15.0,starter-role-runtime-state-v1
2026-07-24,663776,RESTRICTED,79.50644317187846,84.0,21.106095220503644,22.0,14.475190086555571,14.0,starter-role-runtime-state-v1
2026-07-24,666200,ESTABLISHED,94.46519568261905,105.0,23.780581405646267,26.0,17.55887526096224,21.0,starter-role-runtime-state-v1
2026-07-24,669022,ESTABLISHED,85.39617995059444,96.0,22.399583403125025,23.0,15.659798587594839,15.0,starter-role-runtime-state-v1
2026-07-24,669160,RAMPING,86.59190175858882,89.0,21.76835020814537,27.0,14.567724402043977,18.0,starter-role-runtime-state-v1
2026-07-24,669373,ESTABLISHED,90.63437644763366,91.0,22.99204442501088,28.0,17.810314285440132,22.0,starter-role-runtime-state-v1
2026-07-24,669432,ESTABLISHED,91.28519713992239,88.0,23.204156873275693,26.0,16.91383989849794,21.0,starter-role-runtime-state-v1
2026-07-24,675660,ESTABLISHED,83.23347018530846,92.0,22.55977153914221,25.0,16.043887462593347,18.0,starter-role-runtime-state-v1
2026-07-24,676282,ESTABLISHED,84.57818831162106,74.0,21.96097786311129,20.0,15.308598697583871,11.0,starter-role-runtime-state-v1
2026-07-24,680570,ESTABLISHED,82.40286030205174,80.0,21.71295367923033,18.0,14.574628781175221,12.0,starter-role-runtime-state-v1
2026-07-24,682052,RESTRICTED,71.20256777339414,91.0,18.79689044398549,21.0,12.696549719430621,15.0,starter-role-runtime-state-v1
2026-07-24,682243,ESTABLISHED,85.46882376829794,89.0,22.648364068754592,23.0,16.95558993500748,16.0,starter-role-runtime-state-v1
2026-07-24,683003,ESTABLISHED,78.92300488017167,83.0,19.642250923768692,21.0,14.498753972531578,18.0,starter-role-runtime-state-v1
2026-07-24,687473,RESTRICTED,72.32495238957152,57.0,19.267545676168687,13.0,12.602452300322001,10.0,starter-role-runtime-state-v1
2026-07-24,693645,ESTABLISHED,94.06765684567515,99.0,23.497862847764868,26.0,17.209065754799813,22.0,starter-role-runtime-state-v1
2026-07-24,695076,ESTABLISHED,77.68885928247482,76.0,21.349282002460377,18.0,13.292564957158024,15.0,starter-role-runtime-state-v1
2026-07-24,805673,ESTABLISHED,87.81020139512054,92.0,23.613977596659122,22.0,16.12613750897077,18.0,starter-role-runtime-state-v1
2026-07-24,808963,ESTABLISHED,87.30198399275005,94.0,21.53925042369795,25.0,15.107931334554788,21.0,starter-role-runtime-state-v1
2026-07-25,543243,ESTABLISHED,83.73913914640755,75.0,23.552264904562072,23.0,17.804646697337045,15.0,starter-role-runtime-state-v1
2026-07-25,592662,ESTABLISHED,93.09122834160124,80.0,23.346585994296603,25.0,16.33202114157734,18.0,starter-role-runtime-state-v1
2026-07-25,607259,ESTABLISHED,79.02218594453707,84.0,22.83927016079857,21.0,17.068267169090994,18.0,starter-role-runtime-state-v1
2026-07-25,608379,ESTABLISHED,94.64821148905816,96.0,25.154081039890503,28.0,18.23936897797378,21.0,starter-role-runtime-state-v1
2026-07-25,656302,ESTABLISHED,100.74491060318863,120.0,23.666375844323635,30.0,17.58328162813219,27.0,starter-role-runtime-state-v1
2026-07-25,656492,ESTABLISHED,92.87663737532895,108.0,23.884917258479557,26.0,18.291445343182815,20.0,starter-role-runtime-state-v1
2026-07-25,663372,ESTABLISHED,79.83578198351617,82.0,21.05733483251515,23.0,14.2956257603532,15.0,starter-role-runtime-state-v1
2026-07-25,663554,ESTABLISHED,83.37255324784962,85.0,21.373213770724156,21.0,15.928849566177343,18.0,starter-role-runtime-state-v1
2026-07-25,669467,ESTABLISHED,92.48253046703759,90.0,23.57740528633223,24.0,16.652516089631767,21.0,starter-role-runtime-state-v1
2026-07-25,669620,RESTRICTED,62.15011283632272,36.0,17.56392461811121,10.0,11.211153706590931,7.0,starter-role-runtime-state-v1
2026-07-25,676440,ESTABLISHED,85.69931023480007,107.0,23.2684653974823,28.0,17.581875769943103,18.0,starter-role-runtime-state-v1
2026-07-25,677960,ESTABLISHED,90.10778983802558,97.0,22.313865765793576,24.0,15.180367203264295,17.0,starter-role-runtime-state-v1
2026-07-25,680732,ESTABLISHED,93.09422194111077,102.0,22.944071224643555,24.0,16.67305500652438,18.0,starter-role-runtime-state-v1
2026-07-25,681190,ESTABLISHED,77.68922618289147,37.0,20.876820654413947,10.0,14.020662326624873,8.0,starter-role-runtime-state-v1
2026-07-25,683352,OPENER_LIKE,65.73911827369282,92.0,17.202508891923998,26.0,10.85512609017837,15.0,starter-role-runtime-state-v1
2026-07-25,684007,ESTABLISHED,92.88557045282602,84.0,23.462648561780817,23.0,17.31035296942451,18.0,starter-role-runtime-state-v1
2026-07-25,686613,ESTABLISHED,92.74782195609838,90.0,22.927515426269743,23.0,16.00869447582727,21.0,starter-role-runtime-state-v1
2026-07-25,687064,ESTABLISHED,90.08388261383375,94.0,24.547481236812462,25.0,17.324928017810617,19.0,starter-role-runtime-state-v1
2026-07-25,688107,ESTABLISHED,79.93378212413043,77.0,21.017352057666663,23.0,15.032002343085828,18.0,starter-role-runtime-state-v1
2026-07-25,690997,ESTABLISHED,94.42466743375876,96.0,23.658273336859374,27.0,17.222567253090592,18.0,starter-role-runtime-state-v1
2026-07-25,691587,ESTABLISHED,92.6111238497074,104.0,21.613884323625527,28.0,16.4726534239471,21.0,starter-role-runtime-state-v1
2026-07-25,693433,ESTABLISHED,93.095540774492,95.0,24.151705152393273,25.0,17.340525332593963,15.0,starter-role-runtime-state-v1
2026-07-25,693821,ESTABLISHED,78.55224010757075,98.0,23.027970061078626,22.0,16.27762108621348,15.0,starter-role-runtime-state-v1
2026-07-25,694973,ESTABLISHED,93.48697365181629,105.0,22.81446342029508,25.0,16.816112708638787,16.0,starter-role-runtime-state-v1
2026-07-25,696270,ESTABLISHED,84.31099768484215,69.0,20.083123619372003,20.0,14.44622645835984,10.0,starter-role-runtime-state-v1
2026-07-25,808967,ESTABLISHED,99.06514990738216,100.0,25.632037926033657,26.0,20.288764415591608,18.0,starter-role-runtime-state-v1
2026-07-26,592332,ESTABLISHED,93.88108069387482,98.0,23.61452638605142,24.0,15.986493011197078,18.0,starter-role-runtime-state-v1
2026-07-26,592791,RESTRICTED,78.49235180773799,69.0,20.552809788803977,19.0,14.583405090427648,12.0,starter-role-runtime-state-v1
2026-07-26,594798,ESTABLISHED,89.93248888374946,90.0,22.586296704176185,22.0,16.714302134541068,15.0,starter-role-runtime-state-v1
2026-07-26,605488,ESTABLISHED,87.7639404344807,36.0,22.171907726018063,9.0,14.790782528619763,4.0,starter-role-runtime-state-v1
2026-07-26,607536,ESTABLISHED,85.55719605516266,87.0,24.16060210319617,23.0,16.25316259739361,16.0,starter-role-runtime-state-v1
2026-07-26,621111,ESTABLISHED,81.76907870182478,92.0,20.817298661543358,22.0,14.096128011011789,16.0,starter-role-runtime-state-v1
2026-07-26,624133,ESTABLISHED,84.17245152082008,64.0,22.28260244443576,15.0,15.842311924186617,12.0,starter-role-runtime-state-v1
2026-07-26,642547,ESTABLISHED,98.21650453721547,93.0,23.266515728693886,20.0,15.027125816225125,12.0,starter-role-runtime-state-v1
2026-07-26,650911,ESTABLISHED,95.62012865182673,101.0,25.887119383056366,28.0,18.490283899747524,18.0,starter-role-runtime-state-v1
2026-07-26,656876,ESTABLISHED,80.07040238480619,87.0,20.805462333655527,24.0,15.49873637105739,21.0,starter-role-runtime-state-v1
2026-07-26,664285,ESTABLISHED,78.46819876219394,97.0,22.472644197707023,24.0,15.093783854971303,15.0,starter-role-runtime-state-v1
2026-07-26,667755,ESTABLISHED,90.01346424807664,85.0,22.656546109149414,20.0,16.168093734510073,15.0,starter-role-runtime-state-v1
2026-07-26,669302,ESTABLISHED,93.87989171967845,93.0,23.870160037833784,24.0,18.523802611833318,17.0,starter-role-runtime-state-v1
2026-07-26,669358,ESTABLISHED,93.23814405485282,90.0,24.66315671527304,19.0,17.291953384807965,13.0,starter-role-runtime-state-v1
2026-07-26,671096,ESTABLISHED,92.83894397878271,100.0,22.894383806191982,24.0,16.024417860748468,18.0,starter-role-runtime-state-v1
2026-07-26,676083,ESTABLISHED,83.41935264888026,75.0,22.29494241472817,21.0,15.648408934562681,14.0,starter-role-runtime-state-v1
2026-07-26,677952,ESTABLISHED,86.96054694014772,93.0,22.96768451953356,26.0,16.108304920190186,18.0,starter-role-runtime-state-v1
2026-07-26,681517,ESTABLISHED,77.21647495787705,102.0,19.807452024808402,24.0,14.971754394979797,18.0,starter-role-runtime-state-v1
2026-07-26,687570,ESTABLISHED,89.77870643725402,72.0,23.282317590197238,18.0,15.799696772380875,17.0,starter-role-runtime-state-v1
2026-07-26,687931,ESTABLISHED,84.37605512909425,78.0,21.333079500136193,21.0,14.716785192550766,15.0,starter-role-runtime-state-v1
2026-07-26,694819,ESTABLISHED,85.97931583492809,83.0,22.184768192288487,17.0,17.570628859755217,15.0,starter-role-runtime-state-v1
2026-07-26,701542,ESTABLISHED,83.3863529747361,68.0,22.193100567929957,17.0,15.203317958412617,9.0,starter-role-runtime-state-v1
2026-07-26,800048,ESTABLISHED,90.47450082845707,94.0,23.46172398185107,29.0,17.573628917570556,23.0,starter-role-runtime-state-v1
2026-07-27,453286,RAMPING,80.08268687922717,75.0,19.151845947422927,15.0,12.365163488003834,8.0,starter-role-runtime-state-v1
2026-07-27,518876,ESTABLISHED,87.59719771552352,93.0,23.792871673979953,22.0,16.966298189742172,17.0,starter-role-runtime-state-v1
2026-07-27,527048,ESTABLISHED,79.87865964598532,87.0,20.58781087256367,24.0,14.764295158983462,15.0,starter-role-runtime-state-v1
2026-07-27,554430,ESTABLISHED,97.2088891555737,68.0,23.793974450110795,16.0,18.710997872701093,9.0,starter-role-runtime-state-v1
2026-07-27,608331,ESTABLISHED,81.87595572426204,66.0,22.098037248266657,15.0,17.28605269925998,9.0,starter-role-runtime-state-v1
2026-07-27,641816,ESTABLISHED,89.15605008416514,88.0,22.612650648119338,20.0,15.842743992553114,18.0,starter-role-runtime-state-v1
2026-07-27,656849,ESTABLISHED,84.84564680305175,86.0,22.570019677030373,22.0,14.942620345842332,17.0,starter-role-runtime-state-v1
2026-07-27,663969,RESTRICTED,64.11836607774663,76.0,17.774235446061212,20.0,12.338781767112513,15.0,starter-role-runtime-state-v1
2026-07-27,669461,ESTABLISHED,82.81086017849188,67.0,21.729456964358775,19.0,14.696492719436806,11.0,starter-role-runtime-state-v1
2026-07-27,669923,ESTABLISHED,89.68328471627241,66.0,24.49119457390584,20.0,17.94603921223021,12.0,starter-role-runtime-state-v1
2026-07-27,672456,ESTABLISHED,81.41842888736532,80.0,22.372970181533688,24.0,17.061230075180738,13.0,starter-role-runtime-state-v1
2026-07-27,677958,ESTABLISHED,83.81255958288153,88.0,21.44438852180747,25.0,14.867322355163308,20.0,starter-role-runtime-state-v1
2026-07-27,678022,ESTABLISHED,85.29179849678631,69.0,21.247802011807956,21.0,13.868971537950415,17.0,starter-role-runtime-state-v1
2026-07-27,680694,ESTABLISHED,91.73989366056065,93.0,23.749483067334694,24.0,17.54683743702937,14.0,starter-role-runtime-state-v1
2026-07-27,700712,ESTABLISHED,95.63259197815948,91.0,22.87433967339902,23.0,16.081304105349474,18.0,starter-role-runtime-state-v1
2026-07-27,801139,ESTABLISHED,83.23535769590057,90.0,22.003586122169757,22.0,15.80339332873604,16.0,starter-role-runtime-state-v1
2026-07-27,804267,ESTABLISHED,80.37261225451238,81.0,21.696742122426016,23.0,17.690203242776136,19.0,starter-role-runtime-state-v1
2026-07-28,543037,ESTABLISHED,93.13785366595243,99.0,23.76246500518627,24.0,17.538990269782403,18.0,starter-role-runtime-state-v1
2026-07-28,547179,ESTABLISHED,85.48668569494356,93.0,22.38941384473992,20.0,14.44379145701405,12.0,starter-role-runtime-state-v1
2026-07-28,605400,ESTABLISHED,89.49659561988577,93.0,22.96953140952465,23.0,15.828973605503524,17.0,starter-role-runtime-state-v1
2026-07-28,607625,ESTABLISHED,89.09399281354766,84.0,23.391247424187803,24.0,16.3820908824214,18.0,starter-role-runtime-state-v1
2026-07-28,615698,RAMPING,74.52506178994444,69.0,20.032159454709785,19.0,13.302451176227237,16.0,starter-role-runtime-state-v1
2026-07-28,622491,ESTABLISHED,94.50900762825523,90.0,23.496143705791113,26.0,16.562328799411908,15.0,starter-role-runtime-state-v1
2026-07-28,641743,ESTABLISHED,85.57070603680516,97.0,21.352911372456283,23.0,14.297214553168065,16.0,starter-role-runtime-state-v1
2026-07-28,645261,ESTABLISHED,101.05585799162633,97.0,27.325556792302287,27.0,19.80522743246078,21.0,starter-role-runtime-state-v1
2026-07-28,650633,ESTABLISHED,94.28541097143999,98.0,23.626568024882946,24.0,16.807910570612826,18.0,starter-role-runtime-state-v1
2026-07-28,663567,ESTABLISHED,95.10931345699069,90.0,23.656202994254162,24.0,16.943610636592233,15.0,starter-role-runtime-state-v1
2026-07-28,665152,ESTABLISHED,88.15332203796719,81.0,21.935804715873108,23.0,16.245378545532322,12.0,starter-role-runtime-state-v1
2026-07-28,668909,ESTABLISHED,92.77569354766337,101.0,23.624809329787013,24.0,17.80116644007451,21.0,starter-role-runtime-state-v1
2026-07-28,669456,ESTABLISHED,87.73354038577992,42.0,22.68593776893465,9.0,16.65402699485907,2.0,starter-role-runtime-state-v1
2026-07-28,671737,ESTABLISHED,96.07269334396952,102.0,23.85854448967431,23.0,17.390747592762427,18.0,starter-role-runtime-state-v1
2026-07-28,672282,ESTABLISHED,88.75803317876763,84.0,22.569081509405343,20.0,16.656924222487753,15.0,starter-role-runtime-state-v1
2026-07-28,675512,ESTABLISHED,86.1286741890859,92.0,22.71930124388257,24.0,17.248808274521565,21.0,starter-role-runtime-state-v1
2026-07-28,676917,ESTABLISHED,86.29057273181999,98.0,21.670981196968732,25.0,15.561564361018949,18.0,starter-role-runtime-state-v1
2026-07-28,680736,ESTABLISHED,95.13575714510573,102.0,25.674066131906173,25.0,19.050309117460852,18.0,starter-role-runtime-state-v1
2026-07-28,687562,ESTABLISHED,78.42446347627724,88.0,23.10470262451618,27.0,18.150458853702972,19.0,starter-role-runtime-state-v1
2026-07-28,694297,ESTABLISHED,83.55483831918109,101.0,22.957356564550718,28.0,16.331776268301013,21.0,starter-role-runtime-state-v1
2026-07-28,694738,ESTABLISHED,95.5670778149512,84.0,22.837293585833415,18.0,16.51552449686273,11.0,starter-role-runtime-state-v1
2026-07-28,695505,ESTABLISHED,93.35025598049987,89.0,22.31832806580133,22.0,16.35206171821951,15.0,starter-role-runtime-state-v1
2026-07-28,695611,ESTABLISHED,87.2079699934225,90.0,21.64916066963214,22.0,14.751960797527689,18.0,starter-role-runtime-state-v1
2026-07-28,696149,ESTABLISHED,87.59105845309115,91.0,22.462366218586915,21.0,15.54605181061291,12.0,starter-role-runtime-state-v1
2026-07-28,700241,ESTABLISHED,88.91801261748203,63.0,23.437619314818996,15.0,17.506663460081377,5.0,starter-role-runtime-state-v1
2026-07-28,701656,ESTABLISHED,75.62920130032137,93.0,18.946978498032855,21.0,14.714457039302292,17.0,starter-role-runtime-state-v1
2026-07-29,519242,ESTABLISHED,87.81759900140902,94.0,22.963850238986357,20.0,17.258926648217027,18.0,starter-role-runtime-state-v1
2026-07-29,571510,ESTABLISHED,89.53991371585198,89.0,23.20830846668624,28.0,16.933910807347,21.0,starter-role-runtime-state-v1
2026-07-29,593958,ESTABLISHED,87.76706106890707,105.0,23.13007020222748,28.0,16.78569299640023,24.0,starter-role-runtime-state-v1
2026-07-29,640455,ESTABLISHED,86.97266240025779,89.0,21.516743446527045,24.0,15.073181649222764,18.0,starter-role-runtime-state-v1
2026-07-29,641778,ESTABLISHED,88.5449121726016,87.0,22.56790359849967,20.0,15.76323714206077,18.0,starter-role-runtime-state-v1
2026-07-29,657277,ESTABLISHED,96.36940318971607,96.0,25.646459170893433,23.0,18.773645331120726,18.0,starter-role-runtime-state-v1
2026-07-29,663436,ESTABLISHED,86.99900241838728,106.0,22.47847273660359,25.0,15.518225135911262,18.0,starter-role-runtime-state-v1
2026-07-29,663776,ESTABLISHED,82.12841602222132,92.0,21.451175672419005,22.0,14.492095176686107,15.0,starter-role-runtime-state-v1
2026-07-29,663903,ESTABLISHED,91.96134547042799,100.0,23.43535959614237,25.0,16.71346861783081,13.0,starter-role-runtime-state-v1
2026-07-29,666200,ESTABLISHED,95.58798360311387,100.0,24.0378620429305,28.0,17.965507845247565,19.0,starter-role-runtime-state-v1
2026-07-29,669022,ESTABLISHED,85.7374307416402,95.0,22.367157206972493,25.0,15.552464593133621,21.0,starter-role-runtime-state-v1
2026-07-29,669160,ESTABLISHED,86.19717389325625,70.0,22.241112550076448,18.0,14.92513959563666,15.0,starter-role-runtime-state-v1
2026-07-29,669373,ESTABLISHED,88.94424575829073,92.0,23.296115212163286,25.0,18.177185514285775,20.0,starter-role-runtime-state-v1
2026-07-29,669432,ESTABLISHED,88.59118583622023,94.0,23.24321795343422,28.0,17.300694352667797,18.0,starter-role-runtime-state-v1
2026-07-29,669713,ESTABLISHED,80.76923118474896,79.0,21.143853574605792,25.0,14.94638240950435,17.0,starter-role-runtime-state-v1
2026-07-29,676106,ESTABLISHED,78.40171038391034,92.0,20.89729714481217,24.0,15.841392139303231,15.0,starter-role-runtime-state-v1
2026-07-29,676282,ESTABLISHED,81.87807567728137,89.0,21.574951195631222,17.0,14.784760539972464,12.0,starter-role-runtime-state-v1
2026-07-29,677976,ESTABLISHED,85.30839004863874,101.0,19.428960776145043,26.0,14.125956788163688,21.0,starter-role-runtime-state-v1
2026-07-29,680570,ESTABLISHED,85.25414438488832,98.0,21.635874234782694,22.0,14.382902534170867,15.0,starter-role-runtime-state-v1
2026-07-29,681035,ESTABLISHED,85.90912637667107,98.0,19.77099884087033,24.0,14.026876456303992,18.0,starter-role-runtime-state-v1
2026-07-29,682052,RESTRICTED,74.42716994721745,97.0,19.180095842323848,24.0,12.996023627067292,16.0,starter-role-runtime-state-v1
2026-07-29,683003,ESTABLISHED,79.5447412712974,77.0,19.821092986580084,24.0,14.8970062957616,18.0,starter-role-runtime-state-v1
2026-07-29,687312,ESTABLISHED,87.74582992164017,76.0,21.873831325552487,22.0,16.212366870026848,15.0,starter-role-runtime-state-v1
2026-07-29,687473,RESTRICTED,66.45512600007385,79.0,18.024687658143655,24.0,12.198608171312479,15.0,starter-role-runtime-state-v1
2026-07-29,693645,ESTABLISHED,94.25792479937324,93.0,23.72766005511665,23.0,17.71511899056408,19.0,starter-role-runtime-state-v1
2026-07-29,700363,RESTRICTED,74.58546930407758,69.0,19.821984120998817,19.0,13.980163382970112,13.0,starter-role-runtime-state-v1
2026-07-30,543243,ESTABLISHED,82.53105766347748,97.0,23.448258406985353,30.0,17.450655549591193,21.0,starter-role-runtime-state-v1
2026-07-30,592662,ESTABLISHED,89.69029086658276,86.0,23.28987270574828,22.0,16.443524743027687,18.0,starter-role-runtime-state-v1
2026-07-30,641927,ESTABLISHED,85.8097451106664,79.0,22.592471430609855,24.0,15.947921410423668,18.0,starter-role-runtime-state-v1
2026-07-30,656550,ESTABLISHED,84.69978962566726,69.0,21.643577101539886,21.0,14.488216555552345,14.0,starter-role-runtime-state-v1
2026-07-30,663556,ESTABLISHED,79.97710353902649,49.0,21.309828609018634,12.0,15.535197952425703,9.0,starter-role-runtime-state-v1
2026-07-30,663623,ESTABLISHED,82.81349831988359,61.0,20.562304678739228,20.0,14.245955797479823,15.0,starter-role-runtime-state-v1
2026-07-30,669467,ESTABLISHED,89.4184739837454,90.0,23.30035322154093,27.0,17.03769872918099,19.0,starter-role-runtime-state-v1
2026-07-30,677960,ESTABLISHED,91.83383671074202,106.0,22.60155748816725,26.0,15.390228119946213,21.0,starter-role-runtime-state-v1
2026-07-30,680732,ESTABLISHED,93.2972655176391,91.0,22.979020721007668,23.0,16.80177073964976,18.0,starter-role-runtime-state-v1
2026-07-30,686930,ESTABLISHED,87.53930739206658,73.0,20.838479917744298,21.0,13.55534566426719,15.0,starter-role-runtime-state-v1
2026-07-30,690997,ESTABLISHED,93.431481445442,99.0,23.882366049792047,26.0,17.273226022154528,19.0,starter-role-runtime-state-v1
2026-07-30,691587,ESTABLISHED,92.49825474918252,97.0,22.142405774043223,24.0,16.924609366322233,18.0,starter-role-runtime-state-v1
2026-07-30,693433,ESTABLISHED,89.79366476856339,91.0,23.822245201955145,22.0,16.966725152468914,15.0,starter-role-runtime-state-v1
2026-07-30,695076,RESTRICTED,75.16679477141935,90.0,20.652771421715734,23.0,13.457787832773674,18.0,starter-role-runtime-state-v1
2026-07-30,702070,ESTABLISHED,94.47916287811911,97.0,24.050396170521537,26.0,16.022668013414226,24.0,starter-role-runtime-state-v1
2026-07-30,808963,ESTABLISHED,88.76945049048919,90.0,22.001122056635083,24.0,15.780431808401223,16.0,starter-role-runtime-state-v1
2026-07-31,605488,RESTRICTED,75.51677365458599,86.0,19.97035834168566,20.0,13.290228234608524,12.0,starter-role-runtime-state-v1
2026-07-31,607259,ESTABLISHED,81.06543868239288,77.0,22.809022876553968,24.0,17.22344312450101,18.0,starter-role-runtime-state-v1
2026-07-31,608372,ESTABLISHED,85.4288414975724,83.0,22.4771923888526,24.0,15.877342536740585,20.0,starter-role-runtime-state-v1
2026-07-31,608379,ESTABLISHED,94.56541597083861,99.0,25.42848045090757,25.0,18.536613430141273,18.0,starter-role-runtime-state-v1
2026-07-31,624133,ESTABLISHED,77.84947532271642,65.0,20.964599100074274,18.0,15.293230368975069,14.0,starter-role-runtime-state-v1
2026-07-31,656302,ESTABLISHED,106.05199151424556,96.0,24.670617087732982,24.0,18.665762914282084,18.0,starter-role-runtime-state-v1
2026-07-31,656492,ESTABLISHED,97.16922915876124,78.0,24.423554275756544,25.0,18.578563190825825,16.0,starter-role-runtime-state-v1
2026-07-31,675660,ESTABLISHED,85.40355503054987,86.0,23.026819591528103,22.0,16.36318845763853,18.0,starter-role-runtime-state-v1
2026-07-31,676083,ESTABLISHED,79.85310011496718,79.0,21.840132422431118,21.0,15.37902141544226,15.0,starter-role-runtime-state-v1
2026-07-31,676440,ESTABLISHED,95.06555661541883,100.0,24.644843062332555,27.0,17.90227706167785,22.0,starter-role-runtime-state-v1
2026-07-31,681517,ESTABLISHED,80.90730281749354,98.0,20.40792714073193,24.0,15.364255154663994,18.0,starter-role-runtime-state-v1
2026-07-31,682243,ESTABLISHED,86.06481409481646,87.0,22.719661912457454,20.0,16.86765253211582,16.0,starter-role-runtime-state-v1
2026-07-31,683352,ESTABLISHED,74.41692989066013,82.0,19.83073229845776,21.0,12.123476639102844,15.0,starter-role-runtime-state-v1
2026-07-31,684007,ESTABLISHED,91.81109227500251,101.0,23.40225951179923,23.0,17.3839258320627,20.0,starter-role-runtime-state-v1
2026-07-31,686613,ESTABLISHED,93.55460245827629,104.0,23.06051029543365,23.0,16.59047469487473,17.0,starter-role-runtime-state-v1
2026-07-31,687064,ESTABLISHED,89.42495478264014,94.0,24.45806348892402,24.0,17.46673774673422,17.0,starter-role-runtime-state-v1
2026-07-31,687931,ESTABLISHED,81.3014467146905,74.0,21.05245448105375,20.0,14.706669350175632,10.0,starter-role-runtime-state-v1
2026-07-31,691725,ESTABLISHED,80.21875165733525,82.0,20.8738683226989,23.0,13.151380653766916,18.0,starter-role-runtime-state-v1
2026-07-31,693821,ESTABLISHED,85.01998804762884,93.0,23.457541713663012,25.0,16.31979360894724,18.0,starter-role-runtime-state-v1
2026-07-31,694973,ESTABLISHED,96.28098236187357,100.0,23.224535001076987,22.0,16.783062418420034,12.0,starter-role-runtime-state-v1
2026-07-31,696270,ESTABLISHED,80.25110895990883,88.0,19.926264358545275,22.0,13.60220984313459,13.0,starter-role-runtime-state-v1
2026-07-31,701542,ESTABLISHED,80.21416684537567,88.0,21.43609348236089,23.0,14.448959058893715,20.0,starter-role-runtime-state-v1
2026-07-31,805673,ESTABLISHED,91.00327818203093,101.0,23.75744209523932,22.0,16.429503065690824,15.0,starter-role-runtime-state-v1
2026-08-01,527048,ESTABLISHED,79.90754016868918,78.0,20.867457390993046,25.0,14.770061865420407,21.0,starter-role-runtime-state-v1
2026-08-01,592332,ESTABLISHED,94.5490362370667,94.0,23.684584408642166,25.0,16.226313708221838,17.0,starter-role-runtime-state-v1
2026-08-01,594798,ESTABLISHED,89.0931911713417,91.0,22.418034948507227,22.0,16.489932754370734,10.0,starter-role-runtime-state-v1
2026-08-01,608331,RESTRICTED,79.36083599116935,78.0,21.21080547341172,19.0,16.30196140974929,16.0,starter-role-runtime-state-v1
2026-08-01,621111,ESTABLISHED,83.80032267172236,79.0,21.06107139824883,21.0,14.358361113356617,13.0,starter-role-runtime-state-v1
2026-08-01,641816,ESTABLISHED,89.49393058467443,99.0,22.358231946716465,25.0,16.11331305457665,17.0,starter-role-runtime-state-v1
2026-08-01,650911,ESTABLISHED,98.31107489938228,99.0,26.36690629428957,25.0,18.50891919135988,18.0,starter-role-runtime-state-v1
2026-08-01,656849,ESTABLISHED,83.50112378824518,97.0,22.326873680736025,25.0,15.121603924143526,19.0,starter-role-runtime-state-v1
2026-08-01,656876,ESTABLISHED,83.48974116833597,96.0,21.443999248816148,22.0,16.17255176447061,18.0,starter-role-runtime-state-v1
2026-08-01,663372,ESTABLISHED,80.40348749331277,87.0,21.295206864199695,26.0,14.377901136788202,18.0,starter-role-runtime-state-v1
2026-08-01,663969,RESTRICTED,64.3164490784615,65.0,17.901779699628825,21.0,12.620687057463265,15.0,starter-role-runtime-state-v1
2026-08-01,664285,ESTABLISHED,82.3668400783058,96.0,22.882707007933206,30.0,15.147487051610645,21.0,starter-role-runtime-state-v1
2026-08-01,669302,ESTABLISHED,93.98060374745745,96.0,23.89975239467058,26.0,18.35917364494246,21.0,starter-role-runtime-state-v1
2026-08-01,669358,ESTABLISHED,91.95821136527904,99.0,23.860199560146782,25.0,16.75294406912562,19.0,starter-role-runtime-state-v1
2026-08-01,671096,ESTABLISHED,94.08584092335995,98.0,23.05333600086818,23.0,16.238040112082633,15.0,starter-role-runtime-state-v1
2026-08-01,677952,ESTABLISHED,87.4895310745932,69.0,23.28152576334214,19.0,16.31671032846267,15.0,starter-role-runtime-state-v1
2026-08-01,678022,ESTABLISHED,81.23145463099038,91.0,21.019211045042056,26.0,14.274149946436356,16.0,starter-role-runtime-state-v1
2026-08-01,687570,ESTABLISHED,85.30299627438797,88.0,22.314411204735308,24.0,15.95609638872938,16.0,starter-role-runtime-state-v1
2026-08-01,688107,ESTABLISHED,78.06442912284525,76.0,21.070226236340265,21.0,15.338977373287422,15.0,starter-role-runtime-state-v1
2026-08-01,800048,ESTABLISHED,91.51045268460496,91.0,24.119828706346276,20.0,18.186931504530115,13.0,starter-role-runtime-state-v1
2026-08-01,801139,ESTABLISHED,82.07797187696208,88.0,21.771817111855526,26.0,15.761436486871425,18.0,starter-role-runtime-state-v1
2026-08-01,804267,ESTABLISHED,79.32618416231401,94.0,21.866536433556945,24.0,17.963228251908788,14.0,starter-role-runtime-state-v1
2026-08-01,808967,ESTABLISHED,99.80144736454025,96.0,25.74476603077597,28.0,20.067573459042976,24.0,starter-role-runtime-state-v1
2026-08-02,453286,ESTABLISHED,79.90803090039707,84.0,18.695389682832122,23.0,11.862767944084876,18.0,starter-role-runtime-state-v1
2026-08-02,518876,ESTABLISHED,89.39269282720713,96.0,23.729603244561844,25.0,17.012561572102072,15.0,starter-role-runtime-state-v1
2026-08-02,543037,ESTABLISHED,92.26389893810959,99.0,23.604872141003135,23.0,17.52209684529023,17.0,starter-role-runtime-state-v1
2026-08-02,554430,ESTABLISHED,91.06766469657363,32.0,22.60209774996189,7.0,17.46906312591834,6.0,starter-role-runtime-state-v1
2026-08-02,607536,ESTABLISHED,87.57233035732555,115.0,24.260469831995387,34.0,16.293876823799604,27.0,starter-role-runtime-state-v1
2026-08-02,607625,ESTABLISHED,86.86722679887725,99.0,23.259923701913188,25.0,16.499796487619605,15.0,starter-role-runtime-state-v1
2026-08-02,641743,ESTABLISHED,87.496622827414,89.0,21.620324685370363,27.0,14.521832600701025,19.0,starter-role-runtime-state-v1
2026-08-02,645261,ESTABLISHED,99.58612324469998,102.0,27.164779362401912,24.0,19.903977315749444,18.0,starter-role-runtime-state-v1
2026-08-02,663567,ESTABLISHED,91.05610801169806,83.0,23.294411010448137,20.0,16.609090611824968,17.0,starter-role-runtime-state-v1
2026-08-02,668909,ESTABLISHED,93.06364837057353,89.0,23.604443763796645,19.0,18.133095965099084,17.0,starter-role-runtime-state-v1
2026-08-02,669461,ESTABLISHED,78.30518954945536,85.0,21.094699394082582,20.0,14.173869838229024,18.0,starter-role-runtime-state-v1
2026-08-02,669923,ESTABLISHED,84.61058078427843,94.0,23.720245915572754,26.0,17.181418047383694,21.0,starter-role-runtime-state-v1
2026-08-02,671737,ESTABLISHED,96.87113119849128,94.0,23.77931347679543,29.0,17.469767506569376,18.0,starter-role-runtime-state-v1
2026-08-02,672456,ESTABLISHED,81.87046500770994,86.0,22.627761893753632,22.0,16.64313334763198,18.0,starter-role-runtime-state-v1
2026-08-02,676917,ESTABLISHED,88.33894431449447,90.0,22.124742428568865,23.0,15.85172092765768,18.0,starter-role-runtime-state-v1
2026-08-02,677958,ESTABLISHED,84.46761090320423,88.0,21.841019145081866,27.0,15.417449136334493,16.0,starter-role-runtime-state-v1
2026-08-02,680694,ESTABLISHED,92.05938436498072,53.0,23.824029147701538,12.0,17.180053162616943,9.0,starter-role-runtime-state-v1
2026-08-02,687562,ESTABLISHED,78.49734222789621,88.0,23.49900930108975,24.0,18.233013495391845,17.0,starter-role-runtime-state-v1
2026-08-02,694738,ESTABLISHED,91.0290312032034,99.0,21.930389841929824,24.0,15.77597687584819,14.0,starter-role-runtime-state-v1
2026-08-02,694819,ESTABLISHED,86.01071115322375,83.0,21.59645946946724,24.0,17.296836326556363,21.0,starter-role-runtime-state-v1
2026-08-02,695505,ESTABLISHED,92.00643763720038,88.0,22.188687496033552,22.0,16.169459584209097,18.0,starter-role-runtime-state-v1
2026-08-02,695611,ESTABLISHED,87.12880328286846,88.0,21.647917460683168,21.0,15.210298788716766,11.0,starter-role-runtime-state-v1
2026-08-02,700712,ESTABLISHED,92.78374966449917,90.0,22.64352167046573,22.0,16.254136699603237,18.0,starter-role-runtime-state-v1
2026-08-03,547179,ESTABLISHED,85.85124742175972,75.0,22.058731210451676,18.0,14.144093096466356,9.0,starter-role-runtime-state-v1
2026-08-03,571510,ESTABLISHED,88.16336382882605,92.0,23.539544159623915,28.0,17.318223436928506,20.0,starter-role-runtime-state-v1
2026-08-03,605400,ESTABLISHED,90.63584485009116,97.0,23.046638231763737,24.0,15.9805350300349,18.0,starter-role-runtime-state-v1
2026-08-03,615698,RAMPING,74.27091344366806,87.0,19.94603526076105,24.0,13.610266269333632,18.0,starter-role-runtime-state-v1
2026-08-03,650633,ESTABLISHED,95.57823921968519,104.0,23.77449675165781,23.0,16.969488509942032,15.0,starter-role-runtime-state-v1
2026-08-03,657277,ESTABLISHED,95.48243787585123,96.0,25.23205321055745,24.0,18.65566999180472,18.0,starter-role-runtime-state-v1
2026-08-03,664299,RESTRICTED,67.40559991990526,85.0,18.295997498575304,24.0,12.138202661697356,18.0,starter-role-runtime-state-v1
2026-08-03,669456,RESTRICTED,78.38876775595502,87.0,20.578894883641752,28.0,14.597535312001344,17.0,starter-role-runtime-state-v1
2026-08-03,674841,ESTABLISHED,84.05608927896398,81.0,20.549844098181293,24.0,13.639759525436041,19.0,starter-role-runtime-state-v1
2026-08-03,680736,ESTABLISHED,93.59368036864811,91.0,25.300742535049274,23.0,18.835903852226018,13.0,starter-role-runtime-state-v1
2026-08-03,693645,ESTABLISHED,93.1496652104134,83.0,23.53116240922374,17.0,17.829019842760324,9.0,starter-role-runtime-state-v1
2026-08-03,693855,RAMPING,75.13551443259468,90.0,18.500258463735605,25.0,13.113601907242622,18.0,starter-role-runtime-state-v1
2026-08-03,694297,ESTABLISHED,90.54473727504714,90.0,24.12662918971771,25.0,17.020993476051196,20.0,starter-role-runtime-state-v1
2026-08-03,696149,ESTABLISHED,87.69719026457696,96.0,22.24797478241068,24.0,15.111042234603985,17.0,starter-role-runtime-state-v1
2026-08-03,700241,ESTABLISHED,85.31299921253974,91.0,22.38728213454003,18.0,15.95150983214898,13.0,starter-role-runtime-state-v1
2026-08-04,593958,ESTABLISHED,92.55243244299082,102.0,23.995447812299417,29.0,17.666105158192167,17.0,starter-role-runtime-state-v1
2026-08-04,640455,ESTABLISHED,87.1506924784979,100.0,21.76256304117638,28.0,15.371761183192344,18.0,starter-role-runtime-state-v1
2026-08-04,642547,ESTABLISHED,95.4291178761384,71.0,22.644716153001262,19.0,14.610073358496932,11.0,starter-role-runtime-state-v1
2026-08-04,656550,ESTABLISHED,77.97198522877662,72.0,20.99262346355897,23.0,14.274795669260612,18.0,starter-role-runtime-state-v1
2026-08-04,663436,ESTABLISHED,91.98370239198434,91.0,23.098536526448857,25.0,15.88322030775009,15.0,starter-role-runtime-state-v1
2026-08-04,663776,ESTABLISHED,89.20262820356493,89.0,22.19201402469712,23.0,14.719162763871523,15.0,starter-role-runtime-state-v1
2026-08-04,663903,ESTABLISHED,94.66321546156702,101.0,23.811941065557118,24.0,16.36517858147742,18.0,starter-role-runtime-state-v1
2026-08-04,666200,ESTABLISHED,98.16463040280485,98.0,24.69321414927776,29.0,18.143075632651012,24.0,starter-role-runtime-state-v1
2026-08-04,669022,ESTABLISHED,92.05268322033366,99.0,23.260776360947382,24.0,16.306080471204396,18.0,starter-role-runtime-state-v1
2026-08-04,669372,ESTABLISHED,82.40457554865394,91.0,22.38328482827773,24.0,15.863044824520646,18.0,starter-role-runtime-state-v1
2026-08-04,669373,ESTABLISHED,89.96365083439142,85.0,23.56544096852162,24.0,18.394147219790273,18.0,starter-role-runtime-state-v1
2026-08-04,669713,ESTABLISHED,80.14313462157001,78.0,21.50238882260703,23.0,15.16125346227674,18.0,starter-role-runtime-state-v1
2026-08-04,675512,ESTABLISHED,87.8547954439114,97.0,23.001518972099632,25.0,17.7749902151724,21.0,starter-role-runtime-state-v1
2026-08-04,676106,RESTRICTED,78.30055068787527,94.0,21.081668954592562,27.0,15.755783415608146,18.0,starter-role-runtime-state-v1
2026-08-04,676282,ESTABLISHED,84.16347932961462,81.0,21.189582168910917,24.0,14.526900676276302,15.0,starter-role-runtime-state-v1
2026-08-04,677960,ESTABLISHED,94.94588788788477,88.0,23.140944593572776,21.0,16.02945998976309,18.0,starter-role-runtime-state-v1
2026-08-04,677976,ESTABLISHED,91.28468583034312,90.0,21.807230729370715,21.0,16.61753634422857,15.0,starter-role-runtime-state-v1
2026-08-04,680570,ESTABLISHED,90.84534264962808,98.0,22.161179329250615,26.0,14.579557363886302,21.0,starter-role-runtime-state-v1
2026-08-04,681190,RESTRICTED,70.41491340139083,80.0,19.349106764798464,20.0,13.32507339271098,18.0,starter-role-runtime-state-v1
2026-08-04,683003,ESTABLISHED,78.14776691999572,83.0,20.12932004177841,21.0,15.198633737397989,12.0,starter-role-runtime-state-v1
2026-08-04,687312,ESTABLISHED,84.17280269233038,77.0,21.89648926366854,22.0,15.851892772719768,16.0,starter-role-runtime-state-v1
2026-08-04,687473,RESTRICTED,69.80118412495911,83.0,18.899293476908696,23.0,12.58603656469279,18.0,starter-role-runtime-state-v1
2026-08-04,690928,RAMPING,81.57259076914505,92.0,20.587953053507732,26.0,14.338434605665018,19.0,starter-role-runtime-state-v1
2026-08-04,694918,ESTABLISHED,77.72335601945551,100.0,19.689611683220306,22.0,11.069774252422874,15.0,starter-role-runtime-state-v1
2026-08-04,700249,ESTABLISHED,79.97191226088358,88.0,20.99866952380553,23.0,14.778732231839179,18.0,starter-role-runtime-state-v1
2026-08-04,701656,ESTABLISHED,79.08670033015278,83.0,19.358427411193226,23.0,15.062781597850385,18.0,starter-role-runtime-state-v1
2026-08-05,543243,ESTABLISHED,86.02239752242882,83.0,24.377970664881758,23.0,17.90629971092546,18.0,starter-role-runtime-state-v1
2026-08-05,592791,RESTRICTED,75.89044973299787,80.0,20.20683287587528,20.0,14.249615793432435,12.0,starter-role-runtime-state-v1
2026-08-05,607259,ESTABLISHED,80.73399925880906,75.0,22.95474954851641,22.0,17.32156231788059,17.0,starter-role-runtime-state-v1
2026-08-05,608372,ESTABLISHED,84.00996031305023,85.0,22.493647562931738,22.0,16.284642200670216,15.0,starter-role-runtime-state-v1
2026-08-05,623454,RESTRICTED,60.861678009727754,42.0,14.601163914561205,13.0,10.696604276804464,11.0,starter-role-runtime-state-v1
2026-08-05,641778,ESTABLISHED,86.28235221017103,95.0,22.02057522195577,23.0,15.943144020503771,12.0,starter-role-runtime-state-v1
2026-08-05,663554,ESTABLISHED,82.5154049591745,77.0,21.216509624230817,22.0,16.140151679422033,10.0,starter-role-runtime-state-v1
2026-08-05,663623,ESTABLISHED,78.35639424870702,83.0,20.270464796426175,20.0,14.261918879782444,16.0,starter-role-runtime-state-v1
2026-08-05,665152,ESTABLISHED,85.8131498792053,88.0,21.872503054633768,19.0,15.736582267051292,15.0,starter-role-runtime-state-v1
2026-08-05,669432,ESTABLISHED,91.23532608718695,93.0,23.97279864950316,21.0,17.434924858846195,18.0,starter-role-runtime-state-v1
2026-08-05,669467,ESTABLISHED,89.41943746800712,103.0,23.67636464121972,21.0,17.231002139877116,16.0,starter-role-runtime-state-v1
2026-08-05,672282,ESTABLISHED,88.43434161744875,81.0,22.308249936286906,17.0,16.48243092766061,12.0,starter-role-runtime-state-v1
2026-08-05,674003,ESTABLISHED,83.27029351243314,70.0,21.88750399264407,20.0,15.891136590375217,13.0,starter-role-runtime-state-v1
2026-08-05,676440,ESTABLISHED,94.83313309018864,98.0,24.814556821350035,22.0,18.320600576488864,17.0,starter-role-runtime-state-v1
2026-08-05,680732,ESTABLISHED,93.32990357041005,91.0,23.003697709088037,20.0,16.93783028922806,13.0,starter-role-runtime-state-v1
2026-08-05,681035,ESTABLISHED,88.00883888306358,96.0,20.326032788795764,24.0,14.501131977366464,15.0,starter-role-runtime-state-v1
2026-08-05,682052,ESTABLISHED,84.81881868300206,87.0,20.62107009800686,19.0,13.584154283982913,15.0,starter-role-runtime-state-v1
2026-08-05,683352,RAMPING,75.21633277277324,92.0,19.994668898622997,24.0,12.796042849614205,21.0,starter-role-runtime-state-v1
2026-08-05,684007,ESTABLISHED,89.54030994883027,89.0,22.9815072719393,23.0,17.55116309628861,15.0,starter-role-runtime-state-v1
2026-08-05,686613,ESTABLISHED,93.11508795900708,93.0,22.878974179898048,23.0,16.58531671564841,18.0,starter-role-runtime-state-v1
2026-08-05,687931,ESTABLISHED,78.65794777968227,70.0,20.713194607842414,18.0,13.85782627462597,10.0,starter-role-runtime-state-v1
2026-08-05,690986,ESTABLISHED,82.68652226620368,69.0,19.610822996701998,16.0,14.142392785821947,15.0,starter-role-runtime-state-v1
2026-08-05,691587,ESTABLISHED,92.17412890098068,91.0,22.262581509108887,24.0,17.01901792939197,15.0,starter-role-runtime-state-v1
2026-08-05,691725,ESTABLISHED,78.33842108479176,63.0,20.913881050333618,17.0,13.751440567293104,12.0,starter-role-runtime-state-v1
2026-08-05,693433,ESTABLISHED,91.46776234836453,91.0,23.79322639911543,26.0,16.796692416314507,21.0,starter-role-runtime-state-v1
2026-08-05,693821,ESTABLISHED,87.01583231151416,84.0,23.76715788812111,25.0,16.55536333783374,21.0,starter-role-runtime-state-v1
2026-08-05,694973,ESTABLISHED,97.8482171971745,93.0,23.206487796120037,20.0,16.278825311419244,15.0,starter-role-runtime-state-v1
2026-08-05,695076,ESTABLISHED,76.98800401190792,95.0,20.944151876596983,24.0,13.98829957318548,18.0,starter-role-runtime-state-v1
2026-08-05,701542,ESTABLISHED,82.60087424782213,91.0,21.78621982963922,23.0,15.099440040001543,16.0,starter-role-runtime-state-v1
2026-08-05,702070,ESTABLISHED,94.40985465479798,106.0,24.228876567201258,28.0,16.887160329288115,24.0,starter-role-runtime-state-v1
2026-08-06,527048,ESTABLISHED,79.79556140119054,35.0,21.286639982242804,9.0,15.416679045222859,9.0,starter-role-runtime-state-v1
2026-08-06,608379,ESTABLISHED,94.34710793677864,94.0,25.30310607450106,22.0,18.46712466583039,17.0,starter-role-runtime-state-v1
2026-08-06,621111,ESTABLISHED,83.38844946906107,76.0,21.054278077205126,18.0,14.194946042132802,12.0,starter-role-runtime-state-v1
2026-08-06,622491,ESTABLISHED,93.22224450514446,71.0,23.66677376522312,18.0,16.36482736653373,12.0,starter-role-runtime-state-v1
2026-08-06,624133,RESTRICTED,76.79890007550547,70.0,20.683711334916666,15.0,15.1613793805114,9.0,starter-role-runtime-state-v1
2026-08-06,641927,ESTABLISHED,85.40886704438576,74.0,22.77751941891359,23.0,16.187564634769917,18.0,starter-role-runtime-state-v1
2026-08-06,650911,ESTABLISHED,96.0877994306186,98.0,25.920418555527966,23.0,18.35562459905061,15.0,starter-role-runtime-state-v1
2026-08-06,656302,ESTABLISHED,102.90091496703137,104.0,24.38410071148136,24.0,18.53111503832942,21.0,starter-role-runtime-state-v1
2026-08-06,656492,ESTABLISHED,93.56833989074066,88.0,24.328898420654752,21.0,18.223058790415138,12.0,starter-role-runtime-state-v1
2026-08-06,656849,ESTABLISHED,86.80022402423116,89.0,22.841457117493672,23.0,15.597571603210406,15.0,starter-role-runtime-state-v1
2026-08-06,664285,ESTABLISHED,83.49087228474434,95.0,23.57446745566419,25.0,15.755816178009791,21.0,starter-role-runtime-state-v1
2026-08-06,669160,RAMPING,85.69530503153877,97.0,21.919333541054428,23.0,15.000418702031428,18.0,starter-role-runtime-state-v1
2026-08-06,671096,ESTABLISHED,95.43213087747937,88.0,23.14306638627372,27.0,16.1235106340509,20.0,starter-role-runtime-state-v1
2026-08-06,676083,ESTABLISHED,81.60188039559046,47.0,21.968095249260806,13.0,15.40292050871544,9.0,starter-role-runtime-state-v1
2026-08-06,677952,ESTABLISHED,81.26220682135299,82.0,22.30817286761974,20.0,16.04654942311273,15.0,starter-role-runtime-state-v1
2026-08-06,682243,ESTABLISHED,85.65893945103501,93.0,22.336317546304894,22.0,16.737919782192353,15.0,starter-role-runtime-state-v1
2026-08-06,686930,ESTABLISHED,85.2901081434912,82.0,20.975004776420988,21.0,13.895912437229399,13.0,starter-role-runtime-state-v1
2026-08-06,687064,ESTABLISHED,91.02039100352467,98.0,24.530877565464515,20.0,17.44267533055262,13.0,starter-role-runtime-state-v1
2026-08-06,690997,ESTABLISHED,95.81235506240776,94.0,24.312211152789395,26.0,17.52048039861542,15.0,starter-role-runtime-state-v1
2026-08-06,696270,ESTABLISHED,83.2096215054142,78.0,20.45639855873654,20.0,13.559890063639347,14.0,starter-role-runtime-state-v1
2026-08-07,518876,ESTABLISHED,89.75898844534446,80.0,23.833443616358263,21.0,16.7909915559715,17.0,starter-role-runtime-state-v1
2026-08-07,554430,RESTRICTED,80.44892873858458,116.0,20.36087292394349,28.0,16.102293888950804,16.0,starter-role-runtime-state-v1
2026-08-07,592332,ESTABLISHED,93.67294400934448,96.0,23.725051580822345,26.0,16.27852568447842,21.0,starter-role-runtime-state-v1
2026-08-07,592662,ESTABLISHED,89.48406628077008,92.0,23.1512637109008,25.0,16.59897096760806,15.0,starter-role-runtime-state-v1
2026-08-07,608331,RESTRICTED,80.12606653135754,90.0,21.082199347373134,22.0,16.319104066849544,19.0,starter-role-runtime-state-v1
2026-08-07,641816,ESTABLISHED,89.35787407194157,92.0,22.519139166626545,23.0,16.18162766478796,18.0,starter-role-runtime-state-v1
2026-08-07,656876,ESTABLISHED,89.40814969495995,91.0,22.02708042532732,24.0,16.541909956034594,21.0,starter-role-runtime-state-v1
2026-08-07,663372,ESTABLISHED,80.83600441638443,91.0,21.75170860938492,24.0,14.759825005069308,16.0,starter-role-runtime-state-v1
2026-08-07,663738,RESTRICTED,69.37331363465249,35.0,19.191984486536768,10.0,13.38587748365375,5.0,starter-role-runtime-state-v1
2026-08-07,663969,ESTABLISHED,71.56702197801886,61.0,19.11896130138786,18.0,13.133303757489571,12.0,starter-role-runtime-state-v1
2026-08-07,667755,ESTABLISHED,89.62132881694878,94.0,22.36714779138096,20.0,16.032995767890647,14.0,starter-role-runtime-state-v1
2026-08-07,669302,ESTABLISHED,94.0427368192689,95.0,24.102123197091977,27.0,18.639706513574858,20.0,starter-role-runtime-state-v1
2026-08-07,669358,ESTABLISHED,91.59082436714912,93.0,23.847570576523708,28.0,16.957275968696155,24.0,starter-role-runtime-state-v1
2026-08-07,669387,ESTABLISHED,78.20979397192139,63.0,19.395344169343566,16.0,13.461530232435624,9.0,starter-role-runtime-state-v1
2026-08-07,672456,ESTABLISHED,79.52044659238385,82.0,22.206681930159835,27.0,16.69074788370495,18.0,starter-role-runtime-state-v1
2026-08-07,675660,ESTABLISHED,86.7774851383613,94.0,23.026084873388243,26.0,16.64687974362363,15.0,starter-role-runtime-state-v1
2026-08-07,676917,ESTABLISHED,88.7016597716681,100.0,22.240900197657425,26.0,16.088586134592163,18.0,starter-role-runtime-state-v1
2026-08-07,678022,ESTABLISHED,83.44035601181656,70.0,21.78747004833484,17.0,14.548652521289839,9.0,starter-role-runtime-state-v1
2026-08-07,681517,ESTABLISHED,88.99890134911912,82.0,21.51424690989307,22.0,15.88053562908868,15.0,starter-role-runtime-state-v1
2026-08-07,691946,ESTABLISHED,72.46541950243194,83.0,15.999430581870548,20.0,7.045634698260056,12.0,starter-role-runtime-state-v1
2026-08-07,800048,ESTABLISHED,91.65046345818716,97.0,23.640194172400534,26.0,17.57659113831388,21.0,starter-role-runtime-state-v1
2026-08-07,801139,ESTABLISHED,86.97720008226696,84.0,22.747988377528042,20.0,16.16800388604912,18.0,starter-role-runtime-state-v1
2026-08-07,804267,ESTABLISHED,84.74202694447533,63.0,22.610706722358323,19.0,17.21726824533691,15.0,starter-role-runtime-state-v1
2026-08-07,805673,ESTABLISHED,92.72051193950581,83.0,23.626702884844736,24.0,16.311275003852714,15.0,starter-role-runtime-state-v1
2026-08-07,808963,ESTABLISHED,90.70825430389417,86.0,22.422759908893045,23.0,15.85925337163896,18.0,starter-role-runtime-state-v1
2026-08-08,453286,RAMPING,78.38609369415926,84.0,18.939630223452234,21.0,12.476224080203377,16.0,starter-role-runtime-state-v1
2026-08-08,519242,ESTABLISHED,95.71058828695351,103.0,23.432706188127085,23.0,17.618789760486756,18.0,starter-role-runtime-state-v1
2026-08-08,543037,ESTABLISHED,93.30119848505365,82.0,23.568222414008606,27.0,17.470447708299027,21.0,starter-role-runtime-state-v1
2026-08-08,594798,ESTABLISHED,91.47189192741376,88.0,22.606906327625985,18.0,15.821293584132025,15.0,starter-role-runtime-state-v1
2026-08-08,605280,ESTABLISHED,92.06260855660508,70.0,23.323993027956117,18.0,16.52600430991169,12.0,starter-role-runtime-state-v1
2026-08-08,605400,ESTABLISHED,89.40292684674499,97.0,22.92510011511972,22.0,16.130920803778245,15.0,starter-role-runtime-state-v1
2026-08-08,607536,ESTABLISHED,92.26719621945593,101.0,25.51926148740862,23.0,17.47548417305605,13.0,starter-role-runtime-state-v1
2026-08-08,607625,ESTABLISHED,89.88502320189681,90.0,23.663039529026193,24.0,16.389188197277676,18.0,starter-role-runtime-state-v1
2026-08-08,641743,ESTABLISHED,88.93630007656498,83.0,22.36903451601408,25.0,15.081361390780799,18.0,starter-role-runtime-state-v1
2026-08-08,645261,ESTABLISHED,100.63829809640265,108.0,26.89630083567235,25.0,19.711068515787954,21.0,starter-role-runtime-state-v1
2026-08-08,650633,ESTABLISHED,95.49269785797757,93.0,23.55439244039937,21.0,16.70919102975472,18.0,starter-role-runtime-state-v1
2026-08-08,663567,ESTABLISHED,89.52442713222145,97.0,22.845261464043958,23.0,16.643784680152415,15.0,starter-role-runtime-state-v1
2026-08-08,668909,ESTABLISHED,95.40077720642725,102.0,23.372007351603493,22.0,18.124798415448954,17.0,starter-role-runtime-state-v1
2026-08-08,669461,ESTABLISHED,81.25958557231012,94.0,21.22269591672559,24.0,14.669991980822097,15.0,starter-role-runtime-state-v1
2026-08-08,669923,ESTABLISHED,86.27759423988616,99.0,24.0508853757006,20.0,17.615227952634267,15.0,starter-role-runtime-state-v1
2026-08-08,671737,ESTABLISHED,98.01201520613874,97.0,24.47099399057939,23.0,17.590540931542307,15.0,starter-role-runtime-state-v1
2026-08-08,674841,ESTABLISHED,82.48147326181662,73.0,20.87381303271392,20.0,14.328174473230046,16.0,starter-role-runtime-state-v1
2026-08-08,680694,ESTABLISHED,84.52007350832241,98.0,22.08141759687139,22.0,16.168736018876473,18.0,starter-role-runtime-state-v1
2026-08-08,687562,ESTABLISHED,83.73643482729675,88.0,24.07679764169929,25.0,18.20740171353009,16.0,starter-role-runtime-state-v1
2026-08-08,688107,ESTABLISHED,80.40355933256997,94.0,21.36648166572666,23.0,15.382455263075421,14.0,starter-role-runtime-state-v1
2026-08-08,694297,ESTABLISHED,88.43414965617295,93.0,23.964722702119182,23.0,17.264455316901383,21.0,starter-role-runtime-state-v1
2026-08-08,694738,ESTABLISHED,93.8529755251279,85.0,22.353376773846197,23.0,15.635237442174349,16.0,starter-role-runtime-state-v1
2026-08-08,695505,ESTABLISHED,90.89345906530205,96.0,22.09391141945467,25.0,16.3549050580594,16.0,starter-role-runtime-state-v1
2026-08-08,695549,ESTABLISHED,89.89562435962453,71.0,22.294894757825222,16.0,14.829535944593037,15.0,starter-role-runtime-state-v1
2026-08-08,695611,ESTABLISHED,88.71213904224685,100.0,21.717538370135358,27.0,14.65867809026354,18.0,starter-role-runtime-state-v1
2026-08-08,696149,ESTABLISHED,86.09403322050235,85.0,22.157422684063512,21.0,15.246253373684034,18.0,starter-role-runtime-state-v1
2026-08-08,700712,ESTABLISHED,92.4757933159151,50.0,22.567974677609598,13.0,16.475803472874357,7.0,starter-role-runtime-state-v1
2026-08-08,808967,ESTABLISHED,98.83644927442622,107.0,25.91545513113843,24.0,20.468564126805166,17.0,starter-role-runtime-state-v1
2026-08-09,547179,ESTABLISHED,84.69644269463791,97.0,21.60115774141067,23.0,13.544952398764945,13.0,starter-role-runtime-state-v1
2026-08-09,571510,ESTABLISHED,88.98215183987257,98.0,24.05324626212303,27.0,17.61739841859315,21.0,starter-role-runtime-state-v1
2026-08-09,593958,ESTABLISHED,96.36941241858224,115.0,24.840842589610936,28.0,17.69819437621387,21.0,starter-role-runtime-state-v1
2026-08-09,640455,ESTABLISHED,86.86329424648814,91.0,22.21643536815791,25.0,15.611776339959327,21.0,starter-role-runtime-state-v1
2026-08-09,656550,ESTABLISHED,77.72008455015505,77.0,21.244461892462855,21.0,14.687086591277263,18.0,starter-role-runtime-state-v1
2026-08-09,657277,ESTABLISHED,96.09707359713717,100.0,25.15337796771584,28.0,18.596651945163188,24.0,starter-role-runtime-state-v1
2026-08-09,663436,ESTABLISHED,91.40771600087703,23.0,23.251592917954902,6.0,15.774021299662735,3.0,starter-role-runtime-state-v1
2026-08-09,663903,ESTABLISHED,94.61445050943671,103.0,23.737286813718946,27.0,16.507647824957193,18.0,starter-role-runtime-state-v1
2026-08-09,664299,RESTRICTED,69.30812271052791,86.0,18.90543994190297,24.0,12.76954824392162,15.0,starter-role-runtime-state-v1
2026-08-09,666200,ESTABLISHED,97.70634215591862,100.0,25.094115726765615,27.0,18.761079097097394,21.0,starter-role-runtime-state-v1
2026-08-09,669372,ESTABLISHED,85.73488338144067,95.0,22.840384413208835,27.0,16.17132782504155,18.0,starter-role-runtime-state-v1
2026-08-09,669456,ESTABLISHED,79.99329902987093,97.0,21.393243569951796,26.0,14.879356283991648,17.0,starter-role-runtime-state-v1
2026-08-09,675512,ESTABLISHED,87.74206971572724,92.0,23.108080005503517,22.0,18.138569524299733,18.0,starter-role-runtime-state-v1
2026-08-09,676106,ESTABLISHED,86.52205326715533,96.0,22.498438936405137,25.0,16.25046145164111,14.0,starter-role-runtime-state-v1
2026-08-09,676282,ESTABLISHED,83.10361660400729,31.0,21.399776176366714,6.0,14.56796245016856,3.0,starter-role-runtime-state-v1
2026-08-09,677958,ESTABLISHED,83.44884093012556,69.0,22.21495231706303,18.0,15.449072508707618,9.0,starter-role-runtime-state-v1
2026-08-09,677976,ESTABLISHED,89.52781367797634,94.0,21.420676987454094,26.0,16.092600440275213,15.0,starter-role-runtime-state-v1
2026-08-09,680570,ESTABLISHED,91.60841339647456,83.0,22.57611405714843,20.0,15.267592317878922,12.0,starter-role-runtime-state-v1
2026-08-09,680736,ESTABLISHED,91.39304353649405,76.0,24.79504192923191,20.0,18.075518627113446,10.0,starter-role-runtime-state-v1
2026-08-09,681190,RESTRICTED,70.16982657707017,62.0,19.273436159590297,17.0,13.79632967079134,15.0,starter-role-runtime-state-v1
2026-08-09,683003,RAMPING,78.80577859098096,69.0,20.24532824146732,20.0,14.855977997860133,9.0,starter-role-runtime-state-v1
2026-08-09,687473,ESTABLISHED,75.47027411334864,60.0,19.85821435422078,18.0,13.322506520007135,12.0,starter-role-runtime-state-v1
2026-08-09,687570,ESTABLISHED,84.30480207415557,96.0,22.37261453148874,20.0,15.916917653465937,15.0,starter-role-runtime-state-v1
2026-08-09,693645,ESTABLISHED,91.31255893967881,96.0,22.664288219709817,24.0,16.760677834916443,21.0,starter-role-runtime-state-v1
2026-08-09,693855,ESTABLISHED,74.94178241475845,98.0,19.11790828084488,25.0,13.715017947953783,18.0,starter-role-runtime-state-v1
2026-08-09,694819,ESTABLISHED,83.54927909083422,94.0,21.603527737557197,23.0,17.612827060389066,18.0,starter-role-runtime-state-v1
2026-08-09,695418,ESTABLISHED,76.58552440128082,51.0,19.389058860117117,11.0,13.835748812943436,8.0,starter-role-runtime-state-v1
2026-08-09,700241,ESTABLISHED,85.74421137136277,102.0,21.828137785633032,26.0,15.617126898970705,17.0,starter-role-runtime-state-v1
2026-08-09,700249,RESTRICTED,79.00105319093291,61.0,21.00905331064634,15.0,15.071169913227207,9.0,starter-role-runtime-state-v1
2026-08-10,543243,ESTABLISHED,84.2634877262098,99.0,24.04383499451032,26.0,17.86425623227955,18.0,starter-role-runtime-state-v1
2026-08-10,592791,ESTABLISHED,79.91524527461007,61.0,20.601047313504786,16.0,14.117887878973258,12.0,starter-role-runtime-state-v1
2026-08-10,642547,ESTABLISHED,91.23593137417463,98.0,22.097218775683334,24.0,14.168635799836824,18.0,starter-role-runtime-state-v1
2026-08-10,647336,ESTABLISHED,75.83951644741526,77.0,20.536647419891388,18.0,15.586389876716218,13.0,starter-role-runtime-state-v1
2026-08-10,663554,ESTABLISHED,79.18377792621466,83.0,20.97975948525993,24.0,15.38069537756062,18.0,starter-role-runtime-state-v1
2026-08-10,665152,ESTABLISHED,85.82527747357332,89.0,21.515166208545203,22.0,15.665664938999505,21.0,starter-role-runtime-state-v1
2026-08-10,669022,ESTABLISHED,94.60549002614835,103.0,23.5394340282653,23.0,16.538349210743487,16.0,starter-role-runtime-state-v1
2026-08-10,669373,ESTABLISHED,89.1296812500227,95.0,23.56536416969511,21.0,18.32568461426917,15.0,starter-role-runtime-state-v1
2026-08-10,669432,ESTABLISHED,88.9993957113761,79.0,23.339856862989766,19.0,17.422609464378517,12.0,starter-role-runtime-state-v1
2026-08-10,669713,ESTABLISHED,79.64372689028676,83.0,21.631654649369537,27.0,15.46757189811127,21.0,starter-role-runtime-state-v1
2026-08-10,672282,ESTABLISHED,86.37629615298027,88.0,21.537197524160174,24.0,15.917625330731907,18.0,starter-role-runtime-state-v1
2026-08-10,681035,ESTABLISHED,89.23727610185175,82.0,20.770928078719777,21.0,14.57701117474927,12.0,starter-role-runtime-state-v1
2026-08-10,682052,ESTABLISHED,84.45438756295023,93.0,20.362241449859134,27.0,13.731540674594715,21.0,starter-role-runtime-state-v1
2026-08-10,687312,ESTABLISHED,82.32026666365488,88.0,21.91312569821434,22.0,15.886453912719634,12.0,starter-role-runtime-state-v1
2026-08-10,690928,ESTABLISHED,83.7665188547872,97.0,21.370187470817754,22.0,14.959990913818478,15.0,starter-role-runtime-state-v1
2026-08-10,691725,RESTRICTED,72.66915279678054,93.0,19.96207075251207,21.0,13.415135823570463,16.0,starter-role-runtime-state-v1
2026-08-10,693821,ESTABLISHED,88.45008374902768,105.0,24.11345553323967,27.0,17.09983711797434,15.0,starter-role-runtime-state-v1
2026-08-10,694918,ESTABLISHED,86.20273046825406,96.0,20.604753378959494,22.0,12.521554738592751,17.0,starter-role-runtime-state-v1
2026-08-10,701656,ESTABLISHED,81.09054993757363,91.0,19.985165855587958,24.0,15.49524415803497,19.0,starter-role-runtime-state-v1
2026-08-10,702070,ESTABLISHED,95.27031174774109,101.0,24.59827748372268,24.0,17.63953143758266,17.0,starter-role-runtime-state-v1
2026-08-11,527048,ESTABLISHED,71.7587953541819,82.0,19.54863136824879,23.0,14.729753778596729,18.0,starter-role-runtime-state-v1
2026-08-11,605483,ESTABLISHED,92.28786476334618,84.0,22.08315031958799,22.0,15.975315505470373,18.0,starter-role-runtime-state-v1
2026-08-11,607259,ESTABLISHED,80.79058965126569,101.0,22.942932743076938,33.0,17.312707259466755,27.0,starter-role-runtime-state-v1
2026-08-11,608372,ESTABLISHED,86.98342237364147,93.0,22.779333022977056,23.0,16.24685473585389,18.0,starter-role-runtime-state-v1
2026-08-11,608379,ESTABLISHED,93.05098699229907,96.0,24.777283855899448,27.0,18.26832987586117,20.0,starter-role-runtime-state-v1
2026-08-11,621111,ESTABLISHED,81.12669638521461,98.0,20.549027396442543,24.0,13.920032729772736,18.0,starter-role-runtime-state-v1
2026-08-11,623454,OPENER_LIKE,60.0,70.0,14.758895166993206,17.0,11.060224039162378,12.0,starter-role-runtime-state-v1
2026-08-11,641927,ESTABLISHED,81.37613321450652,100.0,22.476422756611406,26.0,16.30013644641938,18.0,starter-role-runtime-state-v1
2026-08-11,650911,ESTABLISHED,95.75602864417195,89.0,25.506450221759362,20.0,17.953956587151296,18.0,starter-role-runtime-state-v1
2026-08-11,656302,ESTABLISHED,101.91563084042816,104.0,24.212501130978467,24.0,18.75851066567754,15.0,starter-role-runtime-state-v1
2026-08-11,663623,ESTABLISHED,80.33112208423546,88.0,20.394983828631528,18.0,14.481839383971646,10.0,starter-role-runtime-state-v1
2026-08-11,663776,RAMPING,89.80481181101884,84.0,22.34798333563834,27.0,14.77096335796222,18.0,starter-role-runtime-state-v1
2026-08-11,666157,ESTABLISHED,89.37763824061078,70.0,22.613026709012487,18.0,15.778550602842097,12.0,starter-role-runtime-state-v1
2026-08-11,669467,ESTABLISHED,92.44056093493288,97.0,23.513059907274695,22.0,17.129998754032584,18.0,starter-role-runtime-state-v1
2026-08-11,674003,ESTABLISHED,83.48755928687696,75.0,21.877891960718333,26.0,15.60183217537604,21.0,starter-role-runtime-state-v1
2026-08-11,676440,ESTABLISHED,96.92383953230792,96.0,24.668683523899873,27.0,18.216949088027896,19.0,starter-role-runtime-state-v1
2026-08-11,677960,ESTABLISHED,92.09015602848858,106.0,22.663786452307782,22.0,16.187133607698506,17.0,starter-role-runtime-state-v1
2026-08-11,680732,ESTABLISHED,91.99914229297727,94.0,22.533952460838357,25.0,16.43866403054614,21.0,starter-role-runtime-state-v1
2026-08-11,683352,RAMPING,83.9297452776385,78.0,21.464969119883463,21.0,14.683999123187542,18.0,starter-role-runtime-state-v1
2026-08-11,684007,ESTABLISHED,89.84395061484419,86.0,23.01657576605551,21.0,17.270074633267633,14.0,starter-role-runtime-state-v1
2026-08-11,686613,ESTABLISHED,95.18760391476707,89.0,23.12035375452266,23.0,16.807334096724937,15.0,starter-role-runtime-state-v1
2026-08-11,686930,ESTABLISHED,81.48729684258429,67.0,20.626070233507626,20.0,13.626392034722114,12.0,starter-role-runtime-state-v1
2026-08-11,687064,ESTABLISHED,90.58338024046205,104.0,23.810560335609292,28.0,16.867931697727553,18.0,starter-role-runtime-state-v1
2026-08-11,687931,ESTABLISHED,76.99862138493563,96.0,20.247938580990258,25.0,13.220277259792285,17.0,starter-role-runtime-state-v1
2026-08-11,690986,ESTABLISHED,78.11099097992837,90.0,18.87805882148289,27.0,14.167068785529287,14.0,starter-role-runtime-state-v1
2026-08-11,690997,ESTABLISHED,94.07419055973486,85.0,24.314546204545437,20.0,17.192907863119135,18.0,starter-role-runtime-state-v1
2026-08-11,691587,ESTABLISHED,91.52364556545525,100.0,22.38593506348063,24.0,16.772436440425636,21.0,starter-role-runtime-state-v1
2026-08-11,693433,ESTABLISHED,90.20482622676845,92.0,23.88720816434053,18.0,17.211218745615767,15.0,starter-role-runtime-state-v1
2026-08-11,694973,ESTABLISHED,96.88842166919447,65.0,22.781986824939903,21.0,16.120294098668314,15.0,starter-role-runtime-state-v1
2026-08-11,696270,ESTABLISHED,79.64807903501003,84.0,20.080981467661722,18.0,13.550130072716277,13.0,starter-role-runtime-state-v1
2026-08-12,518876,ESTABLISHED,88.19191617167309,71.0,23.460249131449558,23.0,16.809645759694195,15.0,starter-role-runtime-state-v1
2026-08-12,554430,ESTABLISHED,84.30509350489547,84.0,21.20011609743086,23.0,16.14901748578321,15.0,starter-role-runtime-state-v1
2026-08-12,592662,ESTABLISHED,89.16623294550926,84.0,23.278623461308662,17.0,16.404763457362918,12.0,starter-role-runtime-state-v1
2026-08-12,605288,RESTRICTED,73.27880458348636,73.0,20.13283011981996,19.0,13.524297885113604,18.0,starter-role-runtime-state-v1
2026-08-12,615698,RAMPING,75.98912482823201,85.0,20.439171290979374,22.0,14.11647715426952,15.0,starter-role-runtime-state-v1
2026-08-12,622491,ESTABLISHED,88.62924573194593,104.0,22.78824142713996,23.0,15.800319788623655,21.0,starter-role-runtime-state-v1
2026-08-12,624133,RESTRICTED,76.2423838544641,81.0,20.03062554095274,21.0,14.43965341351757,15.0,starter-role-runtime-state-v1
2026-08-12,641778,ESTABLISHED,86.48274372601823,112.0,22.028175259868554,27.0,15.462286952219063,19.0,starter-role-runtime-state-v1
2026-08-12,641816,ESTABLISHED,88.18102257444342,93.0,22.420418452392546,21.0,16.35115639224644,18.0,starter-role-runtime-state-v1
2026-08-12,656492,ESTABLISHED,93.07525724584788,83.0,23.941416981667047,21.0,17.46640256869511,15.0,starter-role-runtime-state-v1
2026-08-12,656849,ESTABLISHED,86.33223401170149,90.0,22.76525216437827,27.0,15.487961702062323,15.0,starter-role-runtime-state-v1
2026-08-12,656876,ESTABLISHED,89.12587693767465,84.0,22.209563462709767,21.0,17.031599115420537,15.0,starter-role-runtime-state-v1
2026-08-12,663372,ESTABLISHED,82.65217645851939,93.0,22.074766138900145,24.0,14.903695522958994,15.0,starter-role-runtime-state-v1
2026-08-12,663738,RESTRICTED,62.696556039868035,39.0,17.76213434168483,10.0,12.148759858263233,7.0,starter-role-runtime-state-v1
2026-08-12,664285,ESTABLISHED,92.06143268100278,102.0,24.63579074333075,29.0,16.56428547433509,17.0,starter-role-runtime-state-v1
2026-08-12,667755,ESTABLISHED,89.52412892904391,90.0,22.032735113620962,22.0,15.795492869991207,18.0,starter-role-runtime-state-v1
2026-08-12,669160,RAMPING,83.2186895261374,83.0,21.62044042994255,25.0,15.215942465902765,21.0,starter-role-runtime-state-v1
2026-08-12,669358,ESTABLISHED,92.84547779821708,65.0,24.40380820776693,19.0,17.73232784442842,9.0,starter-role-runtime-state-v1
2026-08-12,669387,ESTABLISHED,75.15513981186642,59.0,18.856361917419196,15.0,12.8846047205771,7.0,starter-role-runtime-state-v1
2026-08-12,676083,RESTRICTED,75.23537153203749,81.0,20.685706715628342,23.0,14.613020350853901,18.0,starter-role-runtime-state-v1
2026-08-12,678022,ESTABLISHED,78.53680013387161,97.0,20.75897381218858,27.0,13.662709237240975,15.0,starter-role-runtime-state-v1
2026-08-12,681517,ESTABLISHED,87.23677657836454,81.0,21.46620304920036,20.0,15.744418089015213,15.0,starter-role-runtime-state-v1
2026-08-12,682243,ESTABLISHED,86.71755130080466,89.0,22.325728128330926,25.0,16.556874885480283,18.0,starter-role-runtime-state-v1
2026-08-12,691946,OPENER_LIKE,75.3275115344714,87.0,17.343562423161007,24.0,8.734427435509547,18.0,starter-role-runtime-state-v1
2026-08-12,695076,ESTABLISHED,84.86082175098517,94.0,21.989477273801857,23.0,14.63054428161406,16.0,starter-role-runtime-state-v1
2026-08-12,701542,ESTABLISHED,85.84898438569049,81.0,22.18935160098739,21.0,15.272850620761208,12.0,starter-role-runtime-state-v1
2026-08-12,804267,ESTABLISHED,77.91951152850503,80.0,21.616178193421625,24.0,16.69957941631412,18.0,starter-role-runtime-state-v1
2026-08-12,805673,ESTABLISHED,89.9715779108364,94.0,23.465447205543416,22.0,16.113920102470342,15.0,starter-role-runtime-state-v1
2026-08-13,453286,RAMPING,77.28143930387432,92.0,18.98052503177349,20.0,12.806427785908193,15.0,starter-role-runtime-state-v1
2026-08-13,592332,ESTABLISHED,94.66572753489469,93.0,24.06453902441843,22.0,16.812181296537496,14.0,starter-role-runtime-state-v1
2026-08-13,594798,ESTABLISHED,88.72713153178502,53.0,21.79210377181973,12.0,15.666530872754137,6.0,starter-role-runtime-state-v1
2026-08-13,605400,ESTABLISHED,91.81645647918924,97.0,22.993034517582082,23.0,16.037458253549524,15.0,starter-role-runtime-state-v1
2026-08-13,608331,ESTABLISHED,86.75387257717209,88.0,21.81382859258228,20.0,16.803744271138285,15.0,starter-role-runtime-state-v1
2026-08-13,663436,ESTABLISHED,75.38087260855652,35.0,20.366582145231625,11.0,13.978928807689439,6.0,starter-role-runtime-state-v1
2026-08-13,663969,ESTABLISHED,70.27985134780818,92.0,18.9890536956129,23.0,12.998770842220404,16.0,starter-role-runtime-state-v1
2026-08-13,669302,ESTABLISHED,94.62564132665203,95.0,24.46548406298367,22.0,18.796837231522865,18.0,starter-role-runtime-state-v1
2026-08-13,671096,ESTABLISHED,94.80209921516406,93.0,23.55746174491344,23.0,16.537919080204674,13.0,starter-role-runtime-state-v1
2026-08-13,671737,ESTABLISHED,95.30048158997798,89.0,24.02960444963076,23.0,17.247824997861578,12.0,starter-role-runtime-state-v1
2026-08-13,672456,ESTABLISHED,81.62587361176253,88.0,22.929487493181185,23.0,16.906507431486595,19.0,starter-role-runtime-state-v1
2026-08-13,675660,ESTABLISHED,87.53419275013133,85.0,23.40459051978094,22.0,16.422541204934625,16.0,starter-role-runtime-state-v1
2026-08-13,676917,ESTABLISHED,90.29684151430544,103.0,22.69035578165426,26.0,16.308222663650483,24.0,starter-role-runtime-state-v1
2026-08-13,677952,ESTABLISHED,83.72835869459688,85.0,22.324364116308278,28.0,16.01318190825927,27.0,starter-role-runtime-state-v1
2026-08-13,700712,ESTABLISHED,80.87460852361777,100.0,20.71751527776506,23.0,15.040991158054055,18.0,starter-role-runtime-state-v1
2026-08-13,800048,ESTABLISHED,92.60658906684401,102.0,23.94066272893862,23.0,17.965281309930965,17.0,starter-role-runtime-state-v1
2026-08-13,801139,ESTABLISHED,85.6519297416882,91.0,22.29172070327519,26.0,16.367530578152923,24.0,starter-role-runtime-state-v1
2026-08-13,808963,ESTABLISHED,88.80019619116462,101.0,22.328622448541807,25.0,16.050346269857606,18.0,starter-role-runtime-state-v1
2026-08-14,476594,ESTABLISHED,75.34580497568062,84.0,20.58775584842113,21.0,12.034704896421102,13.0,starter-role-runtime-state-v1
2026-08-14,519242,ESTABLISHED,98.23072398544306,108.0,23.582066010289346,23.0,17.732517725728748,18.0,starter-role-runtime-state-v1
2026-08-14,543037,ESTABLISHED,90.7651091278207,87.0,23.75847701319502,24.0,17.79904166770457,18.0,starter-role-runtime-state-v1
2026-08-14,571927,RESTRICTED,72.85929193437838,21.0,18.58396658654483,3.0,13.016205600068172,3.0,starter-role-runtime-state-v1
2026-08-14,605135,ESTABLISHED,79.60595097440701,88.0,21.54771373014759,24.0,14.342832172083703,16.0,starter-role-runtime-state-v1
2026-08-14,605280,ESTABLISHED,86.7903829495016,80.0,22.413593889041387,22.0,15.92172159764392,20.0,starter-role-runtime-state-v1
2026-08-14,607536,ESTABLISHED,93.99208204134163,95.0,25.2983795533645,27.0,16.97313854486595,24.0,starter-role-runtime-state-v1
2026-08-14,607625,ESTABLISHED,89.61931471247848,86.0,23.66481909934476,21.0,16.55610269521423,14.0,starter-role-runtime-state-v1
2026-08-14,645261,ESTABLISHED,101.10190452463623,103.0,26.646411731876142,28.0,19.85863018578862,21.0,starter-role-runtime-state-v1
2026-08-14,650633,ESTABLISHED,93.82381744583068,83.0,23.08871321206761,26.0,16.787913370358936,18.0,starter-role-runtime-state-v1
2026-08-14,656794,ESTABLISHED,72.03371897081529,25.0,17.683750524500695,5.0,12.347490034285796,4.0,starter-role-runtime-state-v1
2026-08-14,663567,ESTABLISHED,90.68936047764144,96.0,22.898863352811716,22.0,16.468285253101392,15.0,starter-role-runtime-state-v1
2026-08-14,668909,ESTABLISHED,95.5189998152696,91.0,23.14129842592857,24.0,17.968075320640516,13.0,starter-role-runtime-state-v1
2026-08-14,669456,ESTABLISHED,81.45251648323672,84.0,21.837209176534746,22.0,15.103340874446724,18.0,starter-role-runtime-state-v1
2026-08-14,669461,ESTABLISHED,83.03678322227312,95.0,21.57422057766394,19.0,14.723885482891049,16.0,starter-role-runtime-state-v1
2026-08-14,669923,ESTABLISHED,89.55016428393192,99.0,23.773485095875955,24.0,17.38515411402088,14.0,starter-role-runtime-state-v1
2026-08-14,674841,ESTABLISHED,78.09367362738345,73.0,20.398134927596324,21.0,14.458343413042972,17.0,starter-role-runtime-state-v1
2026-08-14,677958,ESTABLISHED,80.87122795862841,94.0,21.63592468345909,25.0,14.6815081660576,15.0,starter-role-runtime-state-v1
2026-08-14,680570,ESTABLISHED,88.88204628681008,89.0,22.08914048535501,17.0,14.855817150861574,12.0,starter-role-runtime-state-v1
2026-08-14,687562,ESTABLISHED,85.71026824830628,82.0,24.383969209526487,18.0,17.954800270344503,12.0,starter-role-runtime-state-v1
2026-08-14,688107,ESTABLISHED,83.42735851121114,102.0,21.732146040311395,28.0,15.267751192104793,19.0,starter-role-runtime-state-v1
2026-08-14,694297,ESTABLISHED,89.79253452227267,87.0,23.962512534068104,23.0,17.724030108466067,21.0,starter-role-runtime-state-v1
2026-08-14,694738,ESTABLISHED,91.81327116458687,91.0,22.296521060936406,26.0,15.632880998774983,17.0,starter-role-runtime-state-v1
2026-08-14,695505,ESTABLISHED,91.79933358048237,93.0,22.444117332813846,24.0,16.331697443738005,21.0,starter-role-runtime-state-v1
2026-08-14,695549,ESTABLISHED,84.79771374148186,74.0,21.054619513037974,23.0,14.862104692862955,11.0,starter-role-runtime-state-v1
2026-08-14,695611,ESTABLISHED,91.81857868393107,101.0,22.583259307214405,23.0,15.157110435328875,16.0,starter-role-runtime-state-v1
2026-08-14,696149,ESTABLISHED,87.8553271188675,87.0,22.236081974554907,20.0,15.628309084354786,15.0,starter-role-runtime-state-v1
2026-08-14,808967,ESTABLISHED,99.5117169640502,97.0,25.670940385680627,23.0,20.06867005060763,18.0,starter-role-runtime-state-v1
2026-08-15,543243,ESTABLISHED,87.4082817476052,86.0,24.472016325807544,26.0,17.956618207106146,21.0,starter-role-runtime-state-v1
2026-08-15,547179,ESTABLISHED,88.24429317425717,82.0,22.007549123482075,19.0,13.549123503851476,11.0,starter-role-runtime-state-v1
2026-08-15,571510,ESTABLISHED,89.94309716447408,97.0,24.37032382616116,25.0,17.99336899828111,16.0,starter-role-runtime-state-v1
2026-08-15,593958,ESTABLISHED,101.84986505812438,96.0,25.58517909306235,23.0,18.170708279581085,18.0,starter-role-runtime-state-v1
2026-08-15,593974,OPENER_LIKE,60.0,13.0,10.0,5.0,6.0,3.0,starter-role-runtime-state-v1
2026-08-15,640455,ESTABLISHED,90.06813437127806,93.0,22.820608394475276,27.0,16.27848200248027,19.0,starter-role-runtime-state-v1
2026-08-15,641743,RAMPING,86.36043861509648,86.0,22.44431205304602,22.0,15.35651957394489,16.0,starter-role-runtime-state-v1
2026-08-15,656550,ESTABLISHED,77.20985204760468,65.0,21.163828204769846,20.0,15.031978703865926,11.0,starter-role-runtime-state-v1
2026-08-15,657277,ESTABLISHED,95.2519157259872,80.0,25.31126106049514,22.0,19.13978642361935,18.0,starter-role-runtime-state-v1
2026-08-15,663903,ESTABLISHED,96.76612466189339,93.0,24.240234364709004,27.0,16.732341349868083,18.0,starter-role-runtime-state-v1
2026-08-15,666200,ESTABLISHED,98.45067138653452,109.0,25.358991110157987,28.0,19.025968756604573,20.0,starter-role-runtime-state-v1
2026-08-15,669022,ESTABLISHED,94.80033039668443,99.0,23.39627091459561,27.0,16.473033752685247,17.0,starter-role-runtime-state-v1
2026-08-15,669372,ESTABLISHED,88.9288425017472,94.0,23.552969777634715,25.0,16.450284526908845,18.0,starter-role-runtime-state-v1
2026-08-15,669713,ESTABLISHED,79.6655463040507,81.0,22.149590868975054,20.0,16.053450662199747,12.0,starter-role-runtime-state-v1
2026-08-15,672282,ESTABLISHED,87.71424768675618,92.0,21.924440567407526,25.0,16.186311215037122,24.0,starter-role-runtime-state-v1
2026-08-15,675512,ESTABLISHED,89.27549026333091,87.0,23.076543839645993,22.0,18.155221665342097,13.0,starter-role-runtime-state-v1
2026-08-15,676106,ESTABLISHED,89.5456360181788,97.0,23.007425091258867,26.0,16.083494919287467,21.0,starter-role-runtime-state-v1
2026-08-15,676282,RESTRICTED,75.75595560669404,87.0,19.32943469567233,20.0,13.088427358154458,18.0,starter-role-runtime-state-v1
2026-08-15,677976,ESTABLISHED,91.69595076233914,93.0,22.614449736261758,23.0,15.894343285250844,17.0,starter-role-runtime-state-v1
2026-08-15,680694,ESTABLISHED,86.20805224606852,93.0,22.100393089939928,27.0,16.384001800058055,18.0,starter-role-runtime-state-v1
2026-08-15,680736,ESTABLISHED,88.5928665471429,107.0,24.11526509608597,24.0,17.072558820397077,18.0,starter-role-runtime-state-v1
2026-08-15,680755,OPENER_LIKE,60.0,12.0,10.0,4.0,6.0,3.0,starter-role-runtime-state-v1
2026-08-15,683003,ESTABLISHED,77.12038495836927,85.0,20.15376985284631,20.0,14.188565416872532,15.0,starter-role-runtime-state-v1
2026-08-15,687473,ESTABLISHED,75.45599545807113,70.0,19.870540366442757,21.0,13.232517917350329,14.0,starter-role-runtime-state-v1
2026-08-15,687570,ESTABLISHED,87.25285938402563,94.0,22.204209499091387,26.0,15.840422503324199,15.0,starter-role-runtime-state-v1
2026-08-15,693645,ESTABLISHED,91.64650703660304,97.0,22.798055556654703,23.0,17.224002736691233,16.0,starter-role-runtime-state-v1
2026-08-15,693855,ESTABLISHED,79.53150561345893,93.0,20.07816989100086,26.0,14.34232915785271,18.0,starter-role-runtime-state-v1
2026-08-15,694819,ESTABLISHED,88.81180095604029,98.0,22.229813961688897,24.0,17.806855257245388,18.0,starter-role-runtime-state-v1
2026-08-15,695418,RESTRICTED,71.74568406495187,44.0,18.140387418251965,7.0,13.079417286677232,2.0,starter-role-runtime-state-v1
2026-08-15,700241,ESTABLISHED,87.63475915911054,102.0,22.290939847312476,25.0,15.772325923157736,18.0,starter-role-runtime-state-v1
2026-08-16,623454,OPENER_LIKE,60.0,74.0,15.091904054627907,21.0,11.25051626923408,15.0,starter-role-runtime-state-v1
2026-08-16,642547,ESTABLISHED,90.50514644679848,76.0,22.14899565536971,18.0,14.547907852732887,14.0,starter-role-runtime-state-v1
2026-08-16,647336,RESTRICTED,75.29600925712822,80.0,20.171640131113104,24.0,15.276774599912688,17.0,starter-role-runtime-state-v1
2026-08-16,656302,ESTABLISHED,99.89814854549023,104.0,23.93891430192361,24.0,18.257021864754186,19.0,starter-role-runtime-state-v1
2026-08-16,663554,ESTABLISHED,81.6737082441459,86.0,21.532125813696275,21.0,15.733770743761035,18.0,starter-role-runtime-state-v1
2026-08-16,663623,ESTABLISHED,81.17353720077368,98.0,20.111439163424052,27.0,13.96786038194482,18.0,starter-role-runtime-state-v1
2026-08-16,663776,RAMPING,87.07771992487555,89.0,22.57370566718569,24.0,15.053597491234111,12.0,starter-role-runtime-state-v1
2026-08-16,665152,ESTABLISHED,87.03850376137174,89.0,21.662768437189342,23.0,16.29239961394179,16.0,starter-role-runtime-state-v1
2026-08-16,665795,ESTABLISHED,86.02833563774762,77.0,21.711640787679993,20.0,15.00891528971749,11.0,starter-role-runtime-state-v1
2026-08-16,666157,ESTABLISHED,83.89643438119575,73.0,21.7213195631835,19.0,15.23724564567543,15.0,starter-role-runtime-state-v1
2026-08-16,669199,OPENER_LIKE,60.0,52.0,10.720030599691409,11.0,6.995391678575837,9.0,starter-role-runtime-state-v1
2026-08-16,669373,ESTABLISHED,90.40857129062991,109.0,23.331444639059406,27.0,17.95918632451604,18.0,starter-role-runtime-state-v1
2026-08-16,669432,ESTABLISHED,88.53987482897517,98.0,22.916316596563572,26.0,16.809716437850994,18.0,starter-role-runtime-state-v1
2026-08-16,674003,ESTABLISHED,80.60116993457343,81.0,22.08125442223997,19.0,16.137107555402007,12.0,starter-role-runtime-state-v1
2026-08-16,676440,ESTABLISHED,91.76807257350171,96.0,24.327720478840018,27.0,18.133782295634333,18.0,starter-role-runtime-state-v1
2026-08-16,677960,ESTABLISHED,92.53720304128204,95.0,22.452640734526085,26.0,16.234287848884513,22.0,starter-role-runtime-state-v1
2026-08-16,680732,ESTABLISHED,89.89794885581304,72.0,22.52905651169816,21.0,16.839243688451482,13.0,starter-role-runtime-state-v1
2026-08-16,681035,ESTABLISHED,88.66990546685645,90.0,20.823446085178738,27.0,14.28885551405119,19.0,starter-role-runtime-state-v1
2026-08-16,682052,ESTABLISHED,87.34751228832232,93.0,21.28251071798208,24.0,14.568609860770554,18.0,starter-role-runtime-state-v1
2026-08-16,686613,ESTABLISHED,92.45086612098369,90.0,22.88411654692538,22.0,16.543352155584092,15.0,starter-role-runtime-state-v1
2026-08-16,687312,ESTABLISHED,82.1781753071647,81.0,21.76984591232997,21.0,14.995936905129701,12.0,starter-role-runtime-state-v1
2026-08-16,690928,ESTABLISHED,83.25458493711233,96.0,21.19502772816832,21.0,14.893056574402278,15.0,starter-role-runtime-state-v1
2026-08-16,691587,ESTABLISHED,90.26342678460863,100.0,22.332356018536288,23.0,17.156751449824593,18.0,starter-role-runtime-state-v1
2026-08-16,691725,ESTABLISHED,80.09230524651792,94.0,20.666561591758615,23.0,13.905561798770474,15.0,starter-role-runtime-state-v1
2026-08-16,693433,ESTABLISHED,89.38311018740558,75.0,23.030702389558023,22.0,16.923333961027062,18.0,starter-role-runtime-state-v1
2026-08-16,693821,ESTABLISHED,90.77881306569525,75.0,24.50745828771928,23.0,16.91384123965689,18.0,starter-role-runtime-state-v1
2026-08-16,694918,ESTABLISHED,89.17750124613764,63.0,21.030517177106006,19.0,13.825531916942392,13.0,starter-role-runtime-state-v1
2026-08-16,696270,ESTABLISHED,82.1659596581444,85.0,19.95295002206074,22.0,13.523585786985706,16.0,starter-role-runtime-state-v1
2026-08-16,701656,ESTABLISHED,83.93860276815491,93.0,20.669306685864413,24.0,15.996253182141624,21.0,starter-role-runtime-state-v1
2026-08-16,702070,ESTABLISHED,97.66119020428748,115.0,24.72702431462291,29.0,17.608532795468765,27.0,starter-role-runtime-state-v1
2026-08-17,527048,ESTABLISHED,73.38534986627619,82.0,19.9831003832493,25.0,15.108662962278153,15.0,starter-role-runtime-state-v1
2026-08-17,605483,ESTABLISHED,87.98240771301812,90.0,21.710350697076443,23.0,16.087968623842592,18.0,starter-role-runtime-state-v1
2026-08-17,608372,ESTABLISHED,87.31686150296738,89.0,22.75552415254558,24.0,16.42673541216405,15.0,starter-role-runtime-state-v1
2026-08-17,608379,ESTABLISHED,95.06329720944983,79.0,25.224176270424337,20.0,18.514551945606826,15.0,starter-role-runtime-state-v1
2026-08-17,621111,ESTABLISHED,84.86554529668553,86.0,21.140267971546077,21.0,14.427949981287016,18.0,starter-role-runtime-state-v1
2026-08-17,622491,ESTABLISHED,88.7270757913173,99.0,22.635420962729278,24.0,16.32706940926309,14.0,starter-role-runtime-state-v1
2026-08-17,641927,ESTABLISHED,86.14499985917593,94.0,23.220115627730323,20.0,16.60733331014311,13.0,starter-role-runtime-state-v1
2026-08-17,650911,ESTABLISHED,94.30371171698586,90.0,24.762844246673072,27.0,17.956757236444787,18.0,starter-role-runtime-state-v1
2026-08-17,663556,RESTRICTED,73.55872642322996,57.0,19.88170997666002,14.0,14.702381069291224,10.0,starter-role-runtime-state-v1
2026-08-17,664285,ESTABLISHED,92.62900781877714,91.0,25.039602456985044,26.0,16.59515171109135,17.0,starter-role-runtime-state-v1
2026-08-17,669387,RESTRICTED,70.0197326564622,59.0,18.048684497843624,18.0,12.080958592060197,9.0,starter-role-runtime-state-v1
2026-08-17,669467,ESTABLISHED,94.24347348502457,88.0,23.4768127495148,25.0,17.27405264905017,18.0,starter-role-runtime-state-v1
2026-08-17,676083,ESTABLISHED,75.8550811039001,88.0,20.938731730125205,23.0,14.987117551704571,15.0,starter-role-runtime-state-v1
2026-08-17,683352,RAMPING,80.72325607348307,65.0,21.13121632632747,16.0,15.268059117499668,9.0,starter-role-runtime-state-v1
2026-08-17,684007,ESTABLISHED,89.47675896972551,96.0,22.80107099640672,24.0,16.925787101315336,18.0,starter-role-runtime-state-v1
2026-08-17,686930,ESTABLISHED,77.97418175077756,83.0,20.413218127352863,18.0,13.304166710343571,8.0,starter-role-runtime-state-v1
2026-08-17,687064,ESTABLISHED,94.74327520551327,82.0,24.58269987555397,20.0,17.08591666540564,12.0,starter-role-runtime-state-v1
2026-08-17,690997,ESTABLISHED,93.39788694987075,103.0,23.851734762414836,26.0,17.322125893740665,18.0,starter-role-runtime-state-v1
2026-08-17,695076,ESTABLISHED,87.05334783022073,99.0,22.240473093603832,29.0,14.8236761612821,20.0,starter-role-runtime-state-v1
2026-08-18,518876,ESTABLISHED,85.77988139955865,86.0,23.353155384732766,23.0,16.58223123729285,12.0,starter-role-runtime-state-v1
2026-08-18,554430,ESTABLISHED,87.6514328456602,98.0,21.75408093190474,20.0,16.132799891228156,15.0,starter-role-runtime-state-v1
2026-08-18,592332,ESTABLISHED,92.33882397254021,86.0,23.585225815453377,21.0,16.425604698603927,13.0,starter-role-runtime-state-v1
2026-08-18,592662,ESTABLISHED,90.37697791259451,91.0,22.715698777164775,24.0,15.950687549853743,18.0,starter-role-runtime-state-v1
2026-08-18,607074,ESTABLISHED,94.06159144141571,66.0,22.506472414267364,17.0,16.433449545005836,12.0,starter-role-runtime-state-v1
2026-08-18,607259,ESTABLISHED,84.72769564924248,82.0,24.2138668366822,22.0,18.41443299227312,11.0,starter-role-runtime-state-v1
2026-08-18,615698,RAMPING,75.09411938595757,91.0,20.37420229531878,25.0,14.147433646559238,21.0,starter-role-runtime-state-v1
2026-08-18,624133,ESTABLISHED,80.10160956594717,93.0,20.524770525768336,22.0,14.620046223156363,16.0,starter-role-runtime-state-v1
2026-08-18,641778,ESTABLISHED,91.06123307997782,87.0,22.792618976789633,22.0,15.926129005779114,15.0,starter-role-runtime-state-v1
2026-08-18,641816,ESTABLISHED,89.57135655014166,76.0,22.378951716866922,25.0,16.60039370694526,20.0,starter-role-runtime-state-v1
2026-08-18,656492,ESTABLISHED,88.67203869041558,101.0,23.224403234997432,23.0,17.069179019323098,18.0,starter-role-runtime-state-v1
2026-08-18,663372,ESTABLISHED,86.32227952704723,83.0,22.59371633997307,26.0,15.00904236546316,15.0,starter-role-runtime-state-v1
2026-08-18,663542,OPENER_LIKE,60.0,17.0,10.454957303229948,5.0,6.0,3.0,starter-role-runtime-state-v1
2026-08-18,663738,RESTRICTED,60.0,45.0,16.79911719488865,15.0,11.517145183163867,12.0,starter-role-runtime-state-v1
2026-08-18,664299,ESTABLISHED,78.50167452176368,87.0,20.333974529696313,18.0,13.253979833189923,12.0,starter-role-runtime-state-v1
2026-08-18,667755,ESTABLISHED,90.27154030398502,91.0,22.101611321324008,25.0,16.06626044998662,17.0,starter-role-runtime-state-v1
2026-08-18,669358,ESTABLISHED,89.42203703158705,104.0,23.79359026700262,25.0,16.717209934158912,19.0,starter-role-runtime-state-v1
2026-08-18,669620,OPENER_LIKE,60.0,32.0,16.351349136637197,9.0,10.447531177764894,7.0,starter-role-runtime-state-v1
2026-08-18,671096,ESTABLISHED,92.4231161506429,98.0,23.246585896161662,26.0,16.07458086406406,19.0,starter-role-runtime-state-v1
2026-08-18,672456,ESTABLISHED,81.42690052045613,78.0,22.817548052658644,20.0,17.108024076384446,15.0,starter-role-runtime-state-v1
2026-08-18,677952,ESTABLISHED,81.99274745790876,80.0,22.676909882585967,28.0,17.102700854034513,24.0,starter-role-runtime-state-v1
2026-08-18,681517,ESTABLISHED,85.25706597316463,90.0,21.15384494022662,18.0,15.613394020504288,15.0,starter-role-runtime-state-v1
2026-08-18,682243,ESTABLISHED,87.10130465406267,92.0,22.628076349735917,23.0,16.71581721284629,14.0,starter-role-runtime-state-v1
2026-08-18,687931,ESTABLISHED,81.18406985595004,80.0,21.117943698214454,23.0,13.825220844615547,12.0,starter-role-runtime-state-v1
2026-08-18,690986,ESTABLISHED,80.93285292808535,79.0,19.850801532045296,18.0,14.22977276341388,15.0,starter-role-runtime-state-v1
2026-08-18,691946,ESTABLISHED,79.67428575067447,86.0,19.28517943528375,25.0,11.318440644351845,21.0,starter-role-runtime-state-v1
2026-08-18,804267,ESTABLISHED,78.98943694327143,99.0,22.118917730921336,23.0,16.9598938609248,15.0,starter-role-runtime-state-v1
2026-08-18,805673,ESTABLISHED,91.06972355233643,90.0,23.380148592643717,23.0,16.024619991397355,17.0,starter-role-runtime-state-v1
2026-08-19,453286,ESTABLISHED,81.41367996678431,73.0,19.3753142798399,21.0,13.11765587708109,12.0,starter-role-runtime-state-v1
2026-08-19,476594,ESTABLISHED,77.45723812557091,83.0,20.613370642257618,19.0,12.362645212589499,13.0,starter-role-runtime-state-v1
2026-08-19,605135,ESTABLISHED,79.91793966375634,95.0,21.746982520208864,24.0,14.507418044839284,17.0,starter-role-runtime-state-v1
2026-08-19,605280,ESTABLISHED,82.34579357402147,86.0,21.933486808668704,23.0,16.246090413555446,16.0,starter-role-runtime-state-v1
2026-08-19,605400,ESTABLISHED,93.44581767902768,100.0,23.114091250898568,26.0,15.948489192267392,21.0,starter-role-runtime-state-v1
2026-08-19,605488,RESTRICTED,77.01660125409023,85.0,20.016038877148745,25.0,13.158263161507573,17.0,starter-role-runtime-state-v1
2026-08-19,607536,ESTABLISHED,92.39442558504878,66.0,25.263721158382488,18.0,17.66649201426266,11.0,starter-role-runtime-state-v1
2026-08-19,607625,ESTABLISHED,88.22779744551956,96.0,23.23737722742556,26.0,16.226350452413676,18.0,starter-role-runtime-state-v1
2026-08-19,645261,ESTABLISHED,100.27675374093585,97.0,26.661271164140704,26.0,19.942013625268224,18.0,starter-role-runtime-state-v1
2026-08-19,650633,ESTABLISHED,89.68339727161961,100.0,23.04594853282085,25.0,16.816584189841404,20.0,starter-role-runtime-state-v1
2026-08-19,656794,RESTRICTED,61.28280956453203,34.0,15.107566861800555,7.0,10.874766648083941,6.0,starter-role-runtime-state-v1
2026-08-19,656876,ESTABLISHED,89.0162125988015,86.0,22.149941470166414,23.0,16.845215146205234,15.0,starter-role-runtime-state-v1
2026-08-19,669160,ESTABLISHED,82.2884760143939,66.0,21.860004948438892,16.0,15.795654059986504,6.0,starter-role-runtime-state-v1
2026-08-19,669302,ESTABLISHED,94.6735839042293,100.0,24.17949333146921,23.0,18.711242300451385,15.0,starter-role-runtime-state-v1
2026-08-19,669461,ESTABLISHED,86.1547271305073,100.0,21.464051368260876,22.0,14.943625137949558,18.0,starter-role-runtime-state-v1
2026-08-19,671737,ESTABLISHED,94.6490809408541,88.0,23.918602276811406,20.0,16.64764941603741,15.0,starter-role-runtime-state-v1
2026-08-19,676917,ESTABLISHED,91.49330796951512,84.0,23.039780173147406,22.0,17.12897880534744,18.0,starter-role-runtime-state-v1
2026-08-19,677958,ESTABLISHED,82.58359509961971,92.0,22.033194942995785,22.0,14.732216982305582,15.0,starter-role-runtime-state-v1
2026-08-19,694297,ESTABLISHED,85.76270563978203,94.0,23.406506090534112,24.0,17.946925917590114,17.0,starter-role-runtime-state-v1
2026-08-19,694973,ESTABLISHED,89.54816654016146,81.0,22.188512164967385,20.0,15.881414990558707,13.0,starter-role-runtime-state-v1
2026-08-19,695505,ESTABLISHED,90.68258553786625,104.0,22.4734771962081,22.0,16.80177845162036,15.0,starter-role-runtime-state-v1
2026-08-19,695549,ESTABLISHED,80.62851223366197,86.0,21.015067275383252,22.0,14.235039198387678,16.0,starter-role-runtime-state-v1
2026-08-19,700363,RESTRICTED,72.53951163393377,75.0,19.56259606082118,21.0,13.81178748957559,13.0,starter-role-runtime-state-v1
2026-08-19,700712,ESTABLISHED,85.39907041653298,94.0,21.24988683716174,20.0,15.468212287940904,15.0,starter-role-runtime-state-v1
2026-08-19,701542,ESTABLISHED,87.18433090608026,90.0,22.286927353194507,18.0,14.97730460792086,12.0,starter-role-runtime-state-v1
2026-08-19,800048,ESTABLISHED,94.82363324955055,98.0,23.960398751039445,26.0,17.891951357814097,20.0,starter-role-runtime-state-v1
2026-08-19,801139,ESTABLISHED,86.67901646475717,98.0,22.7581298426366,22.0,17.24270873655191,15.0,starter-role-runtime-state-v1
2026-08-19,808963,ESTABLISHED,90.54951539213936,99.0,22.671270111814117,22.0,16.27677233464067,15.0,starter-role-runtime-state-v1
2026-08-20,543037,ESTABLISHED,89.25421970580956,93.0,23.655619707771812,23.0,17.77118137267116,18.0,starter-role-runtime-state-v1
2026-08-20,594798,ESTABLISHED,83.18335865321758,94.0,20.50755286260968,20.0,14.463830139672485,18.0,starter-role-runtime-state-v1
2026-08-20,641743,ESTABLISHED,84.11268041673911,94.0,22.131443113821575,24.0,15.35797057452772,18.0,starter-role-runtime-state-v1
2026-08-20,656550,ESTABLISHED,75.15956518613238,94.0,20.948745311492708,22.0,14.548377227870073,18.0,starter-role-runtime-state-v1
2026-08-20,663567,ESTABLISHED,92.49265771757325,79.0,22.92960353840867,22.0,16.33902591729151,11.0,starter-role-runtime-state-v1
2026-08-20,663903,ESTABLISHED,93.70208280934717,103.0,24.214079094402443,26.0,16.764845673672255,18.0,starter-role-runtime-state-v1
2026-08-20,668909,ESTABLISHED,94.50183498375283,96.0,23.174933428971983,24.0,17.406577995175354,17.0,starter-role-runtime-state-v1
2026-08-20,669456,ESTABLISHED,89.2080001767181,101.0,22.727244060669296,25.0,15.665050712612379,21.0,starter-role-runtime-state-v1
2026-08-20,669923,ESTABLISHED,95.80546578410993,84.0,24.411589986811176,20.0,17.184697769069988,10.0,starter-role-runtime-state-v1
2026-08-20,674841,ESTABLISHED,76.7389480819031,75.0,20.39097580344701,22.0,14.765412804900409,15.0,starter-role-runtime-state-v1
2026-08-20,677976,ESTABLISHED,90.87833515430972,96.0,22.57538399206147,20.0,16.099240590586206,12.0,starter-role-runtime-state-v1
2026-08-20,680570,ESTABLISHED,88.38021027732084,99.0,21.39397143148357,27.0,14.498169469064056,21.0,starter-role-runtime-state-v1
2026-08-20,680694,ESTABLISHED,86.12521925375079,100.0,22.526288551327347,25.0,16.550680952015377,17.0,starter-role-runtime-state-v1
2026-08-20,688107,ESTABLISHED,89.37635507719668,77.0,22.907127479163627,20.0,15.838650740945273,11.0,starter-role-runtime-state-v1
2026-08-20,693855,ESTABLISHED,83.92118067887142,90.0,21.129612803829637,22.0,14.90787431468597,15.0,starter-role-runtime-state-v1
2026-08-20,694738,ESTABLISHED,93.27392503106499,90.0,22.845918482178412,26.0,15.835679838855159,16.0,starter-role-runtime-state-v1
2026-08-20,695611,ESTABLISHED,93.91309583821902,86.0,22.735880185214995,23.0,15.296163373543735,12.0,starter-role-runtime-state-v1
2026-08-20,700241,ESTABLISHED,92.43361004351497,90.0,22.94853697352147,20.0,16.127768984191476,16.0,starter-role-runtime-state-v1
2026-08-21,519242,ESTABLISHED,100.2256802297474,94.0,23.61125235006078,25.0,17.787066772431785,18.0,starter-role-runtime-state-v1
2026-08-21,543243,ESTABLISHED,87.42985003818947,97.0,24.657786046115483,27.0,18.310117503493743,18.0,starter-role-runtime-state-v1
2026-08-21,571510,ESTABLISHED,91.51614672375617,86.0,24.53895354951777,27.0,17.7947790432114,18.0,starter-role-runtime-state-v1
2026-08-21,593958,ESTABLISHED,99.8206762566494,99.0,25.12976328626064,22.0,18.114562204166802,17.0,starter-role-runtime-state-v1
2026-08-21,640455,ESTABLISHED,91.1873852684937,93.0,23.340734752005893,25.0,16.579310688170132,18.0,starter-role-runtime-state-v1
2026-08-21,642547,ESTABLISHED,86.53377806902292,98.0,21.433954960292567,28.0,14.451637038914022,21.0,starter-role-runtime-state-v1
2026-08-21,657277,ESTABLISHED,92.77244593213072,70.0,24.842172919824115,18.0,18.99177948139482,8.0,starter-role-runtime-state-v1
2026-08-21,666157,ESTABLISHED,80.30646370824029,91.0,21.133876011046183,22.0,15.145925536211735,10.0,starter-role-runtime-state-v1
2026-08-21,666200,ESTABLISHED,100.2344734122778,110.0,25.714216794490156,24.0,19.144800281125363,17.0,starter-role-runtime-state-v1
2026-08-21,669022,ESTABLISHED,94.89890823134164,100.0,23.748514057236598,22.0,16.526242482870416,18.0,starter-role-runtime-state-v1
2026-08-21,669372,ESTABLISHED,92.51588528087309,94.0,24.07404163704079,22.0,16.730572476835256,15.0,starter-role-runtime-state-v1
2026-08-21,669432,ESTABLISHED,88.26374125550765,103.0,23.09900758286443,27.0,16.891464796208943,21.0,starter-role-runtime-state-v1
2026-08-21,669713,ESTABLISHED,81.36052605711355,91.0,22.078664282696728,18.0,15.625912498741187,15.0,starter-role-runtime-state-v1
2026-08-21,672282,ESTABLISHED,89.89732692008837,89.0,22.437769668372056,24.0,17.078235544659822,18.0,starter-role-runtime-state-v1
2026-08-21,675512,ESTABLISHED,88.56837701354715,94.0,22.890324478653344,26.0,17.48525249896494,17.0,starter-role-runtime-state-v1
2026-08-21,676106,ESTABLISHED,91.11875211731713,98.0,23.414358972915515,27.0,16.639861217637154,17.0,starter-role-runtime-state-v1
2026-08-21,676282,RESTRICTED,76.59460657617835,89.0,19.376645806797313,22.0,13.623991018505784,14.0,starter-role-runtime-state-v1
2026-08-21,680732,ESTABLISHED,86.46828790925389,98.0,22.211694786112847,25.0,16.36657808084407,18.0,starter-role-runtime-state-v1
2026-08-21,681190,RESTRICTED,70.56206148745544,87.0,19.188127347842563,24.0,14.000530475665068,21.0,starter-role-runtime-state-v1
2026-08-21,685299,ESTABLISHED,83.83013435661775,82.0,21.91740975216016,26.0,14.26690986928746,16.0,starter-role-runtime-state-v1
2026-08-21,687473,ESTABLISHED,73.68517324923565,62.0,19.857283360841663,18.0,13.28350249480087,12.0,starter-role-runtime-state-v1
2026-08-21,687570,ESTABLISHED,91.32591556871758,96.0,23.034021463196396,26.0,15.8525382914567,18.0,starter-role-runtime-state-v1
2026-08-21,689254,OPENER_LIKE,60.0,14.0,10.351806131334262,4.0,6.0,2.0,starter-role-runtime-state-v1
2026-08-21,690928,ESTABLISHED,84.07515918572804,78.0,21.07839317913589,19.0,14.879587113148133,12.0,starter-role-runtime-state-v1
2026-08-21,693645,ESTABLISHED,92.72491735982469,96.0,22.874983256459135,25.0,17.110709097569114,18.0,starter-role-runtime-state-v1
2026-08-21,694819,ESTABLISHED,91.11074810661567,96.0,22.574623260555143,23.0,17.871561720628222,18.0,starter-role-runtime-state-v1
2026-08-21,695418,RESTRICTED,67.65802748775319,31.0,16.503362564512976,10.0,11.493325934071063,8.0,starter-role-runtime-state-v1
2026-08-21,696149,ESTABLISHED,87.16454465655981,88.0,21.902467680072704,19.0,15.535708954566944,12.0,starter-role-runtime-state-v1
2026-08-21,702070,ESTABLISHED,100.25853878012431,85.0,25.266554236654144,20.0,18.620574784167907,15.0,starter-role-runtime-state-v1
2026-08-21,808967,ESTABLISHED,98.93575435503033,107.0,25.327402718445363,27.0,19.817968379665295,19.0,starter-role-runtime-state-v1
